# akm.obj exported from Blockbench free model
mtllib akm.mtl
o akm
v 0.501519 0.482694 0.879900
v 0.501569 0.461075 0.484856
v 0.501631 0.511856 0.662550
v 0.501700 0.502587 0.649813
v 0.501706 0.525975 0.643206
v 0.501812 0.488631 0.594788
v 0.501812 0.472363 0.537944
v 0.501881 0.496644 0.472244
v 0.501888 0.461631 0.988788
v 0.501925 0.516469 0.641863
v 0.502006 0.505437 0.492331
v 0.502025 0.471544 0.948562
v 0.502331 0.431631 0.758131
v 0.502425 0.460562 0.511481
v 0.502425 0.478675 0.903975
v 0.502619 0.411525 0.876050
v 0.502756 0.434175 0.746263
v 0.502919 0.496837 0.743500
v 0.502956 0.534594 0.561662
v 0.503194 0.506444 0.550462
v 0.503300 0.486337 0.614419
v 0.503425 0.505769 0.507844
v 0.504088 0.511719 0.557019
v 0.504250 0.510944 0.651125
v 0.504294 0.480594 0.623331
v 0.504619 0.510400 0.549006
v 0.504706 0.464438 0.539781
v 0.504825 0.507950 0.572531
v 0.504938 0.505094 0.472156
v 0.505081 0.455050 0.513400
v 0.505250 0.486419 0.814075
v 0.505313 0.461706 0.464969
v 0.505344 0.500669 0.523181
v 0.505369 0.518075 0.645962
v 0.505387 0.465463 0.981519
v 0.505969 0.467913 0.532887
v 0.505981 0.425081 0.788894
v 0.506012 0.520600 0.653425
v 0.506313 0.457656 0.476112
v 0.506356 0.450994 0.717456
v 0.506431 0.458875 0.562969
v 0.506656 0.508375 0.650131
v 0.506994 0.498613 0.530994
v 0.507244 0.500363 0.504206
v 0.507413 0.448000 0.636325
v 0.507619 0.497044 0.540769
v 0.507631 0.501144 0.478575
v 0.507838 0.455238 0.627531
v 0.507906 0.463106 0.602287
v 0.508231 0.473913 0.942887
v 0.508238 0.400525 0.946094
v 0.508269 0.465400 0.553850
v 0.508294 0.460612 0.558588
v 0.508312 0.499875 0.540256
v 0.508394 0.485431 0.539663
v 0.508650 0.456619 0.499906
v 0.508656 0.416450 0.818681
v 0.508825 0.506194 0.567950
v 0.509050 0.488644 0.544381
v 0.509175 0.486812 0.789319
v 0.509281 0.491663 0.619437
v 0.509375 0.463869 0.557519
v 0.509413 0.499556 0.617537
v 0.509506 0.453638 0.517813
v 0.509794 0.466131 0.546294
v 0.509875 0.465244 0.593981
v 0.509938 0.491681 0.630981
v 0.510144 0.483175 0.863631
v 0.510656 0.499931 0.509062
v 0.510681 0.436262 0.648913
v 0.510794 0.500188 0.606100
v 0.510838 0.469756 0.623587
v 0.510956 0.486187 0.770800
v 0.511000 0.482206 0.824113
v 0.511019 0.453238 0.492181
v 0.511069 0.457388 0.448994
v 0.511613 0.496937 0.515125
v 0.511625 0.410056 0.838669
v 0.511637 0.455144 0.631394
v 0.511719 0.472906 0.458962
v 0.511919 0.483844 0.538419
v 0.511956 0.454950 0.543219
v 0.511988 0.461994 0.562706
v 0.512019 0.493481 0.531450
v 0.512088 0.462931 0.522425
v 0.512125 0.396100 0.967544
v 0.512356 0.467875 0.978469
v 0.512381 0.462137 0.991350
v 0.512413 0.497394 0.525375
v 0.512463 0.486588 0.626681
v 0.512463 0.487125 0.552312
v 0.512513 0.431869 0.670562
v 0.512575 0.492619 0.722656
v 0.512606 0.498375 0.611938
v 0.512650 0.437581 0.679063
v 0.512675 0.488681 0.541781
v 0.512819 0.443144 0.749088
v 0.512900 0.472019 0.598612
v 0.512956 0.490187 0.755294
v 0.512962 0.459863 0.540050
v 0.512994 0.497362 0.496525
v 0.513000 0.478844 0.898450
v 0.513050 0.471438 0.565131
v 0.513500 0.454656 0.549350
v 0.513513 0.462269 0.529119
v 0.513731 0.459325 0.577950
v 0.513919 0.460363 0.718581
v 0.513994 0.470394 0.601950
v 0.514025 0.461481 0.557438
v 0.514144 0.417550 0.979475
v 0.514188 0.494169 0.642656
v 0.514537 0.463250 0.545050
v 0.514600 0.454144 0.527212
v 0.514837 0.467237 0.979325
v 0.515144 0.479669 0.855725
v 0.515269 0.437925 0.640869
v 0.515425 0.487694 0.658112
v 0.515556 0.439412 0.984725
v 0.515575 0.430437 0.779188
v 0.515675 0.466581 0.988812
v 0.516056 0.451263 0.483300
v 0.516156 0.455537 0.584313
v 0.516238 0.468081 0.978256
v 0.516312 0.455937 0.541013
v 0.516981 0.490088 0.461863
v 0.517175 0.475388 0.558325
v 0.517250 0.457087 0.549594
v 0.517325 0.475550 0.546362
v 0.517988 0.473525 0.936694
v 0.518050 0.446937 0.635619
v 0.518119 0.452306 0.566394
v 0.518375 0.489013 0.634463
v 0.518594 0.481925 0.633150
v 0.518619 0.492575 0.498688
v 0.518825 0.456562 0.565894
v 0.519038 0.453425 0.521750
v 0.519437 0.481675 0.541244
v 0.519556 0.469963 0.628587
v 0.519775 0.492825 0.481344
v 0.519994 0.474244 0.913713
v 0.520019 0.467137 0.580363
v 0.520025 0.478262 0.694412
v 0.520250 0.477975 0.837206
v 0.520362 0.421862 0.804612
v 0.520412 0.439231 0.769819
v 0.520500 0.487331 0.677369
v 0.520763 0.465350 0.692919
v 0.521006 0.489144 0.514238
v 0.521219 0.395037 0.904100
v 0.521456 0.399175 0.867112
v 0.521456 0.438244 0.680756
v 0.521481 0.476094 0.862287
v 0.521650 0.453400 0.563913
v 0.521650 0.452356 0.582056
v 0.521719 0.445406 0.620719
v 0.521763 0.477913 0.565081
v 0.521794 0.462900 0.630875
v 0.521925 0.478025 0.554000
v 0.521994 0.463325 0.634244
v 0.521994 0.463987 0.585519
v 0.522006 0.447725 0.471781
v 0.522262 0.473969 0.563025
v 0.522319 0.477063 0.524000
v 0.522362 0.387025 0.972369
v 0.522531 0.446531 0.592194
v 0.522581 0.471431 0.545706
v 0.522737 0.492544 0.466494
v 0.523019 0.493094 0.474994
v 0.523450 0.448056 0.619369
v 0.523513 0.443850 0.492694
v 0.523519 0.446656 0.624413
v 0.523631 0.448800 0.446031
v 0.523731 0.447756 0.457163
v 0.523813 0.400956 0.975694
v 0.524106 0.455775 0.523425
v 0.524350 0.491712 0.482450
v 0.524450 0.423938 0.648681
v 0.524587 0.457169 0.685350
v 0.524787 0.481481 0.719269
v 0.524975 0.477812 0.687269
v 0.525025 0.408919 0.835037
v 0.525125 0.445494 0.448194
v 0.525256 0.468600 0.559456
v 0.525262 0.401750 0.851606
v 0.525637 0.445206 0.611825
v 0.525687 0.471575 0.682937
v 0.525744 0.389288 0.974413
v 0.525756 0.449556 0.599812
v 0.526025 0.480156 0.707538
v 0.526138 0.471875 0.913500
v 0.526162 0.471537 0.542819
v 0.526281 0.465081 0.978531
v 0.526288 0.462400 0.987106
v 0.526381 0.469819 0.552525
v 0.526406 0.393044 0.885912
v 0.526487 0.453725 0.761975
v 0.526656 0.462894 0.746487
v 0.526713 0.479156 0.531500
v 0.526737 0.465375 0.567419
v 0.526744 0.475981 0.764269
v 0.526794 0.442975 0.458931
v 0.526994 0.440063 0.511194
v 0.527075 0.488700 0.467469
v 0.527125 0.465938 0.974500
v 0.527131 0.482900 0.721500
v 0.527306 0.485438 0.521663
v 0.527438 0.472513 0.806350
v 0.527575 0.484381 0.525362
v 0.527625 0.442075 0.492800
v 0.527988 0.480800 0.745056
v 0.528131 0.478119 0.721037
v 0.528281 0.468444 0.640731
v 0.528431 0.462744 0.976363
v 0.528537 0.445644 0.599762
v 0.528769 0.417769 0.672975
v 0.528844 0.474963 0.542581
v 0.528887 0.442012 0.614450
v 0.528969 0.433569 0.636750
v 0.529369 0.461844 0.581019
v 0.529481 0.445487 0.428781
v 0.529613 0.471687 0.780687
v 0.529619 0.462950 0.984969
v 0.529681 0.461788 0.566575
v 0.529850 0.457606 0.620781
v 0.530094 0.470800 0.753737
v 0.530556 0.487825 0.454012
v 0.530750 0.467237 0.564219
v 0.531150 0.428325 0.802538
v 0.531481 0.448906 0.509531
v 0.531569 0.434044 0.980181
v 0.531631 0.456675 0.636706
v 0.532069 0.464025 0.957931
v 0.532144 0.457763 0.597819
v 0.532375 0.476513 0.733137
v 0.532637 0.463431 0.770856
v 0.532719 0.466575 0.903856
v 0.532725 0.481744 0.527256
v 0.533094 0.384231 0.920550
v 0.533488 0.457225 0.587113
v 0.533863 0.444300 0.785844
v 0.534162 0.461856 0.584900
v 0.534200 0.386500 0.900863
v 0.534400 0.441119 0.510700
v 0.534475 0.454231 0.681456
v 0.534744 0.458150 0.621400
v 0.534775 0.453669 0.621606
v 0.535031 0.412900 0.662719
v 0.535356 0.446569 0.514100
v 0.535475 0.466338 0.652088
v 0.535512 0.456450 0.612138
v 0.535525 0.436706 0.500675
v 0.535606 0.438113 0.465500
v 0.535781 0.434250 0.800369
v 0.535825 0.407219 0.841781
v 0.535975 0.473994 0.552319
v 0.536069 0.464675 0.803694
v 0.536256 0.411594 0.836594
v 0.536300 0.379450 0.935225
v 0.536913 0.466800 0.872881
v 0.536969 0.451700 0.787369
v 0.538106 0.480775 0.491737
v 0.538206 0.396631 0.866712
v 0.538275 0.411438 0.647906
v 0.538288 0.453450 0.610038
v 0.538431 0.439281 0.429525
v 0.538775 0.435419 0.472794
v 0.539288 0.482131 0.445806
v 0.539412 0.418831 0.826313
v 0.539644 0.479569 0.508331
v 0.539663 0.421556 0.681944
v 0.539800 0.433625 0.465419
v 0.540219 0.457131 0.798231
v 0.540444 0.456775 0.972306
v 0.540538 0.450356 0.982800
v 0.540669 0.462450 0.838944
v 0.540894 0.476531 0.493531
v 0.541037 0.467612 0.435644
v 0.541356 0.480750 0.450244
v 0.542006 0.375825 0.961900
v 0.542294 0.479600 0.467537
v 0.542500 0.430437 0.490812
v 0.542519 0.477881 0.476431
v 0.542837 0.441738 0.806837
v 0.543169 0.457838 0.674269
v 0.543544 0.459388 0.896956
v 0.543544 0.377006 0.930469
v 0.543637 0.454087 0.974594
v 0.543756 0.462944 0.517525
v 0.543913 0.461881 0.431350
v 0.544100 0.475006 0.498469
v 0.544169 0.432762 0.426013
v 0.544188 0.449625 0.808150
v 0.544756 0.477006 0.449881
v 0.544913 0.388194 0.892806
v 0.544944 0.440375 0.498013
v 0.545000 0.402944 0.672881
v 0.545769 0.474656 0.480450
v 0.545787 0.458363 0.869306
v 0.546013 0.426438 0.479819
v 0.546125 0.457037 0.649763
v 0.546356 0.434294 0.500006
v 0.546394 0.455294 0.826431
v 0.546763 0.458562 0.846144
v 0.547000 0.371188 0.959213
v 0.547094 0.373731 0.972031
v 0.547106 0.434737 0.403925
v 0.547319 0.416319 0.839494
v 0.547331 0.449919 0.972612
v 0.547331 0.430250 0.445656
v 0.547706 0.469925 0.510188
v 0.547756 0.431175 0.500138
v 0.547863 0.427069 0.827225
v 0.548131 0.435912 0.636294
v 0.548262 0.370406 0.962231
v 0.548875 0.368881 0.968738
v 0.549431 0.470719 0.506687
v 0.549519 0.457300 0.504044
v 0.549719 0.427225 0.471062
v 0.549850 0.473525 0.456469
v 0.550063 0.400956 0.648194
v 0.550694 0.429225 0.426325
v 0.550750 0.446931 0.824475
v 0.550875 0.378812 0.917956
v 0.552206 0.392075 0.887344
v 0.552488 0.419050 0.843156
v 0.552725 0.474112 0.448144
v 0.553156 0.434794 0.832412
v 0.554163 0.423106 0.461419
v 0.554400 0.429406 0.405550
v 0.554531 0.429319 0.683425
v 0.554769 0.448937 0.658400
v 0.554963 0.460813 0.511656
v 0.555538 0.429337 0.388838
v 0.555631 0.424419 0.976306
v 0.555644 0.450469 0.852769
v 0.555675 0.447631 0.937944
v 0.556425 0.470106 0.436750
v 0.556488 0.392863 0.673125
v 0.556575 0.446163 0.674562
v 0.556719 0.385688 0.902238
v 0.557063 0.366912 0.959150
v 0.557356 0.443094 0.842850
v 0.557494 0.424063 0.438194
v 0.557787 0.395050 0.973131
v 0.557875 0.423356 0.426344
v 0.558769 0.466844 0.493106
v 0.558894 0.464931 0.507375
v 0.559087 0.401269 0.878463
v 0.559144 0.438006 0.639787
v 0.559256 0.418119 0.480119
v 0.559350 0.428588 0.848313
v 0.559825 0.420413 0.476700
v 0.560288 0.395213 0.679488
v 0.560294 0.442038 0.975844
v 0.560300 0.422737 0.398550
v 0.560362 0.447012 0.906937
v 0.560644 0.421150 0.445263
v 0.560731 0.431969 0.851881
v 0.561019 0.424006 0.374281
v 0.561512 0.468906 0.419469
v 0.562094 0.467750 0.450344
v 0.562750 0.423063 0.483200
v 0.562837 0.411494 0.870744
v 0.563144 0.378937 0.923200
v 0.563175 0.440806 0.967481
v 0.563288 0.422787 0.403094
v 0.563444 0.366000 0.972400
v 0.563769 0.442381 0.649644
v 0.564438 0.415675 0.465856
v 0.564538 0.444837 0.397587
v 0.564819 0.424256 0.367781
v 0.564950 0.439163 0.674531
v 0.564963 0.443506 0.897050
v 0.565163 0.434019 0.861988
v 0.565231 0.365281 0.959337
v 0.565256 0.362013 0.970350
v 0.565288 0.365506 0.960862
v 0.565381 0.438150 0.643831
v 0.565569 0.421356 0.361081
v 0.565694 0.462987 0.465969
v 0.565913 0.460494 0.470344
v 0.566019 0.417169 0.355256
v 0.566681 0.416344 0.428344
v 0.566738 0.391700 0.642900
v 0.566950 0.422081 0.870500
v 0.567031 0.416656 0.379244
v 0.567056 0.440169 0.879225
v 0.567300 0.418231 0.372088
v 0.567450 0.424787 0.483225
v 0.567469 0.436113 0.969006
v 0.567525 0.421550 0.378869
v 0.567863 0.389150 0.906600
v 0.568006 0.432787 0.976975
v 0.568206 0.456575 0.493119
v 0.568213 0.384012 0.648225
v 0.568506 0.429581 0.681075
v 0.568588 0.463094 0.421506
v 0.569006 0.414644 0.446412
v 0.569094 0.424419 0.472119
v 0.569581 0.383362 0.921281
v 0.569819 0.385894 0.916306
v 0.569944 0.412944 0.367125
v 0.570069 0.421225 0.348600
v 0.570394 0.461200 0.432525
v 0.570594 0.398325 0.898269
v 0.570612 0.410581 0.886244
v 0.571087 0.437806 0.928481
v 0.571219 0.412969 0.372437
v 0.571300 0.377250 0.671069
v 0.571756 0.456319 0.486269
v 0.572481 0.462687 0.421725
v 0.572638 0.378556 0.642931
v 0.572800 0.456556 0.475394
v 0.572900 0.411294 0.360413
v 0.572987 0.458831 0.445906
v 0.572987 0.377906 0.915875
v 0.573506 0.431925 0.675794
v 0.573619 0.396044 0.639525
v 0.573700 0.408700 0.443706
v 0.574225 0.413969 0.407575
v 0.574250 0.382119 0.913013
v 0.574569 0.414162 0.469537
v 0.575013 0.389150 0.918381
v 0.575125 0.412450 0.385550
v 0.575281 0.432944 0.650069
v 0.575394 0.460456 0.408363
v 0.575438 0.415388 0.376387
v 0.575906 0.377844 0.937575
v 0.575919 0.387400 0.922319
v 0.576469 0.460475 0.396225
v 0.576538 0.366106 0.961256
v 0.576581 0.383006 0.917769
v 0.576819 0.373700 0.673644
v 0.576831 0.440450 0.486569
v 0.576869 0.424669 0.895525
v 0.577187 0.411612 0.418256
v 0.577400 0.414775 0.897262
v 0.577475 0.371169 0.921006
v 0.578256 0.432594 0.942275
v 0.578363 0.385381 0.914844
v 0.578369 0.379887 0.935594
v 0.578406 0.410119 0.350294
v 0.578462 0.361525 0.973588
v 0.578569 0.412956 0.364656
v 0.578794 0.370969 0.930219
v 0.578812 0.429262 0.964125
v 0.578875 0.374206 0.646806
v 0.578944 0.407906 0.450894
v 0.579013 0.400281 0.911606
v 0.579325 0.374331 0.915088
v 0.579700 0.433500 0.353850
v 0.579812 0.436519 0.472169
v 0.580350 0.364638 0.976363
v 0.580519 0.406737 0.418938
v 0.580650 0.409869 0.356762
v 0.580888 0.378456 0.919112
v 0.581156 0.427750 0.929031
v 0.581456 0.381906 0.937700
v 0.581562 0.383675 0.974750
v 0.581712 0.449875 0.485775
v 0.581881 0.383775 0.683638
v 0.582444 0.455594 0.399600
v 0.582469 0.375331 0.926713
v 0.582662 0.377856 0.915606
v 0.582731 0.374387 0.935900
v 0.582819 0.389381 0.633988
v 0.583606 0.419863 0.974381
v 0.583712 0.402044 0.447169
v 0.583800 0.407137 0.391663
v 0.583900 0.376050 0.676819
v 0.583944 0.423494 0.675525
v 0.584231 0.364581 0.968519
v 0.584512 0.371825 0.926469
v 0.584781 0.441806 0.483306
v 0.584838 0.453313 0.410375
v 0.585081 0.409606 0.640637
v 0.585137 0.448719 0.446462
v 0.585175 0.377512 0.639988
v 0.585350 0.419425 0.923081
v 0.585588 0.407219 0.922531
v 0.585969 0.377238 0.930956
v 0.586169 0.423800 0.650913
v 0.586331 0.455519 0.377287
v 0.586375 0.450188 0.436487
v 0.586488 0.422069 0.964706
v 0.586588 0.369919 0.963056
v 0.586788 0.401456 0.434225
v 0.586881 0.422744 0.941575
v 0.587213 0.374887 0.649900
v 0.587231 0.421694 0.972213
v 0.587619 0.390000 0.660338
v 0.587625 0.392313 0.936875
v 0.587781 0.453313 0.415538
v 0.588119 0.446256 0.468381
v 0.589669 0.399169 0.421906
v 0.589744 0.376319 0.977950
v 0.590163 0.403456 0.392556
v 0.590313 0.417481 0.646513
v 0.590475 0.400144 0.396950
v 0.590644 0.402525 0.352769
v 0.590700 0.402594 0.937913
v 0.590869 0.441781 0.468313
v 0.591400 0.453987 0.371488
v 0.591488 0.395594 0.671081
v 0.591856 0.452512 0.361438
v 0.591875 0.450469 0.380738
v 0.591919 0.384569 0.950700
v 0.592056 0.417281 0.962325
v 0.592269 0.382600 0.664475
v 0.592413 0.406569 0.973738
v 0.593031 0.375312 0.964644
v 0.593056 0.409431 0.438119
v 0.593163 0.398700 0.387587
v 0.593225 0.399238 0.428138
v 0.593781 0.396925 0.377494
v 0.593919 0.397019 0.659438
v 0.594087 0.373762 0.973950
v 0.594125 0.452031 0.349944
v 0.594681 0.398788 0.685244
v 0.594694 0.444763 0.440769
v 0.594744 0.456681 0.366806
v 0.594856 0.400325 0.441100
v 0.595056 0.399512 0.384369
v 0.595194 0.450338 0.383844
v 0.595381 0.398206 0.633850
v 0.595500 0.406869 0.445356
v 0.595656 0.396700 0.400794
v 0.596137 0.410544 0.964831
v 0.596475 0.408725 0.681288
v 0.596575 0.413225 0.352844
v 0.596700 0.388756 0.671100
v 0.596900 0.401194 0.436175
v 0.597000 0.387350 0.657881
v 0.597437 0.454163 0.356719
v 0.597575 0.380406 0.966475
v 0.597606 0.392919 0.423425
v 0.597788 0.427269 0.461181
v 0.598012 0.390000 0.382650
v 0.598025 0.416375 0.651963
v 0.598044 0.413131 0.673306
v 0.598069 0.399106 0.374556
v 0.598219 0.446350 0.385188
v 0.598281 0.441950 0.446588
v 0.598381 0.403181 0.961775
v 0.598425 0.401906 0.963731
v 0.599000 0.407288 0.972275
v 0.599081 0.450856 0.381188
v 0.599106 0.393294 0.373962
v 0.599756 0.439362 0.438362
v 0.600069 0.393956 0.361988
v 0.600187 0.390738 0.964675
v 0.600394 0.392444 0.976000
v 0.600419 0.392250 0.367094
v 0.600969 0.444806 0.378019
v 0.601294 0.387350 0.371781
v 0.601531 0.393738 0.662050
v 0.602675 0.392606 0.645887
v 0.602712 0.448950 0.374312
v 0.602988 0.405737 0.679688
v 0.603106 0.389281 0.974962
v 0.603938 0.413094 0.649931
v 0.604156 0.448213 0.369644
v 0.604187 0.405131 0.639681
v 0.604300 0.409425 0.673050
v 0.605281 0.442550 0.366700
v 0.605594 0.388613 0.390006
v 0.605956 0.390100 0.403056
v 0.606381 0.437231 0.437663
v 0.606612 0.400612 0.675081
v 0.606725 0.439525 0.391625
v 0.607056 0.447481 0.362138
v 0.607888 0.425994 0.353575
v 0.607956 0.419456 0.432031
v 0.607994 0.433825 0.453531
v 0.608050 0.397325 0.355669
v 0.608344 0.441331 0.359312
v 0.608725 0.442862 0.352919
v 0.608831 0.388694 0.391775
v 0.609175 0.446544 0.353606
v 0.609194 0.431794 0.441450
v 0.609337 0.403450 0.651763
v 0.609537 0.437350 0.397544
v 0.610625 0.392213 0.411819
v 0.612075 0.384194 0.381012
v 0.612075 0.380356 0.388331
v 0.613706 0.423625 0.442831
v 0.613950 0.383675 0.392344
v 0.616069 0.398562 0.356844
v 0.616231 0.383131 0.371856
v 0.616594 0.431994 0.399481
v 0.616669 0.378800 0.378425
v 0.617469 0.388456 0.397956
v 0.618119 0.394544 0.388025
v 0.618513 0.391831 0.402350
v 0.618631 0.380356 0.358731
v 0.618838 0.414619 0.425737
v 0.619088 0.429488 0.387050
v 0.621119 0.391587 0.387231
v 0.621844 0.424250 0.417944
v 0.623237 0.416413 0.425162
v 0.623606 0.428294 0.376081
v 0.623812 0.429594 0.386019
v 0.624700 0.383756 0.381844
v 0.624781 0.426331 0.402900
v 0.624900 0.420150 0.356963
v 0.625669 0.376531 0.361406
v 0.627413 0.427988 0.368319
v 0.627637 0.387225 0.365894
v 0.627775 0.422319 0.418963
v 0.628481 0.387019 0.365156
v 0.629806 0.408181 0.388456
v 0.630831 0.425963 0.366225
v 0.631044 0.381244 0.366194
v 0.631181 0.427419 0.384756
v 0.631212 0.387694 0.366075
v 0.631700 0.384500 0.368375
v 0.631988 0.389838 0.365325
v 0.633100 0.383688 0.362625
v 0.633450 0.416994 0.394719
v 0.633862 0.406494 0.388850
v 0.634138 0.420744 0.381312
v 0.634844 0.426069 0.374800
v 0.636869 0.405525 0.393388
v 0.638350 0.394800 0.366731
v 0.640369 0.417394 0.373825
v 0.641250 0.412069 0.370563
v 0.641450 0.402644 0.367337
v 0.642700 0.415681 0.390944
v 0.643494 0.412463 0.383613
v 0.646669 0.415206 0.380781
v 0.648513 0.412187 0.362169
v 0.648563 0.400819 0.365144
v 0.501131 0.509369 0.490869
v 0.500862 0.504431 0.540488
v 0.500819 0.516356 0.526944
v 0.500800 0.534406 0.543687
v 0.500569 0.441219 0.683656
v 0.500500 0.480231 0.607369
v 0.500038 0.417819 0.982044
v 0.499850 0.513587 0.486000
v 0.499844 0.480737 0.597306
v 0.499675 0.493787 0.570131
v 0.499656 0.407863 0.980544
v 0.499387 0.491644 0.592050
v 0.499325 0.462962 0.978744
v 0.499306 0.491794 0.535563
v 0.499225 0.466844 0.544044
v 0.499181 0.499019 0.724063
v 0.499063 0.516475 0.625181
v 0.498825 0.452625 0.991775
v 0.498706 0.404662 0.978075
v 0.498600 0.465944 0.479456
v 0.498556 0.509563 0.488656
v 0.498544 0.517500 0.659987
v 0.498500 0.494569 0.565325
v 0.498450 0.466644 0.555238
v 0.498444 0.462256 0.545506
v 0.498094 0.527850 0.566275
v 0.498025 0.488862 0.538694
v 0.498019 0.491731 0.789687
v 0.497981 0.506494 0.633575
v 0.497769 0.538519 0.542850
v 0.497713 0.503650 0.671206
v 0.497644 0.516000 0.474488
v 0.497631 0.510025 0.481694
v 0.497519 0.527400 0.654006
v 0.497450 0.512450 0.567344
v 0.497419 0.465806 0.497719
v 0.497362 0.508781 0.675825
v 0.497000 0.472413 0.605406
v 0.496994 0.464725 0.474725
v 0.496931 0.528919 0.559750
v 0.496925 0.419244 0.848769
v 0.496919 0.494425 0.774031
v 0.496881 0.463225 0.531219
v 0.496881 0.510694 0.512437
v 0.496787 0.499094 0.760694
v 0.496737 0.422600 0.830094
v 0.496663 0.503606 0.681231
v 0.496569 0.445906 0.660144
v 0.496569 0.516138 0.573450
v 0.496538 0.487400 0.827500
v 0.496431 0.510531 0.475375
v 0.496381 0.521050 0.496719
v 0.496369 0.522569 0.606900
v 0.496300 0.499169 0.545488
v 0.496213 0.427400 0.795456
v 0.496081 0.466506 0.492869
v 0.496069 0.509337 0.712462
v 0.496025 0.467594 0.468156
v 0.495881 0.487725 0.808488
v 0.495800 0.517444 0.636081
v 0.495737 0.523813 0.641756
v 0.495531 0.504663 0.543706
v 0.495519 0.468612 0.461444
v 0.495500 0.431762 0.758894
v 0.495394 0.515644 0.556525
v 0.495375 0.506012 0.661469
v 0.495256 0.476156 0.538550
v 0.494950 0.508888 0.523937
v 0.494937 0.473194 0.598131
v 0.494869 0.521119 0.589656
v 0.494669 0.431775 0.726287
v 0.494588 0.446050 0.692244
v 0.494369 0.479606 0.884906
v 0.494200 0.436431 0.714938
v 0.493881 0.511363 0.471481
v 0.493869 0.440356 0.682019
v 0.493725 0.475038 0.906450
v 0.493619 0.519262 0.531475
v 0.493456 0.532469 0.553350
v 0.493356 0.523713 0.501725
v 0.493181 0.465406 0.553950
v 0.493044 0.457625 0.979506
v 0.493031 0.464550 0.952256
v 0.492900 0.518863 0.489287
v 0.492862 0.514769 0.578756
v 0.492831 0.433319 0.767744
v 0.492756 0.504637 0.717225
v 0.492619 0.525156 0.587313
v 0.492513 0.483819 0.849562
v 0.492469 0.527513 0.652756
v 0.492287 0.482719 0.470350
v 0.491975 0.527975 0.465525
v 0.491869 0.513281 0.706744
v 0.491794 0.410513 0.973281
v 0.491700 0.512437 0.720762
v 0.491656 0.470075 0.545831
v 0.491556 0.515881 0.492188
v 0.491337 0.506050 0.706588
v 0.491106 0.492019 0.787825
v 0.491019 0.521925 0.557150
v 0.490988 0.521188 0.568306
v 0.490944 0.506794 0.727313
v 0.490800 0.521356 0.477344
v 0.490744 0.470706 0.611550
v 0.490712 0.456437 0.625181
v 0.490613 0.522931 0.508119
v 0.490306 0.525119 0.567612
v 0.490244 0.529913 0.568381
v 0.490212 0.488794 0.568388
v 0.490025 0.413475 0.972369
v 0.489956 0.515575 0.591000
v 0.489887 0.524319 0.603575
v 0.489525 0.524112 0.541362
v 0.489362 0.508350 0.678925
v 0.489156 0.521863 0.662600
v 0.489138 0.433688 0.737444
v 0.489088 0.468313 0.622881
v 0.489025 0.482013 0.535575
v 0.489006 0.412831 0.970381
v 0.488931 0.536031 0.547087
v 0.488725 0.530094 0.542731
v 0.488581 0.450825 0.988050
v 0.488581 0.452519 0.979113
v 0.488550 0.419975 0.889600
v 0.488506 0.443675 0.685350
v 0.488494 0.530019 0.553106
v 0.488463 0.512656 0.530050
v 0.488450 0.446362 0.653212
v 0.488400 0.529138 0.491412
v 0.488219 0.473844 0.889756
v 0.487969 0.518356 0.535731
v 0.487812 0.475094 0.542969
v 0.487631 0.485706 0.808731
v 0.487556 0.475319 0.593656
v 0.487525 0.530594 0.637938
v 0.487419 0.470925 0.530769
v 0.487362 0.418894 0.914994
v 0.487181 0.436919 0.715469
v 0.486994 0.516613 0.712694
v 0.486837 0.506650 0.752094
v 0.486712 0.470656 0.506700
v 0.486513 0.536431 0.494688
v 0.486381 0.532581 0.569506
v 0.486312 0.512244 0.662506
v 0.486225 0.451644 0.631850
v 0.486019 0.498400 0.471181
v 0.485806 0.510112 0.721862
v 0.485563 0.448219 0.664538
v 0.485469 0.415612 0.982194
v 0.485337 0.524556 0.648988
v 0.485200 0.516981 0.507925
v 0.485044 0.502825 0.474081
v 0.484888 0.536844 0.422938
v 0.484800 0.419831 0.947219
v 0.484538 0.472831 0.520806
v 0.484419 0.524756 0.632219
v 0.484262 0.527144 0.531088
v 0.484113 0.490262 0.786731
v 0.484006 0.469356 0.538837
v 0.483913 0.475231 0.568506
v 0.483756 0.511006 0.740894
v 0.483662 0.447450 0.977369
v 0.483500 0.457294 0.940325
v 0.483419 0.534400 0.641619
v 0.483406 0.460137 0.626175
v 0.483244 0.511844 0.706481
v 0.483200 0.526056 0.411050
v 0.482950 0.451850 0.648194
v 0.482925 0.445512 0.716125
v 0.482888 0.514506 0.708894
v 0.482806 0.475737 0.508375
v 0.482544 0.419762 0.974444
v 0.482281 0.475769 0.492050
v 0.482256 0.539819 0.418531
v 0.482187 0.532350 0.569106
v 0.482181 0.419513 0.972856
v 0.482175 0.423406 0.928331
v 0.481969 0.525981 0.648300
v 0.481963 0.534512 0.499906
v 0.481950 0.514437 0.725038
v 0.481869 0.539481 0.404187
v 0.481725 0.431381 0.987231
v 0.481606 0.530100 0.509794
v 0.481594 0.476981 0.498919
v 0.481588 0.476056 0.569544
v 0.481563 0.540544 0.570113
v 0.481325 0.478750 0.822769
v 0.481200 0.513731 0.536969
v 0.481137 0.541475 0.558412
v 0.481119 0.533619 0.471956
v 0.481112 0.536062 0.488431
v 0.481075 0.477725 0.842700
v 0.481019 0.528587 0.399019
v 0.480950 0.531937 0.421606
v 0.480944 0.481681 0.803206
v 0.480869 0.437725 0.805525
v 0.480750 0.513062 0.728256
v 0.480381 0.436969 0.985950
v 0.480244 0.514362 0.690794
v 0.480075 0.530656 0.639650
v 0.480056 0.487200 0.787306
v 0.479963 0.438775 0.979019
v 0.479956 0.519613 0.506569
v 0.479925 0.448950 0.701356
v 0.479775 0.481325 0.544881
v 0.479706 0.500050 0.765825
v 0.479550 0.540331 0.424181
v 0.479438 0.433844 0.976606
v 0.479300 0.425331 0.984363
v 0.479294 0.476137 0.507525
v 0.479250 0.458575 0.606912
v 0.479094 0.517587 0.655900
v 0.478994 0.522581 0.643706
v 0.478769 0.536206 0.557481
v 0.478756 0.517556 0.708163
v 0.478531 0.427881 0.887100
v 0.478419 0.519863 0.634325
v 0.478319 0.427138 0.977313
v 0.478231 0.520244 0.671281
v 0.478194 0.458106 0.911181
v 0.477988 0.434962 0.851519
v 0.477944 0.464819 0.881850
v 0.477906 0.434375 0.975812
v 0.477612 0.459350 0.613938
v 0.477531 0.427538 0.974106
v 0.477531 0.479419 0.487394
v 0.477081 0.452406 0.694350
v 0.477038 0.474569 0.538169
v 0.476956 0.518606 0.665587
v 0.476919 0.531444 0.611112
v 0.476831 0.481669 0.483931
v 0.476662 0.517262 0.531975
v 0.476550 0.542687 0.545850
v 0.476475 0.430475 0.938462
v 0.476250 0.477869 0.541737
v 0.476038 0.538312 0.546294
v 0.475781 0.440912 0.832838
v 0.475500 0.465012 0.567000
v 0.475194 0.540219 0.566919
v 0.475162 0.448606 0.929306
v 0.475050 0.537500 0.569538
v 0.474919 0.491006 0.473850
v 0.474863 0.525556 0.643631
v 0.474794 0.483725 0.473450
v 0.474694 0.521825 0.705431
v 0.474650 0.438044 0.939594
v 0.474644 0.508806 0.457300
v 0.474631 0.513844 0.728163
v 0.474625 0.541637 0.620713
v 0.474562 0.522869 0.673388
v 0.474388 0.520412 0.513350
v 0.474212 0.448050 0.717375
v 0.474206 0.521994 0.646162
v 0.473938 0.488619 0.470963
v 0.473863 0.448275 0.769575
v 0.473681 0.510787 0.740919
v 0.473513 0.480175 0.483031
v 0.473356 0.436262 0.873275
v 0.473331 0.456050 0.678006
v 0.473319 0.444269 0.810925
v 0.473275 0.449431 0.699919
v 0.473181 0.435419 0.918013
v 0.472963 0.466319 0.570206
v 0.472737 0.482525 0.470587
v 0.472731 0.581638 0.473419
v 0.472637 0.463662 0.608850
v 0.472587 0.521594 0.422494
v 0.472537 0.467706 0.555206
v 0.472225 0.546306 0.563262
v 0.472044 0.464987 0.847612
v 0.471813 0.480581 0.513400
v 0.471581 0.445619 0.912950
v 0.471531 0.540887 0.379312
v 0.471025 0.535438 0.611138
v 0.470913 0.456194 0.874744
v 0.470806 0.440456 0.882856
v 0.470781 0.456019 0.702237
v 0.470769 0.466550 0.809400
v 0.470725 0.578825 0.466931
v 0.470725 0.548581 0.457506
v 0.470338 0.542431 0.485531
v 0.470087 0.499319 0.752763
v 0.470062 0.483063 0.503637
v 0.469988 0.478925 0.781569
v 0.469825 0.530819 0.568519
v 0.469694 0.553887 0.384169
v 0.469569 0.449350 0.822769
v 0.469519 0.455431 0.718494
v 0.469481 0.469894 0.540269
v 0.469463 0.538925 0.517863
v 0.469350 0.545094 0.428663
v 0.469313 0.447469 0.854325
v 0.469237 0.521806 0.720594
v 0.469206 0.531338 0.639850
v 0.469150 0.526012 0.384981
v 0.469137 0.512981 0.430631
v 0.469044 0.516338 0.727038
v 0.468981 0.469100 0.794294
v 0.468969 0.451125 0.872175
v 0.468806 0.462400 0.646088
v 0.468531 0.543663 0.622775
v 0.468288 0.508575 0.728487
v 0.468244 0.541631 0.567638
v 0.468162 0.511425 0.396744
v 0.468162 0.453887 0.801681
v 0.468144 0.455863 0.836319
v 0.468069 0.485750 0.489287
v 0.467925 0.543725 0.457594
v 0.467825 0.455956 0.679137
v 0.467794 0.469644 0.598344
v 0.467694 0.460075 0.801650
v 0.467394 0.453512 0.732831
v 0.467356 0.530987 0.609031
v 0.467319 0.545331 0.364150
v 0.466981 0.470419 0.555106
v 0.466800 0.487231 0.767350
v 0.466788 0.455713 0.669925
v 0.466725 0.508275 0.414662
v 0.466681 0.593506 0.471069
v 0.466587 0.561894 0.377069
v 0.466556 0.534175 0.560538
v 0.466506 0.512088 0.727525
v 0.466256 0.538375 0.546725
v 0.466144 0.484419 0.528381
v 0.466081 0.532656 0.645475
v 0.466012 0.551550 0.555787
v 0.466000 0.457838 0.644656
v 0.465769 0.484669 0.486575
v 0.465719 0.472869 0.564981
v 0.465712 0.507694 0.729337
v 0.465625 0.553556 0.547206
v 0.465550 0.456163 0.774156
v 0.465350 0.451738 0.752669
v 0.465131 0.555306 0.361006
v 0.465062 0.474300 0.519613
v 0.465000 0.469456 0.781537
v 0.464819 0.531813 0.615225
v 0.464456 0.535650 0.370481
v 0.464438 0.461288 0.783312
v 0.464175 0.524225 0.715213
v 0.463925 0.552737 0.429475
v 0.463844 0.533537 0.569137
v 0.463725 0.553456 0.466231
v 0.463675 0.487694 0.473075
v 0.463525 0.469256 0.624044
v 0.463456 0.537669 0.622956
v 0.463094 0.489038 0.501938
v 0.462813 0.480356 0.489975
v 0.462637 0.545869 0.586631
v 0.462075 0.500806 0.407425
v 0.461388 0.555175 0.312331
v 0.461338 0.571050 0.464294
v 0.460906 0.464769 0.682438
v 0.460894 0.479044 0.526988
v 0.460863 0.458781 0.721300
v 0.460675 0.555031 0.559994
v 0.460531 0.475519 0.555163
v 0.460356 0.541438 0.552850
v 0.460288 0.466356 0.660950
v 0.460263 0.558562 0.549362
v 0.460025 0.459913 0.641144
v 0.459975 0.551288 0.443569
v 0.459925 0.548800 0.468281
v 0.459906 0.551156 0.453325
v 0.459856 0.543006 0.535250
v 0.459800 0.488575 0.526769
v 0.459738 0.531906 0.675250
v 0.459713 0.484881 0.467813
v 0.459644 0.571975 0.304094
v 0.459512 0.535456 0.647550
v 0.459344 0.474069 0.563819
v 0.459206 0.463863 0.703875
v 0.459056 0.542519 0.545169
v 0.458700 0.571856 0.349119
v 0.458612 0.491887 0.537306
v 0.458612 0.483481 0.501694
v 0.458525 0.538488 0.572456
v 0.458394 0.550806 0.303787
v 0.458325 0.484500 0.529806
v 0.457956 0.460925 0.658937
v 0.457937 0.460819 0.652481
v 0.457900 0.467725 0.608144
v 0.457869 0.561419 0.294769
v 0.457631 0.541175 0.557638
v 0.457625 0.568419 0.377031
v 0.457475 0.461331 0.671125
v 0.457069 0.474906 0.762069
v 0.457006 0.467062 0.617431
v 0.456700 0.468494 0.674194
v 0.456575 0.501131 0.417450
v 0.456406 0.463144 0.716200
v 0.456200 0.457469 0.641844
v 0.456112 0.486544 0.500806
v 0.455950 0.495531 0.503975
v 0.455881 0.490200 0.443037
v 0.455769 0.567137 0.292406
v 0.455706 0.479125 0.579131
v 0.455669 0.548775 0.502644
v 0.455575 0.549875 0.552675
v 0.455506 0.561844 0.402650
v 0.455462 0.497006 0.405556
v 0.455250 0.492038 0.726806
v 0.455044 0.577319 0.302737
v 0.454944 0.511813 0.724319
v 0.454850 0.486244 0.474988
v 0.454769 0.521031 0.374437
v 0.454475 0.537987 0.534000
v 0.454381 0.458581 0.713350
v 0.454338 0.476287 0.575131
v 0.454306 0.537619 0.649763
v 0.454288 0.544744 0.593550
v 0.453631 0.489669 0.733187
v 0.453494 0.485894 0.488513
v 0.453394 0.469694 0.757463
v 0.453163 0.458725 0.651731
v 0.453144 0.476400 0.561781
v 0.453000 0.455506 0.644806
v 0.452856 0.556562 0.433237
v 0.452788 0.509038 0.721544
v 0.452788 0.464906 0.633806
v 0.452763 0.546362 0.549531
v 0.452756 0.513781 0.720231
v 0.452456 0.495275 0.420456
v 0.452412 0.572725 0.265700
v 0.452169 0.468838 0.631500
v 0.452169 0.482419 0.536306
v 0.452112 0.542894 0.299181
v 0.451406 0.553519 0.471156
v 0.451219 0.464981 0.748844
v 0.451138 0.469556 0.599569
v 0.451113 0.545687 0.537319
v 0.450944 0.485775 0.526988
v 0.450819 0.551975 0.262937
v 0.450819 0.540613 0.637631
v 0.450562 0.526681 0.712037
v 0.450475 0.463713 0.739669
v 0.450375 0.570937 0.255969
v 0.450275 0.498794 0.418525
v 0.450200 0.571237 0.264831
v 0.450200 0.591888 0.470719
v 0.449825 0.555887 0.462400
v 0.449769 0.565712 0.388900
v 0.449769 0.544663 0.500006
v 0.449400 0.477169 0.569512
v 0.449125 0.541694 0.289994
v 0.449106 0.463231 0.702363
v 0.449025 0.471069 0.561694
v 0.448956 0.519800 0.357681
v 0.448950 0.469706 0.702850
v 0.448869 0.496206 0.420850
v 0.448675 0.511944 0.373950
v 0.448550 0.487831 0.726562
v 0.448537 0.550806 0.555187
v 0.448525 0.489469 0.504719
v 0.448506 0.515181 0.718675
v 0.448337 0.459456 0.636731
v 0.448150 0.559612 0.441081
v 0.448150 0.473844 0.686262
v 0.447987 0.568250 0.360475
v 0.447900 0.471506 0.554813
v 0.447763 0.551094 0.253144
v 0.447638 0.488538 0.495563
v 0.447606 0.535894 0.303113
v 0.447175 0.576556 0.284513
v 0.447156 0.587431 0.476981
v 0.446975 0.482525 0.628694
v 0.446837 0.465700 0.637494
v 0.446531 0.549887 0.571831
v 0.446437 0.481463 0.536388
v 0.446375 0.474813 0.594662
v 0.446150 0.463881 0.652269
v 0.446138 0.486131 0.487256
v 0.445862 0.480556 0.549737
v 0.445794 0.469906 0.652663
v 0.445750 0.508294 0.376794
v 0.445688 0.483000 0.631563
v 0.445681 0.500138 0.722700
v 0.445550 0.518525 0.713469
v 0.445494 0.469612 0.711469
v 0.445406 0.498044 0.398775
v 0.445325 0.500275 0.421637
v 0.445144 0.469406 0.724000
v 0.445094 0.464662 0.712588
v 0.445088 0.555744 0.448150
v 0.444981 0.568087 0.396175
v 0.444800 0.549825 0.471513
v 0.444738 0.472863 0.536775
v 0.444494 0.479600 0.651687
v 0.444475 0.475769 0.550119
v 0.444469 0.554675 0.458819
v 0.444231 0.554206 0.441519
v 0.444106 0.552950 0.560075
v 0.444044 0.554506 0.539794
v 0.443987 0.473525 0.737337
v 0.443906 0.471725 0.656769
v 0.443869 0.543813 0.520469
v 0.443850 0.477181 0.564606
v 0.443706 0.475719 0.671019
v 0.443688 0.575381 0.313063
v 0.443663 0.515312 0.718063
v 0.443319 0.476750 0.726900
v 0.443275 0.472319 0.705337
v 0.442900 0.542394 0.537381
v 0.442894 0.532956 0.295119
v 0.442837 0.564562 0.432756
v 0.442837 0.463594 0.646881
v 0.442831 0.551081 0.296525
v 0.442831 0.578963 0.296906
v 0.442663 0.492156 0.484981
v 0.442556 0.466562 0.551669
v 0.442506 0.572675 0.152756
v 0.442294 0.496825 0.410406
v 0.442200 0.492300 0.492337
v 0.442175 0.471156 0.553344
v 0.442075 0.474269 0.632962
v 0.441994 0.473550 0.645525
v 0.441944 0.478950 0.640962
v 0.441919 0.548175 0.252331
v 0.441844 0.477800 0.625369
v 0.441794 0.482319 0.565494
v 0.441325 0.540056 0.261675
v 0.441256 0.474744 0.538644
v 0.441138 0.539450 0.635725
v 0.440725 0.513925 0.356900
v 0.440306 0.516931 0.707794
v 0.440287 0.473494 0.698531
v 0.440263 0.470600 0.534200
v 0.439975 0.478413 0.670519
v 0.439731 0.545831 0.304688
v 0.439581 0.560219 0.207138
v 0.439531 0.486113 0.547650
v 0.439494 0.518119 0.712206
v 0.439444 0.563144 0.256012
v 0.439175 0.558769 0.436019
v 0.439106 0.521088 0.322631
v 0.439050 0.537238 0.650713
v 0.438944 0.481919 0.640881
v 0.438787 0.502769 0.452925
v 0.438756 0.500631 0.423056
v 0.438387 0.493994 0.560100
v 0.438331 0.484637 0.578469
v 0.438294 0.578650 0.342056
v 0.438231 0.491719 0.585762
v 0.438063 0.567375 0.240950
v 0.438006 0.573219 0.381719
v 0.437812 0.554969 0.460619
v 0.437669 0.500313 0.719281
v 0.437663 0.541425 0.252362
v 0.437456 0.482681 0.542625
v 0.437194 0.506062 0.425125
v 0.436969 0.498350 0.717425
v 0.436819 0.546894 0.253069
v 0.436744 0.502544 0.463269
v 0.436613 0.503838 0.388094
v 0.436569 0.556150 0.245956
v 0.436369 0.530663 0.700438
v 0.436056 0.506125 0.707856
v 0.436025 0.498450 0.511100
v 0.436013 0.563019 0.413338
v 0.435869 0.563781 0.382213
v 0.435869 0.477131 0.702788
v 0.435837 0.517800 0.698731
v 0.435525 0.510625 0.566131
v 0.435519 0.561638 0.212750
v 0.435356 0.547438 0.517306
v 0.435312 0.546919 0.293075
v 0.435156 0.559031 0.459263
v 0.435106 0.562175 0.448056
v 0.435094 0.489494 0.554069
v 0.435075 0.491306 0.617625
v 0.435006 0.573069 0.258012
v 0.434881 0.564956 0.358644
v 0.434775 0.471488 0.632200
v 0.434575 0.505475 0.448331
v 0.434550 0.567681 0.465425
v 0.434494 0.511769 0.555000
v 0.434456 0.491650 0.540819
v 0.434350 0.567987 0.385169
v 0.434319 0.504875 0.716113
v 0.434319 0.550881 0.254394
v 0.434312 0.540388 0.298812
v 0.434312 0.554763 0.382494
v 0.434262 0.576631 0.150894
v 0.434194 0.479600 0.711762
v 0.434156 0.529331 0.285581
v 0.434106 0.487706 0.564919
v 0.433794 0.473838 0.637437
v 0.433769 0.584544 0.306856
v 0.433725 0.560056 0.236313
v 0.433713 0.572388 0.240313
v 0.433550 0.573744 0.172162
v 0.433531 0.554519 0.237231
v 0.433481 0.567375 0.336713
v 0.433431 0.484475 0.637969
v 0.433419 0.502331 0.712750
v 0.433387 0.576294 0.380106
v 0.433237 0.513537 0.358762
v 0.433044 0.568894 0.148700
v 0.432931 0.570519 0.161450
v 0.432775 0.493850 0.609137
v 0.432775 0.484862 0.652175
v 0.432706 0.506956 0.377806
v 0.432694 0.573531 0.357256
v 0.432594 0.548494 0.573069
v 0.432550 0.496400 0.555612
v 0.432412 0.499312 0.542150
v 0.432250 0.533144 0.261031
v 0.432175 0.487875 0.608725
v 0.432031 0.540431 0.644775
v 0.431850 0.504756 0.471237
v 0.431825 0.482938 0.565331
v 0.431719 0.571594 0.381056
v 0.431700 0.578775 0.359419
v 0.431700 0.484925 0.553987
v 0.431594 0.562937 0.165387
v 0.431556 0.574794 0.161206
v 0.431488 0.500169 0.450719
v 0.431488 0.510856 0.532212
v 0.431456 0.563350 0.385781
v 0.431387 0.553975 0.370269
v 0.431369 0.520875 0.703900
v 0.431262 0.488712 0.556238
v 0.431131 0.568987 0.424981
v 0.430856 0.540031 0.639069
v 0.430806 0.584275 0.316756
v 0.430800 0.551975 0.540462
v 0.430762 0.563219 0.446906
v 0.430688 0.525381 0.657256
v 0.430656 0.501094 0.563731
v 0.430600 0.513519 0.695081
v 0.430544 0.575994 0.333694
v 0.430513 0.571662 0.322556
v 0.430494 0.485044 0.687594
v 0.430262 0.508356 0.708756
v 0.430219 0.485456 0.714463
v 0.430113 0.580256 0.177475
v 0.430000 0.557006 0.157544
v 0.429725 0.557431 0.148913
v 0.429375 0.556681 0.350981
v 0.429250 0.485769 0.662031
v 0.429006 0.588213 0.288162
v 0.428994 0.503038 0.550863
v 0.428963 0.582788 0.335756
v 0.428925 0.506938 0.464194
v 0.428887 0.566881 0.425131
v 0.428787 0.554725 0.472869
v 0.428687 0.556394 0.461587
v 0.428687 0.571894 0.369994
v 0.428588 0.514675 0.703337
v 0.428544 0.572700 0.149825
v 0.428400 0.564025 0.179675
v 0.428381 0.579819 0.306337
v 0.428156 0.562388 0.323881
v 0.428063 0.493600 0.541381
v 0.428044 0.520537 0.319044
v 0.427712 0.501975 0.568419
v 0.427687 0.591131 0.271106
v 0.427550 0.490606 0.602137
v 0.427400 0.514031 0.534013
v 0.427394 0.504413 0.533050
v 0.427331 0.575313 0.405869
v 0.427256 0.518887 0.489000
v 0.427187 0.549944 0.520463
v 0.426994 0.581244 0.151319
v 0.426956 0.544550 0.534525
v 0.426831 0.574806 0.282731
v 0.426787 0.564094 0.372906
v 0.426744 0.582200 0.063006
v 0.426650 0.532038 0.650956
v 0.426619 0.586938 0.311800
v 0.426538 0.578744 0.331206
v 0.426394 0.503369 0.462419
v 0.426300 0.494319 0.561863
v 0.426081 0.517719 0.533244
v 0.426044 0.567200 0.148700
v 0.425994 0.589337 0.153394
v 0.425856 0.555444 0.512094
v 0.425812 0.566163 0.378700
v 0.425806 0.511981 0.350281
v 0.425794 0.510444 0.452313
v 0.425787 0.508062 0.369306
v 0.425737 0.518863 0.503750
v 0.425719 0.520500 0.655212
v 0.425712 0.571494 0.406850
v 0.425538 0.566800 0.178300
v 0.425294 0.564431 0.301194
v 0.425269 0.565963 0.359006
v 0.425250 0.504444 0.554137
v 0.425231 0.506519 0.547837
v 0.425231 0.512837 0.434588
v 0.425181 0.562131 0.171156
v 0.425150 0.523025 0.504050
v 0.425056 0.493150 0.678225
v 0.425050 0.546813 0.347806
v 0.425000 0.591631 0.050519
v 0.424931 0.527806 0.287569
v 0.424919 0.498344 0.708419
v 0.424687 0.578994 0.244369
v 0.424325 0.577638 0.386300
v 0.424281 0.582137 0.313644
v 0.424162 0.594731 0.060900
v 0.424156 0.550238 0.570950
v 0.424156 0.492887 0.615944
v 0.424150 0.578337 0.351913
v 0.424125 0.593344 0.272219
v 0.424038 0.506238 0.454975
v 0.423881 0.523200 0.468600
v 0.423750 0.551775 0.561044
v 0.423737 0.482756 0.613650
v 0.423719 0.576781 0.242325
v 0.423662 0.542975 0.369094
v 0.423400 0.509819 0.501763
v 0.423350 0.494125 0.569900
v 0.423306 0.544000 0.357331
v 0.423262 0.576488 0.259794
v 0.423256 0.588119 0.059919
v 0.423181 0.564781 0.160169
v 0.423162 0.586187 0.285187
v 0.423156 0.590500 0.270644
v 0.422975 0.583888 0.381044
v 0.422938 0.511425 0.427331
v 0.422938 0.591369 0.291812
v 0.422806 0.570794 0.325269
v 0.422556 0.510675 0.534156
v 0.422381 0.539550 0.372681
v 0.422081 0.546556 0.332019
v 0.422063 0.531675 0.262313
v 0.421950 0.523119 0.507531
v 0.421875 0.487731 0.618663
v 0.421844 0.577987 0.053088
v 0.421781 0.549150 0.333462
v 0.421725 0.514188 0.444669
v 0.421656 0.498106 0.619744
v 0.421569 0.528637 0.470137
v 0.421488 0.559600 0.462581
v 0.421488 0.495925 0.644394
v 0.421456 0.537587 0.253250
v 0.421406 0.522637 0.455056
v 0.421156 0.580969 0.091750
v 0.421106 0.538037 0.380200
v 0.420881 0.580381 0.406187
v 0.420875 0.574731 0.371050
v 0.420850 0.563738 0.464269
v 0.420825 0.576950 0.285856
v 0.420812 0.556350 0.528994
v 0.420706 0.579781 0.414544
v 0.420550 0.590075 0.152113
v 0.420500 0.569275 0.462987
v 0.420325 0.553425 0.238694
v 0.420231 0.582812 0.398019
v 0.420225 0.585075 0.401631
v 0.420187 0.512594 0.345931
v 0.420187 0.536763 0.262469
v 0.420106 0.598588 0.034194
v 0.420069 0.548494 0.545981
v 0.420038 0.522456 0.652494
v 0.420038 0.568700 0.150131
v 0.420000 0.577994 0.389081
v 0.419869 0.595788 0.077438
v 0.419825 0.576812 0.415281
v 0.419800 0.561369 0.494538
v 0.419756 0.498344 0.572412
v 0.419675 0.527188 0.536937
v 0.419656 0.499362 0.632556
v 0.419637 0.521613 0.535856
v 0.419594 0.526994 0.505288
v 0.419481 0.524350 0.444150
v 0.419331 0.551469 0.550825
v 0.419275 0.507675 0.648669
v 0.419244 0.581525 0.056594
v 0.419137 0.533381 0.458062
v 0.419137 0.484737 0.618781
v 0.419119 0.515831 0.467800
v 0.419088 0.497850 0.542200
v 0.418963 0.584137 0.046644
v 0.418837 0.507563 0.698900
v 0.418831 0.512437 0.439063
v 0.418831 0.526550 0.457800
v 0.418756 0.603612 0.063494
v 0.418687 0.587356 0.301237
v 0.418344 0.527537 0.643863
v 0.418300 0.520212 0.299775
v 0.418219 0.526763 0.519906
v 0.418137 0.517650 0.433756
v 0.418013 0.552462 0.311494
v 0.418013 0.586525 0.061663
v 0.417956 0.592056 0.326569
v 0.417938 0.510212 0.632463
v 0.417856 0.508363 0.546538
v 0.417725 0.587525 0.179700
v 0.417650 0.531300 0.504044
v 0.417581 0.538987 0.360506
v 0.417581 0.581750 0.384906
v 0.417450 0.556594 0.527438
v 0.417444 0.517350 0.458719
v 0.417394 0.503463 0.551494
v 0.417219 0.549644 0.256181
v 0.417200 0.585094 0.383719
v 0.417106 0.576369 0.309113
v 0.417063 0.554475 0.295394
v 0.416975 0.559588 0.503150
v 0.416781 0.568269 0.462600
v 0.416644 0.550231 0.312619
v 0.416619 0.564069 0.176256
v 0.416612 0.494362 0.553100
v 0.416356 0.491106 0.592925
v 0.416338 0.583931 0.075394
v 0.416319 0.511725 0.534719
v 0.416262 0.532769 0.470856
v 0.416212 0.512419 0.372819
v 0.416100 0.597025 0.272600
v 0.416013 0.569731 0.371462
v 0.415956 0.506431 0.588369
v 0.415906 0.586044 0.407656
v 0.415856 0.532544 0.522644
v 0.415825 0.529000 0.449569
v 0.415687 0.610275 0.037519
v 0.415650 0.533725 0.262450
v 0.415581 0.528244 0.435606
v 0.415269 0.556481 0.285356
v 0.415063 0.517756 0.412131
v 0.415006 0.590075 0.178363
v 0.414994 0.601463 0.078931
v 0.414938 0.508806 0.558231
v 0.414856 0.571881 0.342850
v 0.414787 0.505188 0.637906
v 0.414787 0.518637 0.380700
v 0.414781 0.577894 0.412544
v 0.414731 0.559619 0.505231
v 0.414731 0.563800 0.478856
v 0.414612 0.573850 0.120894
v 0.414469 0.600331 0.008225
v 0.414444 0.521600 0.438738
v 0.414344 0.520675 0.385912
v 0.414325 0.574838 0.260144
v 0.414244 0.523669 0.356275
v 0.414169 0.598025 0.264512
v 0.414025 0.544575 0.367694
v 0.413825 0.572594 0.241806
v 0.413787 0.518575 0.636244
v 0.413731 0.534906 0.508644
v 0.413612 0.516387 0.645613
v 0.413413 0.547675 0.346544
v 0.413344 0.518250 0.339200
v 0.413275 0.524569 0.363894
v 0.413231 0.608413 0.017225
v 0.413206 0.566119 0.463487
v 0.413200 0.529025 0.455844
v 0.413131 0.589119 0.034925
v 0.413069 0.497975 0.555200
v 0.413056 0.531925 0.415144
v 0.412881 0.535212 0.379919
v 0.412856 0.522906 0.296725
v 0.412794 0.521000 0.570450
v 0.412712 0.563681 0.472037
v 0.412712 0.574538 0.443387
v 0.412687 0.538112 0.471919
v 0.412631 0.522575 0.429712
v 0.412631 0.543000 0.329313
v 0.412619 0.509838 0.565175
v 0.412300 0.533381 0.289431
v 0.412269 0.578069 0.422781
v 0.412262 0.580462 0.059037
v 0.412125 0.513456 0.553294
v 0.412112 0.591150 0.152694
v 0.412019 0.589050 0.402438
v 0.412013 0.568800 0.472456
v 0.412000 0.531381 0.412231
v 0.412000 0.583456 0.280606
v 0.411944 0.526319 0.429181
v 0.411737 0.577869 0.349869
v 0.411669 0.585600 0.392138
v 0.411600 0.517463 0.536731
v 0.411581 0.530344 0.448081
v 0.411575 0.554713 0.241075
v 0.411500 0.562544 0.175031
v 0.411481 0.524831 0.554675
v 0.411369 0.538731 0.461919
v 0.411162 0.595063 0.318769
v 0.411156 0.526994 0.537275
v 0.411156 0.499794 0.543250
v 0.411050 0.571462 0.464069
v 0.411044 0.540906 0.375794
v 0.410963 0.540125 0.381150
v 0.410925 0.531012 0.325131
v 0.410756 0.579738 0.328356
v 0.410675 0.529525 0.532725
v 0.410650 0.529900 0.458375
v 0.410612 0.602144 0.275419
v 0.410594 0.540900 0.541825
v 0.410456 0.538800 0.565444
v 0.410231 0.562044 0.241381
v 0.410106 0.550763 0.329819
v 0.410075 0.539987 0.476162
v 0.409994 0.603556 0.014819
v 0.409981 0.600831 0.035444
v 0.409925 0.610088 0.064594
v 0.409875 0.578100 0.321700
v 0.409844 0.593550 0.155500
v 0.409719 0.584519 0.256500
v 0.409637 0.526587 0.300812
v 0.409331 0.570562 0.358519
v 0.409325 0.580913 0.414719
v 0.409306 0.525525 0.420513
v 0.409262 0.569281 0.462100
v 0.409106 0.546444 0.370806
v 0.408831 0.536575 0.384944
v 0.408762 0.562944 0.460194
v 0.408712 0.562400 0.259337
v 0.408706 0.534931 0.503494
v 0.408569 0.530394 0.569100
v 0.408475 0.577994 0.259387
v 0.408438 0.579963 0.390062
v 0.408356 0.539750 0.380837
v 0.408319 0.579987 0.247544
v 0.408256 0.533319 0.419281
v 0.408131 0.536775 0.546194
v 0.407988 0.563131 0.473175
v 0.407844 0.535813 0.294631
v 0.407800 0.517637 0.458394
v 0.407781 0.555987 0.471275
v 0.407775 0.527081 0.383581
v 0.407769 0.569937 0.150375
v 0.407644 0.531706 0.559137
v 0.407637 0.588700 0.397413
v 0.407600 0.570894 0.259994
v 0.407344 0.506750 0.462294
v 0.407300 0.542194 0.458788
v 0.407263 0.587569 0.222581
v 0.407212 0.539975 0.348069
v 0.407119 0.520619 0.562163
v 0.406906 0.592850 0.258300
v 0.406806 0.541281 0.383012
v 0.406731 0.577975 0.444763
v 0.406619 0.551225 0.344788
v 0.406562 0.536288 0.425594
v 0.406519 0.588500 0.286838
v 0.406500 0.584838 0.307694
v 0.406488 0.584494 0.384625
v 0.406381 0.570887 0.447069
v 0.406369 0.580431 0.180681
v 0.406350 0.553956 0.314100
v 0.406294 0.532713 0.471306
v 0.406244 0.602900 0.079363
v 0.406112 0.532731 0.383412
v 0.406062 0.508000 0.458275
v 0.406050 0.574562 0.332200
v 0.406037 0.590669 0.403938
v 0.406000 0.531881 0.424444
v 0.405988 0.534537 0.458544
v 0.405988 0.580550 0.426506
v 0.405981 0.591931 0.009444
v 0.405938 0.542625 0.330325
v 0.405731 0.537069 0.526719
v 0.405694 0.610744 0.036450
v 0.405637 0.569781 0.177381
v 0.405581 0.534956 0.377912
v 0.405356 0.567381 0.151837
v 0.405338 0.584619 0.392100
v 0.405306 0.533556 0.332031
v 0.405256 0.540281 0.368638
v 0.405156 0.535706 0.378387
v 0.404900 0.585069 0.033431
v 0.404763 0.554294 0.279238
v 0.404581 0.540556 0.525325
v 0.404569 0.595269 0.188337
v 0.404438 0.579019 0.074175
v 0.404388 0.595306 0.016156
v 0.404325 0.585662 0.411331
v 0.404256 0.593619 0.223894
v 0.404206 0.585237 0.152663
v 0.404137 0.594556 0.264694
v 0.404075 0.557319 0.298981
v 0.404031 0.538775 0.498063
v 0.404025 0.573669 0.247881
v 0.403919 0.536963 0.381581
v 0.403794 0.589644 0.396906
v 0.403556 0.600400 0.220844
v 0.403481 0.552744 0.372606
v 0.403463 0.531656 0.373781
v 0.403406 0.542644 0.356569
v 0.403281 0.535375 0.348388
v 0.403231 0.555700 0.335356
v 0.403181 0.587588 0.187025
v 0.403100 0.533525 0.426450
v 0.403062 0.587488 0.402975
v 0.402994 0.597250 0.173050
v 0.402969 0.541406 0.501550
v 0.402900 0.592781 0.257812
v 0.402863 0.606287 0.066056
v 0.402675 0.539125 0.406519
v 0.402644 0.569406 0.462087
v 0.402612 0.543963 0.503444
v 0.402475 0.536412 0.353881
v 0.402394 0.561200 0.351319
v 0.402388 0.582037 0.077012
v 0.402350 0.555331 0.471069
v 0.402319 0.577744 0.308044
v 0.402275 0.537325 0.455119
v 0.402206 0.576856 0.463587
v 0.402125 0.536919 0.332794
v 0.402100 0.549750 0.289169
v 0.402006 0.576612 0.425519
v 0.401906 0.558481 0.316025
v 0.401900 0.595200 0.037706
v 0.401662 0.582006 0.415944
v 0.401625 0.605619 0.186231
v 0.401494 0.546813 0.373000
v 0.401381 0.593475 0.326719
v 0.401344 0.582337 0.288287
v 0.401238 0.572675 0.446544
v 0.401137 0.544669 0.461288
v 0.401056 0.576975 0.473206
v 0.401037 0.557881 0.462281
v 0.400888 0.599969 0.266356
v 0.400769 0.540106 0.298825
v 0.400662 0.536388 0.406600
v 0.400662 0.563281 0.330844
v 0.400656 0.560419 0.282212
v 0.400606 0.579381 0.387031
v 0.400487 0.541750 0.420256
v 0.400475 0.548175 0.471156
v 0.400438 0.585406 0.421938
v 0.400406 0.598806 0.245012
v 0.400388 0.544244 0.324675
v 0.400306 0.535169 0.375063
v 0.400275 0.546687 0.330813
v 0.400200 0.577987 0.216600
v 0.399763 0.546106 0.362806
v 0.399750 0.547475 0.306519
v 0.399719 0.538394 0.355669
v 0.399681 0.559394 0.323062
v 0.399475 0.598681 0.226488
v 0.399350 0.566994 0.312575
v 0.399263 0.530425 0.461494
v 0.399238 0.604113 0.025406
v 0.399087 0.580931 0.405881
v 0.399056 0.598506 0.274381
v 0.399025 0.546831 0.349306
v 0.398969 0.581275 0.384931
v 0.398713 0.611406 0.053175
v 0.398650 0.573500 0.467825
v 0.398600 0.579475 0.155200
v 0.398531 0.595125 0.264406
v 0.398406 0.563113 0.351669
v 0.398406 0.580775 0.393875
v 0.398363 0.547206 0.461244
v 0.398331 0.539656 0.325469
v 0.398288 0.562506 0.456019
v 0.398200 0.551338 0.310106
v 0.398156 0.586219 0.077956
v 0.397863 0.541925 0.414400
v 0.397700 0.565562 0.282363
v 0.397619 0.581200 0.061875
v 0.397612 0.548325 0.338913
v 0.397506 0.538331 0.403831
v 0.397325 0.574244 0.423687
v 0.396956 0.573981 0.418356
v 0.396925 0.543700 0.304262
v 0.396906 0.545763 0.385962
v 0.396906 0.601619 0.276856
v 0.396881 0.567681 0.315538
v 0.396844 0.609581 0.072038
v 0.396806 0.541787 0.459512
v 0.396806 0.556406 0.320925
v 0.396681 0.556163 0.358488
v 0.396581 0.547150 0.470300
v 0.396562 0.591156 0.077319
v 0.396494 0.564331 0.459969
v 0.396444 0.579531 0.421362
v 0.396425 0.591875 0.019606
v 0.396425 0.609381 0.027662
v 0.396338 0.552175 0.459656
v 0.396306 0.569037 0.261537
v 0.396056 0.577812 0.385269
v 0.396006 0.515156 0.461012
v 0.395975 0.561562 0.332319
v 0.395894 0.545200 0.284544
v 0.395838 0.566575 0.441381
v 0.395825 0.572538 0.281906
v 0.395537 0.576087 0.422731
v 0.395512 0.547175 0.307844
v 0.395512 0.569381 0.472294
v 0.395437 0.571969 0.297056
v 0.395181 0.576094 0.405875
v 0.395163 0.581781 0.404169
v 0.395094 0.612112 0.061937
v 0.395081 0.543306 0.335388
v 0.395019 0.519975 0.459600
v 0.394956 0.580831 0.397537
v 0.394819 0.581275 0.185044
v 0.394750 0.542194 0.416538
v 0.394575 0.570350 0.426031
v 0.394562 0.549494 0.460356
v 0.394481 0.569475 0.390425
v 0.394056 0.556662 0.301300
v 0.394044 0.555419 0.268450
v 0.394044 0.558412 0.456037
v 0.393881 0.539969 0.415762
v 0.393869 0.555881 0.446581
v 0.393806 0.588187 0.049700
v 0.393594 0.601525 0.225294
v 0.393469 0.545125 0.381906
v 0.393369 0.556075 0.285388
v 0.393294 0.588300 0.332919
v 0.393275 0.564794 0.462363
v 0.393275 0.570075 0.419088
v 0.393275 0.602294 0.051044
v 0.393225 0.548063 0.412200
v 0.393150 0.577731 0.407288
v 0.393006 0.546219 0.461156
v 0.392888 0.567569 0.277450
v 0.392831 0.550200 0.280606
v 0.392800 0.595994 0.065081
v 0.392738 0.572669 0.420756
v 0.392738 0.602862 0.037613
v 0.392594 0.586894 0.035781
v 0.392569 0.546069 0.441669
v 0.392225 0.594519 0.036394
v 0.392156 0.604744 0.218644
v 0.392119 0.565050 0.309250
v 0.392087 0.583650 0.172900
v 0.392012 0.548906 0.440588
v 0.392000 0.590431 0.064162
v 0.391931 0.495194 0.458269
v 0.391806 0.550150 0.302156
v 0.391669 0.493463 0.465756
v 0.391519 0.549719 0.268037
v 0.391394 0.555963 0.459381
v 0.391325 0.554725 0.387450
v 0.391275 0.550750 0.427594
v 0.391081 0.507138 0.459769
v 0.391081 0.573119 0.404888
v 0.391031 0.570994 0.289200
v 0.390900 0.571837 0.255063
v 0.390756 0.564894 0.283662
v 0.390669 0.551744 0.287262
v 0.390562 0.597900 0.050856
v 0.390475 0.549244 0.424525
v 0.390338 0.553069 0.268725
v 0.390200 0.565063 0.425031
v 0.390106 0.566625 0.417762
v 0.390081 0.543112 0.378756
v 0.389912 0.573450 0.472506
v 0.389887 0.570650 0.384256
v 0.389681 0.558806 0.466338
v 0.389656 0.598394 0.278062
v 0.389619 0.595588 0.267437
v 0.389600 0.594119 0.265531
v 0.389594 0.559000 0.441644
v 0.389550 0.525444 0.462050
v 0.389288 0.568769 0.406656
v 0.389169 0.563031 0.439669
v 0.388981 0.550650 0.445981
v 0.388962 0.559606 0.426737
v 0.388800 0.551131 0.391688
v 0.388675 0.558694 0.470481
v 0.388163 0.557319 0.383425
v 0.388044 0.598975 0.073075
v 0.387906 0.567275 0.421525
v 0.387856 0.577544 0.470306
v 0.387781 0.554719 0.461950
v 0.387769 0.549369 0.335269
v 0.387644 0.571669 0.403344
v 0.387594 0.554319 0.470606
v 0.387569 0.588313 0.259494
v 0.387519 0.563225 0.427300
v 0.387350 0.600537 0.059888
v 0.386925 0.608019 0.195600
v 0.386906 0.493412 0.462069
v 0.386894 0.591375 0.274369
v 0.386731 0.583313 0.328875
v 0.386575 0.552931 0.414137
v 0.386469 0.565119 0.383613
v 0.386450 0.563119 0.415031
v 0.386381 0.553481 0.442987
v 0.386375 0.570600 0.467150
v 0.386369 0.547344 0.391987
v 0.386294 0.553006 0.421231
v 0.385987 0.560850 0.426169
v 0.385675 0.565294 0.405531
v 0.385550 0.554688 0.424844
v 0.385462 0.581838 0.182144
v 0.385444 0.509775 0.460838
v 0.385188 0.574350 0.263044
v 0.385069 0.594375 0.275938
v 0.384856 0.551887 0.381113
v 0.384837 0.557156 0.413519
v 0.384781 0.577256 0.219256
v 0.384725 0.506800 0.468319
v 0.384725 0.564963 0.419669
v 0.384575 0.567306 0.403681
v 0.384412 0.619944 0.070144
v 0.384244 0.578887 0.258681
v 0.384206 0.576731 0.330487
v 0.384188 0.599594 0.227038
v 0.383750 0.594825 0.226244
v 0.383281 0.586731 0.259581
v 0.382412 0.565294 0.262300
v 0.382294 0.566881 0.270675
v 0.382094 0.554619 0.400050
v 0.381962 0.560194 0.390575
v 0.381937 0.556937 0.402556
v 0.381919 0.565269 0.396162
v 0.381912 0.564194 0.402856
v 0.381425 0.554644 0.392806
v 0.381419 0.570688 0.336944
v 0.381406 0.559906 0.469269
v 0.381231 0.495444 0.457325
v 0.380750 0.558506 0.409194
v 0.380706 0.584031 0.266112
v 0.380694 0.560037 0.323987
v 0.380631 0.558900 0.401306
v 0.380462 0.588413 0.275512
v 0.380044 0.584375 0.223188
v 0.379887 0.579681 0.273056
v 0.379531 0.518362 0.471112
v 0.379419 0.558894 0.419837
v 0.379119 0.551950 0.402819
v 0.378944 0.562225 0.271806
v 0.378869 0.606738 0.063550
v 0.378862 0.559256 0.395713
v 0.378806 0.605575 0.073137
v 0.378575 0.602012 0.196606
v 0.378412 0.593269 0.224256
v 0.378350 0.624194 0.076431
v 0.376525 0.627475 0.066694
v 0.376325 0.581594 0.275913
v 0.375275 0.589569 0.193194
v 0.374819 0.516569 0.462969
v 0.374787 0.574356 0.274094
v 0.373975 0.499231 0.462125
v 0.373213 0.514881 0.466219
v 0.372281 0.627062 0.083081
v 0.371856 0.504331 0.458931
v 0.370669 0.505494 0.468119
v 0.369063 0.614112 0.060169
v 0.369000 0.611381 0.075456
v 0.366181 0.631119 0.084394
v 0.365950 0.612369 0.066513
v 0.365175 0.638475 0.066238
v 0.364900 0.632569 0.063794
v 0.364244 0.626069 0.070663
v 0.363756 0.619425 0.082138
v 0.363513 0.615956 0.082319
v 0.359362 0.620012 0.061875
v 0.355956 0.623363 0.083631
v 0.351444 0.623938 0.066394
vt 0.596191 0.370361
vt 0.613769 0.369873
vt 0.604981 0.364502
vt 0.620849 0.367676
vt 0.624267 0.377686
vt 0.586914 0.360596
vt 0.596191 0.392823
vt 0.612061 0.357910
vt 0.598144 0.351562
vt 0.622314 0.355957
vt 0.630371 0.377198
vt 0.633057 0.392090
vt 0.636231 0.368896
vt 0.651367 0.404052
vt 0.649414 0.420410
vt 0.623779 0.424316
vt 0.647461 0.383057
vt 0.659180 0.401123
vt 0.601562 0.406494
vt 0.639404 0.366455
vt 0.653564 0.381348
vt 0.664795 0.395752
vt 0.653564 0.364746
vt 0.687012 0.358642
vt 0.676026 0.301269
vt 0.697021 0.309814
vt 0.713623 0.292481
vt 0.722901 0.301758
vt 0.649903 0.342774
vt 0.638916 0.355713
vt 0.668213 0.297608
vt 0.705811 0.281006
vt 0.660644 0.291016
vt 0.642334 0.311035
vt 0.624512 0.354981
vt 0.658936 0.278076
vt 0.673828 0.254639
vt 0.637696 0.275146
vt 0.654053 0.260742
vt 0.628418 0.312744
vt 0.620117 0.352783
vt 0.606201 0.348877
vt 0.618164 0.316162
vt 0.624512 0.274414
vt 0.636963 0.261719
vt 0.602295 0.316651
vt 0.589111 0.300537
vt 0.582276 0.345459
vt 0.610840 0.259277
vt 0.580811 0.272705
vt 0.598389 0.250733
vt 0.569092 0.293213
vt 0.557373 0.246094
vt 0.554932 0.283691
vt 0.588867 0.350098
vt 0.565918 0.348633
vt 0.570801 0.352051
vt 0.565674 0.346436
vt 0.558106 0.308838
vt 0.558594 0.347656
vt 0.560059 0.354492
vt 0.550781 0.355224
vt 0.544434 0.292236
vt 0.528076 0.269043
vt 0.515137 0.278321
vt 0.547363 0.311524
vt 0.532227 0.308838
vt 0.518555 0.305908
vt 0.504883 0.285644
vt 0.478516 0.327392
vt 0.485108 0.284912
vt 0.512696 0.355224
vt 0.538330 0.328369
vt 0.550049 0.353027
vt 0.541748 0.359375
vt 0.527344 0.384521
vt 0.482422 0.374512
vt 0.543213 0.362305
vt 0.542481 0.366943
vt 0.542724 0.380859
vt 0.535644 0.402588
vt 0.541748 0.407471
vt 0.552002 0.370361
vt 0.548828 0.387451
vt 0.555664 0.410401
vt 0.560303 0.363281
vt 0.566651 0.366943
vt 0.570312 0.361816
vt 0.560547 0.386474
vt 0.567627 0.399170
vt 0.567383 0.437744
vt 0.650635 0.723877
vt 0.664307 0.733887
vt 0.668213 0.729492
vt 0.644776 0.730957
vt 0.684571 0.725097
vt 0.687744 0.737305
vt 0.658691 0.711426
vt 0.640625 0.716309
vt 0.683106 0.717041
vt 0.692627 0.725586
vt 0.705078 0.710205
vt 0.698242 0.705566
vt 0.718262 0.696533
vt 0.714599 0.685791
vt 0.704834 0.687500
vt 0.693604 0.703369
vt 0.690186 0.678467
vt 0.661133 0.679932
vt 0.703369 0.664307
vt 0.635986 0.698242
vt 0.635742 0.660889
vt 0.644531 0.656006
vt 0.635742 0.682373
vt 0.628418 0.659668
vt 0.630615 0.702149
vt 0.627441 0.684082
vt 0.615722 0.649170
vt 0.636231 0.714844
vt 0.632812 0.721924
vt 0.635010 0.735108
vt 0.618896 0.687012
vt 0.619141 0.705566
vt 0.627441 0.728028
vt 0.605957 0.736572
vt 0.615234 0.681396
vt 0.621826 0.718262
vt 0.600586 0.731446
vt 0.600097 0.738769
vt 0.603516 0.742920
vt 0.598389 0.747071
vt 0.594483 0.738769
vt 0.617188 0.706543
vt 0.579102 0.722656
vt 0.613769 0.697266
vt 0.572021 0.704590
vt 0.555664 0.714111
vt 0.553711 0.728516
vt 0.581299 0.689209
vt 0.610596 0.686035
vt 0.585449 0.677002
vt 0.572754 0.669922
vt 0.546875 0.699951
vt 0.553711 0.682617
vt 0.533936 0.684326
vt 0.545654 0.645019
vt 0.545166 0.673340
vt 0.512207 0.678711
vt 0.512451 0.657227
vt 0.496094 0.684571
vt 0.518555 0.697754
vt 0.540771 0.708984
vt 0.494141 0.704834
vt 0.530274 0.721924
vt 0.544434 0.734375
vt 0.554443 0.741211
vt 0.535889 0.745849
vt 0.520996 0.733887
vt 0.499756 0.739746
vt 0.384277 0.395996
vt 0.373047 0.399170
vt 0.387939 0.405762
vt 0.390625 0.396729
vt 0.375977 0.389160
vt 0.367188 0.382080
vt 0.390137 0.380127
vt 0.401611 0.372314
vt 0.396729 0.362061
vt 0.383789 0.357910
vt 0.367432 0.379394
vt 0.354736 0.372559
vt 0.347168 0.372802
vt 0.377441 0.334961
vt 0.389649 0.341309
vt 0.362305 0.348877
vt 0.339111 0.365723
vt 0.325196 0.363037
vt 0.322754 0.356689
vt 0.350586 0.343506
vt 0.350586 0.326660
vt 0.333252 0.323974
vt 0.363526 0.332764
vt 0.346924 0.300049
vt 0.327392 0.291504
vt 0.330323 0.271240
vt 0.354736 0.290771
vt 0.325439 0.255371
vt 0.375733 0.283936
vt 0.375488 0.263916
vt 0.387451 0.308106
vt 0.393311 0.274414
vt 0.397705 0.257568
vt 0.407227 0.288086
vt 0.400879 0.268555
vt 0.398926 0.315186
vt 0.412842 0.307861
vt 0.416748 0.293213
vt 0.422608 0.274658
vt 0.403809 0.336182
vt 0.411133 0.352295
vt 0.412109 0.348389
vt 0.419189 0.340576
vt 0.416260 0.352783
vt 0.419189 0.348144
vt 0.420166 0.352051
vt 0.970459 0.974365
vt 0.974854 0.977051
vt 0.984863 0.964111
vt 0.967041 0.961670
vt 0.990479 0.966064
vt 0.977783 0.979736
vt 0.966309 0.982910
vt 0.974121 0.990234
vt 0.968750 0.989014
vt 0.958496 0.995117
vt 0.971191 0.998779
vt 0.976807 0.997559
vt 0.025146 0.295654
vt 0.035156 0.281983
vt 0.031982 0.276123
vt 0.039795 0.273438
vt 0.049072 0.281250
vt 0.037842 0.265137
vt 0.043946 0.266846
vt 0.049316 0.263916
vt 0.048096 0.256348
vt 0.031494 0.266358
vt 0.027832 0.271973
vt 0.026367 0.265625
vt 0.030274 0.259277
vt 0.026123 0.258057
vt 0.031250 0.251465
vt 0.036377 0.253906
vt 0.042481 0.257568
vt 0.041016 0.244385
vt 0.047607 0.238281
vt 0.922119 0.599609
vt 0.899903 0.596191
vt 0.912842 0.604248
vt 0.935791 0.616943
vt 0.930176 0.628906
vt 0.901367 0.609131
vt 0.948486 0.613037
vt 0.889404 0.609375
vt 0.899903 0.617432
vt 0.927490 0.596924
vt 0.915528 0.576904
vt 0.928467 0.583984
vt 0.942627 0.600586
vt 0.942383 0.585938
vt 0.933349 0.573486
vt 0.959961 0.612549
vt 0.955078 0.587403
vt 0.938233 0.563477
vt 0.961182 0.601318
vt 0.965088 0.573974
vt 0.950439 0.556641
vt 0.975830 0.584717
vt 0.979736 0.610596
vt 0.976562 0.567627
vt 0.968017 0.547119
vt 0.977295 0.553711
vt 0.988037 0.583740
vt 0.969971 0.615479
vt 0.969971 0.626465
vt 0.977051 0.639892
vt 0.983887 0.640869
vt 0.967041 0.630859
vt 0.990722 0.656738
vt 0.996582 0.658936
vt 0.975342 0.645752
vt 0.985352 0.658203
vt 0.967041 0.639892
vt 0.958984 0.632568
vt 0.970459 0.651123
vt 0.977539 0.662109
vt 0.953858 0.646972
vt 0.942383 0.637696
vt 0.961426 0.656494
vt 0.946778 0.649414
vt 0.970703 0.672608
vt 0.981446 0.675049
vt 0.959472 0.659668
vt 0.955078 0.663086
vt 0.972901 0.683838
vt 0.920166 0.634033
vt 0.942871 0.654785
vt 0.951172 0.665771
vt 0.956055 0.671875
vt 0.935547 0.658447
vt 0.930908 0.647217
vt 0.903076 0.639892
vt 0.898682 0.624512
vt 0.885498 0.618653
vt 0.883545 0.627930
vt 0.587158 0.236084
vt 0.615234 0.214111
vt 0.608399 0.214356
vt 0.619385 0.188721
vt 0.614746 0.220215
vt 0.622559 0.196045
vt 0.626465 0.207276
vt 0.634766 0.174072
vt 0.626465 0.169678
vt 0.622314 0.232666
vt 0.604736 0.242432
vt 0.633301 0.155762
vt 0.644287 0.218994
vt 0.633545 0.238281
vt 0.647461 0.192627
vt 0.646972 0.229004
vt 0.643555 0.162598
vt 0.635010 0.141846
vt 0.625244 0.156250
vt 0.636474 0.149414
vt 0.647217 0.150391
vt 0.640137 0.140869
vt 0.658203 0.162354
vt 0.661621 0.149658
vt 0.666992 0.157471
vt 0.658447 0.176269
vt 0.657471 0.195801
vt 0.668213 0.172607
vt 0.657715 0.216064
vt 0.652832 0.237793
vt 0.641846 0.259766
vt 0.667481 0.233154
vt 0.650879 0.252441
vt 0.666992 0.218994
vt 0.675049 0.249756
vt 0.679443 0.237549
vt 0.666504 0.196045
vt 0.670166 0.207764
vt 0.673584 0.187988
vt 0.680664 0.187012
vt 0.678222 0.204590
vt 0.681153 0.224365
vt 0.683349 0.237305
vt 0.686524 0.252930
vt 0.690918 0.220947
vt 0.687012 0.199463
vt 0.695801 0.235352
vt 0.696533 0.253662
vt 0.701660 0.230957
vt 0.715821 0.254394
vt 0.714111 0.231934
vt 0.701416 0.218994
vt 0.711182 0.224609
vt 0.727539 0.240234
vt 0.724121 0.231934
vt 0.718262 0.220215
vt 0.723144 0.203613
vt 0.693847 0.199951
vt 0.704346 0.197998
vt 0.709229 0.182373
vt 0.719727 0.182861
vt 0.735840 0.178467
vt 0.690430 0.171875
vt 0.698974 0.178223
vt 0.717041 0.164795
vt 0.729736 0.156738
vt 0.744141 0.176269
vt 0.739258 0.150146
vt 0.727051 0.144287
vt 0.743653 0.134277
vt 0.712403 0.160889
vt 0.711670 0.145508
vt 0.704834 0.160644
vt 0.707519 0.141113
vt 0.699707 0.152099
vt 0.690186 0.155274
vt 0.678222 0.166260
vt 0.673828 0.152832
vt 0.667969 0.144531
vt 0.520752 0.449463
vt 0.503418 0.438965
vt 0.511719 0.466797
vt 0.545654 0.478271
vt 0.534912 0.426758
vt 0.554199 0.437988
vt 0.519043 0.486573
vt 0.507080 0.484863
vt 0.568115 0.472656
vt 0.565186 0.444336
vt 0.507324 0.494629
vt 0.574219 0.454590
vt 0.542724 0.487061
vt 0.580322 0.462891
vt 0.595215 0.441651
vt 0.568847 0.488769
vt 0.580566 0.487061
vt 0.606201 0.462646
vt 0.645508 0.465332
vt 0.641602 0.439698
vt 0.601074 0.481934
vt 0.623535 0.475830
vt 0.612061 0.483642
vt 0.635498 0.476318
vt 0.654785 0.451660
vt 0.650635 0.425293
vt 0.657227 0.466797
vt 0.627197 0.498535
vt 0.682373 0.429199
vt 0.668457 0.431152
vt 0.693847 0.458252
vt 0.712158 0.430420
vt 0.725830 0.443359
vt 0.723877 0.454102
vt 0.677979 0.459717
vt 0.728760 0.466797
vt 0.676269 0.490479
vt 0.726318 0.486816
vt 0.665283 0.501221
vt 0.673340 0.502930
vt 0.682129 0.502686
vt 0.717529 0.494141
vt 0.717529 0.502686
vt 0.733399 0.491455
vt 0.772217 0.491211
vt 0.731446 0.497314
vt 0.642578 0.494385
vt 0.640137 0.506347
vt 0.667481 0.521729
vt 0.637939 0.524658
vt 0.636719 0.499267
vt 0.611084 0.504394
vt 0.620606 0.523438
vt 0.604736 0.525879
vt 0.599365 0.492432
vt 0.597901 0.515137
vt 0.602051 0.536865
vt 0.588623 0.515381
vt 0.599121 0.509766
vt 0.601318 0.500488
vt 0.593506 0.502441
vt 0.587891 0.503174
vt 0.585205 0.520508
vt 0.578858 0.536865
vt 0.577881 0.518066
vt 0.573731 0.512207
vt 0.568604 0.542236
vt 0.563721 0.514404
vt 0.557617 0.555664
vt 0.547363 0.531250
vt 0.544434 0.514649
vt 0.538818 0.504639
vt 0.526856 0.542236
vt 0.541016 0.548096
vt 0.550537 0.492188
vt 0.523193 0.489258
vt 0.522949 0.499267
vt 0.515381 0.494629
vt 0.515869 0.507324
vt 0.524170 0.503174
vt 0.540039 0.514160
vt 0.522217 0.514404
vt 0.504151 0.517578
vt 0.539795 0.522949
vt 0.535156 0.520752
vt 0.532959 0.531250
vt 0.517822 0.511474
vt 0.514892 0.517822
vt 0.518311 0.523682
vt 0.506836 0.534668
vt 0.494141 0.535156
vt 0.517334 0.528809
vt 0.510498 0.540039
vt 0.524170 0.534912
vt 0.518555 0.545899
vt 0.221191 0.292969
vt 0.234863 0.282471
vt 0.207519 0.282715
vt 0.236084 0.292969
vt 0.213135 0.307861
vt 0.249756 0.289551
vt 0.228271 0.319092
vt 0.246582 0.283448
vt 0.253906 0.302734
vt 0.215576 0.331299
vt 0.220703 0.355224
vt 0.254151 0.285644
vt 0.245606 0.277832
vt 0.260742 0.313965
vt 0.253906 0.331299
vt 0.250977 0.351562
vt 0.237549 0.363769
vt 0.213867 0.367188
vt 0.251221 0.356934
vt 0.255615 0.352783
vt 0.263427 0.362793
vt 0.305420 0.371094
vt 0.282227 0.371826
vt 0.308594 0.319092
vt 0.312988 0.306641
vt 0.281006 0.302490
vt 0.282227 0.288086
vt 0.297852 0.283448
vt 0.276367 0.284424
vt 0.318115 0.275146
vt 0.277099 0.293701
vt 0.276856 0.279052
vt 0.272461 0.298340
vt 0.266113 0.303467
vt 0.271240 0.288818
vt 0.264892 0.293946
vt 0.259033 0.289551
vt 0.258545 0.271240
vt 0.264404 0.250488
vt 0.275146 0.272949
vt 0.288330 0.250488
vt 0.266358 0.263184
vt 0.291992 0.236084
vt 0.746826 0.261963
vt 0.739258 0.270264
vt 0.781494 0.282715
vt 0.794922 0.281738
vt 0.807129 0.310059
vt 0.804199 0.272461
vt 0.770019 0.291260
vt 0.746338 0.286865
vt 0.799805 0.325196
vt 0.777344 0.319580
vt 0.790528 0.329102
vt 0.742920 0.305908
vt 0.780517 0.337158
vt 0.786133 0.344971
vt 0.778809 0.353516
vt 0.768555 0.349121
vt 0.766358 0.335938
vt 0.705566 0.317383
vt 0.710938 0.334717
vt 0.758545 0.359375
vt 0.769043 0.363769
vt 0.774414 0.383545
vt 0.697998 0.350586
vt 0.751221 0.363281
vt 0.701904 0.358154
vt 0.750000 0.369385
vt 0.698486 0.367188
vt 0.697754 0.374024
vt 0.760010 0.374512
vt 0.703125 0.383545
vt 0.767578 0.386231
vt 0.761474 0.395019
vt 0.690918 0.401856
vt 0.740479 0.427002
vt 0.766602 0.410889
vt 0.779053 0.405029
vt 0.780517 0.393555
vt 0.771240 0.416260
vt 0.729736 0.453858
vt 0.807129 0.440186
vt 0.840576 0.725097
vt 0.828125 0.734619
vt 0.841309 0.738526
vt 0.833252 0.712403
vt 0.855713 0.714356
vt 0.842774 0.675049
vt 0.816894 0.708496
vt 0.828369 0.664062
vt 0.786621 0.720459
vt 0.761963 0.745606
vt 0.770264 0.725830
vt 0.756592 0.736816
vt 0.786377 0.703858
vt 0.754394 0.730469
vt 0.757080 0.727295
vt 0.754151 0.712646
vt 0.816651 0.687500
vt 0.795899 0.690674
vt 0.783691 0.677734
vt 0.816894 0.674316
vt 0.817871 0.661133
vt 0.774903 0.670166
vt 0.767090 0.675049
vt 0.753418 0.680908
vt 0.766358 0.626953
vt 0.778564 0.631592
vt 0.784180 0.658447
vt 0.785156 0.640869
vt 0.817871 0.644531
vt 0.788330 0.624267
vt 0.827149 0.622559
vt 0.815918 0.623291
vt 0.787109 0.616211
vt 0.776367 0.607422
vt 0.765625 0.604248
vt 0.781738 0.590332
vt 0.790771 0.604248
vt 0.816406 0.614258
vt 0.824463 0.613769
vt 0.822021 0.603516
vt 0.837646 0.615234
vt 0.858399 0.609131
vt 0.859375 0.593994
vt 0.832276 0.591553
vt 0.807861 0.591797
vt 0.800049 0.582519
vt 0.826660 0.584229
vt 0.810547 0.583496
vt 0.807861 0.574463
vt 0.002197 0.437012
vt 0.002197 0.479981
vt 0.007568 0.478516
vt 0.775635 0.553955
vt 0.800293 0.563965
vt 0.806396 0.550537
vt 0.795654 0.546631
vt 0.820557 0.550537
vt 0.828125 0.572754
vt 0.803955 0.516846
vt 0.787109 0.508057
vt 0.811767 0.445312
vt 0.849609 0.559326
vt 0.819336 0.524903
vt 0.817139 0.477783
vt 0.849854 0.536865
vt 0.834229 0.517090
vt 0.864258 0.551269
vt 0.824219 0.499512
vt 0.853760 0.514404
vt 0.826172 0.479248
vt 0.854736 0.495606
vt 0.868653 0.474121
vt 0.860352 0.464599
vt 0.830811 0.453125
vt 0.827637 0.444824
vt 0.866455 0.456543
vt 0.822266 0.436524
vt 0.861084 0.436524
vt 0.862305 0.447021
vt 0.874024 0.444580
vt 0.891846 0.427734
vt 0.860596 0.421142
vt 0.900879 0.447021
vt 0.841064 0.424073
vt 0.846680 0.413574
vt 0.831299 0.414795
vt 0.836426 0.407227
vt 0.884766 0.455566
vt 0.904053 0.468017
vt 0.880859 0.470948
vt 0.900391 0.526611
vt 0.877197 0.537354
vt 0.874024 0.559814
vt 0.895019 0.559814
vt 0.890381 0.573242
vt 0.864746 0.570312
vt 0.866211 0.594971
vt 0.876953 0.576660
vt 0.891358 0.577149
vt 0.874756 0.582276
vt 0.890137 0.591797
vt 0.889160 0.594971
vt 0.896484 0.603760
vt 0.887696 0.597412
vt 0.894043 0.604004
vt 0.540283 0.757324
vt 0.541016 0.766358
vt 0.577392 0.751953
vt 0.502686 0.769531
vt 0.567871 0.777832
vt 0.505859 0.756347
vt 0.505371 0.776856
vt 0.501953 0.788818
vt 0.481689 0.780274
vt 0.501465 0.751465
vt 0.489990 0.754883
vt 0.472901 0.774903
vt 0.495849 0.746338
vt 0.484863 0.749512
vt 0.466552 0.768555
vt 0.479736 0.743653
vt 0.493164 0.742676
vt 0.474854 0.735840
vt 0.465821 0.739990
vt 0.449463 0.767578
vt 0.452149 0.711182
vt 0.320557 0.794434
vt 0.319336 0.783203
vt 0.314453 0.802490
vt 0.327392 0.796142
vt 0.324463 0.804199
vt 0.343017 0.806153
vt 0.364990 0.797852
vt 0.322754 0.811524
vt 0.303467 0.811524
vt 0.333252 0.841064
vt 0.343506 0.835449
vt 0.350342 0.811767
vt 0.350098 0.834472
vt 0.372071 0.800049
vt 0.391113 0.784668
vt 0.407471 0.795410
vt 0.399414 0.805176
vt 0.358154 0.813477
vt 0.375000 0.809814
vt 0.420899 0.815918
vt 0.382324 0.823486
vt 0.370849 0.818604
vt 0.376465 0.838623
vt 0.371582 0.833252
vt 0.361084 0.840576
vt 0.360108 0.821289
vt 0.356201 0.832519
vt 0.366455 0.824463
vt 0.041993 0.461670
vt 0.038574 0.493652
vt 0.056153 0.482910
vt 0.038086 0.467529
vt 0.057861 0.460938
vt 0.069092 0.477539
vt 0.071045 0.465332
vt 0.078369 0.457031
vt 0.040528 0.442383
vt 0.035889 0.434326
vt 0.042236 0.434571
vt 0.048096 0.451416
vt 0.048584 0.435791
vt 0.061524 0.449951
vt 0.074463 0.448242
vt 0.053711 0.434571
vt 0.025391 0.429688
vt 0.021484 0.419434
vt 0.013184 0.418946
vt 0.025146 0.412842
vt 0.057373 0.426758
vt 0.041016 0.391602
vt 0.027344 0.399170
vt 0.023926 0.387939
vt 0.041260 0.382324
vt 0.269531 0.236816
vt 0.289062 0.228516
vt 0.246582 0.233399
vt 0.229492 0.241211
vt 0.237793 0.262207
vt 0.215821 0.236816
vt 0.202393 0.252198
vt 0.219482 0.270752
vt 0.191651 0.257568
vt 0.203613 0.241943
vt 0.195801 0.236328
vt 0.201172 0.228027
vt 0.377686 0.942139
vt 0.399170 0.954590
vt 0.399170 0.947754
vt 0.375244 0.927979
vt 0.404785 0.938721
vt 0.386963 0.923096
vt 0.370606 0.916504
vt 0.391846 0.897461
vt 0.349854 0.923584
vt 0.336426 0.916992
vt 0.334473 0.926758
vt 0.355469 0.958740
vt 0.877197 0.945557
vt 0.907715 0.970947
vt 0.895752 0.950439
vt 0.870117 0.937012
vt 0.868408 0.940430
vt 0.901367 0.937012
vt 0.865722 0.931396
vt 0.931641 0.934571
vt 0.352295 0.464599
vt 0.415527 0.459473
vt 0.347412 0.458008
vt 0.416992 0.467285
vt 0.428223 0.462158
vt 0.425781 0.455811
vt 0.427734 0.479248
vt 0.439698 0.476318
vt 0.441651 0.459961
vt 0.468994 0.481689
vt 0.454346 0.491699
vt 0.466309 0.465821
vt 0.480957 0.473633
vt 0.465821 0.448242
vt 0.456787 0.439453
vt 0.485108 0.457764
vt 0.498779 0.490479
vt 0.321777 0.873047
vt 0.332276 0.859131
vt 0.324463 0.856201
vt 0.317627 0.873779
vt 0.333008 0.875244
vt 0.346436 0.864746
vt 0.354492 0.858887
vt 0.343262 0.869629
vt 0.348389 0.879151
vt 0.355469 0.875733
vt 0.365723 0.878174
vt 0.374024 0.860352
vt 0.400635 0.859131
vt 0.148193 0.763916
vt 0.111573 0.709229
vt 0.120118 0.736816
vt 0.100098 0.709472
vt 0.565186 0.879151
vt 0.573731 0.885498
vt 0.573731 0.876221
vt 0.585449 0.885742
vt 0.571533 0.892090
vt 0.584961 0.893555
vt 0.575928 0.901367
vt 0.567871 0.941162
vt 0.991699 0.890381
vt 0.957276 0.892334
vt 0.965088 0.913574
vt 0.919434 0.905762
vt 0.925781 0.916016
vt 0.931396 0.886231
vt 0.191406 0.746826
vt 0.180176 0.743408
vt 0.170166 0.750733
vt 0.182861 0.751221
vt 0.179199 0.757324
vt 0.170410 0.743164
vt 0.167969 0.765381
vt 0.155518 0.768799
vt 0.161133 0.770752
vt 0.144043 0.816894
vt 0.151856 0.756592
vt 0.157959 0.743408
vt 0.142822 0.707276
vt 0.138184 0.714599
vt 0.135986 0.717774
vt 0.151856 0.745361
vt 0.129639 0.723633
vt 0.668457 0.903809
vt 0.667969 0.894531
vt 0.647217 0.895752
vt 0.593994 0.898926
vt 0.906006 0.986572
vt 0.877197 0.977051
vt 0.892578 0.984375
vt 0.859375 0.986816
vt 0.906006 0.984375
vt 0.861328 0.943359
vt 0.437500 0.862549
vt 0.436279 0.865234
vt 0.445801 0.869141
vt 0.411133 0.880371
vt 0.415039 0.868164
vt 0.442627 0.852783
vt 0.405274 0.850830
vt 0.452881 0.849609
vt 0.481689 0.883789
vt 0.927734 0.964111
vt 0.951416 0.964356
vt 0.946289 0.955811
vt 0.950928 0.987793
vt 0.962158 0.970459
vt 0.930176 0.969727
vt 0.927246 0.984375
vt 0.918213 0.968750
vt 0.917724 0.987305
vt 0.913086 0.965088
vt 0.925293 0.959229
vt 0.929932 0.943604
vt 0.913574 0.946289
vt 0.959229 0.241455
vt 0.964111 0.270019
vt 0.979004 0.268555
vt 0.967041 0.304199
vt 0.963135 0.303711
vt 0.968506 0.310547
vt 0.975342 0.307373
vt 0.985596 0.270996
vt 0.997803 0.255127
vt 0.989990 0.274414
vt 0.983154 0.309082
vt 0.989258 0.308838
vt 0.974609 0.310547
vt 0.972656 0.319580
vt 0.960205 0.331055
vt 0.976807 0.324707
vt 0.968017 0.331055
vt 0.964844 0.340576
vt 0.963867 0.334229
vt 0.000000 0.428223
vt 0.004639 0.432861
vt 0.004151 0.396973
vt 0.206543 0.927490
vt 0.195557 0.931396
vt 0.236084 0.931885
vt 0.263427 0.929443
vt 0.019043 0.854492
vt 0.023926 0.881836
vt 0.025635 0.833496
vt 0.017090 0.087402
vt 0.022461 0.111573
vt 0.027099 0.107910
vt 0.017578 0.110352
vt 0.016113 0.142578
vt 0.041504 0.109863
vt 0.869385 0.843994
vt 0.873779 0.854492
vt 0.880127 0.832276
vt 0.881836 0.839111
vt 0.864990 0.852783
vt 0.853516 0.838135
vt 0.852051 0.842774
vt 0.846680 0.848633
vt 0.836670 0.837158
vt 0.863281 0.864502
vt 0.877930 0.858154
vt 0.895752 0.844971
vt 0.901856 0.838623
vt 0.895508 0.850586
vt 0.896484 0.870361
vt 0.857666 0.859619
vt 0.855224 0.871094
vt 0.842529 0.853516
vt 0.836670 0.844727
vt 0.852051 0.863526
vt 0.848389 0.870361
vt 0.835205 0.861816
vt 0.823731 0.860840
vt 0.833740 0.865234
vt 0.699707 0.000977
vt 0.699707 0.033691
vt 0.706543 0.032471
vt 0.077149 0.761963
vt 0.061524 0.755127
vt 0.060303 0.759766
vt 0.050781 0.785889
vt 0.067627 0.791748
vt 0.038330 0.791504
vt 0.038086 0.795410
vt 0.070312 0.799561
vt 0.091552 0.816162
vt 0.047852 0.800537
vt 0.076904 0.805664
vt 0.032959 0.800293
vt 0.184571 0.406494
vt 0.156006 0.408448
vt 0.180908 0.467041
vt 0.190674 0.464111
vt 0.195068 0.407959
vt 0.206787 0.450439
vt 0.204590 0.406006
vt 0.199707 0.469238
vt 0.203857 0.475342
vt 0.157471 0.471191
vt 0.149658 0.468017
vt 0.145264 0.408448
vt 0.135986 0.468750
vt 0.136719 0.405029
vt 0.128662 0.451172
vt 0.133057 0.479248
vt 0.175049 0.472901
vt 0.159912 0.477051
vt 0.180664 0.479248
vt 0.189453 0.472901
vt 0.189453 0.479981
vt 0.199707 0.478760
vt 0.194824 0.491943
vt 0.195068 0.495849
vt 0.203369 0.490967
vt 0.208984 0.490723
vt 0.211426 0.481446
vt 0.216309 0.485840
vt 0.213623 0.493652
vt 0.976074 0.830566
vt 0.959717 0.847656
vt 0.995361 0.832031
vt 0.979248 0.852051
vt 0.988526 0.855224
vt 0.959472 0.870361
vt 0.956299 0.847901
vt 0.951172 0.847168
vt 0.978028 0.822510
vt 0.947510 0.859863
vt 0.989990 0.862793
vt 0.995117 0.860352
vt 0.997559 0.876465
vt 0.979981 0.880615
vt 0.951416 0.865722
vt 0.957276 0.872803
vt 0.947021 0.873535
vt 0.943359 0.867920
vt 0.935303 0.876221
vt 0.917481 0.880615
vt 0.919189 0.870606
vt 0.940918 0.862549
vt 0.923096 0.862061
vt 0.943847 0.855224
vt 0.941651 0.850830
vt 0.937500 0.852295
vt 0.465088 0.928955
vt 0.470215 0.918946
vt 0.458008 0.914795
vt 0.457519 0.925293
vt 0.480713 0.918701
vt 0.466064 0.900879
vt 0.444580 0.875244
vt 0.446289 0.892822
vt 0.432861 0.895264
vt 0.437744 0.917481
vt 0.453125 0.931885
vt 0.417724 0.913818
vt 0.424316 0.926269
vt 0.413818 0.919434
vt 0.421875 0.902588
vt 0.424316 0.895996
vt 0.427002 0.888428
vt 0.420410 0.885254
vt 0.411377 0.889892
vt 0.413818 0.896484
vt 0.414551 0.903809
vt 0.408203 0.903809
vt 0.411865 0.913330
vt 0.405274 0.906250
vt 0.408936 0.922363
vt 0.396484 0.920654
vt 0.401611 0.926269
vt 0.200439 0.648438
vt 0.198242 0.649170
vt 0.204346 0.673828
vt 0.197510 0.692383
vt 0.189209 0.651611
vt 0.182617 0.651123
vt 0.190674 0.709229
vt 0.203857 0.708740
vt 0.209961 0.714356
vt 0.196777 0.711426
vt 0.191406 0.718262
vt 0.200928 0.716797
vt 0.201660 0.722412
vt 0.197021 0.728516
vt 0.224365 0.721680
vt 0.202881 0.731201
vt 0.208984 0.730224
vt 0.223144 0.730713
vt 0.209229 0.738769
vt 0.222901 0.736816
vt 0.187500 0.343994
vt 0.174561 0.357177
vt 0.189941 0.357910
vt 0.192871 0.335693
vt 0.196289 0.353516
vt 0.169678 0.336670
vt 0.163818 0.335449
vt 0.175049 0.314453
vt 0.179199 0.313965
vt 0.177246 0.301269
vt 0.164795 0.318359
vt 0.172363 0.302734
vt 0.176026 0.299073
vt 0.161133 0.309326
vt 0.160401 0.316162
vt 0.156494 0.318848
vt 0.155274 0.308838
vt 0.156494 0.300049
vt 0.171631 0.295899
vt 0.159912 0.291016
vt 0.155274 0.289062
vt 0.151367 0.297119
vt 0.151611 0.307373
vt 0.128662 0.297119
vt 0.262207 0.015869
vt 0.312012 0.020264
vt 0.264649 0.008789
vt 0.244873 0.010010
vt 0.245849 0.006592
vt 0.258057 0.018066
vt 0.238769 0.006347
vt 0.242432 0.013428
vt 0.241943 0.017334
vt 0.234619 0.021484
vt 0.025391 0.089844
vt 0.040283 0.091797
vt 0.038818 0.079102
vt 0.045410 0.068604
vt 0.044922 0.091309
vt 0.040039 0.064453
vt 0.039551 0.052490
vt 0.027099 0.079102
vt 0.019043 0.073731
vt 0.024903 0.063477
vt 0.023193 0.050293
vt 0.027099 0.049561
vt 0.025146 0.039062
vt 0.042236 0.043946
vt 0.027588 0.041748
vt 0.036133 0.037842
vt 0.025879 0.037109
vt 0.043946 0.040771
vt 0.903321 0.023438
vt 0.927002 0.017334
vt 0.914551 0.017578
vt 0.926758 0.022461
vt 0.936767 0.008301
vt 0.913818 0.008545
vt 0.040528 0.230957
vt 0.021972 0.213135
vt 0.022461 0.250733
vt 0.028076 0.203369
vt 0.024170 0.194092
vt 0.041504 0.200684
vt 0.030517 0.198242
vt 0.035401 0.194092
vt 0.300537 0.598633
vt 0.284180 0.589111
vt 0.298828 0.653809
vt 0.279297 0.594971
vt 0.274170 0.586914
vt 0.293701 0.583984
vt 0.309814 0.593994
vt 0.280762 0.583496
vt 0.279541 0.571045
vt 0.292236 0.578369
vt 0.286621 0.570068
vt 0.277099 0.565430
vt 0.277099 0.574707
vt 0.282227 0.562744
vt 0.294922 0.569092
vt 0.280029 0.541992
vt 0.260498 0.514160
vt 0.301514 0.543946
vt 0.313965 0.546875
vt 0.315674 0.552490
vt 0.307617 0.563721
vt 0.321533 0.570068
vt 0.307129 0.567139
vt 0.319092 0.578613
vt 0.325927 0.572998
vt 0.302734 0.580811
vt 0.313965 0.582519
vt 0.314698 0.586914
vt 0.320801 0.590332
vt 0.322021 0.581055
vt 0.088379 0.542969
vt 0.067871 0.499756
vt 0.067383 0.518555
vt 0.062256 0.496094
vt 0.070557 0.490967
vt 0.052002 0.540039
vt 0.061279 0.488037
vt 0.044189 0.518555
vt 0.056885 0.492432
vt 0.662842 0.973633
vt 0.671142 0.969727
vt 0.666748 0.949463
vt 0.670654 0.978760
vt 0.683594 0.986816
vt 0.669678 0.985108
vt 0.643799 0.986816
vt 0.776856 0.986084
vt 0.783936 0.984131
vt 0.779053 0.949219
vt 0.055420 0.984131
vt 0.033203 0.975097
vt 0.019776 0.991699
vt 0.023926 0.977539
vt 0.043701 0.966553
vt 0.055420 0.963867
vt 0.053711 0.962158
vt 0.042236 0.964599
vt 0.017578 0.954102
vt 0.008057 0.956787
vt 0.025879 0.944580
vt 0.014892 0.607178
vt 0.019776 0.662842
vt 0.020752 0.606446
vt 0.892334 0.798828
vt 0.901611 0.793701
vt 0.899170 0.788086
vt 0.908203 0.787597
vt 0.910401 0.798584
vt 0.909180 0.782227
vt 0.892578 0.803467
vt 0.877441 0.790528
vt 0.908936 0.806396
vt 0.912597 0.804688
vt 0.874267 0.822510
vt 0.884521 0.820068
vt 0.891113 0.823731
vt 0.905517 0.815918
vt 0.892334 0.827392
vt 0.894776 0.831787
vt 0.905762 0.827149
vt 0.909668 0.827637
vt 0.912597 0.833496
vt 0.918457 0.836914
vt 0.931153 0.842041
vt 0.911865 0.814941
vt 0.914307 0.820557
vt 0.934082 0.830811
vt 0.953125 0.835693
vt 0.927490 0.822266
vt 0.130859 0.572021
vt 0.136231 0.551269
vt 0.122802 0.564453
vt 0.142822 0.559571
vt 0.128662 0.578858
vt 0.139649 0.585693
vt 0.138184 0.596436
vt 0.152099 0.578613
vt 0.164551 0.573731
vt 0.179199 0.581787
vt 0.171631 0.585449
vt 0.158203 0.586426
vt 0.169189 0.598877
vt 0.146484 0.595215
vt 0.135742 0.605469
vt 0.161133 0.604981
vt 0.142578 0.606934
vt 0.124024 0.632812
vt 0.171143 0.617920
vt 0.197510 0.968262
vt 0.184814 0.974121
vt 0.194580 0.977051
vt 0.185303 0.981446
vt 0.194092 0.987305
vt 0.171143 0.983887
vt 0.188721 0.989990
vt 0.207031 0.999024
vt 0.187988 0.996582
vt 0.171875 0.995117
vt 0.165771 0.986084
vt 0.570801 0.871826
vt 0.560059 0.852051
vt 0.559814 0.871826
vt 0.543457 0.845947
vt 0.553467 0.840332
vt 0.541504 0.863037
vt 0.533203 0.853271
vt 0.550049 0.873779
vt 0.557861 0.874267
vt 0.555908 0.878662
vt 0.543701 0.872314
vt 0.553711 0.877686
vt 0.536377 0.863037
vt 0.511231 0.863526
vt 0.513672 0.854248
vt 0.533936 0.876221
vt 0.539795 0.882812
vt 0.528809 0.882080
vt 0.520264 0.880127
vt 0.512939 0.878662
vt 0.532715 0.866455
vt 0.510010 0.873535
vt 0.502930 0.865967
vt 0.502441 0.878174
vt 0.491943 0.877441
vt 0.865234 0.000488
vt 0.860108 0.000488
vt 0.862305 0.005615
vt 0.850830 0.019776
vt 0.845947 0.004394
vt 0.859619 0.022461
vt 0.869141 0.014892
vt 0.865234 0.004639
vt 0.865234 0.021484
vt 0.863526 0.024903
vt 0.844727 0.017090
vt 0.835449 0.023438
vt 0.847412 0.025391
vt 0.841797 0.013428
vt 0.837891 0.019043
vt 0.843017 0.001953
vt 0.944824 0.944824
vt 0.950928 0.936279
vt 0.936524 0.939941
vt 0.973389 0.937256
vt 0.965821 0.929443
vt 0.969727 0.922608
vt 0.992676 0.945312
vt 0.975830 0.927246
vt 0.977051 0.920166
vt 0.973144 0.915283
vt 0.982178 0.925537
vt 0.987549 0.904541
vt 0.990234 0.940674
vt 0.995849 0.936279
vt 0.970459 0.948974
vt 0.997803 0.950928
vt 0.951660 0.949951
vt 0.999756 0.960693
vt 0.852783 0.970215
vt 0.840332 0.986816
vt 0.854004 0.986572
vt 0.830811 0.998047
vt 0.820557 0.980224
vt 0.839356 0.978760
vt 0.306152 0.886231
vt 0.281494 0.879394
vt 0.286377 0.893799
vt 0.272461 0.909912
vt 0.296387 0.898193
vt 0.289062 0.897705
vt 0.293701 0.921142
vt 0.290039 0.907227
vt 0.304688 0.917236
vt 0.306152 0.944824
vt 0.271484 0.914307
vt 0.291504 0.923340
vt 0.019776 0.147461
vt 0.023438 0.166016
vt 0.027832 0.150635
vt 0.024170 0.145996
vt 0.035156 0.150391
vt 0.034424 0.140625
vt 0.036133 0.134277
vt 0.040771 0.143311
vt 0.027099 0.168213
vt 0.023193 0.170166
vt 0.031982 0.164062
vt 0.035401 0.163330
vt 0.040528 0.172607
vt 0.036377 0.177490
vt 0.040771 0.184082
vt 0.022705 0.181396
vt 0.028809 0.189697
vt 0.880615 0.013428
vt 0.883057 0.023682
vt 0.888428 0.010743
vt 0.886474 0.004639
vt 0.895019 0.022705
vt 0.901123 0.012939
vt 0.896972 0.000977
vt 0.906738 0.002930
vt 0.908203 0.007080
vt 0.908936 0.011231
vt 0.237305 0.994385
vt 0.246826 0.995361
vt 0.243164 0.991211
vt 0.247071 0.976074
vt 0.241211 0.977539
vt 0.234863 0.972412
vt 0.229736 0.975586
vt 0.229492 1.000000
vt 0.410401 0.953858
vt 0.407471 0.949219
vt 0.404785 0.959229
vt 0.407715 0.961426
vt 0.401123 0.965088
vt 0.405762 0.968506
vt 0.414307 0.965821
vt 0.417236 0.955078
vt 0.409668 0.971436
vt 0.417724 0.962403
vt 0.427246 0.967529
vt 0.427002 0.972901
vt 0.424805 0.979492
vt 0.418457 0.992188
vt 0.426758 0.984619
vt 0.437012 0.986816
vt 0.433594 0.977783
vt 0.440918 0.973144
vt 0.056153 0.593017
vt 0.046875 0.606934
vt 0.053711 0.606446
vt 0.061035 0.598389
vt 0.042969 0.598633
vt 0.057373 0.572266
vt 0.071533 0.569336
vt 0.032715 0.572266
vt 0.052002 0.558349
vt 0.024414 0.583984
vt 0.036133 0.601074
vt 0.019043 0.574707
vt 0.022461 0.589599
vt 0.019531 0.602051
vt 0.027588 0.565186
vt 0.021972 0.568604
vt 0.037597 0.548828
vt 0.044434 0.548340
vt 0.031250 0.539062
vt 0.023438 0.559571
vt 0.013916 0.562012
vt 0.391358 0.009277
vt 0.409424 0.000000
vt 0.387451 0.000732
vt 0.410401 0.011963
vt 0.412598 0.008545
vt 0.396484 0.015625
vt 0.410644 0.020752
vt 0.953369 0.688233
vt 0.959961 0.701904
vt 0.960938 0.679443
vt 0.967774 0.705566
vt 0.952392 0.685059
vt 0.945557 0.679932
vt 0.946045 0.703858
vt 0.956543 0.723877
vt 0.945312 0.734863
vt 0.964111 0.732910
vt 0.972901 0.731934
vt 0.955322 0.762939
vt 0.948486 0.774170
vt 0.959961 0.769531
vt 0.952149 0.792724
vt 0.920166 0.273682
vt 0.920654 0.243408
vt 0.911865 0.259277
vt 0.913574 0.293213
vt 0.927734 0.260498
vt 0.927002 0.253906
vt 0.928711 0.248047
vt 0.934326 0.243164
vt 0.934571 0.270996
vt 0.948242 0.245361
vt 0.952637 0.269531
vt 0.927246 0.269287
vt 0.951660 0.302490
vt 0.922852 0.279541
vt 0.927490 0.281006
vt 0.933106 0.294677
vt 0.925537 0.295899
vt 0.919189 0.297608
vt 0.932617 0.311767
vt 0.940186 0.344238
vt 0.957031 0.344727
vt 0.925537 0.336670
vt 0.916260 0.316406
vt 0.909180 0.335449
vt 0.917969 0.349609
vt 0.919922 0.313721
vt 0.919189 0.334473
vt 0.992676 0.015625
vt 0.986816 0.007080
vt 0.985352 0.018311
vt 0.978760 0.019531
vt 0.988769 0.003662
vt 0.978516 0.002197
vt 0.124268 0.042236
vt 0.116699 0.039551
vt 0.112793 0.043457
vt 0.122071 0.034424
vt 0.114990 0.023926
vt 0.127441 0.011231
vt 0.108887 0.025391
vt 0.113526 0.015869
vt 0.095215 0.024414
vt 0.115479 0.051514
vt 0.122314 0.047852
vt 0.108887 0.052002
vt 0.105957 0.046387
vt 0.104248 0.050049
vt 0.087891 0.025635
vt 0.103516 0.057861
vt 0.099854 0.053467
vt 0.089599 0.080566
vt 0.718017 0.621094
vt 0.725097 0.598389
vt 0.715821 0.594483
vt 0.713867 0.625000
vt 0.724365 0.606446
vt 0.729981 0.655274
vt 0.730469 0.622803
vt 0.734131 0.607422
vt 0.742920 0.601074
vt 0.733399 0.645508
vt 0.741699 0.636474
vt 0.736572 0.647705
vt 0.733399 0.672852
vt 0.746338 0.618408
vt 0.752930 0.608642
vt 0.749756 0.647461
vt 0.742188 0.662597
vt 0.740967 0.685303
vt 0.755859 0.597412
vt 0.748779 0.590088
vt 0.757568 0.603516
vt 0.756836 0.585693
vt 0.766846 0.592529
vt 0.762939 0.591064
vt 0.789062 0.566406
vt 0.736572 0.678711
vt 0.737549 0.703125
vt 0.735108 0.707276
vt 0.729492 0.689209
vt 0.733154 0.729736
vt 0.724365 0.695801
vt 0.719971 0.659424
vt 0.285401 0.991211
vt 0.297119 0.992920
vt 0.291748 0.989990
vt 0.289062 0.984375
vt 0.267334 0.977539
vt 0.269287 0.971436
vt 0.265869 0.974365
vt 0.277588 0.992920
vt 0.254394 0.982666
vt 0.269531 1.000000
vt 0.259766 0.997314
vt 0.290527 0.871094
vt 0.306641 0.874756
vt 0.313965 0.866943
vt 0.264892 0.875244
vt 0.289795 0.862793
vt 0.254883 0.871094
vt 0.237305 0.874512
vt 0.228516 0.863769
vt 0.248779 0.859619
vt 0.310059 0.854248
vt 0.292481 0.855469
vt 0.272217 0.849121
vt 0.269531 0.853028
vt 0.242676 0.857178
vt 0.601562 0.950439
vt 0.620361 0.954834
vt 0.626465 0.950684
vt 0.611572 0.964356
vt 0.593750 0.943359
vt 0.590088 0.955566
vt 0.591309 0.970947
vt 0.579834 0.957031
vt 0.583984 0.946778
vt 0.579102 0.949707
vt 0.589356 0.939697
vt 0.581787 0.918457
vt 0.522461 0.224121
vt 0.529053 0.260986
vt 0.536133 0.263916
vt 0.540771 0.246094
vt 0.524170 0.186524
vt 0.552734 0.250488
vt 0.531738 0.179443
vt 0.512696 0.179932
vt 0.514892 0.201904
vt 0.510986 0.191162
vt 0.498535 0.194580
vt 0.515625 0.234131
vt 0.483399 0.199951
vt 0.514404 0.238526
vt 0.507324 0.268066
vt 0.489502 0.251465
vt 0.505615 0.271973
vt 0.482910 0.250977
vt 0.477295 0.243164
vt 0.469971 0.190674
vt 0.470215 0.251709
vt 0.466309 0.278809
vt 0.453613 0.191162
vt 0.454834 0.214844
vt 0.442383 0.199707
vt 0.461670 0.257812
vt 0.458008 0.270508
vt 0.454590 0.272461
vt 0.444092 0.263916
vt 0.447021 0.259766
vt 0.451416 0.254151
vt 0.442871 0.211426
vt 0.430420 0.212402
vt 0.438721 0.261719
vt 0.431641 0.202149
vt 0.432373 0.185791
vt 0.423096 0.216309
vt 0.433349 0.263672
vt 0.415527 0.216309
vt 0.394287 0.178955
vt 0.420410 0.245117
vt 0.401856 0.213135
vt 0.144287 0.244629
vt 0.117920 0.210205
vt 0.141357 0.248535
vt 0.181641 0.244629
vt 0.164062 0.257324
vt 0.190186 0.251465
vt 0.118652 0.288818
vt 0.110107 0.362549
vt 0.136719 0.378906
vt 0.137451 0.369141
vt 0.092529 0.363769
vt 0.074707 0.351562
vt 0.107910 0.352295
vt 0.131836 0.365967
vt 0.123291 0.355469
vt 0.108643 0.344238
vt 0.136963 0.356934
vt 0.127441 0.348633
vt 0.128906 0.336914
vt 0.537842 0.013428
vt 0.506347 0.015137
vt 0.547363 0.017823
vt 0.575928 0.015869
vt 0.574951 0.009033
vt 0.601318 0.017578
vt 0.140625 0.334229
vt 0.142090 0.363037
vt 0.148926 0.372802
vt 0.158203 0.359863
vt 0.147949 0.396484
vt 0.164307 0.394776
vt 0.182373 0.381348
vt 0.182373 0.364746
vt 0.193604 0.375488
vt 0.181885 0.388916
vt 0.189209 0.400879
vt 0.190918 0.381836
vt 0.199951 0.381104
vt 0.187256 0.386963
vt 0.193359 0.389892
vt 0.201904 0.393066
vt 0.203369 0.382324
vt 0.096191 0.098389
vt 0.104493 0.129639
vt 0.105469 0.098389
vt 0.100098 0.133057
vt 0.106201 0.163818
vt 0.093994 0.134277
vt 0.096680 0.168457
vt 0.000977 0.383057
vt 0.000244 0.389404
vt 0.003418 0.386474
vt 0.003418 0.392823
vt 0.510742 0.123047
vt 0.483154 0.127686
vt 0.501953 0.135254
vt 0.512696 0.132568
vt 0.508301 0.136474
vt 0.511231 0.141846
vt 0.493896 0.140381
vt 0.504151 0.148438
vt 0.527588 0.131836
vt 0.534180 0.145752
vt 0.509033 0.155518
vt 0.522217 0.112061
vt 0.515381 0.161377
vt 0.518555 0.159668
vt 0.526367 0.157471
vt 0.535889 0.113526
vt 0.529541 0.109131
vt 0.538086 0.097901
vt 0.534668 0.109619
vt 0.546631 0.100830
vt 0.564697 0.108643
vt 0.569580 0.118164
vt 0.567627 0.099365
vt 0.576660 0.117920
vt 0.571289 0.123535
vt 0.576904 0.125977
vt 0.577881 0.151611
vt 0.589111 0.126221
vt 0.587891 0.112793
vt 0.597901 0.119385
vt 0.611328 0.135986
vt 0.615722 0.119873
vt 0.582031 0.139160
vt 0.606201 0.150391
vt 0.596191 0.146729
vt 0.609375 0.156250
vt 0.597901 0.157959
vt 0.611816 0.163330
vt 0.618408 0.155518
vt 0.601562 0.163818
vt 0.608887 0.170654
vt 0.605224 0.169189
vt 0.600342 0.166016
vt 0.597656 0.165039
vt 0.580566 0.181152
vt 0.564453 0.206787
vt 0.553955 0.165283
vt 0.552490 0.195068
vt 0.561524 0.196289
vt 0.554443 0.210693
vt 0.551514 0.207764
vt 0.549561 0.209229
vt 0.550537 0.221924
vt 0.594727 0.201416
vt 0.611816 0.176269
vt 0.601074 0.201904
vt 0.600586 0.206787
vt 0.589111 0.210205
vt 0.587403 0.218994
vt 0.595947 0.217529
vt 0.593017 0.218506
vt 0.016113 0.816894
vt 0.019776 0.830811
vt 0.021484 0.794922
vt 0.016846 0.781494
vt 0.302002 0.958252
vt 0.292481 0.932373
vt 0.299561 0.978028
vt 0.290527 0.976074
vt 0.030762 0.502930
vt 0.044434 0.498291
vt 0.029541 0.498291
vt 0.038086 0.510498
vt 0.028076 0.507324
vt 0.038818 0.513672
vt 0.028076 0.488281
vt 0.013428 0.477539
vt 0.013428 0.481934
vt 0.006347 0.488526
vt 0.013916 0.507568
vt 0.028809 0.511719
vt 0.022461 0.513184
vt 0.000000 0.518799
vt 0.016358 0.523682
vt 0.023193 0.518555
vt 0.027588 0.520752
vt 0.035644 0.523682
vt 0.216309 0.186768
vt 0.197510 0.192383
vt 0.198242 0.198974
vt 0.189941 0.198486
vt 0.203857 0.220459
vt 0.195801 0.222412
vt 0.183594 0.200196
vt 0.189209 0.234619
vt 0.197754 0.187744
vt 0.189453 0.191406
vt 0.183838 0.224121
vt 0.182373 0.197510
vt 0.187012 0.189697
vt 0.174072 0.200928
vt 0.173584 0.227539
vt 0.172607 0.196045
vt 0.174561 0.185303
vt 0.164551 0.214111
vt 0.150635 0.216064
vt 0.145264 0.234619
vt 0.143555 0.214599
vt 0.142822 0.200439
vt 0.156006 0.196777
vt 0.143555 0.196533
vt 0.136719 0.196289
vt 0.166748 0.192383
vt 0.149414 0.190430
vt 0.131836 0.183349
vt 0.162354 0.189209
vt 0.790039 0.921631
vt 0.782715 0.923584
vt 0.787109 0.967774
vt 0.413330 0.131348
vt 0.414062 0.155762
vt 0.469238 0.158447
vt 0.472412 0.173340
vt 0.414551 0.172363
vt 0.405762 0.172852
vt 0.390869 0.174561
vt 0.404052 0.125732
vt 0.419189 0.100342
vt 0.361084 0.152588
vt 0.350098 0.157959
vt 0.337646 0.135010
vt 0.354004 0.115967
vt 0.361573 0.109131
vt 0.380859 0.108399
vt 0.401611 0.115967
vt 0.970459 0.456299
vt 0.982910 0.480713
vt 0.976807 0.446045
vt 0.986816 0.455811
vt 0.972656 0.414307
vt 0.978760 0.417236
vt 0.975586 0.369141
vt 0.150635 0.656250
vt 0.139893 0.622559
vt 0.144287 0.666260
vt 0.130859 0.647461
vt 0.129883 0.680176
vt 0.128906 0.711670
vt 0.150635 0.687500
vt 0.160644 0.694580
vt 0.158691 0.652099
vt 0.174316 0.677246
vt 0.174561 0.706543
vt 0.181152 0.692627
vt 0.179199 0.665283
vt 0.130127 0.075196
vt 0.116943 0.056153
vt 0.121826 0.089599
vt 0.111573 0.066162
vt 0.110596 0.102295
vt 0.120606 0.133545
vt 0.134766 0.105469
vt 0.135742 0.072266
vt 0.142578 0.106201
vt 0.151611 0.100098
vt 0.216553 0.584472
vt 0.204834 0.605957
vt 0.204102 0.624024
vt 0.207276 0.578858
vt 0.200439 0.607910
vt 0.203857 0.564209
vt 0.195068 0.600342
vt 0.194092 0.557129
vt 0.212402 0.549316
vt 0.199951 0.530029
vt 0.189697 0.503174
vt 0.200439 0.504394
vt 0.228027 0.537109
vt 0.226807 0.581787
vt 0.241455 0.525635
vt 0.243652 0.560791
vt 0.227539 0.594971
vt 0.254151 0.533203
vt 0.252686 0.564697
vt 0.128174 0.176026
vt 0.158203 0.178467
vt 0.138916 0.171143
vt 0.086914 0.174316
vt 0.095948 0.178711
vt 0.061279 0.094482
vt 0.060791 0.068115
vt 0.056153 0.099609
vt 0.059082 0.133545
vt 0.123535 0.971680
vt 0.122802 0.984619
vt 0.128418 0.979981
vt 0.132812 0.968750
vt 0.128662 0.988281
vt 0.150146 0.980713
vt 0.126221 0.999756
vt 0.118896 0.995361
vt 0.145996 0.996582
vt 0.153809 0.989746
vt 0.157959 0.998291
vt 0.158203 0.978760
vt 0.098144 0.262207
vt 0.084717 0.268555
vt 0.086182 0.273926
vt 0.092774 0.276856
vt 0.098877 0.298584
vt 0.105713 0.252930
vt 0.089111 0.235840
vt 0.104004 0.266358
vt 0.100586 0.278076
vt 0.115967 0.261963
vt 0.120118 0.271240
vt 0.122314 0.255859
vt 0.125000 0.241699
vt 0.129394 0.243896
vt 0.123047 0.231689
vt 0.105469 0.234131
vt 0.100830 0.227539
vt 0.085693 0.227295
vt 0.881592 0.261231
vt 0.891113 0.246338
vt 0.876465 0.252686
vt 0.907471 0.267090
vt 0.873047 0.278809
vt 0.888184 0.302979
vt 0.875488 0.316651
vt 0.886719 0.320312
vt 0.865722 0.308838
vt 0.878174 0.326172
vt 0.895996 0.339599
vt 0.895752 0.326904
vt 0.900146 0.332519
vt 0.900391 0.343017
vt 0.904785 0.341797
vt 0.908936 0.348144
vt 0.892822 0.365967
vt 0.902588 0.373047
vt 0.869141 0.345948
vt 0.891846 0.390381
vt 0.909912 0.380615
vt 0.881836 0.389160
vt 0.899658 0.396240
vt 0.904297 0.407227
vt 0.894531 0.402832
vt 0.890625 0.409424
vt 0.897705 0.422608
vt 0.880859 0.401123
vt 0.885498 0.411133
vt 0.872559 0.397705
vt 0.865967 0.398193
vt 0.877686 0.418457
vt 0.856446 0.405029
vt 0.860596 0.409912
vt 0.849121 0.400879
vt 0.865479 0.392823
vt 0.845215 0.394776
vt 0.852539 0.373535
vt 0.826660 0.380859
vt 0.855224 0.368652
vt 0.845703 0.348877
vt 0.827392 0.358154
vt 0.785644 0.389160
vt 0.786133 0.373047
vt 0.792236 0.349854
vt 0.816894 0.329346
vt 0.829590 0.336670
vt 0.811279 0.318604
vt 0.843994 0.333740
vt 0.838867 0.318848
vt 0.842529 0.311035
vt 0.865234 0.301758
vt 0.851807 0.336182
vt 0.856934 0.326416
vt 0.867432 0.316406
vt 0.868164 0.336670
vt 0.211914 0.886474
vt 0.212402 0.869385
vt 0.172852 0.903076
vt 0.232666 0.881104
vt 0.200928 0.906250
vt 0.188232 0.914062
vt 0.224121 0.888428
vt 0.203613 0.918457
vt 0.247071 0.887696
vt 0.238526 0.893555
vt 0.243896 0.907227
vt 0.222168 0.894043
vt 0.221924 0.911865
vt 0.222412 0.921875
vt 0.239014 0.923828
vt 0.013916 0.700439
vt 0.023926 0.721924
vt 0.019287 0.667236
vt 0.024658 0.676269
vt 0.264160 0.699707
vt 0.276123 0.695312
vt 0.261963 0.689209
vt 0.267823 0.702637
vt 0.260498 0.731446
vt 0.267823 0.725097
vt 0.271729 0.734131
vt 0.272461 0.709472
vt 0.280029 0.709472
vt 0.292481 0.700928
vt 0.280517 0.690918
vt 0.286377 0.736328
vt 0.288086 0.711182
vt 0.294434 0.711670
vt 0.291504 0.718750
vt 0.304199 0.709961
vt 0.303955 0.703369
vt 0.300537 0.719727
vt 0.313721 0.706055
vt 0.285156 0.762696
vt 0.280762 0.768555
vt 0.283936 0.769287
vt 0.275146 0.781983
vt 0.277344 0.784180
vt 0.283936 0.773438
vt 0.291992 0.769287
vt 0.291260 0.759278
vt 0.296142 0.768311
vt 0.290039 0.784668
vt 0.301269 0.758057
vt 0.307861 0.740967
vt 0.304932 0.764649
vt 0.300049 0.769531
vt 0.294434 0.782715
vt 0.312988 0.736328
vt 0.311524 0.757080
vt 0.316651 0.726562
vt 0.319336 0.704834
vt 0.327149 0.727783
vt 0.323974 0.703369
vt 0.323242 0.734375
vt 0.318359 0.755615
vt 0.315430 0.758545
vt 0.328369 0.757568
vt 0.335205 0.732666
vt 0.333252 0.701416
vt 0.310547 0.767334
vt 0.301026 0.781738
vt 0.321777 0.765869
vt 0.316651 0.772217
vt 0.313233 0.781494
vt 0.328125 0.771484
vt 0.326172 0.777344
vt 0.334961 0.770264
vt 0.333008 0.761963
vt 0.347901 0.770019
vt 0.340576 0.781983
vt 0.336670 0.751709
vt 0.339356 0.756347
vt 0.339599 0.729004
vt 0.343994 0.702392
vt 0.355957 0.755371
vt 0.364014 0.704346
vt 0.363281 0.691406
vt 0.368652 0.699951
vt 0.378906 0.704590
vt 0.377930 0.719483
vt 0.368652 0.740722
vt 0.384521 0.750000
vt 0.367432 0.748535
vt 0.377686 0.750977
vt 0.385010 0.752441
vt 0.371826 0.749024
vt 0.358399 0.764649
vt 0.365967 0.765869
vt 0.379639 0.773682
vt 0.401856 0.782227
vt 0.374267 0.774170
vt 0.374512 0.780274
vt 0.358887 0.767578
vt 0.359375 0.790039
vt 0.690674 0.948486
vt 0.700684 0.950928
vt 0.703858 0.947266
vt 0.693847 0.951904
vt 0.696289 0.956299
vt 0.704590 0.955322
vt 0.714844 0.945068
vt 0.720703 0.955322
vt 0.716553 0.961914
vt 0.735108 0.955078
vt 0.734131 0.944336
vt 0.721191 0.937744
vt 0.750000 0.950684
vt 0.750244 0.960693
vt 0.735596 0.933349
vt 0.730469 0.917481
vt 0.750000 0.926514
vt 0.743896 0.946289
vt 0.755371 0.941894
vt 0.773193 0.957031
vt 0.614990 0.928467
vt 0.656250 0.908203
vt 0.611084 0.907715
vt 0.591309 0.907227
vt 0.591309 0.922852
vt 0.607422 0.930908
vt 0.597412 0.933594
vt 0.610108 0.939209
vt 0.046387 0.330566
vt 0.045166 0.286133
vt 0.038086 0.313233
vt 0.042724 0.346924
vt 0.867188 0.110596
vt 0.865234 0.101807
vt 0.827637 0.109863
vt 0.817871 0.103516
vt 0.781250 0.109375
vt 0.848633 0.094727
vt 0.789062 0.104248
vt 0.755615 0.104493
vt 0.817139 0.097412
vt 0.859619 0.083496
vt 0.796142 0.094238
vt 0.760254 0.093750
vt 0.826904 0.082276
vt 0.851318 0.073243
vt 0.858642 0.126465
vt 0.881104 0.113037
vt 0.839844 0.121338
vt 0.850830 0.149902
vt 0.862549 0.170166
vt 0.834961 0.165527
vt 0.822510 0.123047
vt 0.824707 0.116943
vt 0.779053 0.119873
vt 0.805420 0.135742
vt 0.798584 0.170410
vt 0.797363 0.139893
vt 0.759521 0.165527
vt 0.744385 0.114014
vt 0.757080 0.110352
vt 0.058106 0.370117
vt 0.045899 0.378174
vt 0.059326 0.393311
vt 0.063477 0.422608
vt 0.041993 0.361328
vt 0.042481 0.351318
vt 0.072998 0.416016
vt 0.064698 0.390381
vt 0.069580 0.375977
vt 0.083008 0.401856
vt 0.081543 0.387939
vt 0.086426 0.382812
vt 0.093262 0.370117
vt 0.009033 0.006836
vt 0.009033 0.025879
vt 0.019043 0.011963
vt 0.035156 0.023926
vt 0.025635 0.008057
vt 0.033691 0.016113
vt 0.044922 0.006347
vt 0.048584 0.017578
vt 0.042236 0.033447
vt 0.034180 0.734619
vt 0.057373 0.734619
vt 0.093994 0.717529
vt 0.043213 0.724121
vt 0.095215 0.707519
vt 0.039062 0.704590
vt 0.152588 0.950439
vt 0.193848 0.944580
vt 0.186279 0.936279
vt 0.159668 0.936279
vt 0.159668 0.962403
vt 0.174561 0.961182
vt 0.213379 0.941651
vt 0.172607 0.973144
vt 0.675293 0.939453
vt 0.621094 0.932373
vt 0.622803 0.944092
vt 0.661621 0.934082
vt 0.683349 0.944824
vt 0.937744 0.217774
vt 0.901123 0.236816
vt 0.927002 0.233154
vt 0.958008 0.229248
vt 1.000000 0.236084
vt 0.939941 0.210449
vt 0.924805 0.209961
vt 0.055908 0.197998
vt 0.065674 0.180908
vt 0.065674 0.133057
vt 0.053711 0.167481
vt 0.634521 0.016846
vt 0.630859 0.013672
vt 0.601318 0.010743
vt 0.656738 0.018555
vt 0.694824 0.009033
vt 0.642578 0.023438
vt 0.678955 0.022217
vt 0.679688 0.027832
vt 0.699951 0.050781
vt 0.999756 0.994873
vt 0.999756 0.967529
vt 0.989258 0.976807
vt 0.092774 0.971191
vt 0.104248 0.968506
vt 0.103271 0.938233
vt 0.116699 0.922363
vt 0.120849 0.938233
vt 0.113037 0.974854
vt 0.125244 0.956055
vt 0.131836 0.935791
vt 0.150391 0.968750
vt 0.144776 0.937500
vt 0.054199 0.303711
vt 0.066162 0.329590
vt 0.063232 0.265381
vt 0.699707 0.039062
vt 0.721436 0.055176
vt 0.715332 0.037842
vt 0.712158 0.058106
vt 0.700439 0.056153
vt 0.722901 0.063965
vt 0.733887 0.066162
vt 0.737549 0.084961
vt 0.741211 0.085693
vt 0.735352 0.061035
vt 0.746582 0.075196
vt 0.738526 0.116699
vt 0.764160 0.065674
vt 0.773682 0.089111
vt 0.728516 0.049316
vt 0.746826 0.042236
vt 0.723389 0.040771
vt 0.729492 0.034424
vt 0.715088 0.013184
vt 0.747071 0.020264
vt 0.755127 0.015381
vt 0.752930 0.008057
vt 0.776123 0.015381
vt 0.804199 0.033203
vt 0.792481 0.063721
vt 0.794189 0.011963
vt 0.498047 0.816651
vt 0.489990 0.840576
vt 0.543457 0.837158
vt 0.432373 0.822998
vt 0.498291 0.804932
vt 0.447021 0.800293
vt 0.488281 0.794189
vt 0.461426 0.790283
vt 0.492188 0.791748
vt 0.441162 0.772705
vt 0.099121 0.914795
vt 0.105713 0.898682
vt 0.098144 0.887451
vt 0.089844 0.906983
vt 0.086914 0.882324
vt 0.095703 0.854248
vt 0.102295 0.841553
vt 0.116699 0.887451
vt 0.100098 0.916260
vt 0.141846 0.891358
vt 0.097901 0.922608
vt 0.161377 0.883545
vt 0.118408 0.827881
vt 0.113526 0.859863
vt 0.139160 0.822998
vt 0.145019 0.839356
vt 0.138428 0.819336
vt 0.099854 0.819336
vt 0.138916 0.806396
vt 0.107177 0.805664
vt 0.135742 0.799316
vt 0.102295 0.795899
vt 0.145264 0.785156
vt 0.454590 0.017578
vt 0.509521 0.009033
vt 0.459717 0.010254
vt 0.418457 0.008057
vt 0.204346 0.819092
vt 0.196045 0.850830
vt 0.202149 0.858642
vt 0.196533 0.834472
vt 0.172852 0.877686
vt 0.238281 0.853760
vt 0.173340 0.868653
vt 0.161621 0.873779
vt 0.168701 0.865234
vt 0.161621 0.858399
vt 0.172363 0.840332
vt 0.202149 0.812988
vt 0.181641 0.811767
vt 0.145996 0.852295
vt 0.170899 0.801026
vt 0.135498 0.856689
vt 0.155274 0.879151
vt 0.128662 0.859131
vt 0.138184 0.499024
vt 0.135498 0.507324
vt 0.145264 0.508057
vt 0.113281 0.462158
vt 0.105224 0.470703
vt 0.133545 0.516113
vt 0.126709 0.529541
vt 0.093506 0.479492
vt 0.111816 0.528564
vt 0.083496 0.479004
vt 0.094971 0.462402
vt 0.100830 0.549805
vt 0.083008 0.516358
vt 0.154297 0.328613
vt 0.130615 0.322266
vt 0.083008 0.325196
vt 0.191406 0.931641
vt 0.167969 0.927490
vt 0.124756 0.930664
vt 0.681885 0.661865
vt 0.690674 0.662842
vt 0.684571 0.596191
vt 0.699219 0.594483
vt 0.669922 0.651123
vt 0.693115 0.588623
vt 0.735352 0.572510
vt 0.662354 0.600097
vt 0.718994 0.545654
vt 0.679443 0.542236
vt 0.663574 0.538330
vt 0.661621 0.580811
vt 0.711426 0.511719
vt 0.702149 0.524658
vt 0.645752 0.542236
vt 0.703613 0.534912
vt 0.645752 0.561524
vt 0.718506 0.523193
vt 0.637451 0.569092
vt 0.721436 0.508301
vt 0.614258 0.570801
vt 0.714844 0.534180
vt 0.647461 0.576172
vt 0.554199 0.562012
vt 0.642090 0.592041
vt 0.627441 0.583984
vt 0.631104 0.603760
vt 0.620849 0.614502
vt 0.608642 0.596436
vt 0.653076 0.616455
vt 0.657227 0.657715
vt 0.638672 0.639160
vt 0.621338 0.644287
vt 0.616943 0.621826
vt 0.565918 0.616699
vt 0.557617 0.610352
vt 0.564209 0.599121
vt 0.556641 0.587891
vt 0.606201 0.577637
vt 0.567627 0.573486
vt 0.558349 0.571289
vt 0.520019 0.954346
vt 0.570312 0.987061
vt 0.571533 0.954346
vt 0.531738 0.984619
vt 0.554932 0.945312
vt 0.351562 0.535156
vt 0.356201 0.549805
vt 0.360840 0.553222
vt 0.366455 0.547852
vt 0.344483 0.543457
vt 0.355469 0.553467
vt 0.340821 0.542236
vt 0.349854 0.554199
vt 0.351074 0.557617
vt 0.351807 0.564941
vt 0.335449 0.552734
vt 0.347412 0.567627
vt 0.360840 0.575196
vt 0.359375 0.568847
vt 0.376221 0.552490
vt 0.387207 0.555176
vt 0.372802 0.545166
vt 0.378906 0.574463
vt 0.366211 0.543946
vt 0.356689 0.532471
vt 0.383545 0.547608
vt 0.359863 0.588867
vt 0.379394 0.541016
vt 0.374024 0.533203
vt 0.363526 0.533203
vt 0.381104 0.537597
vt 0.374267 0.523926
vt 0.385010 0.539307
vt 0.377198 0.518311
vt 0.385742 0.532715
vt 0.396973 0.537597
vt 0.406983 0.519776
vt 0.390869 0.546387
vt 0.399902 0.542481
vt 0.412354 0.523926
vt 0.409180 0.549561
vt 0.422363 0.537354
vt 0.420410 0.541992
vt 0.423584 0.544678
vt 0.424316 0.538574
vt 0.399414 0.561035
vt 0.415039 0.557861
vt 0.429199 0.542481
vt 0.400879 0.569580
vt 0.420166 0.561767
vt 0.432861 0.552246
vt 0.453858 0.567139
vt 0.466064 0.601562
vt 0.467774 0.625244
vt 0.410401 0.570557
vt 0.439941 0.628662
vt 0.396729 0.579834
vt 0.434082 0.641602
vt 0.388427 0.583740
vt 0.422852 0.651856
vt 0.370849 0.589844
vt 0.377441 0.590821
vt 0.409668 0.658447
vt 0.373535 0.594727
vt 0.350830 0.600342
vt 0.345703 0.594971
vt 0.365234 0.599365
vt 0.400635 0.673828
vt 0.353516 0.603516
vt 0.392578 0.699707
vt 0.378906 0.695801
vt 0.344727 0.611328
vt 0.342529 0.642822
vt 0.064209 0.216309
vt 0.054199 0.202149
vt 0.056885 0.266846
vt 0.092285 0.389160
vt 0.082764 0.427002
vt 0.089111 0.424073
vt 0.083252 0.462891
vt 0.093750 0.454346
vt 0.854004 0.965821
vt 0.847168 0.959961
vt 0.834961 0.956299
vt 0.856934 0.953858
vt 0.840332 0.964599
vt 0.823731 0.973144
vt 0.832031 0.949707
vt 0.825439 0.959472
vt 0.823242 0.954834
vt 0.816651 0.964356
vt 0.810059 0.972656
vt 0.798340 0.969727
vt 0.812012 0.956055
vt 0.823731 0.945557
vt 0.822754 0.933838
vt 0.824951 0.923584
vt 0.814453 0.936524
vt 0.813233 0.927490
vt 0.809571 0.938721
vt 0.795654 0.922608
vt 0.802734 0.922119
vt 0.990722 0.718506
vt 0.979736 0.745849
vt 0.985840 0.756347
vt 0.976562 0.783691
vt 0.981446 0.788818
vt 0.966797 0.764892
vt 0.968994 0.742432
vt 0.965576 0.787354
vt 0.974854 0.796142
vt 0.979492 0.805908
vt 0.963135 0.796875
vt 0.940430 0.817139
vt 0.962646 0.806885
vt 0.957031 0.822754
vt 0.979492 0.815918
vt 0.986816 0.817383
vt 0.964844 0.815430
vt 0.110107 0.010986
vt 0.081787 0.001221
vt 0.094727 0.008057
vt 0.057861 0.001221
vt 0.054199 0.013184
vt 0.081787 0.017334
vt 0.059814 0.063232
vt 0.077393 0.041748
vt 0.086426 0.063721
vt 0.996826 0.573731
vt 0.987793 0.538818
vt 0.970215 0.527588
vt 0.983399 0.520264
vt 0.978271 0.517334
vt 0.995361 0.461182
vt 0.711182 0.874756
vt 0.682861 0.894531
vt 0.685059 0.904053
vt 0.723633 0.891358
vt 0.708252 0.868653
vt 0.661865 0.884521
vt 0.684326 0.868164
vt 0.707519 0.863037
vt 0.714111 0.868653
vt 0.711182 0.853028
vt 0.721924 0.872803
vt 0.744141 0.897217
vt 0.724854 0.866211
vt 0.717774 0.854004
vt 0.727051 0.842285
vt 0.723877 0.852295
vt 0.733154 0.860596
vt 0.192139 0.081055
vt 0.191651 0.169434
vt 0.221191 0.161621
vt 0.192871 0.176758
vt 0.755615 0.562500
vt 0.754639 0.575684
vt 0.767578 0.577881
vt 0.765625 0.545166
vt 0.741699 0.540528
vt 0.770019 0.536133
vt 0.756104 0.525879
vt 0.720459 0.531006
vt 0.735596 0.578125
vt 0.717774 0.538330
vt 0.718994 0.536865
vt 0.718017 0.534180
vt 0.800537 0.901123
vt 0.793946 0.861816
vt 0.780274 0.864502
vt 0.790771 0.902344
vt 0.770752 0.924805
vt 0.815674 0.874024
vt 0.818359 0.856446
vt 0.815918 0.883057
vt 0.827149 0.876465
vt 0.803222 0.906494
vt 0.798096 0.903564
vt 0.813477 0.902832
vt 0.814453 0.912842
vt 0.801514 0.916016
vt 0.816406 0.919678
vt 0.824951 0.915771
vt 0.843994 0.923340
vt 0.823242 0.900146
vt 0.836426 0.875977
vt 0.836914 0.886963
vt 0.888672 0.154785
vt 0.910889 0.144043
vt 0.888184 0.136963
vt 0.920410 0.178223
vt 0.945557 0.119141
vt 0.949707 0.082031
vt 0.893066 0.108887
vt 0.923096 0.083252
vt 0.931396 0.144043
vt 0.966064 0.128906
vt 0.937012 0.161133
vt 0.957519 0.175781
vt 0.931153 0.190430
vt 0.944336 0.195557
vt 0.911377 0.213867
vt 0.575928 0.963379
vt 0.575928 0.998779
vt 0.590576 0.992920
vt 0.690186 0.148682
vt 0.690430 0.123535
vt 0.666260 0.135742
vt 0.649414 0.142334
vt 0.646729 0.133545
vt 0.673096 0.117676
vt 0.683106 0.103760
vt 0.691894 0.114990
vt 0.727295 0.084229
vt 0.670410 0.100098
vt 0.648438 0.119141
vt 0.634278 0.118164
vt 0.657227 0.100342
vt 0.660889 0.090576
vt 0.632324 0.104493
vt 0.606934 0.098144
vt 0.619385 0.086182
vt 0.315674 0.983154
vt 0.356934 0.993164
vt 0.333008 0.961426
vt 0.325196 0.995849
vt 0.971924 0.105469
vt 0.967285 0.182861
vt 0.974121 0.179443
vt 0.985840 0.201416
vt 0.973633 0.194580
vt 0.964844 0.192627
vt 0.971924 0.195068
vt 0.956543 0.190674
vt 0.954346 0.199463
vt 0.949219 0.200928
vt 0.214599 0.211914
vt 0.240723 0.166504
vt 0.227295 0.174561
vt 0.224365 0.142090
vt 0.246826 0.145752
vt 0.207519 0.082031
vt 0.227051 0.102783
vt 0.235107 0.111328
vt 0.239746 0.097412
vt 0.258545 0.143555
vt 0.267334 0.138184
vt 0.258301 0.145264
vt 0.270752 0.145264
vt 0.262939 0.103027
vt 0.277099 0.142822
vt 0.276123 0.130371
vt 0.275879 0.148682
vt 0.281983 0.146484
vt 0.287354 0.138916
vt 0.279541 0.119873
vt 0.283936 0.099609
vt 0.294434 0.087402
vt 0.283203 0.115234
vt 0.295166 0.120361
vt 0.313965 0.095459
vt 0.298828 0.135254
vt 0.322998 0.096191
vt 0.332519 0.113769
vt 0.340088 0.088868
vt 0.025635 0.727539
vt 0.019043 0.726318
vt 0.020508 0.776856
vt 0.409180 0.384277
vt 0.427246 0.384766
vt 0.440186 0.364502
vt 0.441894 0.387207
vt 0.434814 0.425537
vt 0.443359 0.424073
vt 0.474609 0.438965
vt 0.488037 0.437012
vt 0.516846 0.425537
vt 0.454590 0.414307
vt 0.494385 0.405517
vt 0.458008 0.396973
vt 0.488281 0.394043
vt 0.476562 0.377930
vt 0.477539 0.364502
vt 0.478027 0.350342
vt 0.443115 0.355469
vt 0.418946 0.326416
vt 0.433349 0.312012
vt 0.447998 0.339844
vt 0.459473 0.317627
vt 0.426026 0.283936
vt 0.462158 0.295166
vt 0.474365 0.301026
vt 0.059814 0.957764
vt 0.061768 0.993896
vt 0.067383 0.966797
vt 0.067627 0.955322
vt 0.128418 0.606689
vt 0.123047 0.599609
vt 0.114014 0.610596
vt 0.096680 0.573731
vt 0.131104 0.597168
vt 0.104004 0.562012
vt 0.073486 0.548340
vt 0.097656 0.599365
vt 0.090576 0.615722
vt 0.077393 0.576660
vt 0.071045 0.605469
vt 0.193359 0.283691
vt 0.202637 0.290527
vt 0.192627 0.278321
vt 0.188232 0.291504
vt 0.201660 0.306641
vt 0.212158 0.294434
vt 0.182861 0.300537
vt 0.198731 0.331787
vt 0.204102 0.328858
vt 0.209473 0.321045
vt 0.210449 0.344483
vt 0.204346 0.369629
vt 0.913086 0.906983
vt 0.919678 0.885254
vt 0.867432 0.885254
vt 0.878906 0.924072
vt 0.854736 0.904541
vt 0.846680 0.909424
vt 0.258057 0.076172
vt 0.262696 0.068359
vt 0.253906 0.062500
vt 0.310791 0.076904
vt 0.305420 0.064209
vt 0.306396 0.049805
vt 0.252441 0.047852
vt 0.296387 0.038818
vt 0.302979 0.028076
vt 0.321777 0.029785
vt 0.257080 0.038086
vt 0.222901 0.028076
vt 0.276123 0.021972
vt 0.019043 0.033936
vt 0.029785 0.030029
vt 0.012939 0.030274
vt 0.013428 0.069824
vt 0.538086 0.927246
vt 0.546631 0.941406
vt 0.552490 0.931396
vt 0.542724 0.899414
vt 0.531250 0.934571
vt 0.525635 0.915771
vt 0.514892 0.901856
vt 0.507812 0.912354
vt 0.529785 0.944336
vt 0.503174 0.931153
vt 0.486328 0.898682
vt 0.510498 0.943847
vt 0.486573 0.946533
vt 0.094971 0.735596
vt 0.101807 0.742188
vt 0.103271 0.725586
vt 0.085938 0.729492
vt 0.119141 0.766358
vt 0.088379 0.742676
vt 0.110840 0.770996
vt 0.144531 0.781250
vt 0.099609 0.755371
vt 0.084961 0.756104
vt 0.088135 0.799805
vt 0.074707 0.789062
vt 0.268311 0.399658
vt 0.270752 0.376221
vt 0.260742 0.389892
vt 0.282715 0.379394
vt 0.275879 0.414307
vt 0.295654 0.386963
vt 0.332031 0.373291
vt 0.355957 0.387207
vt 0.353760 0.425781
vt 0.321777 0.436035
vt 0.343262 0.446289
vt 0.295166 0.433594
vt 0.282227 0.460693
vt 0.261963 0.498047
vt 0.328369 0.473144
vt 0.318115 0.480224
vt 0.336426 0.506104
vt 0.313233 0.521729
vt 0.270264 0.515869
vt 0.335205 0.520264
vt 0.321533 0.140381
vt 0.326660 0.181152
vt 0.331299 0.135986
vt 0.352295 0.192627
vt 0.309814 0.187744
vt 0.302246 0.140137
vt 0.290283 0.153321
vt 0.299073 0.215821
vt 0.279297 0.158691
vt 0.294434 0.225342
vt 0.270508 0.169922
vt 0.313721 0.234619
vt 0.298828 0.240479
vt 0.304688 0.268799
vt 0.328125 0.234131
vt 0.317383 0.258789
vt 0.343017 0.225586
vt 0.352051 0.274902
vt 0.364258 0.233887
vt 0.356201 0.222901
vt 0.352539 0.216553
vt 0.359375 0.212891
vt 0.370117 0.213379
vt 0.362061 0.221436
vt 0.272217 0.841064
vt 0.245361 0.768311
vt 0.243408 0.819092
vt 0.288818 0.822021
vt 0.250244 0.750733
vt 0.242676 0.749756
vt 0.251465 0.718262
vt 0.236328 0.767090
vt 0.221436 0.778809
vt 0.221924 0.833252
vt 0.221191 0.758057
vt 0.224854 0.744385
vt 0.207031 0.809326
vt 0.205322 0.769043
vt 0.197266 0.778564
vt 0.197021 0.749267
vt 0.195801 0.767578
vt 0.244629 0.400146
vt 0.241943 0.477539
vt 0.261474 0.410401
vt 0.213135 0.404785
vt 0.211914 0.473144
vt 0.223389 0.480224
vt 0.221924 0.489990
vt 0.230224 0.520996
vt 0.255371 0.493896
vt 0.252930 0.470948
vt 0.269776 0.417236
vt 0.013428 0.978516
vt 0.005127 0.964111
vt 0.004151 0.997071
vt 0.209961 0.052979
vt 0.198486 0.033203
vt 0.178467 0.038330
vt 0.206787 0.073243
vt 0.170899 0.050537
vt 0.179443 0.074707
vt 0.179932 0.023926
vt 0.150879 0.026123
vt 0.138184 0.002197
vt 0.171387 0.003418
vt 0.146240 0.047363
vt 0.128906 0.029541
vt 0.157227 0.060547
vt 0.137207 0.062744
vt 0.141846 0.068848
vt 0.156006 0.072266
vt 0.164551 0.072266
vt 0.173340 0.091797
vt 0.195068 0.021484
vt 0.185303 0.000977
vt 0.221191 0.021484
vt 0.208008 0.013428
vt 0.171387 0.122559
vt 0.187256 0.136719
vt 0.187256 0.096191
vt 0.175537 0.154785
vt 0.181396 0.181641
vt 0.172607 0.171387
vt 0.169189 0.152344
vt 0.152344 0.169922
vt 0.146729 0.140137
vt 0.165527 0.129394
vt 0.147705 0.111328
vt 0.856201 0.666504
vt 0.882080 0.694580
vt 0.889649 0.681153
vt 0.865722 0.661377
vt 0.910889 0.671631
vt 0.883789 0.645508
vt 0.917969 0.665528
vt 0.925293 0.689941
vt 0.934571 0.686035
vt 0.920899 0.702392
vt 0.940918 0.710693
vt 0.915283 0.709961
vt 0.935547 0.720459
vt 0.888428 0.705811
vt 0.880371 0.704102
vt 0.863769 0.709472
vt 0.881592 0.715821
vt 0.863526 0.717041
vt 0.890137 0.712646
vt 0.882080 0.726807
vt 0.845703 0.732178
vt 0.913086 0.716553
vt 0.905029 0.738526
vt 0.926758 0.742188
vt 0.876465 0.740479
vt 0.858154 0.747071
vt 0.905517 0.742432
vt 0.875733 0.744141
vt 0.863037 0.760498
vt 0.884521 0.755859
vt 0.867188 0.765869
vt 0.879394 0.767334
vt 0.871826 0.784668
vt 0.888672 0.778809
vt 0.899170 0.772217
vt 0.905762 0.758301
vt 0.924316 0.758545
vt 0.935791 0.748535
vt 0.906983 0.766113
vt 0.910156 0.777344
vt 0.939453 0.775635
vt 0.999512 0.021729
vt 0.973633 0.026367
vt 0.975097 0.035401
vt 0.955566 0.008301
vt 0.897705 0.053955
vt 0.935303 0.059082
vt 0.950928 0.057129
vt 0.934814 0.075196
vt 0.953613 0.062012
vt 0.973877 0.046631
vt 0.967041 0.064453
vt 0.984375 0.045166
vt 0.991943 0.040528
vt 0.954834 0.077393
vt 0.980957 0.062744
vt 0.998535 0.073974
vt 0.980469 0.068115
vt 0.970703 0.068848
vt 0.963379 0.080566
vt 0.966309 0.083740
vt 0.956055 0.103516
vt 0.083740 0.698731
vt 0.080323 0.639160
vt 0.075196 0.702149
vt 0.073974 0.638916
vt 0.090088 0.640381
vt 0.097168 0.701660
vt 0.076660 0.631104
vt 0.087646 0.635986
vt 0.107422 0.634521
vt 0.098144 0.642822
vt 0.112061 0.695557
vt 0.106689 0.639404
vt 0.121094 0.637939
vt 0.124268 0.692627
vt 0.489258 0.862061
vt 0.508545 0.852295
vt 0.430420 0.830078
vt 0.328858 0.892090
vt 0.321777 0.912109
vt 0.338867 0.897705
vt 0.347656 0.901856
vt 0.359131 0.910644
vt 0.346680 0.892334
vt 0.309571 0.880127
vt 0.354981 0.885254
vt 0.352295 0.895996
vt 0.362793 0.889404
vt 0.378174 0.881104
vt 0.379883 0.894531
vt 0.482666 0.952149
vt 0.503906 0.966553
vt 0.506347 0.951416
vt 0.520752 0.974854
vt 0.495117 0.969971
vt 0.473144 0.961670
vt 0.474854 0.989746
vt 0.508057 0.978516
vt 0.512939 0.991699
vt 0.912354 0.355224
vt 0.921387 0.362793
vt 0.991943 0.355957
vt 0.956787 0.925049
vt 0.900879 0.920166
vt 0.889404 0.927979
vt 0.162109 0.528564
vt 0.174805 0.510986
vt 0.169434 0.510986
vt 0.132080 0.533936
vt 0.141602 0.542724
vt 0.167969 0.533203
vt 0.186524 0.495361
vt 0.160401 0.542236
vt 0.137696 0.546875
vt 0.175781 0.545166
vt 0.174316 0.552490
vt 0.187012 0.568359
vt 0.169434 0.559571
vt 0.187012 0.580811
vt 0.770264 0.908447
vt 0.697754 0.908447
vt 0.768555 0.916992
vt 0.321533 0.939453
vt 0.318848 0.965821
vt 0.333984 0.950196
vt 0.329834 0.935303
vt 0.318359 0.916504
vt 0.337158 0.942871
vt 0.693604 0.744873
vt 0.700684 0.738281
vt 0.700439 0.730469
vt 0.721191 0.705322
vt 0.712646 0.762451
vt 0.697021 0.759766
vt 0.705566 0.766602
vt 0.724854 0.770996
vt 0.723144 0.779785
vt 0.691651 0.766113
vt 0.706543 0.778076
vt 0.719483 0.785156
vt 0.685791 0.763184
vt 0.683838 0.744873
vt 0.657227 0.757568
vt 0.654053 0.781738
vt 0.651123 0.777344
vt 0.644776 0.757080
vt 0.639404 0.791260
vt 0.617676 0.777099
vt 0.656983 0.798340
vt 0.652344 0.817383
vt 0.664307 0.811035
vt 0.677002 0.803955
vt 0.673584 0.824463
vt 0.661133 0.829834
vt 0.693115 0.802979
vt 0.663574 0.840821
vt 0.669922 0.838867
vt 0.680664 0.827392
vt 0.692383 0.822510
vt 0.692871 0.826416
vt 0.706299 0.831787
vt 0.714356 0.819824
vt 0.705078 0.806396
vt 0.711670 0.808349
vt 0.718506 0.804199
vt 0.734863 0.839844
vt 0.723389 0.794434
vt 0.752197 0.816406
vt 0.728271 0.792724
vt 0.743408 0.795166
vt 0.758301 0.804688
vt 0.763916 0.962403
vt 0.753174 0.965821
vt 0.759033 0.971924
vt 0.738526 0.969238
vt 0.733399 0.965088
vt 0.727051 0.995849
vt 0.771972 0.995606
vt 0.286133 0.664551
vt 0.269287 0.653564
vt 0.267334 0.659668
vt 0.261963 0.654541
vt 0.272705 0.619629
vt 0.261474 0.671387
vt 0.280762 0.684326
vt 0.253662 0.680664
vt 0.255615 0.604004
vt 0.266358 0.596436
vt 0.262207 0.582276
vt 0.247314 0.582519
vt 0.244873 0.595215
vt 0.236816 0.608642
vt 0.249512 0.656006
vt 0.234375 0.624756
vt 0.229004 0.616699
vt 0.213867 0.616211
vt 0.238281 0.643799
vt 0.218506 0.638916
vt 0.212402 0.633301
vt 0.216064 0.648438
vt 0.231689 0.663818
vt 0.213135 0.664062
vt 0.207519 0.663330
vt 0.233399 0.670410
vt 0.242432 0.672119
vt 0.233887 0.676026
vt 0.243408 0.693604
vt 0.257568 0.709229
vt 0.235596 0.684571
vt 0.223877 0.685791
vt 0.230224 0.695068
vt 0.229004 0.702881
vt 0.235352 0.709717
vt 0.721191 0.838379
vt 0.660889 0.847656
vt 0.664795 0.862305
vt 0.656006 0.880859
vt 0.653076 0.880371
vt 0.658203 0.859863
vt 0.652344 0.845459
vt 0.643066 0.836426
vt 0.652099 0.839844
vt 0.031982 0.903564
vt 0.044189 0.908936
vt 0.045166 0.900635
vt 0.033203 0.910156
vt 0.058349 0.902832
vt 0.056396 0.895996
vt 0.035401 0.915528
vt 0.030029 0.913086
vt 0.030517 0.938721
vt 0.044922 0.956787
vt 0.045654 0.911133
vt 0.061768 0.950439
vt 0.054688 0.913330
vt 0.067383 0.948731
vt 0.074219 0.947754
vt 0.059326 0.909912
vt 0.084229 0.942383
vt 0.068115 0.906250
vt 0.070068 0.899170
vt 0.096436 0.941651
vt 0.080323 0.899170
vt 0.080323 0.891602
vt 0.057129 0.824219
vt 0.081543 0.836182
vt 0.071289 0.824463
vt 0.062744 0.833252
vt 0.076172 0.884033
vt 0.087402 0.842529
vt 0.100830 0.827392
vt 0.103271 0.833740
vt 0.648682 0.806396
vt 0.593994 0.812744
vt 0.639404 0.815918
vt 0.599121 0.822998
vt 0.539307 0.808594
vt 0.545654 0.800537
vt 0.649414 0.795166
vt 0.525146 0.810303
vt 0.535156 0.815186
vt 0.535644 0.795410
vt 0.786621 0.199463
vt 0.793457 0.197754
vt 0.749512 0.175293
vt 0.788330 0.190674
vt 0.795166 0.175781
vt 0.810303 0.190918
vt 0.781494 0.207031
vt 0.750488 0.183349
vt 0.810303 0.202637
vt 0.802490 0.251953
vt 0.790039 0.258057
vt 0.812012 0.269287
vt 0.824707 0.189941
vt 0.844483 0.270264
vt 0.837891 0.293457
vt 0.818604 0.235107
vt 0.831299 0.229981
vt 0.838379 0.192139
vt 0.831055 0.188721
vt 0.847168 0.237305
vt 0.856934 0.258057
vt 0.866455 0.264404
vt 0.879883 0.211670
vt 0.870606 0.193604
vt 0.851318 0.189941
vt 0.910156 0.177979
vt 0.452637 0.543457
vt 0.459717 0.532959
vt 0.436279 0.496094
vt 0.478516 0.585938
vt 0.485596 0.583496
vt 0.469238 0.590821
vt 0.497559 0.608154
vt 0.507324 0.590821
vt 0.535644 0.587403
vt 0.551758 0.599854
vt 0.479736 0.608887
vt 0.511719 0.624756
vt 0.495606 0.614258
vt 0.479981 0.712158
vt 0.469238 0.710205
vt 0.457764 0.704834
vt 0.445557 0.707031
vt 0.848144 0.827149
vt 0.859131 0.824951
vt 0.818604 0.819092
vt 0.778321 0.819580
vt 0.763672 0.789551
vt 0.768799 0.810547
vt 0.761963 0.817627
vt 0.756592 0.829102
vt 0.870117 0.833740
vt 0.746338 0.829346
vt 0.744629 0.840821
vt 0.413086 0.075684
vt 0.418946 0.055420
vt 0.345215 0.057861
vt 0.340088 0.082276
vt 0.414551 0.092529
vt 0.334229 0.070312
vt 0.323731 0.062256
vt 0.322021 0.071777
vt 0.310302 0.087891
vt 0.539795 0.092041
vt 0.536865 0.062988
vt 0.455566 0.084961
vt 0.454346 0.070312
vt 0.440674 0.062988
vt 0.423096 0.062256
vt 0.423340 0.078613
vt 0.424805 0.098633
vt 0.456787 0.100342
vt 0.460938 0.111328
vt 0.451416 0.114746
vt 0.451416 0.098144
vt 0.437500 0.119629
vt 0.638916 0.959961
vt 0.646484 0.959961
vt 0.640137 0.949219
vt 0.651856 0.953125
vt 0.656494 0.953125
vt 0.630615 0.957519
vt 0.643555 0.966064
vt 0.650635 0.972412
vt 0.645508 0.972412
vt 0.634521 0.965821
vt 0.622559 0.971924
vt 0.614990 0.971191
vt 0.628906 0.975342
vt 0.614990 0.981934
vt 0.627930 0.979736
vt 0.757080 0.850586
vt 0.747559 0.849365
vt 0.757324 0.863526
vt 0.760986 0.862549
vt 0.752197 0.875000
vt 0.784668 0.848389
vt 0.826172 0.847168
vt 0.755859 0.838379
vt 0.824707 0.836182
vt 0.453125 0.975097
vt 0.455323 0.984131
vt 0.468750 0.967529
vt 0.450196 0.976318
vt 0.461182 0.989014
vt 0.453369 0.998779
vt 0.556885 0.896240
vt 0.559814 0.899903
vt 0.560303 0.884278
vt 0.558106 0.888672
vt 0.493408 0.886719
vt 0.043701 0.697754
vt 0.060791 0.696289
vt 0.052002 0.637939
vt 0.041016 0.637451
vt 0.068115 0.637451
vt 0.070312 0.697510
vt 0.323486 0.016113
vt 0.324707 0.020752
vt 0.365723 0.004883
vt 0.326904 0.022949
vt 0.379639 0.021729
vt 0.382324 0.016846
vt 0.394287 0.028076
vt 0.409668 0.027832
vt 0.395996 0.045166
vt 0.386474 0.028809
vt 0.387939 0.039307
vt 0.378418 0.032227
vt 0.383545 0.042236
vt 0.326904 0.039551
vt 0.363037 0.052734
vt 0.387696 0.048828
vt 0.404052 0.050537
vt 0.080811 0.099121
vt 0.079102 0.166992
vt 0.090088 0.101807
vt 0.086914 0.168701
vt 0.798096 0.979981
vt 0.791260 0.969483
vt 0.794189 0.975342
vt 0.796142 0.984619
vt 0.808594 0.985352
vt 0.810303 0.996582
vt 0.790283 0.996826
vt 0.914062 0.028076
vt 0.850830 0.042236
vt 0.852295 0.049316
vt 0.849121 0.030029
vt 0.847901 0.058349
vt 0.836670 0.029785
vt 0.835693 0.046143
vt 0.834961 0.061524
vt 0.839356 0.067627
vt 0.829834 0.068359
vt 0.822998 0.065918
vt 0.807617 0.055420
vt 0.831787 0.055176
vt 0.832031 0.037109
vt 0.808838 0.032715
vt 0.811524 0.022461
vt 0.812744 0.045654
vt 0.380859 0.951172
vt 0.380371 0.965332
vt 0.392090 0.964111
vt 0.374267 0.971680
vt 0.367188 0.963135
vt 0.343262 0.963867
vt 0.364746 0.986816
vt 0.377441 0.987061
vt 0.382812 0.975342
vt 0.395996 0.975586
vt 0.711670 0.979248
vt 0.715576 0.984619
vt 0.721191 0.975342
vt 0.722412 0.972656
vt 0.597412 0.989014
vt 0.599365 0.986572
vt 0.595947 0.979492
vt 0.609619 0.971436
vt 0.087402 0.989746
vt 0.087402 0.948486
vt 0.075196 0.955322
vt 0.073731 0.963379
vt 0.074951 0.973877
vt 0.078125 0.982910
vt 0.688721 0.982422
vt 0.696045 0.989014
vt 0.706055 0.975097
vt 0.700928 0.967285
vt 0.719238 0.966309
vt 0.690918 0.968506
vt 0.685059 0.975097
vt 0.692139 0.962158
vt 0.678222 0.967774
vt 0.681641 0.958740
vt 0.675781 0.951416
vt 0.549316 0.819580
vt 0.559326 0.835693
vt 0.590088 0.826904
vt 0.589356 0.835449
vt 0.597656 0.836426
vt 0.588379 0.844971
vt 0.568847 0.843017
vt 0.606201 0.855224
vt 0.567871 0.850586
vt 0.581543 0.856689
vt 0.600097 0.855957
vt 0.590576 0.859863
vt 0.598633 0.869141
vt 0.607178 0.863769
vt 0.606689 0.878662
vt 0.237549 0.965576
vt 0.248779 0.970215
vt 0.255127 0.958740
vt 0.245117 0.952637
vt 0.256592 0.946045
vt 0.260010 0.934571
vt 0.267090 0.937256
vt 0.259033 0.961670
vt 0.258301 0.969971
vt 0.268066 0.961670
vt 0.268311 0.952637
vt 0.285644 0.973877
vt 0.273682 0.952149
vt 0.283448 0.951416
vt 0.273682 0.938721
vt 0.286133 0.933838
vt 0.277832 0.928222
vt 0.269043 0.921387
vt 0.415283 0.939209
vt 0.439941 0.950684
vt 0.426269 0.932129
vt 0.430420 0.955322
vt 0.432129 0.962646
vt 0.444092 0.968017
vt 0.446045 0.943847
vt 0.456055 0.966309
vt 0.466797 0.958984
vt 0.456299 0.938965
vt 0.472656 0.949463
vt 0.472168 0.934082
vt 0.103271 0.989014
vt 0.114502 0.998535
vt 0.103027 0.975342
vt 0.088623 0.999024
vt 0.200684 0.959961
vt 0.206055 0.971924
vt 0.218750 0.964356
vt 0.206055 0.977783
vt 0.218018 0.953613
vt 0.223389 0.970215
vt 0.212158 0.986816
vt 0.226562 0.963867
vt 0.226562 0.956543
vt 0.225586 0.947998
vt 0.224365 0.939697
vt 0.229248 0.936524
usemtl mat
f 650/1 88/2 9/3
f 9/3 88/2 120/4
f 88/2 650/1 193/5
f 88/2 193/5 120/4
f 650/1 9/3 754/6
f 193/5 650/1 118/7
f 9/3 120/4 35/8
f 9/3 35/8 714/9
f 9/3 714/9 754/6
f 35/8 120/4 114/10
f 35/8 114/10 714/9
f 222/11 120/4 193/5
f 193/5 118/7 274/12
f 193/5 274/12 222/11
f 120/4 222/11 192/13
f 120/4 192/13 114/10
f 222/11 274/12 354/14
f 354/14 274/12 393/15
f 393/15 274/12 334/16
f 222/11 354/14 287/17
f 222/11 287/17 192/13
f 287/17 354/14 390/18
f 334/16 274/12 230/19
f 230/19 274/12 118/7
f 192/13 287/17 213/20
f 192/13 213/20 114/10
f 287/17 390/18 308/21
f 287/17 308/21 213/20
f 308/21 390/18 365/22
f 308/21 365/22 273/23
f 308/21 273/23 213/20
f 273/23 365/22 336/24
f 273/23 336/24 236/25
f 236/25 336/24 285/26
f 236/25 285/26 259/27
f 259/27 285/26 298/28
f 273/23 236/25 232/29
f 213/20 273/23 204/30
f 204/30 273/23 232/29
f 232/29 236/25 190/31
f 190/31 236/25 152/32
f 190/31 152/32 140/33
f 190/31 140/33 232/29
f 204/30 232/29 129/34
f 129/34 232/29 140/33
f 213/20 204/30 123/35
f 123/35 204/30 129/34
f 213/20 123/35 114/10
f 129/34 140/33 102/36
f 102/36 140/33 68/37
f 129/34 102/36 15/38
f 15/38 102/36 1/39
f 123/35 129/34 50/40
f 50/40 129/34 15/38
f 114/10 123/35 87/41
f 87/41 123/35 50/40
f 114/10 87/41 645/42
f 114/10 645/42 714/9
f 87/41 50/40 12/43
f 87/41 12/43 645/42
f 50/40 15/38 709/44
f 50/40 709/44 12/43
f 709/44 15/38 705/45
f 645/42 12/43 715/46
f 715/46 12/43 709/44
f 645/42 715/46 714/9
f 715/46 709/44 795/47
f 714/9 715/46 794/48
f 794/48 715/46 795/47
f 795/47 709/44 762/49
f 795/47 762/49 852/50
f 852/50 762/49 854/51
f 795/47 852/50 872/52
f 795/47 872/52 794/48
f 872/52 852/50 907/53
f 872/52 907/53 904/54
f 755/55 714/9 794/48
f 714/9 755/55 754/6
f 755/55 794/48 840/56
f 754/6 755/55 834/57
f 834/57 755/55 840/56
f 855/58 794/48 872/52
f 794/48 855/58 840/56
f 878/59 872/52 904/54
f 872/52 878/59 855/58
f 840/56 855/58 857/60
f 857/60 855/58 878/59
f 834/57 840/56 850/61
f 840/56 857/60 804/62
f 840/56 804/62 850/61
f 878/59 904/54 894/63
f 894/63 904/54 908/64
f 894/63 908/64 848/65
f 878/59 894/63 866/66
f 878/59 866/66 857/60
f 894/63 848/65 809/67
f 894/63 809/67 866/66
f 809/67 848/65 769/68
f 769/68 848/65 756/69
f 769/68 756/69 149/70
f 149/70 756/69 16/71
f 769/68 149/70 51/72
f 809/67 769/68 786/73
f 809/67 786/73 866/66
f 786/73 769/68 51/72
f 808/74 857/60 866/66
f 808/74 866/66 786/73
f 857/60 808/74 804/62
f 786/73 51/72 751/75
f 786/73 751/75 808/74
f 751/75 51/72 86/76
f 86/76 51/72 238/77
f 808/74 751/75 742/78
f 742/78 751/75 86/76
f 808/74 742/78 804/62
f 742/78 86/76 726/79
f 742/78 726/79 804/62
f 726/79 86/76 651/80
f 651/80 86/76 164/81
f 651/80 164/81 187/82
f 726/79 651/80 781/83
f 726/79 781/83 804/62
f 651/80 187/82 643/84
f 651/80 643/84 781/83
f 643/84 187/82 174/85
f 804/62 781/83 841/86
f 804/62 841/86 850/61
f 781/83 643/84 814/87
f 781/83 814/87 841/86
f 850/61 841/86 830/88
f 830/88 841/86 814/87
f 850/61 830/88 834/57
f 834/57 830/88 754/6
f 754/6 830/88 814/87
f 754/6 814/87 650/1
f 650/1 814/87 118/7
f 639/89 814/87 643/84
f 814/87 639/89 118/7
f 639/89 643/84 110/90
f 639/89 110/90 118/7
f 110/90 643/84 174/85
f 118/7 110/90 230/19
f 230/19 110/90 174/85
f 230/19 174/85 344/91
f 496/92 560/93 552/94
f 560/93 496/92 517/95
f 552/94 560/93 546/96
f 546/96 560/93 545/97
f 496/92 552/94 459/98
f 517/95 496/92 453/99
f 453/99 496/92 459/98
f 459/98 552/94 510/100
f 510/100 552/94 546/96
f 546/96 545/97 528/101
f 528/101 545/97 485/102
f 528/101 485/102 490/103
f 528/101 490/103 546/96
f 490/103 485/102 390/104
f 490/103 390/104 354/105
f 490/103 354/105 393/106
f 546/96 490/103 467/107
f 467/107 490/103 393/106
f 546/96 467/107 510/100
f 467/107 393/106 334/108
f 510/100 467/107 344/109
f 344/109 467/107 334/108
f 510/100 344/109 459/98
f 344/109 334/108 230/110
f 459/98 344/109 367/111
f 459/98 367/111 453/99
f 187/112 344/109 174/113
f 344/109 187/112 305/114
f 344/109 305/114 367/111
f 305/114 187/112 164/115
f 453/99 367/111 376/116
f 376/116 367/111 305/114
f 305/114 164/115 315/117
f 305/114 315/117 376/116
f 315/117 164/115 86/118
f 453/99 376/116 443/119
f 453/99 443/119 472/120
f 472/120 443/119 376/116
f 453/99 472/120 517/95
f 517/95 472/120 511/121
f 376/116 315/117 314/122
f 314/122 315/117 86/118
f 472/120 376/116 377/123
f 377/123 376/116 314/122
f 511/121 472/120 486/124
f 486/124 472/120 377/123
f 511/121 486/124 458/125
f 314/122 86/118 279/126
f 314/122 279/126 377/123
f 486/124 377/123 431/127
f 458/125 486/124 428/128
f 428/128 486/124 431/127
f 458/125 428/128 465/129
f 458/125 465/129 481/130
f 481/130 465/129 473/131
f 473/131 465/129 445/132
f 445/132 465/129 428/128
f 428/128 431/127 375/133
f 375/133 431/127 377/123
f 428/128 375/133 364/134
f 375/133 377/123 341/135
f 341/135 377/123 279/126
f 364/134 375/133 323/136
f 323/136 375/133 341/135
f 364/134 323/136 340/137
f 364/134 340/137 392/138
f 323/136 341/135 286/139
f 341/135 279/126 304/140
f 341/135 304/140 286/139
f 304/140 279/126 86/118
f 304/140 86/118 258/141
f 304/140 258/141 286/139
f 258/141 86/118 238/142
f 258/141 238/142 286/139
f 294/143 340/137 323/136
f 294/143 323/136 286/139
f 286/139 238/142 242/144
f 286/139 242/144 294/143
f 242/144 238/142 195/145
f 242/144 195/145 294/143
f 51/146 149/147 238/142
f 238/142 149/147 195/145
f 195/145 149/147 150/148
f 150/148 149/147 16/149
f 195/145 150/148 184/150
f 195/145 184/150 262/151
f 195/145 262/151 294/143
f 294/143 262/151 324/152
f 294/143 324/152 340/137
f 324/152 262/151 254/153
f 340/137 324/152 392/138
f 324/152 254/153 348/154
f 324/152 348/154 392/138
f 392/138 348/154 405/155
f 392/138 405/155 449/156
f 449/156 405/155 406/157
f 406/157 405/155 363/158
f 363/158 405/155 348/154
f 363/158 348/154 325/159
f 535/160 560/161 517/162
f 535/160 517/162 511/163
f 560/161 535/160 551/164
f 551/164 535/160 511/163
f 560/161 551/164 545/165
f 551/164 511/163 507/166
f 507/166 511/163 458/167
f 507/166 458/167 492/168
f 551/164 507/166 501/169
f 501/169 507/166 492/168
f 545/165 551/164 544/170
f 544/170 551/164 501/169
f 545/165 544/170 508/171
f 545/165 508/171 485/172
f 544/170 501/169 479/173
f 501/169 492/168 480/174
f 501/169 480/174 479/173
f 508/171 544/170 488/175
f 488/175 544/170 479/173
f 485/172 508/171 446/176
f 485/172 446/176 390/177
f 390/177 446/176 365/178
f 446/176 508/171 439/179
f 439/179 508/171 488/175
f 365/178 446/176 407/180
f 407/180 446/176 439/179
f 365/178 407/180 336/181
f 439/179 488/175 457/182
f 457/182 488/175 479/173
f 439/179 457/182 407/180
f 336/181 407/180 356/183
f 336/181 356/183 285/184
f 285/184 356/183 298/185
f 356/183 407/180 373/186
f 356/183 373/186 298/185
f 373/186 407/180 457/182
f 298/185 373/186 303/187
f 373/186 457/182 387/188
f 387/188 457/182 479/173
f 373/186 387/188 335/189
f 387/188 479/173 435/190
f 374/191 342/192 387/188
f 374/191 387/188 435/190
f 435/190 479/173 480/174
f 374/191 435/190 385/193
f 374/191 385/193 358/194
f 435/190 480/174 437/195
f 435/190 437/195 385/193
f 437/195 480/174 406/196
f 437/195 406/196 385/193
f 385/193 406/196 363/197
f 385/193 363/197 351/198
f 406/196 480/174 449/199
f 449/199 480/174 492/168
f 449/199 492/168 429/200
f 449/199 429/200 423/201
f 449/199 423/201 392/202
f 423/201 429/200 440/203
f 392/202 423/201 401/204
f 401/204 423/201 440/203
f 401/204 440/203 421/205
f 458/206 441/207 429/208
f 458/206 429/208 492/209
f 429/208 441/207 400/210
f 400/210 441/207 428/211
f 441/207 458/206 481/212
f 428/211 441/207 445/213
f 441/207 481/212 463/214
f 441/207 463/214 445/213
f 463/214 481/212 464/215
f 445/213 463/214 438/216
f 445/213 438/216 473/217
f 428/218 364/219 400/220
f 400/220 364/219 401/221
f 401/221 364/219 392/222
f 400/220 401/221 416/223
f 416/223 401/221 421/224
f 440/225 464/226 421/224
f 400/220 416/223 432/227
f 400/220 432/227 429/228
f 429/228 432/227 440/229
f 440/229 432/227 456/230
f 456/230 432/227 416/223
f 440/229 456/230 464/231
f 464/231 456/230 463/232
f 463/232 456/230 438/233
f 438/233 456/230 416/223
f 450/234 416/223 421/224
f 416/223 450/234 438/233
f 450/234 421/224 464/226
f 438/233 450/234 473/235
f 473/235 450/234 464/226
f 473/235 464/226 481/236
f 907/237 852/238 854/239
f 907/237 854/239 902/240
f 902/240 854/239 824/241
f 824/241 854/239 762/242
f 907/237 902/240 938/243
f 709/244 705/245 762/242
f 762/242 705/245 824/241
f 907/237 938/243 931/246
f 907/237 931/246 904/247
f 904/247 931/246 908/248
f 908/248 931/246 924/249
f 924/249 931/246 938/243
f 908/248 924/249 890/250
f 908/248 890/250 848/251
f 890/250 924/249 919/252
f 919/252 924/249 938/243
f 848/251 890/250 853/253
f 848/251 853/253 756/254
f 890/250 919/252 869/255
f 890/250 869/255 853/253
f 756/254 853/253 673/256
f 756/254 673/256 16/257
f 853/253 869/255 678/258
f 853/253 678/258 673/256
f 678/258 869/255 828/259
f 16/257 673/256 78/260
f 78/260 673/256 678/258
f 16/257 78/260 150/261
f 150/261 78/260 184/262
f 184/262 78/260 57/263
f 57/263 78/260 678/258
f 57/263 678/258 828/259
f 892/264 828/259 869/255
f 892/264 869/255 919/252
f 892/264 919/252 937/265
f 937/265 919/252 938/243
f 892/264 937/265 971/266
f 892/264 971/266 964/267
f 937/265 938/243 943/268
f 937/265 943/268 971/266
f 964/267 971/266 1046/269
f 964/267 1046/269 1061/270
f 1046/269 971/266 968/271
f 1046/269 968/271 1019/272
f 971/266 943/268 930/273
f 971/266 930/273 968/271
f 910/274 943/268 938/243
f 943/268 910/274 930/273
f 910/274 938/243 902/240
f 1019/272 968/271 916/275
f 916/275 968/271 930/273
f 1019/272 916/275 948/276
f 930/273 910/274 827/277
f 930/273 827/277 916/275
f 910/274 902/240 819/278
f 910/274 819/278 827/277
f 819/278 902/240 824/241
f 948/276 916/275 833/279
f 833/279 916/275 827/277
f 827/277 819/278 765/280
f 827/277 765/280 833/279
f 765/280 819/278 824/241
f 948/276 833/279 838/281
f 948/276 838/281 914/282
f 838/281 833/279 790/283
f 790/283 833/279 765/280
f 838/281 790/283 731/284
f 838/281 731/284 772/285
f 731/284 790/283 765/280
f 765/280 824/241 721/286
f 721/286 824/241 705/245
f 731/284 765/280 691/287
f 731/284 691/287 660/288
f 731/284 660/288 674/289
f 660/288 691/287 31/290
f 691/287 765/280 682/291
f 691/287 682/291 31/290
f 682/291 765/280 721/286
f 31/290 682/291 68/292
f 1/293 721/286 705/245
f 721/286 1/293 682/291
f 682/291 1/293 68/292
f 1/293 705/245 15/294
f 68/292 1/293 102/295
f 140/296 115/297 68/298
f 68/298 115/297 31/299
f 115/297 140/296 152/300
f 31/299 115/297 74/301
f 115/297 152/300 143/302
f 115/297 143/302 74/301
f 31/299 74/301 60/303
f 60/303 74/301 143/302
f 31/299 60/303 660/304
f 143/302 152/300 259/305
f 259/305 152/300 236/306
f 660/304 60/303 674/307
f 143/302 259/305 275/308
f 275/308 259/305 298/309
f 60/303 143/302 207/310
f 207/310 143/302 275/308
f 275/308 298/309 303/311
f 60/303 207/310 73/312
f 60/303 73/312 674/307
f 772/313 731/314 674/307
f 772/313 674/307 677/315
f 677/315 674/307 73/312
f 677/315 73/312 99/316
f 677/315 99/316 18/317
f 99/316 73/312 200/318
f 99/316 200/318 210/319
f 210/319 200/318 225/320
f 200/318 73/312 221/321
f 221/321 73/312 207/310
f 200/318 221/321 225/320
f 221/321 207/310 256/322
f 256/322 207/310 275/308
f 225/320 221/321 235/323
f 235/323 221/321 256/322
f 256/322 275/308 302/324
f 302/324 275/308 303/311
f 302/324 303/311 335/325
f 335/325 303/311 373/326
f 302/324 335/325 342/327
f 342/327 335/325 387/328
f 302/324 342/327 322/329
f 302/324 322/329 256/322
f 322/329 342/327 374/330
f 322/329 374/330 358/331
f 256/322 322/329 272/332
f 256/322 272/332 235/323
f 322/329 358/331 292/333
f 322/329 292/333 272/332
f 235/323 272/332 260/334
f 260/334 272/332 292/333
f 235/323 260/334 240/335
f 260/334 292/333 283/336
f 260/334 283/336 240/335
f 292/333 358/331 327/337
f 292/333 327/337 283/336
f 327/337 358/331 351/338
f 351/338 358/331 385/339
f 283/336 327/337 312/340
f 312/340 327/337 351/338
f 240/335 283/336 253/341
f 253/341 283/336 312/340
f 312/340 351/338 325/342
f 325/342 351/338 363/343
f 312/340 325/342 307/344
f 312/340 307/344 253/341
f 307/344 325/342 348/345
f 307/344 348/345 254/346
f 253/341 307/344 268/347
f 307/344 254/346 257/348
f 307/344 257/348 268/347
f 262/349 184/350 254/346
f 254/346 184/350 181/351
f 254/346 181/351 257/348
f 181/351 184/350 57/352
f 268/347 257/348 228/353
f 268/347 228/353 253/341
f 257/348 181/351 144/354
f 257/348 144/354 228/353
f 181/351 57/352 37/355
f 181/351 37/355 144/354
f 37/355 57/352 687/356
f 687/356 57/352 828/357
f 253/341 228/353 145/358
f 253/341 145/358 240/335
f 228/353 144/354 119/359
f 119/359 144/354 37/355
f 228/353 119/359 145/358
f 687/356 828/357 718/360
f 687/356 718/360 37/355
f 718/360 828/357 887/361
f 887/361 828/357 892/362
f 887/361 892/362 964/363
f 887/361 964/363 965/364
f 965/364 964/363 1061/365
f 718/360 887/361 696/366
f 696/366 887/361 965/364
f 718/360 696/366 37/355
f 696/366 965/364 748/367
f 37/355 696/366 13/368
f 37/355 13/368 119/359
f 13/368 696/366 703/369
f 119/359 13/368 145/358
f 13/368 703/369 17/370
f 13/368 17/370 145/358
f 145/358 17/370 97/371
f 145/358 97/371 196/372
f 145/358 196/372 240/335
f 240/335 196/372 235/323
f 196/372 97/371 197/373
f 235/323 196/372 225/320
f 225/320 196/372 197/373
f 225/320 197/373 234/374
f 914/375 838/376 888/377
f 914/375 888/377 1044/378
f 914/375 1044/378 948/379
f 948/379 1044/378 1019/380
f 1044/378 888/377 934/381
f 934/381 888/377 880/382
f 1019/380 1044/378 1126/383
f 1019/380 1126/383 1046/384
f 934/381 880/382 929/385
f 1046/384 1126/383 1061/386
f 1044/378 934/381 1034/387
f 1061/386 1126/383 1068/388
f 1061/386 1068/388 965/389
f 1126/383 1044/378 1133/390
f 1133/390 1044/378 1034/387
f 1068/388 1126/383 1114/391
f 1114/391 1126/383 1133/390
f 965/389 1068/388 944/392
f 965/389 944/392 770/393
f 965/389 770/393 748/394
f 944/392 1068/388 987/395
f 987/395 1068/388 1114/391
f 944/392 987/395 884/396
f 944/392 884/396 770/393
f 884/396 987/395 920/397
f 920/397 987/395 1114/391
f 770/393 884/396 801/398
f 801/398 884/396 920/397
f 703/399 748/394 770/393
f 748/394 703/399 696/400
f 770/393 801/398 706/401
f 770/393 706/401 703/399
f 801/398 920/397 909/402
f 97/403 17/404 703/399
f 97/403 703/399 107/405
f 97/403 107/405 197/406
f 197/406 107/405 234/407
f 234/407 107/405 211/408
f 107/405 703/399 40/409
f 40/409 703/399 706/401
f 211/408 107/405 189/410
f 189/410 107/405 40/409
f 189/410 40/409 706/401
f 189/410 706/401 704/411
f 189/410 704/411 142/412
f 757/413 706/401 801/398
f 706/401 757/413 704/411
f 704/411 757/413 708/414
f 704/411 708/414 637/415
f 704/411 637/415 147/416
f 704/411 147/416 142/412
f 147/416 637/415 178/417
f 142/412 147/416 180/418
f 142/412 180/418 117/419
f 180/418 147/416 186/420
f 836/421 757/413 801/398
f 836/421 801/398 909/402
f 757/413 836/421 859/422
f 757/413 859/422 780/423
f 780/423 859/422 891/424
f 891/424 859/422 909/402
f 859/422 836/421 893/425
f 859/422 893/425 909/402
f 909/402 893/425 836/421
f 891/424 909/402 1004/426
f 891/424 1004/426 985/427
f 1004/426 909/402 920/397
f 985/427 1004/426 1090/428
f 1004/426 920/397 1023/429
f 1090/428 1004/426 1081/430
f 1090/428 1081/430 1130/431
f 1130/431 1081/430 1134/432
f 1081/430 1004/426 1078/433
f 1078/433 1004/426 1040/434
f 1040/434 1004/426 1023/429
f 1078/433 1040/434 1115/435
f 1115/435 1040/434 1023/429
f 1078/433 1115/435 1111/436
f 1078/433 1111/436 1081/430
f 1111/436 1115/435 1023/429
f 1081/430 1111/436 1134/432
f 920/397 1114/391 1023/429
f 1023/429 1114/391 1111/436
f 1158/437 1160/438 1134/432
f 1158/437 1134/432 1193/439
f 1134/432 1111/436 1216/440
f 1134/432 1216/440 1193/439
f 1216/440 1111/436 1114/391
f 1193/439 1216/440 1265/441
f 1216/440 1114/391 1267/442
f 1216/440 1267/442 1265/441
f 1265/441 1267/442 1325/443
f 1267/442 1114/391 1133/390
f 1325/443 1267/442 1329/444
f 1267/442 1133/390 1183/445
f 1267/442 1183/445 1329/444
f 1183/445 1133/390 1109/446
f 1281/447 1408/448 1329/444
f 1109/446 1133/390 1084/449
f 1084/449 1133/390 1034/387
f 1084/449 1034/387 962/450
f 1084/449 962/450 1109/446
f 962/450 1034/387 934/381
f 1109/446 962/450 1036/451
f 962/450 934/381 954/452
f 962/450 954/452 1036/451
f 954/452 934/381 929/385
f 954/452 929/385 1054/453
f 1036/451 954/452 1051/454
f 1036/451 1051/454 1109/446
f 1051/454 954/452 1054/453
f 1109/446 1051/454 1179/455
f 1109/446 1179/455 1183/445
f 1179/455 1051/454 1132/456
f 1132/456 1051/454 1054/453
f 1067/457 1054/453 929/385
f 1183/445 1179/455 1227/458
f 1183/445 1227/458 1329/444
f 1227/458 1179/455 1211/459
f 1211/459 1179/455 1132/456
f 1329/444 1227/458 1266/460
f 1266/460 1227/458 1211/459
f 1329/444 1266/460 1281/447
f 1087/461 1132/456 1054/453
f 1087/461 1054/453 1110/462
f 1087/461 1110/462 1132/456
f 1110/462 1054/453 1067/457
f 1164/463 1211/459 1132/456
f 1164/463 1132/456 1110/462
f 1211/459 1164/463 1266/460
f 1164/463 1110/462 1067/457
f 1164/463 1067/457 1253/464
f 1253/464 1067/457 1188/465
f 1164/463 1253/464 1157/466
f 1164/463 1157/466 1266/460
f 1157/466 1253/464 1194/467
f 1266/460 1157/466 1189/468
f 1189/468 1157/466 1194/467
f 1266/460 1189/468 1281/447
f 1189/468 1194/467 1262/469
f 1189/468 1262/469 1281/447
f 772/470 888/471 838/472
f 888/471 772/470 793/473
f 793/473 772/470 677/474
f 888/471 793/473 829/475
f 793/473 677/474 18/476
f 888/471 829/475 880/477
f 793/473 18/476 734/478
f 793/473 734/478 829/475
f 99/479 210/480 18/476
f 880/477 829/475 812/481
f 880/477 812/481 929/482
f 829/475 734/478 648/483
f 734/478 18/476 93/484
f 734/478 93/484 648/483
f 18/476 210/480 205/485
f 18/476 205/485 93/484
f 205/485 210/480 234/486
f 234/486 210/480 225/487
f 205/485 234/486 211/488
f 93/484 205/485 179/489
f 179/489 205/485 211/488
f 93/484 179/489 648/483
f 179/489 211/488 189/490
f 179/489 189/490 146/491
f 179/489 146/491 648/483
f 146/491 189/490 142/492
f 648/483 146/491 679/493
f 648/483 679/493 746/494
f 648/483 746/494 730/495
f 730/495 746/494 798/496
f 798/496 746/494 831/497
f 798/496 831/497 802/498
f 802/498 831/497 851/499
f 730/495 798/496 725/500
f 725/500 798/496 802/498
f 802/498 851/499 847/501
f 730/495 725/500 689/502
f 719/503 648/483 730/495
f 719/503 730/495 689/502
f 689/502 725/500 771/504
f 771/504 725/500 802/498
f 719/503 689/502 727/505
f 727/505 689/502 771/504
f 648/483 719/503 779/506
f 779/506 719/503 727/505
f 779/506 727/505 771/504
f 779/506 771/504 802/498
f 648/483 779/506 829/475
f 779/506 802/498 847/501
f 829/475 779/506 812/481
f 812/481 779/506 847/501
f 812/481 847/501 925/507
f 812/481 925/507 929/482
f 929/482 925/507 1067/508
f 925/507 847/501 877/509
f 877/509 847/501 882/510
f 1067/508 925/507 972/511
f 972/511 925/507 877/509
f 1067/508 972/511 999/512
f 999/512 972/511 877/509
f 1158/513 1193/514 1233/515
f 1158/513 1233/515 1226/516
f 1226/516 1233/515 1335/517
f 1226/516 1335/517 1149/518
f 1233/515 1193/514 1272/519
f 1233/515 1272/519 1335/517
f 1272/519 1193/514 1265/520
f 1335/517 1272/519 1365/521
f 1365/521 1272/519 1265/520
f 1365/521 1265/520 1368/522
f 1365/521 1368/522 1396/523
f 1368/522 1265/520 1325/524
f 1396/523 1368/522 1458/525
f 1396/523 1458/525 1420/526
f 1420/526 1458/525 1472/527
f 1458/525 1368/522 1474/528
f 1458/525 1474/528 1472/527
f 1368/522 1325/524 1401/529
f 1368/522 1401/529 1474/528
f 1401/529 1325/524 1329/530
f 1401/529 1329/530 1408/531
f 1401/529 1408/531 1474/528
f 1474/528 1408/531 1388/532
f 1472/527 1474/528 1413/533
f 1413/533 1474/528 1388/532
f 1472/527 1413/533 1256/534
f 1388/532 1408/531 1281/535
f 1388/532 1281/535 1315/536
f 1315/536 1281/535 1262/537
f 1315/536 1262/537 1260/538
f 1315/536 1260/538 1388/532
f 1260/538 1262/537 1194/539
f 1260/538 1194/539 1253/540
f 1388/532 1260/538 1301/541
f 1301/541 1260/538 1253/540
f 1388/532 1301/541 1413/533
f 1301/541 1253/540 1188/542
f 1413/533 1301/541 1241/543
f 1241/543 1301/541 1188/542
f 1413/533 1241/543 1256/534
f 1241/543 1188/542 1168/544
f 1168/544 1188/542 1067/545
f 1168/544 1067/545 999/546
f 1241/543 1168/544 1042/547
f 1042/547 1168/544 999/546
f 1256/534 1241/543 1066/548
f 1066/548 1241/543 1042/547
f 1256/534 1066/548 1155/549
f 1042/547 999/546 1002/550
f 1042/547 1002/550 1066/548
f 1002/550 999/546 877/551
f 1066/548 1002/550 1043/552
f 178/553 186/554 147/555
f 186/554 178/553 244/556
f 244/556 178/553 151/557
f 244/556 151/557 330/558
f 186/554 244/556 284/559
f 244/556 330/558 396/560
f 244/556 396/560 284/559
f 186/554 284/559 249/561
f 186/554 249/561 133/562
f 133/562 249/561 212/563
f 133/562 212/563 138/564
f 249/561 284/559 300/565
f 249/561 300/565 212/563
f 157/566 138/564 159/567
f 159/567 138/564 212/563
f 159/567 212/563 231/568
f 300/565 284/559 339/569
f 339/569 284/559 396/560
f 300/565 339/569 331/570
f 212/563 300/565 368/571
f 368/571 300/565 331/570
f 331/570 339/569 372/572
f 331/570 372/572 368/571
f 372/572 339/569 396/560
f 368/571 372/572 417/573
f 417/573 372/572 396/560
f 212/563 368/571 378/574
f 349/575 231/568 212/563
f 349/575 212/563 378/574
f 231/568 349/575 313/576
f 313/576 349/575 476/577
f 349/575 378/574 498/578
f 349/575 498/578 476/577
f 378/574 368/571 425/579
f 425/579 368/571 417/573
f 378/574 425/579 482/580
f 378/574 482/580 498/578
f 425/579 417/573 471/581
f 425/579 471/581 482/580
f 498/578 482/580 539/582
f 471/581 417/573 529/583
f 529/583 417/573 396/560
f 482/580 471/581 540/584
f 482/580 540/584 539/582
f 540/584 471/581 529/583
f 498/578 539/582 561/585
f 561/585 539/582 540/584
f 563/586 476/577 498/578
f 563/586 498/578 561/585
f 476/577 563/586 525/587
f 525/587 563/586 557/588
f 563/586 561/585 581/589
f 563/586 581/589 557/588
f 561/585 540/584 564/590
f 561/585 564/590 581/589
f 564/590 540/584 559/591
f 559/591 540/584 529/583
f 581/589 564/590 569/592
f 569/592 564/590 559/591
f 581/589 569/592 557/588
f 559/591 529/583 519/593
f 559/591 519/593 569/592
f 519/593 529/583 396/560
f 519/593 396/560 330/558
f 519/593 330/558 461/594
f 519/593 461/594 470/595
f 519/593 470/595 569/592
f 569/592 470/595 531/596
f 556/597 557/588 569/592
f 556/597 569/592 531/596
f 557/588 556/597 533/598
f 556/597 531/596 504/599
f 533/598 556/597 516/600
f 516/600 556/597 504/599
f 533/598 516/600 491/601
f 491/601 516/600 504/599
f 1134/602 1160/603 1130/604
f 178/605 637/606 95/607
f 178/605 95/607 151/608
f 95/607 637/606 92/609
f 92/609 637/606 680/610
f 151/608 95/607 270/611
f 151/608 270/611 330/612
f 330/612 270/611 461/613
f 92/609 680/610 70/614
f 95/607 92/609 215/615
f 95/607 215/615 270/611
f 461/613 270/611 353/616
f 353/616 270/611 215/615
f 92/609 70/614 177/617
f 92/609 177/617 215/615
f 215/615 177/617 247/618
f 177/617 70/614 116/619
f 215/615 247/618 296/620
f 215/615 296/620 353/616
f 247/618 177/617 263/621
f 247/618 263/621 296/620
f 263/621 177/617 116/619
f 353/616 296/620 338/622
f 296/620 263/621 320/623
f 296/620 320/623 338/622
f 320/623 263/621 384/624
f 384/624 263/621 116/619
f 338/622 320/623 395/625
f 395/625 320/623 384/624
f 353/616 338/622 409/626
f 409/626 338/622 395/625
f 353/616 409/626 433/627
f 353/616 433/627 461/613
f 409/626 395/625 412/628
f 412/628 395/625 384/624
f 409/626 412/628 433/627
f 461/613 433/627 470/629
f 470/629 433/627 489/630
f 433/627 412/628 447/631
f 433/627 447/631 489/630
f 447/631 412/628 478/632
f 447/631 478/632 489/630
f 489/630 478/632 557/633
f 489/630 557/633 533/634
f 557/633 478/632 525/635
f 489/630 533/634 509/636
f 489/630 509/636 470/629
f 509/636 533/634 491/637
f 470/629 509/636 531/638
f 509/636 491/637 504/639
f 509/636 504/639 531/638
f 525/635 478/632 466/640
f 466/640 478/632 412/628
f 525/635 466/640 476/641
f 466/640 412/628 418/642
f 466/640 418/642 476/641
f 418/642 412/628 384/624
f 476/641 418/642 313/643
f 418/642 384/624 218/644
f 418/642 218/644 313/643
f 218/644 384/624 116/619
f 313/643 218/644 130/645
f 130/645 218/644 116/619
f 313/643 130/645 231/646
f 231/646 130/645 159/647
f 130/645 116/619 45/648
f 45/648 116/619 70/614
f 45/648 70/614 737/649
f 159/647 130/645 79/650
f 79/650 130/645 45/648
f 159/647 79/650 157/651
f 45/648 737/649 48/652
f 45/648 48/652 79/650
f 157/651 79/650 171/653
f 171/653 79/650 48/652
f 171/653 48/652 155/654
f 171/653 155/654 217/655
f 155/654 48/652 169/656
f 217/655 155/654 185/657
f 185/657 155/654 169/656
f 851/658 882/659 847/660
f 882/659 851/658 926/661
f 882/659 926/661 877/662
f 926/661 851/658 875/663
f 877/662 926/661 957/664
f 877/662 957/664 1002/665
f 926/661 875/663 978/666
f 1002/665 957/664 978/666
f 978/666 957/664 926/661
f 978/666 875/663 845/667
f 978/666 845/667 832/668
f 978/666 832/668 933/669
f 832/668 845/667 810/670
f 933/669 832/668 796/671
f 796/671 832/668 810/670
f 933/669 796/671 881/672
f 796/671 810/670 767/673
f 796/671 767/673 881/672
f 767/673 810/670 782/674
f 767/673 782/674 788/675
f 881/672 767/673 849/676
f 849/676 767/673 788/675
f 881/672 849/676 969/677
f 849/676 788/675 906/678
f 941/679 891/680 985/681
f 891/680 941/679 949/682
f 941/679 985/681 1018/683
f 941/679 1018/683 949/682
f 891/680 949/682 991/684
f 991/684 949/682 1018/683
f 891/680 991/684 932/685
f 1018/683 985/681 1021/686
f 1018/683 1021/686 991/684
f 1021/686 985/681 1090/687
f 1021/686 1090/687 1120/688
f 1021/686 1120/688 991/684
f 991/684 1120/688 1127/689
f 991/684 1127/689 1012/690
f 991/684 1012/690 932/685
f 1012/690 1127/689 1106/691
f 932/685 1012/690 959/692
f 932/685 959/692 977/693
f 977/693 959/692 1014/694
f 1014/694 959/692 1020/695
f 959/692 1012/690 1013/696
f 1013/696 1012/690 1106/691
f 1020/695 959/692 993/697
f 993/697 959/692 1013/696
f 1020/695 993/697 1062/698
f 1062/698 993/697 1052/699
f 1052/699 993/697 1024/700
f 1024/700 993/697 1013/696
f 1052/699 1024/700 1099/701
f 1099/701 1024/700 1088/702
f 1099/701 1088/702 1138/703
f 1024/700 1013/696 1047/704
f 1047/704 1013/696 1106/691
f 1103/705 1106/691 1138/703
f 1106/691 1103/705 1047/704
f 1138/703 1088/702 1049/706
f 1049/706 1088/702 1024/700
f 1138/703 1049/706 1103/705
f 1049/706 1024/700 1047/704
f 1049/706 1047/704 1103/705
f 861/707 831/708 746/709
f 831/708 861/707 851/710
f 861/707 746/709 776/711
f 776/711 746/709 663/712
f 776/711 663/712 698/713
f 776/711 698/713 3/714
f 851/710 861/707 885/715
f 851/710 885/715 875/716
f 875/716 885/715 845/717
f 885/715 861/707 844/718
f 885/715 844/718 845/717
f 844/718 861/707 776/711
f 845/717 844/718 810/719
f 776/711 3/714 747/720
f 776/711 747/720 844/718
f 844/718 747/720 810/719
f 747/720 3/714 654/721
f 810/719 747/720 782/722
f 782/722 747/720 654/721
f 679/723 669/724 746/725
f 746/725 669/724 663/726
f 663/726 669/724 679/723
f 663/726 679/723 146/727
f 663/726 146/727 4/728
f 663/726 4/728 698/729
f 698/729 4/728 3/730
f 3/730 4/728 42/731
f 146/732 142/733 117/734
f 146/732 117/734 111/735
f 146/732 111/735 4/736
f 111/735 117/734 67/737
f 4/736 111/735 63/738
f 63/738 111/735 67/737
f 4/736 63/738 661/739
f 661/739 63/738 71/740
f 63/738 67/737 61/741
f 63/738 61/741 21/742
f 21/742 61/741 67/737
f 21/742 67/737 25/743
f 680/744 637/745 708/746
f 680/744 708/746 760/747
f 760/747 708/746 757/748
f 760/747 757/748 780/749
f 760/747 780/749 800/750
f 800/750 780/749 891/751
f 760/747 800/750 777/752
f 760/747 777/752 680/744
f 777/752 800/750 797/753
f 777/752 797/753 737/754
f 777/752 737/754 680/744
f 680/744 737/754 70/755
f 1120/756 1090/757 1130/758
f 1120/756 1130/758 1169/759
f 1120/756 1169/759 1149/760
f 1169/759 1130/758 1160/761
f 1149/760 1169/759 1226/762
f 1226/762 1169/759 1160/761
f 1226/762 1160/761 1158/763
f 186/764 132/765 180/766
f 132/765 186/764 133/767
f 132/765 133/767 90/768
f 132/765 90/768 67/769
f 90/768 133/767 138/770
f 90/768 138/770 72/771
f 67/769 90/768 25/772
f 25/772 90/768 72/771
f 25/772 72/771 737/773
f 737/773 72/771 48/774
f 25/772 737/773 749/775
f 749/775 737/773 797/776
f 25/772 749/775 736/777
f 25/772 736/777 638/778
f 736/777 749/775 856/779
f 856/779 749/775 797/776
f 856/779 797/776 800/780
f 24/781 654/782 3/783
f 24/781 3/783 42/784
f 654/782 24/781 38/785
f 654/782 38/785 722/786
f 654/782 722/786 782/787
f 722/786 38/785 666/788
f 666/788 38/785 5/789
f 666/788 5/789 722/786
f 722/786 5/789 693/790
f 722/786 693/790 782/787
f 782/787 693/790 692/791
f 782/787 692/791 788/792
f 788/792 692/791 862/793
f 180/794 132/795 117/796
f 117/796 132/795 67/797
f 24/798 34/799 38/800
f 38/800 34/799 5/801
f 34/799 24/798 10/802
f 5/801 34/799 693/803
f 693/803 34/799 10/802
f 693/803 10/802 692/804
f 692/804 10/802 744/805
f 891/806 932/807 800/808
f 800/808 932/807 898/809
f 800/808 898/809 856/810
f 898/809 932/807 977/811
f 1127/812 1120/813 1148/814
f 1127/812 1148/814 1106/815
f 1106/815 1148/814 1138/816
f 1148/814 1120/813 1149/817
f 1138/816 1148/814 1099/818
f 1099/818 1148/814 1057/819
f 1099/818 1057/819 1052/820
f 1052/820 1057/819 1102/821
f 1057/819 1148/814 1147/822
f 1148/814 1149/817 1219/823
f 1148/814 1219/823 1147/822
f 1219/823 1149/817 1335/824
f 1219/823 1335/824 1361/825
f 1219/823 1361/825 1404/826
f 1147/822 1219/823 1205/827
f 1205/827 1219/823 1404/826
f 1147/822 1205/827 1341/828
f 1341/828 1205/827 1404/826
f 42/829 4/830 661/831
f 42/829 661/831 743/832
f 24/833 649/834 10/835
f 10/835 649/834 685/836
f 649/834 24/833 42/837
f 649/834 42/837 702/838
f 1108/839 1098/840 1151/841
f 1151/841 1098/840 1232/842
f 1232/842 1098/840 1202/843
f 1202/843 1098/840 1108/839
f 1202/843 1108/839 1147/844
f 1147/844 1108/839 1151/841
f 1202/843 1147/844 1341/845
f 1147/844 1151/841 1057/846
f 1057/846 1151/841 1102/847
f 245/848 138/849 157/850
f 48/851 72/852 138/849
f 48/851 138/849 224/853
f 224/853 138/849 245/848
f 48/851 224/853 169/854
f 169/854 224/853 250/855
f 250/855 224/853 245/848
f 169/854 250/855 185/856
f 250/855 245/848 264/857
f 246/858 245/848 157/850
f 245/848 246/858 264/857
f 246/858 157/850 171/859
f 264/857 246/858 217/860
f 217/860 246/858 171/859
f 692/861 744/862 862/863
f 862/863 744/862 807/864
f 807/864 744/862 775/865
f 807/864 775/865 818/866
f 862/863 807/864 873/867
f 873/867 807/864 818/866
f 862/863 873/867 906/868
f 862/863 906/868 788/869
f 906/868 873/867 945/870
f 945/870 873/867 917/871
f 945/870 917/871 974/872
f 873/867 818/866 871/873
f 871/873 818/866 821/874
f 821/874 818/866 711/875
f 821/874 711/875 846/876
f 846/876 711/875 758/877
f 846/876 758/877 753/878
f 752/879 711/875 753/878
f 711/875 752/879 758/877
f 758/877 752/879 753/878
f 685/880 744/881 10/882
f 1365/883 1396/884 1445/885
f 1365/883 1445/885 1456/886
f 978/887 1043/888 1002/889
f 849/890 945/891 969/892
f 945/891 849/890 906/893
f 969/892 945/891 1009/894
f 969/892 1009/894 881/895
f 638/896 6/897 25/898
f 25/898 6/897 21/899
f 6/897 638/896 641/900
f 641/900 638/896 108/901
f 641/900 108/901 98/902
f 641/900 98/902 66/903
f 66/903 98/902 141/904
f 6/897 641/900 766/905
f 21/899 6/897 644/906
f 644/906 6/897 766/905
f 21/899 644/906 94/907
f 21/899 94/907 63/908
f 63/908 94/907 71/909
f 71/909 94/907 644/906
f 71/909 644/906 28/910
f 28/910 644/906 766/905
f 701/911 766/905 641/900
f 701/911 641/900 66/903
f 766/905 701/911 736/912
f 701/911 66/903 49/913
f 49/913 66/903 122/914
f 736/912 701/911 670/915
f 670/915 701/911 49/913
f 736/912 670/915 638/916
f 638/916 670/915 108/917
f 108/917 670/915 49/913
f 108/917 49/913 160/918
f 108/917 160/918 98/919
f 981/920 978/921 933/922
f 1151/923 1232/924 1240/925
f 1151/923 1240/925 1173/926
f 1151/923 1173/926 1102/927
f 1102/927 1173/926 1152/928
f 1102/927 1152/928 1129/929
f 1102/927 1129/929 1062/930
f 1102/927 1062/930 1052/931
f 1062/930 1129/929 1076/932
f 1062/930 1076/932 1020/933
f 1076/932 1129/929 1079/934
f 1472/935 1256/936 1543/937
f 1472/935 1543/937 1486/938
f 1472/935 1486/938 1420/939
f 1420/939 1486/938 1445/940
f 1420/939 1445/940 1396/941
f 1445/940 1486/938 1492/942
f 1492/942 1486/938 1543/937
f 1445/940 1492/942 1456/943
f 1334/944 1543/937 1256/936
f 1334/944 1256/936 1236/945
f 1236/945 1256/936 1155/946
f 1236/945 1155/946 1100/947
f 1236/945 1100/947 1334/944
f 1100/947 1155/946 1066/948
f 1100/947 1066/948 1043/949
f 1100/947 1043/949 1085/950
f 1523/951 1543/937 1334/944
f 1523/951 1334/944 1340/952
f 1523/951 1340/952 1556/953
f 1543/937 1523/951 1563/954
f 1563/954 1523/951 1556/953
f 1543/937 1563/954 1492/942
f 1563/954 1556/953 1509/955
f 1492/942 1563/954 1496/956
f 1496/956 1563/954 1509/955
f 1509/955 1556/953 1512/957
f 1512/957 1556/953 1519/958
f 1509/955 1512/957 1496/956
f 1496/956 1512/957 1505/959
f 1492/942 1496/956 1456/943
f 1496/956 1505/959 1440/960
f 1496/956 1440/960 1456/943
f 1456/943 1440/960 1421/961
f 1421/961 1440/960 1321/962
f 1321/962 1440/960 1356/963
f 1014/964 1029/965 977/966
f 977/966 1029/965 942/967
f 977/966 942/967 898/968
f 942/967 1029/965 895/969
f 942/967 895/969 898/968
f 1029/965 1014/964 1041/970
f 1029/965 1041/970 895/969
f 1041/970 1014/964 1076/971
f 1076/971 1014/964 1020/972
f 1041/970 1076/971 1003/973
f 1041/970 1003/973 895/969
f 898/968 895/969 843/974
f 898/968 843/974 856/975
f 856/975 843/974 736/976
f 736/976 843/974 895/969
f 736/976 895/969 766/977
f 895/969 1003/973 961/978
f 895/969 961/978 870/979
f 870/979 961/978 900/980
f 900/980 961/978 1003/973
f 900/980 1003/973 947/981
f 900/980 947/981 921/982
f 921/982 947/981 967/983
f 967/983 947/981 986/984
f 986/984 947/981 989/985
f 989/985 947/981 1003/973
f 986/984 989/985 1058/986
f 1058/986 989/985 1048/987
f 1048/987 989/985 1003/973
f 1048/987 1003/973 1076/971
f 1048/987 1076/971 1079/988
f 1048/987 1079/988 1092/989
f 1202/990 1341/991 1290/992
f 1202/990 1290/992 1232/993
f 1404/994 1438/995 1341/991
f 1341/991 1438/995 1437/996
f 1341/991 1437/996 1345/997
f 1341/991 1345/997 1290/992
f 1290/992 1345/997 1288/998
f 1290/992 1288/998 1232/993
f 1232/993 1288/998 1175/999
f 1232/993 1175/999 1240/1000
f 1240/1000 1175/999 1218/1001
f 1240/1000 1218/1001 1173/1002
f 1173/1002 1218/1001 1152/1003
f 1175/999 1288/998 1172/1004
f 1175/999 1172/1004 1218/1001
f 1172/1004 1288/998 1261/1005
f 1261/1005 1288/998 1195/1006
f 1261/1005 1195/1006 1208/1007
f 1261/1005 1208/1007 1274/1008
f 1261/1005 1274/1008 1237/1009
f 1261/1005 1237/1009 1172/1004
f 1172/1004 1237/1009 1305/1010
f 1172/1004 1305/1010 1218/1001
f 1305/1010 1237/1009 1254/1011
f 1305/1010 1254/1011 1218/1001
f 1218/1001 1254/1011 1243/1012
f 1218/1001 1243/1012 1152/1003
f 1243/1012 1254/1011 1246/1013
f 1152/1003 1243/1012 1129/1014
f 1243/1012 1246/1013 1092/1015
f 1129/1014 1243/1012 1079/1016
f 1079/1016 1243/1012 1092/1015
f 1404/1017 1361/1018 1438/1019
f 1438/1019 1361/1018 1394/1020
f 1394/1020 1361/1018 1335/1021
f 1394/1020 1335/1021 1365/1022
f 1394/1020 1365/1022 1456/1023
f 1438/1019 1394/1020 1482/1024
f 1438/1019 1482/1024 1437/1025
f 1394/1020 1456/1023 1428/1026
f 1394/1020 1428/1026 1482/1024
f 1428/1026 1456/1023 1421/1027
f 1482/1024 1428/1026 1513/1028
f 1482/1024 1513/1028 1437/1025
f 1513/1028 1428/1026 1421/1027
f 1437/1025 1513/1028 1406/1029
f 1406/1029 1513/1028 1421/1027
f 1406/1029 1421/1027 1321/1030
f 1437/1025 1406/1029 1345/1031
f 1406/1029 1321/1030 1274/1032
f 1345/1031 1406/1029 1320/1033
f 1320/1033 1406/1029 1274/1032
f 1345/1031 1320/1033 1288/1034
f 1320/1033 1274/1032 1208/1035
f 1288/1034 1320/1033 1195/1036
f 1195/1036 1320/1033 1208/1035
f 214/1037 264/1038 217/1039
f 214/1037 217/1039 165/1040
f 165/1040 217/1039 185/1041
f 264/1038 214/1037 239/1042
f 264/1038 239/1042 241/1043
f 214/1037 165/1040 153/1044
f 214/1037 153/1044 239/1042
f 153/1044 165/1040 131/1045
f 153/1044 131/1045 53/1046
f 239/1042 153/1044 223/1047
f 239/1042 223/1047 241/1043
f 153/1044 53/1046 109/1048
f 109/1048 53/1046 62/1049
f 223/1047 153/1044 183/1050
f 183/1050 153/1044 109/1048
f 241/1043 223/1047 227/1051
f 227/1051 223/1047 183/1050
f 241/1043 227/1051 199/1052
f 199/1052 227/1051 162/1053
f 162/1053 227/1051 183/1050
f 183/1050 109/1048 126/1054
f 183/1050 126/1054 162/1053
f 126/1054 109/1048 52/1055
f 126/1054 52/1055 128/1056
f 126/1054 128/1056 166/1057
f 162/1053 126/1054 158/1058
f 162/1053 158/1058 156/1059
f 156/1059 158/1058 655/1060
f 702/1061 42/1062 743/1063
f 702/1061 743/1063 739/1064
f 739/1064 743/1063 733/1065
f 702/1061 739/1064 720/1066
f 739/1064 733/1065 658/1067
f 720/1066 739/1064 740/1068
f 740/1068 739/1064 658/1067
f 720/1066 740/1068 775/1069
f 740/1068 658/1067 818/1070
f 740/1068 818/1070 775/1069
f 185/1071 250/1072 233/1073
f 233/1073 250/1072 241/1074
f 241/1074 250/1072 264/1075
f 233/1073 241/1074 219/1076
f 219/1076 241/1074 199/1077
f 185/1071 233/1073 188/1078
f 188/1078 233/1073 219/1076
f 188/1078 219/1076 199/1077
f 185/1071 188/1078 165/1079
f 165/1079 188/1078 154/1080
f 154/1080 188/1078 199/1077
f 165/1079 154/1080 131/1081
f 154/1080 199/1077 135/1082
f 154/1080 135/1082 131/1081
f 131/1081 135/1082 53/1083
f 135/1082 199/1077 162/1084
f 53/1083 135/1082 83/1085
f 83/1085 135/1082 162/1084
f 83/1085 162/1084 103/1086
f 83/1085 103/1086 41/1087
f 103/1086 162/1084 156/1088
f 649/1089 720/1090 685/1091
f 720/1090 649/1089 702/1092
f 685/1091 720/1090 775/1093
f 685/1091 775/1093 744/1094
f 71/1095 743/1096 661/1097
f 743/1096 71/1095 717/1098
f 743/1096 717/1098 733/1099
f 717/1098 71/1095 28/1100
f 733/1099 717/1098 681/1101
f 681/1101 717/1098 28/1100
f 681/1101 28/1100 667/1102
f 1009/1103 958/1104 881/1105
f 881/1105 958/1104 988/1106
f 988/1106 958/1104 992/1107
f 958/1104 1009/1103 1016/1108
f 1016/1108 1009/1103 974/1109
f 992/1107 958/1104 963/1110
f 992/1107 963/1110 1053/1111
f 958/1104 1016/1108 990/1112
f 958/1104 990/1112 963/1110
f 1053/1111 963/1110 1005/1113
f 1005/1113 963/1110 990/1112
f 1053/1111 1005/1113 1063/1114
f 1053/1111 1063/1114 1085/1115
f 1063/1114 1005/1113 997/1116
f 1005/1113 990/1112 955/1117
f 1005/1113 955/1117 997/1116
f 955/1117 990/1112 1016/1108
f 922/1118 913/1119 997/1116
f 922/1118 997/1116 955/1117
f 922/1118 955/1117 789/1120
f 789/1120 955/1117 745/1121
f 745/1121 955/1117 753/1122
f 753/1122 955/1117 868/1123
f 753/1122 868/1123 846/1124
f 868/1123 955/1117 865/1125
f 868/1123 865/1125 846/1124
f 846/1124 865/1125 871/1126
f 871/1126 865/1125 955/1117
f 846/1124 871/1126 821/1127
f 953/1128 955/1117 1016/1108
f 955/1117 953/1128 871/1126
f 953/1128 1016/1108 974/1109
f 871/1126 953/1128 901/1129
f 953/1128 974/1109 935/1130
f 953/1128 935/1130 901/1129
f 901/1129 935/1130 871/1126
f 935/1130 974/1109 917/1131
f 935/1130 917/1131 871/1126
f 871/1126 917/1131 873/1132
f 933/1133 988/1134 981/1135
f 981/1135 988/1134 1031/1136
f 1031/1136 988/1134 992/1137
f 981/1135 1031/1136 978/1138
f 1031/1136 992/1137 1053/1139
f 978/1138 1031/1136 1043/1140
f 1031/1136 1053/1139 1085/1141
f 1031/1136 1085/1141 1043/1140
f 160/1142 141/1143 98/1144
f 141/1143 160/1142 106/1145
f 141/1143 106/1145 66/1146
f 66/1146 106/1145 122/1147
f 122/1147 106/1145 160/1142
f 122/1147 160/1142 49/1148
f 974/1149 1009/1150 945/1151
f 766/1152 741/1153 28/1154
f 28/1154 741/1153 642/1155
f 741/1153 766/1152 817/1156
f 741/1153 817/1156 642/1155
f 817/1156 766/1152 895/1157
f 817/1156 895/1157 870/1158
f 817/1156 870/1158 792/1159
f 817/1156 792/1159 642/1155
f 642/1155 792/1159 103/1160
f 642/1155 103/1160 156/1161
f 103/1160 792/1159 41/1162
f 881/1163 988/1164 933/1165
f 642/1166 58/1167 28/1168
f 28/1168 58/1167 667/1169
f 667/1169 58/1167 23/1170
f 667/1169 23/1170 681/1171
f 58/1167 642/1166 655/1172
f 655/1172 642/1166 156/1173
f 23/1170 58/1167 20/1174
f 20/1174 58/1167 655/1172
f 23/1170 20/1174 26/1175
f 158/1176 91/1177 655/1172
f 655/1172 91/1177 59/1178
f 655/1172 59/1178 686/1179
f 655/1172 686/1179 20/1174
f 686/1179 59/1178 96/1180
f 686/1179 96/1180 81/1181
f 686/1179 81/1181 46/1182
f 686/1179 46/1182 54/1183
f 54/1183 46/1182 43/1184
f 54/1183 43/1184 33/1185
f 54/1183 33/1185 22/1186
f 694/1187 20/1174 686/1179
f 694/1187 686/1179 54/1183
f 20/1174 694/1187 26/1175
f 54/1183 22/1186 634/1188
f 54/1183 634/1188 694/1187
f 634/1188 22/1186 676/1189
f 676/1189 22/1186 729/1190
f 694/1187 634/1188 700/1191
f 694/1187 700/1191 26/1175
f 700/1191 634/1188 676/1189
f 26/1175 700/1191 729/1190
f 729/1190 700/1191 676/1189
f 1124/1192 1334/1193 1100/1194
f 1334/1193 1124/1192 1340/1195
f 1124/1192 1100/1194 1085/1196
f 1124/1192 1085/1196 1125/1197
f 1125/1197 1085/1196 1063/1198
f 1340/1195 1124/1192 1258/1199
f 1258/1199 1124/1192 1125/1197
f 1258/1199 1125/1197 1063/1198
f 1340/1195 1258/1199 1377/1200
f 1377/1200 1258/1199 1309/1201
f 1309/1201 1258/1199 1295/1202
f 1295/1202 1258/1199 1297/1203
f 1295/1202 1297/1203 1197/1204
f 1258/1199 1063/1198 1135/1205
f 1258/1199 1135/1205 1297/1203
f 1297/1203 1135/1205 1197/1204
f 1135/1205 1063/1198 997/1206
f 1197/1204 1135/1205 1128/1207
f 1135/1205 997/1206 1039/1208
f 1135/1205 1039/1208 1128/1207
f 1039/1208 997/1206 1030/1209
f 1128/1207 1039/1208 1075/1210
f 681/1211 697/1212 733/1213
f 733/1213 697/1212 732/1214
f 733/1213 732/1214 658/1215
f 732/1214 697/1212 745/1216
f 658/1215 732/1214 672/1217
f 672/1217 732/1214 745/1216
f 658/1215 672/1217 818/1218
f 818/1218 672/1217 711/1219
f 672/1217 745/1216 636/1220
f 636/1220 745/1216 753/1221
f 41/1222 792/1223 656/1224
f 900/1225 792/1223 870/1226
f 792/1223 900/1225 837/1227
f 792/1223 837/1227 656/1224
f 837/1227 900/1225 921/1228
f 656/1224 837/1227 728/1229
f 656/1224 728/1229 713/1230
f 713/1230 728/1229 657/1231
f 728/1229 837/1227 764/1232
f 728/1229 764/1232 647/1233
f 837/1227 921/1228 867/1234
f 837/1227 867/1234 764/1232
f 867/1234 921/1228 903/1235
f 903/1235 921/1228 967/1236
f 764/1232 867/1234 791/1237
f 764/1232 791/1237 675/1238
f 675/1238 791/1237 768/1239
f 768/1239 791/1237 787/1240
f 787/1240 791/1237 803/1241
f 867/1234 903/1235 860/1242
f 867/1234 860/1242 791/1237
f 860/1242 903/1235 842/1243
f 860/1242 842/1243 791/1237
f 791/1237 842/1243 803/1241
f 842/1243 903/1235 915/1244
f 803/1241 842/1243 816/1245
f 842/1243 915/1244 858/1246
f 842/1243 858/1246 816/1245
f 83/1247 41/1248 53/1249
f 53/1249 41/1248 27/1250
f 27/1250 41/1248 656/1251
f 53/1249 27/1250 100/1252
f 53/1249 100/1252 104/1253
f 53/1249 104/1253 62/1254
f 104/1253 100/1252 82/1255
f 82/1255 100/1252 124/1256
f 27/1250 656/1251 647/1257
f 27/1250 647/1257 764/1258
f 27/1250 764/1258 7/1259
f 647/1257 656/1251 657/1260
f 647/1257 657/1260 728/1261
f 657/1260 656/1251 713/1262
f 23/1263 697/1264 681/1265
f 697/1264 23/1263 710/1266
f 697/1264 710/1266 745/1267
f 745/1267 710/1266 789/1268
f 710/1266 23/1263 712/1269
f 789/1268 710/1266 763/1270
f 789/1268 763/1270 820/1271
f 789/1268 820/1271 864/1272
f 820/1271 763/1270 759/1273
f 759/1273 763/1270 710/1266
f 820/1271 759/1273 835/1274
f 759/1273 710/1266 738/1275
f 738/1275 710/1266 712/1269
f 759/1273 738/1275 783/1276
f 635/1277 712/1269 23/1263
f 712/1269 635/1277 684/1278
f 635/1277 23/1263 26/1279
f 684/1278 635/1277 729/1280
f 729/1280 635/1277 26/1279
f 672/1281 662/1282 711/1283
f 711/1283 662/1282 753/1284
f 753/1284 662/1282 636/1285
f 662/1282 672/1281 19/1286
f 19/1286 672/1281 636/1285
f 19/1286 636/1285 662/1282
f 1556/1287 1340/1288 1400/1289
f 1400/1289 1340/1288 1377/1290
f 1556/1287 1400/1289 1549/1291
f 1549/1291 1400/1289 1387/1292
f 1556/1287 1549/1291 1586/1293
f 1387/1292 1400/1289 1522/1294
f 1387/1292 1522/1294 1549/1291
f 1522/1294 1400/1289 1377/1290
f 1549/1291 1522/1294 1586/1293
f 1586/1293 1522/1294 1377/1290
f 1556/1287 1586/1293 1519/1295
f 1519/1295 1586/1293 1620/1296
f 1586/1293 1377/1290 1426/1297
f 1586/1293 1426/1297 1597/1298
f 1092/1299 1246/1300 1121/1301
f 1092/1299 1121/1301 1146/1302
f 1121/1301 1246/1300 1105/1303
f 1146/1302 1121/1301 1154/1304
f 1154/1304 1121/1301 1105/1303
f 1146/1302 1154/1304 1159/1305
f 1159/1305 1154/1304 1101/1306
f 1101/1306 1154/1304 1105/1303
f 1105/1303 1246/1300 1201/1307
f 1201/1307 1246/1300 1254/1308
f 1105/1303 1201/1307 1163/1309
f 1105/1303 1163/1309 1181/1310
f 1105/1303 1181/1310 1209/1311
f 1209/1311 1181/1310 1163/1309
f 1209/1311 1163/1309 1201/1307
f 1209/1311 1201/1307 1254/1308
f 1209/1311 1254/1308 1286/1312
f 1209/1311 1286/1312 1238/1313
f 1286/1312 1254/1308 1237/1314
f 1286/1312 1237/1314 1238/1313
f 1238/1313 1237/1314 1274/1315
f 194/1316 255/1317 158/1318
f 194/1316 158/1318 126/1319
f 158/1318 255/1317 216/1320
f 158/1318 216/1320 137/1321
f 158/1318 137/1321 91/1322
f 91/1322 137/1321 59/1323
f 59/1323 137/1321 96/1324
f 96/1324 137/1321 81/1325
f 1092/1326 1146/1327 1142/1328
f 1142/1328 1146/1327 1159/1329
f 1142/1328 1159/1329 1119/1330
f 1142/1328 1119/1330 1092/1326
f 1119/1330 1159/1329 1101/1331
f 1119/1330 1101/1331 1058/1332
f 1119/1330 1058/1332 1092/1326
f 1092/1326 1058/1332 1048/1333
f 109/1334 62/1335 104/1336
f 109/1334 104/1336 127/1337
f 127/1337 104/1336 82/1338
f 127/1337 82/1338 124/1339
f 109/1334 127/1337 112/1340
f 112/1340 127/1337 124/1339
f 109/1334 112/1340 52/1341
f 112/1340 124/1339 100/1342
f 52/1341 112/1340 65/1343
f 52/1341 65/1343 128/1344
f 128/1344 65/1343 112/1340
f 128/1344 112/1340 166/1345
f 166/1345 112/1340 100/1342
f 166/1345 100/1342 191/1346
f 191/1346 100/1342 137/1347
f 191/1346 137/1347 216/1348
f 191/1346 216/1348 255/1349
f 191/1346 255/1349 194/1350
f 191/1346 194/1350 166/1345
f 166/1345 194/1350 126/1351
f 1292/1352 1274/1353 1321/1354
f 1292/1352 1321/1354 1356/1355
f 1274/1353 1292/1352 1238/1356
f 1238/1356 1292/1352 1190/1357
f 1190/1357 1292/1352 1344/1358
f 1238/1356 1190/1357 1064/1359
f 1064/1359 1190/1357 1086/1360
f 1238/1356 1064/1359 1058/1361
f 1238/1356 1058/1361 1209/1362
f 1058/1361 1064/1359 986/1363
f 1209/1362 1058/1361 1101/1364
f 1209/1362 1101/1364 1105/1365
f 1064/1359 1086/1360 1007/1366
f 1064/1359 1007/1366 1011/1367
f 1007/1366 1086/1360 1026/1368
f 1026/1368 1086/1360 1025/1369
f 1026/1368 1025/1369 979/1370
f 1007/1366 1026/1368 998/1371
f 998/1371 1026/1368 979/1370
f 1007/1366 998/1371 1011/1367
f 998/1371 979/1370 956/1372
f 998/1371 956/1372 1011/1367
f 27/1373 137/1374 100/1375
f 137/1374 27/1373 55/1376
f 137/1374 55/1376 81/1377
f 55/1376 27/1373 7/1378
f 55/1376 7/1378 659/1379
f 81/1380 198/1381 46/1382
f 46/1382 198/1381 237/1383
f 55/1384 646/1385 81/1380
f 81/1380 646/1385 163/1386
f 81/1380 163/1386 288/1387
f 81/1380 288/1387 198/1381
f 288/1387 163/1386 317/1388
f 237/1383 198/1381 332/1389
f 332/1389 198/1381 288/1387
f 237/1383 332/1389 347/1390
f 288/1387 317/1388 434/1391
f 288/1387 434/1391 332/1389
f 434/1391 317/1388 452/1392
f 332/1389 434/1391 474/1393
f 434/1391 452/1392 537/1394
f 434/1391 537/1394 474/1393
f 113/1395 764/1396 675/1397
f 113/1395 675/1397 202/1398
f 764/1396 113/1395 36/1399
f 764/1396 36/1399 7/1400
f 7/1400 36/1399 699/1401
f 699/1401 36/1399 750/1402
f 750/1402 36/1399 85/1403
f 750/1402 85/1403 646/1404
f 646/1404 85/1403 163/1405
f 36/1399 113/1395 105/1406
f 36/1399 105/1406 85/1403
f 163/1405 85/1403 317/1407
f 105/1406 113/1395 136/1408
f 85/1403 105/1406 175/1409
f 175/1409 105/1406 136/1408
f 85/1403 175/1409 229/1410
f 85/1403 229/1410 317/1407
f 175/1409 136/1408 248/1411
f 175/1409 248/1411 229/1410
f 136/1408 113/1395 243/1412
f 136/1408 243/1412 248/1411
f 243/1412 113/1395 202/1398
f 229/1410 248/1411 295/1413
f 229/1410 295/1413 317/1407
f 317/1407 295/1413 399/1414
f 317/1407 399/1414 452/1415
f 399/1414 295/1413 389/1416
f 389/1416 295/1413 248/1411
f 243/1412 202/1398 311/1417
f 311/1417 202/1398 350/1418
f 311/1417 350/1418 422/1419
f 301/1420 248/1411 243/1412
f 248/1411 301/1420 389/1416
f 301/1420 243/1412 311/1417
f 362/1421 422/1419 389/1416
f 422/1419 362/1421 311/1417
f 362/1421 389/1416 301/1420
f 362/1421 301/1420 311/1417
f 750/1422 659/1423 699/1424
f 699/1424 659/1423 7/1425
f 659/1423 750/1422 646/1426
f 659/1423 646/1426 55/1427
f 1512/1428 1395/1429 1397/1430
f 1395/1429 1512/1428 1519/1431
f 1395/1429 1519/1431 1447/1432
f 1447/1432 1519/1431 1542/1433
f 1395/1429 1447/1432 1415/1434
f 1395/1429 1415/1434 1397/1430
f 1415/1434 1447/1432 1473/1435
f 1397/1430 1415/1434 1360/1436
f 1440/1437 1505/1438 1512/1428
f 1440/1437 1512/1428 1397/1430
f 1440/1437 1397/1430 1356/1439
f 1397/1430 1360/1436 1306/1440
f 1356/1439 1397/1430 1291/1441
f 1291/1441 1397/1430 1306/1440
f 1291/1441 1306/1440 1360/1436
f 1291/1441 1360/1436 1314/1442
f 1356/1439 1291/1441 1292/1443
f 1291/1441 1314/1442 1250/1444
f 1291/1441 1250/1444 1292/1443
f 1292/1443 1250/1444 1344/1445
f 208/1446 43/1447 46/1448
f 208/1446 46/1448 237/1449
f 43/1447 208/1446 84/1450
f 208/1446 237/1449 347/1451
f 43/1447 84/1450 206/1452
f 206/1452 84/1450 208/1446
f 43/1447 206/1452 89/1453
f 43/1447 89/1453 33/1454
f 206/1452 208/1446 310/1455
f 310/1455 208/1446 347/1451
f 89/1453 206/1452 269/1456
f 89/1453 269/1456 33/1454
f 206/1452 310/1455 316/1457
f 206/1452 316/1457 269/1456
f 310/1455 347/1451 394/1458
f 310/1455 394/1458 316/1457
f 33/1454 269/1456 148/1459
f 33/1454 148/1459 77/1460
f 148/1459 269/1456 290/1461
f 148/1459 290/1461 77/1460
f 290/1461 269/1456 346/1462
f 346/1462 269/1456 316/1457
f 290/1461 346/1462 413/1463
f 33/1454 77/1460 44/1464
f 33/1454 44/1464 22/1465
f 44/1464 77/1460 69/1466
f 22/1465 44/1464 11/1467
f 44/1464 69/1466 134/1468
f 11/1467 44/1464 101/1469
f 101/1469 44/1464 134/1468
f 101/1469 134/1468 282/1470
f 410/1471 413/1463 346/1462
f 410/1471 346/1462 316/1457
f 413/1463 410/1471 494/1472
f 410/1471 316/1457 394/1458
f 494/1472 410/1471 502/1473
f 502/1473 410/1471 394/1458
f 502/1473 394/1458 460/1474
f 502/1473 460/1474 574/1475
f 460/1474 394/1458 347/1451
f 574/1475 460/1474 474/1476
f 474/1476 460/1474 347/1451
f 474/1476 347/1451 332/1477
f 986/1478 1064/1479 1011/1480
f 986/1478 1011/1480 956/1481
f 986/1478 956/1481 1008/1482
f 1008/1482 956/1481 979/1483
f 1008/1482 979/1483 1025/1484
f 986/1478 1008/1482 967/1485
f 967/1485 1008/1482 980/1486
f 967/1485 980/1486 903/1487
f 903/1487 980/1486 915/1488
f 64/1489 675/1490 768/1491
f 675/1490 64/1489 251/1492
f 64/1489 768/1491 30/1493
f 251/1492 64/1489 281/1494
f 281/1494 64/1489 30/1493
f 251/1492 281/1494 352/1495
f 352/1495 281/1494 369/1496
f 369/1496 281/1494 299/1497
f 299/1497 281/1494 30/1493
f 30/1493 768/1491 787/1498
f 30/1493 787/1498 14/1499
f 14/1499 787/1498 170/1500
f 299/1497 30/1493 209/1501
f 209/1501 30/1493 14/1499
f 209/1501 14/1499 170/1500
f 299/1497 209/1501 318/1502
f 318/1502 209/1501 170/1500
f 883/1503 864/1504 820/1505
f 864/1504 883/1503 789/1506
f 883/1503 820/1505 835/1507
f 789/1506 883/1503 815/1508
f 815/1508 883/1503 835/1507
f 789/1506 815/1508 922/1509
f 922/1509 815/1508 811/1510
f 815/1508 835/1507 738/1511
f 815/1508 738/1511 712/1512
f 738/1511 835/1507 783/1513
f 783/1513 835/1507 759/1514
f 1393/1515 1426/1516 1377/1517
f 1393/1515 1377/1517 1309/1518
f 1393/1515 1309/1518 1375/1519
f 1375/1519 1309/1518 1295/1520
f 1375/1519 1295/1520 1367/1521
f 1393/1515 1375/1519 1479/1522
f 1393/1515 1479/1522 1462/1523
f 1462/1523 1479/1522 1487/1524
f 1462/1523 1487/1524 1553/1525
f 1393/1515 1462/1523 1433/1526
f 1433/1526 1462/1523 1553/1525
f 1393/1515 1433/1526 1426/1516
f 1433/1526 1553/1525 1654/1527
f 1426/1516 1433/1526 1461/1528
f 1426/1516 1461/1528 1597/1529
f 1597/1529 1461/1528 1625/1530
f 1597/1529 1625/1530 1586/1531
f 1586/1531 1625/1530 1620/1532
f 1620/1532 1625/1530 1461/1528
f 1620/1532 1461/1528 1433/1526
f 1620/1532 1433/1526 1654/1527
f 1620/1532 1654/1527 1606/1533
f 1606/1533 1654/1527 1644/1534
f 1620/1532 1606/1533 1542/1535
f 1542/1535 1606/1533 1644/1534
f 1620/1532 1542/1535 1519/1536
f 1542/1535 1644/1534 1560/1537
f 1542/1535 1560/1537 1526/1538
f 1526/1538 1560/1537 1510/1539
f 1542/1535 1526/1538 1473/1540
f 1542/1535 1473/1540 1447/1541
f 1415/1542 1473/1540 1360/1543
f 1360/1543 1473/1540 1398/1544
f 1473/1540 1526/1538 1423/1545
f 1473/1540 1423/1545 1398/1544
f 1526/1538 1510/1539 1489/1546
f 1526/1538 1489/1546 1423/1545
f 1398/1544 1423/1545 1441/1547
f 1441/1547 1423/1545 1489/1546
f 1398/1544 1441/1547 1324/1548
f 1489/1546 1510/1539 1575/1549
f 1489/1546 1575/1549 1441/1547
f 1575/1549 1510/1539 1667/1550
f 1324/1548 1441/1547 1366/1551
f 1324/1548 1366/1551 1314/1552
f 1441/1547 1575/1549 1339/1553
f 1441/1547 1339/1553 1366/1551
f 1366/1551 1339/1553 1314/1552
f 1339/1553 1575/1549 1822/1554
f 1314/1552 1339/1553 1294/1555
f 1339/1553 1822/1554 1405/1556
f 1339/1553 1405/1556 1294/1555
f 1075/1557 1039/1558 1030/1559
f 1075/1557 1030/1559 1060/1560
f 1060/1560 1030/1559 913/1561
f 1060/1560 913/1561 995/1562
f 913/1561 1030/1559 997/1563
f 56/1564 787/1565 803/1566
f 787/1565 56/1564 170/1567
f 170/1567 56/1564 266/1568
f 266/1568 56/1564 75/1569
f 56/1564 803/1566 773/1570
f 56/1564 773/1570 75/1569
f 773/1570 803/1566 668/1571
f 773/1570 668/1571 75/1569
f 75/1569 668/1571 121/1572
f 668/1571 803/1566 816/1573
f 121/1572 668/1571 688/1574
f 688/1574 668/1571 816/1573
f 688/1574 816/1573 2/1575
f 202/1576 675/1577 251/1578
f 202/1576 251/1578 352/1579
f 202/1576 352/1579 350/1580
f 350/1580 352/1579 448/1581
f 1250/1582 1314/1583 1294/1584
f 1250/1582 1294/1584 1344/1585
f 1344/1585 1294/1584 1405/1586
f 1344/1585 1405/1586 1242/1587
f 1344/1585 1242/1587 1145/1588
f 1344/1585 1145/1588 1190/1589
f 1190/1589 1145/1588 1086/1590
f 1145/1588 1242/1587 1141/1591
f 1141/1591 1242/1587 1037/1592
f 1086/1590 1145/1588 1094/1593
f 1086/1590 1094/1593 1025/1594
f 1145/1588 1141/1591 1104/1595
f 1145/1588 1104/1595 1094/1593
f 1141/1591 1037/1592 1045/1596
f 1141/1591 1045/1596 1104/1595
f 1104/1595 1045/1596 1094/1593
f 1094/1593 1045/1596 1025/1594
f 1045/1596 1037/1592 980/1597
f 1025/1594 1045/1596 1008/1598
f 1008/1598 1045/1596 980/1597
f 77/1599 261/1600 69/1601
f 261/1600 77/1599 276/1602
f 261/1600 276/1602 381/1603
f 276/1602 77/1599 290/1604
f 276/1602 290/1604 381/1603
f 381/1603 290/1604 413/1605
f 1314/1606 1360/1607 1324/1608
f 1324/1608 1360/1607 1398/1609
f 913/1610 922/1611 811/1612
f 913/1610 811/1612 823/1613
f 823/1613 811/1612 774/1614
f 774/1614 811/1612 761/1615
f 774/1614 761/1615 823/1613
f 761/1615 811/1612 815/1616
f 761/1615 815/1616 712/1617
f 913/1610 823/1613 822/1618
f 822/1618 823/1613 761/1615
f 761/1615 712/1617 724/1619
f 761/1615 724/1619 822/1618
f 724/1619 712/1617 684/1620
f 913/1610 822/1618 995/1621
f 729/1622 716/1623 684/1620
f 684/1620 716/1623 724/1619
f 724/1619 716/1623 735/1624
f 995/1621 822/1618 940/1625
f 995/1621 940/1625 975/1626
f 995/1621 975/1626 996/1627
f 996/1627 975/1626 912/1628
f 912/1628 975/1626 940/1625
f 912/1628 940/1625 996/1627
f 996/1627 940/1625 994/1629
f 994/1629 940/1625 923/1630
f 923/1630 940/1625 822/1618
f 923/1630 822/1618 839/1631
f 923/1630 839/1631 973/1632
f 839/1631 822/1618 724/1619
f 973/1632 839/1631 806/1633
f 839/1631 724/1619 785/1634
f 806/1633 839/1631 826/1635
f 826/1635 839/1631 785/1634
f 785/1634 724/1619 928/1636
f 785/1634 928/1636 826/1635
f 806/1633 826/1635 799/1637
f 806/1633 799/1637 813/1638
f 813/1638 799/1637 825/1639
f 936/1640 927/1641 825/1639
f 936/1640 825/1639 799/1637
f 799/1637 826/1635 899/1642
f 899/1642 826/1635 928/1636
f 936/1640 799/1637 982/1643
f 799/1637 899/1642 950/1644
f 799/1637 950/1644 982/1643
f 936/1640 982/1643 1033/1645
f 950/1644 899/1642 1022/1646
f 950/1644 1022/1646 982/1643
f 1022/1646 899/1642 928/1636
f 982/1643 1022/1646 1033/1645
f 1144/1647 1112/1648 1033/1645
f 1144/1647 1033/1645 1070/1649
f 1070/1649 1033/1645 1022/1646
f 1144/1647 1070/1649 1171/1650
f 1171/1650 1070/1649 1113/1651
f 1070/1649 1022/1646 1082/1652
f 1070/1649 1082/1652 1113/1651
f 1082/1652 1022/1646 1055/1653
f 1055/1653 1022/1646 1027/1654
f 1055/1653 1027/1654 1082/1652
f 1027/1654 1022/1646 928/1636
f 1113/1651 1082/1652 1037/1655
f 1037/1655 1082/1652 1027/1654
f 1027/1654 928/1636 879/1656
f 879/1656 928/1636 724/1619
f 879/1656 724/1619 735/1624
f 879/1656 735/1624 976/1657
f 1027/1654 879/1656 1000/1658
f 1000/1658 879/1656 976/1657
f 1027/1654 1000/1658 1037/1655
f 1000/1658 976/1657 980/1659
f 1000/1658 980/1659 1037/1655
f 980/1659 976/1657 960/1660
f 980/1659 960/1660 939/1661
f 980/1659 939/1661 915/1662
f 1170/1663 1113/1651 1037/1655
f 1113/1651 1170/1663 1182/1664
f 1182/1664 1170/1663 1206/1665
f 1206/1665 1170/1663 1249/1666
f 1170/1663 1037/1655 1185/1667
f 1170/1663 1185/1667 1249/1666
f 1185/1667 1037/1655 1242/1668
f 1249/1666 1185/1667 1304/1669
f 1185/1667 1242/1668 1276/1670
f 1185/1667 1276/1670 1304/1669
f 134/1671 69/1672 261/1673
f 134/1671 261/1673 297/1674
f 1075/1675 1118/1676 1128/1677
f 1128/1677 1118/1676 1197/1678
f 633/1679 22/1680 11/1681
f 22/1680 633/1679 729/1682
f 729/1682 633/1679 653/1683
f 653/1683 633/1679 11/1681
f 729/1682 653/1683 716/1684
f 101/1685 176/1686 11/1681
f 11/1681 176/1686 139/1687
f 11/1681 139/1687 168/1688
f 11/1681 168/1688 653/1683
f 653/1683 168/1688 47/1689
f 716/1684 653/1683 640/1690
f 653/1683 47/1689 665/1691
f 653/1683 665/1691 640/1690
f 665/1691 47/1689 167/1692
f 665/1691 167/1692 29/1693
f 665/1691 29/1693 683/1694
f 665/1691 683/1694 664/1695
f 665/1691 664/1695 640/1690
f 640/1690 664/1695 716/1684
f 716/1684 664/1695 735/1696
f 2/1697 816/1698 805/1699
f 805/1699 816/1698 858/1700
f 805/1699 858/1700 652/1701
f 652/1701 858/1700 671/1702
f 671/1702 858/1700 863/1703
f 671/1702 863/1703 32/1704
f 915/1705 939/1706 858/1700
f 858/1700 939/1706 863/1703
f 32/1704 863/1703 690/1707
f 863/1703 939/1706 889/1708
f 889/1708 939/1706 960/1709
f 690/1707 863/1703 876/1710
f 876/1710 863/1703 889/1708
f 690/1707 876/1710 695/1711
f 889/1708 960/1709 896/1712
f 889/1708 896/1712 876/1710
f 896/1712 960/1709 976/1713
f 695/1711 876/1710 723/1714
f 695/1711 723/1714 8/1715
f 695/1711 8/1715 125/1716
f 125/1716 8/1715 29/1717
f 29/1717 8/1715 723/1714
f 29/1717 723/1714 683/1718
f 683/1718 723/1714 876/1710
f 778/1719 876/1710 896/1712
f 876/1710 778/1719 683/1718
f 683/1718 778/1719 707/1720
f 683/1718 707/1720 664/1721
f 778/1719 896/1712 886/1722
f 886/1722 896/1712 976/1713
f 707/1720 778/1719 784/1723
f 707/1720 784/1723 664/1721
f 784/1723 778/1719 886/1722
f 664/1721 784/1723 735/1724
f 886/1722 976/1713 874/1725
f 886/1722 874/1725 784/1723
f 874/1725 976/1713 735/1724
f 874/1725 735/1724 784/1723
f 297/1726 282/1727 134/1728
f 1118/1729 1278/1730 1197/1731
f 1197/1731 1278/1730 1295/1732
f 1295/1732 1278/1730 1367/1733
f 1367/1733 1278/1730 1279/1734
f 1279/1734 1278/1730 1207/1735
f 1278/1730 1118/1729 1060/1736
f 1060/1736 1118/1729 1075/1737
f 1207/1735 1278/1730 1097/1738
f 1097/1738 1278/1730 1060/1736
f 1207/1735 1097/1738 1072/1739
f 1072/1739 1097/1738 951/1740
f 951/1740 1097/1738 897/1741
f 897/1741 1097/1738 1060/1736
f 897/1741 1060/1736 911/1742
f 911/1742 1060/1736 984/1743
f 984/1743 1060/1736 1073/1744
f 2/1745 805/1746 39/1747
f 39/1747 805/1746 652/1748
f 2/1745 39/1747 201/1749
f 39/1747 652/1748 173/1750
f 39/1747 173/1750 201/1749
f 201/1749 173/1750 321/1751
f 318/1752 170/1753 328/1754
f 328/1754 170/1753 266/1755
f 328/1754 266/1755 357/1756
f 328/1754 357/1756 454/1757
f 328/1754 454/1757 398/1758
f 328/1754 398/1758 318/1752
f 318/1752 398/1758 419/1759
f 318/1752 419/1759 299/1760
f 299/1760 419/1759 369/1761
f 369/1761 419/1759 487/1762
f 369/1761 487/1762 448/1763
f 369/1761 448/1763 352/1764
f 121/1765 688/1766 161/1767
f 161/1767 688/1766 2/1768
f 161/1767 2/1768 201/1769
f 161/1767 201/1769 309/1770
f 161/1767 309/1770 121/1765
f 121/1765 309/1770 252/1771
f 121/1765 252/1771 75/1772
f 75/1772 252/1771 271/1773
f 75/1772 271/1773 266/1774
f 282/1775 176/1776 101/1777
f 176/1776 282/1775 280/1778
f 176/1776 280/1778 139/1779
f 139/1779 280/1778 319/1780
f 139/1779 319/1780 168/1781
f 168/1781 319/1780 326/1782
f 319/1780 280/1778 361/1783
f 361/1783 280/1778 282/1775
f 326/1782 319/1780 404/1784
f 404/1784 319/1780 361/1783
f 326/1782 404/1784 475/1785
f 475/1785 404/1784 493/1786
f 493/1786 404/1784 361/1783
f 493/1786 361/1783 415/1787
f 415/1787 361/1783 282/1775
f 415/1787 282/1775 297/1788
f 415/1787 297/1788 484/1789
f 484/1789 297/1788 380/1790
f 380/1790 297/1788 261/1791
f 484/1789 380/1790 477/1792
f 380/1790 261/1791 381/1793
f 380/1790 381/1793 477/1792
f 203/1794 47/1795 168/1796
f 203/1794 168/1796 326/1797
f 203/1794 326/1797 293/1798
f 167/1799 47/1800 203/1801
f 167/1799 203/1801 293/1802
f 1553/1803 1487/1804 1550/1805
f 1553/1803 1550/1805 1629/1806
f 1629/1806 1550/1805 1499/1807
f 1499/1807 1550/1805 1487/1804
f 1629/1806 1499/1807 1715/1808
f 1499/1807 1487/1804 1514/1809
f 1514/1809 1487/1804 1479/1810
f 1499/1807 1514/1809 1645/1811
f 1499/1807 1645/1811 1715/1808
f 1715/1808 1645/1811 1674/1812
f 1674/1812 1645/1811 1632/1813
f 1715/1808 1674/1812 1776/1814
f 1789/1815 1715/1816 1776/1817
f 1789/1815 1776/1817 1793/1818
f 1793/1818 1776/1817 1674/1819
f 1715/1816 1789/1815 1797/1820
f 1715/1816 1797/1820 1629/1821
f 1789/1815 1793/1818 1840/1822
f 1793/1818 1674/1819 1809/1823
f 1793/1818 1809/1823 1840/1822
f 1809/1823 1674/1819 1778/1824
f 1809/1823 1778/1824 1840/1822
f 1840/1822 1778/1824 1789/1815
f 1778/1824 1674/1819 1738/1825
f 1789/1815 1778/1824 1797/1820
f 1778/1824 1738/1825 1794/1826
f 1778/1824 1794/1826 1797/1820
f 1797/1820 1794/1826 1726/1827
f 1726/1827 1794/1826 1705/1828
f 1797/1820 1726/1827 1679/1829
f 1797/1820 1679/1829 1699/1830
f 1797/1820 1699/1830 1629/1821
f 1699/1830 1679/1829 1654/1831
f 1699/1830 1654/1831 1629/1821
f 1629/1821 1654/1831 1553/1832
f 911/1833 951/1834 897/1835
f 951/1834 911/1833 1072/1836
f 1072/1836 911/1833 984/1837
f 1072/1836 984/1837 1207/1838
f 1207/1838 984/1837 1178/1839
f 1207/1838 1178/1839 1279/1840
f 1178/1839 984/1837 1073/1841
f 1279/1840 1178/1839 1199/1842
f 1279/1840 1199/1842 1380/1843
f 1279/1840 1380/1843 1367/1844
f 1367/1844 1380/1843 1375/1845
f 1375/1845 1380/1843 1434/1846
f 1375/1845 1434/1846 1479/1847
f 1479/1847 1434/1846 1514/1848
f 1514/1848 1434/1846 1488/1849
f 1488/1849 1434/1846 1380/1843
f 1514/1848 1488/1849 1566/1850
f 1259/1851 1380/1843 1199/1842
f 1380/1843 1259/1851 1488/1849
f 1566/1850 1488/1849 1583/1852
f 1566/1850 1583/1852 1643/1853
f 1488/1849 1259/1851 1494/1854
f 1488/1849 1494/1854 1583/1852
f 1643/1853 1583/1852 1635/1855
f 1643/1853 1635/1855 1702/1856
f 1702/1856 1635/1855 1583/1852
f 1702/1856 1583/1852 1655/1857
f 1702/1856 1655/1857 1638/1858
f 1702/1856 1638/1858 1669/1859
f 1655/1857 1583/1852 1535/1860
f 1655/1857 1535/1860 1638/1858
f 1535/1860 1583/1852 1494/1854
f 1638/1858 1535/1860 1601/1861
f 1601/1861 1535/1860 1460/1862
f 1460/1862 1535/1860 1494/1854
f 1460/1862 1494/1854 1259/1851
f 1378/1863 1580/1864 1460/1862
f 1373/1865 1446/1866 1378/1863
f 1373/1865 1378/1863 1293/1867
f 1293/1867 1378/1863 1392/1868
f 1392/1868 1378/1863 1460/1862
f 1293/1867 1392/1868 1316/1869
f 1316/1869 1392/1868 1255/1870
f 1316/1869 1255/1870 1191/1871
f 1392/1868 1460/1862 1277/1872
f 1392/1868 1277/1872 1255/1870
f 1255/1870 1277/1872 1191/1871
f 1277/1872 1460/1862 1259/1851
f 1191/1871 1277/1872 1166/1873
f 1166/1873 1277/1872 1259/1851
f 1191/1871 1166/1873 1137/1874
f 1191/1871 1137/1874 1177/1875
f 1177/1875 1137/1874 1117/1876
f 1117/1876 1137/1874 1032/1877
f 1032/1877 1137/1874 973/1878
f 973/1878 1137/1874 1050/1879
f 973/1878 1050/1879 923/1880
f 1137/1874 1166/1873 1089/1881
f 1137/1874 1089/1881 1050/1879
f 923/1880 1050/1879 994/1882
f 994/1882 1050/1879 1089/1881
f 996/1883 994/1882 1060/1884
f 1060/1884 994/1882 1073/1841
f 1073/1841 994/1882 1089/1881
f 1089/1881 1166/1873 1123/1885
f 1123/1885 1166/1873 1259/1851
f 1073/1841 1089/1881 1116/1886
f 1116/1886 1089/1881 1123/1885
f 1073/1841 1116/1886 1122/1887
f 1073/1841 1122/1887 1178/1839
f 1116/1886 1123/1885 1200/1888
f 1116/1886 1200/1888 1122/1887
f 1200/1888 1123/1885 1259/1851
f 1122/1887 1200/1888 1178/1839
f 1200/1888 1259/1851 1199/1842
f 1200/1888 1199/1842 1178/1839
f 1849/1889 1822/1890 1575/1891
f 1822/1890 1849/1889 1868/1892
f 1849/1889 1575/1891 1783/1893
f 1783/1893 1575/1891 1667/1894
f 1868/1892 1849/1889 1865/1895
f 1865/1895 1849/1889 1783/1893
f 1783/1893 1667/1894 1721/1896
f 1868/1892 1865/1895 1864/1897
f 1864/1897 1865/1895 1867/1898
f 1864/1897 1867/1898 1841/1899
f 1867/1898 1865/1895 1862/1900
f 1867/1898 1862/1900 1841/1899
f 1862/1900 1865/1895 1783/1893
f 1783/1893 1721/1896 1816/1901
f 1783/1893 1816/1901 1862/1900
f 1862/1900 1816/1901 1841/1899
f 1816/1901 1721/1896 1764/1902
f 1841/1899 1816/1901 1757/1903
f 1757/1903 1816/1901 1764/1902
f 422/1904 350/1905 468/1906
f 468/1906 350/1905 448/1907
f 1514/1908 1632/1909 1645/1910
f 1632/1909 1514/1908 1537/1911
f 1537/1911 1514/1908 1566/1912
f 1537/1911 1566/1912 1572/1913
f 1572/1913 1566/1912 1643/1914
f 1537/1911 1572/1913 1540/1915
f 1537/1911 1540/1915 1624/1916
f 1624/1916 1540/1915 1572/1913
f 1537/1911 1624/1916 1632/1909
f 1624/1916 1572/1913 1643/1914
f 1632/1909 1624/1916 1738/1917
f 1632/1909 1738/1917 1674/1918
f 1624/1916 1643/1914 1711/1919
f 1738/1917 1624/1916 1701/1920
f 1701/1920 1624/1916 1711/1919
f 1738/1917 1701/1920 1646/1921
f 1646/1921 1701/1920 1681/1922
f 1681/1922 1701/1920 1711/1919
f 1738/1917 1646/1921 1761/1923
f 1738/1917 1761/1923 1794/1924
f 1646/1921 1681/1922 1730/1925
f 1646/1921 1730/1925 1761/1923
f 1730/1925 1681/1922 1711/1919
f 1794/1924 1761/1923 1705/1926
f 1689/1927 1711/1919 1643/1914
f 1689/1927 1643/1914 1702/1928
f 1689/1927 1702/1928 1713/1929
f 1713/1929 1702/1928 1742/1930
f 1713/1929 1742/1930 1717/1931
f 1713/1929 1717/1931 1690/1932
f 1690/1932 1717/1931 1747/1933
f 1690/1932 1747/1933 1713/1929
f 1689/1927 1713/1929 1725/1934
f 1725/1934 1713/1929 1747/1933
f 1689/1927 1725/1934 1711/1919
f 1725/1934 1747/1933 1739/1935
f 1739/1935 1747/1933 1765/1936
f 1711/1919 1725/1934 1773/1937
f 1773/1937 1725/1934 1739/1935
f 1711/1919 1773/1937 1730/1925
f 1730/1925 1773/1937 1785/1938
f 1730/1925 1785/1938 1761/1923
f 1773/1937 1739/1935 1792/1939
f 1773/1937 1792/1939 1785/1938
f 1792/1939 1739/1935 1774/1940
f 1774/1940 1739/1935 1784/1941
f 1774/1940 1784/1941 1792/1939
f 1761/1923 1785/1938 1782/1942
f 1761/1923 1782/1942 1705/1926
f 1785/1938 1792/1939 1799/1943
f 1785/1938 1799/1943 1782/1942
f 1705/1926 1782/1942 1732/1944
f 1705/1926 1732/1944 1726/1945
f 1726/1945 1732/1944 1786/1946
f 1726/1945 1786/1946 1743/1947
f 1732/1944 1782/1942 1808/1948
f 1732/1944 1808/1948 1786/1946
f 1782/1942 1799/1943 1787/1949
f 1782/1942 1787/1949 1808/1948
f 1787/1949 1799/1943 1812/1950
f 1786/1946 1808/1948 1814/1951
f 1814/1951 1808/1948 1787/1949
f 1755/1952 1743/1947 1786/1946
f 1755/1952 1786/1946 1814/1951
f 1743/1947 1755/1952 1696/1953
f 1812/1950 1799/1943 1823/1954
f 1823/1954 1799/1943 1792/1939
f 1823/1954 1792/1939 1824/1955
f 1850/1956 1787/1949 1812/1950
f 1850/1956 1812/1950 1823/1954
f 1787/1949 1850/1956 1814/1951
f 1850/1956 1823/1954 1807/1957
f 1807/1957 1823/1954 1813/1958
f 1850/1956 1807/1957 1820/1959
f 1850/1956 1820/1959 1814/1951
f 1820/1959 1807/1957 1842/1960
f 1820/1959 1842/1960 1805/1961
f 1820/1959 1805/1961 1814/1951
f 1814/1951 1805/1961 1811/1962
f 1811/1962 1805/1961 1741/1963
f 1741/1963 1805/1961 1835/1964
f 1814/1951 1811/1962 1763/1965
f 1814/1951 1763/1965 1755/1952
f 1763/1965 1811/1962 1771/1966
f 1771/1966 1811/1962 1741/1963
f 1755/1952 1763/1965 1750/1967
f 1750/1967 1763/1965 1771/1966
f 1755/1952 1750/1967 1696/1953
f 1696/1953 1750/1967 1631/1968
f 1771/1966 1741/1963 1653/1969
f 1771/1966 1653/1969 1750/1967
f 1631/1968 1750/1967 1506/1970
f 1631/1968 1506/1970 1480/1971
f 1480/1971 1506/1970 1448/1972
f 1480/1971 1448/1972 1399/1973
f 1399/1973 1448/1972 1506/1970
f 1399/1973 1506/1970 1451/1974
f 1451/1974 1506/1970 1750/1967
f 1451/1974 1750/1967 1568/1975
f 1568/1975 1750/1967 1653/1969
f 1451/1974 1568/1975 1483/1976
f 1568/1975 1653/1969 1617/1977
f 1483/1976 1568/1975 1548/1978
f 1483/1976 1548/1978 1500/1979
f 1568/1975 1617/1977 1581/1980
f 1568/1975 1581/1980 1548/1978
f 1617/1977 1653/1969 1724/1981
f 1617/1977 1724/1981 1581/1980
f 1724/1981 1653/1969 1741/1963
f 1548/1978 1581/1980 1684/1982
f 1684/1982 1581/1980 1724/1981
f 1623/1983 1500/1979 1548/1978
f 1623/1983 1548/1978 1684/1982
f 1500/1979 1623/1983 1539/1984
f 1623/1983 1684/1982 1649/1985
f 1623/1983 1649/1985 1688/1986
f 1684/1982 1724/1981 1731/1987
f 1684/1982 1731/1987 1649/1985
f 1731/1987 1724/1981 1741/1963
f 1649/1985 1731/1987 1688/1986
f 1731/1987 1741/1963 1851/1988
f 1731/1987 1851/1988 1688/1986
f 1654/1989 1679/1990 1644/1991
f 1726/1992 1743/1993 1679/1990
f 1679/1990 1743/1993 1696/1994
f 1679/1990 1696/1994 1644/1991
f 1644/1991 1696/1994 1560/1995
f 1560/1995 1696/1994 1582/1996
f 1582/1996 1696/1994 1631/1997
f 1582/1996 1631/1997 1480/1998
f 1582/1996 1480/1998 1560/1995
f 1560/1995 1480/1998 1403/1999
f 1560/1995 1403/1999 1510/2000
f 1370/2001 1480/1998 1399/2002
f 1510/2000 1403/1999 1520/2003
f 1510/2000 1520/2003 1667/2004
f 1667/2004 1520/2003 1552/2005
f 1520/2003 1403/1999 1410/2006
f 1520/2003 1410/2006 1552/2005
f 1410/2006 1403/1999 1480/1998
f 1410/2006 1480/1998 1370/2001
f 1552/2005 1410/2006 1427/2007
f 1427/2007 1410/2006 1370/2001
f 1427/2007 1370/2001 1465/2008
f 1759/2009 1405/2010 1822/2011
f 1759/2009 1822/2011 1868/2012
f 1759/2009 1868/2012 1864/2013
f 1759/2009 1864/2013 1802/2014
f 1802/2014 1864/2013 1841/2015
f 1759/2009 1802/2014 1757/2016
f 1757/2016 1802/2014 1841/2015
f 226/2017 29/2018 167/2019
f 226/2017 167/2019 278/2020
f 652/2021 671/2022 173/2023
f 173/2023 671/2022 182/2024
f 173/2023 182/2024 291/2025
f 182/2024 671/2022 32/2026
f 291/2025 182/2024 265/2027
f 291/2025 265/2027 329/2028
f 182/2024 32/2026 172/2029
f 182/2024 172/2029 265/2027
f 172/2029 32/2026 690/2030
f 329/2028 265/2027 220/2031
f 220/2031 265/2027 172/2029
f 329/2028 220/2031 306/2032
f 220/2031 172/2029 76/2033
f 76/2033 172/2029 690/2030
f 76/2033 690/2030 695/2034
f 125/2035 29/2036 226/2037
f 125/2035 226/2037 80/2038
f 125/2035 80/2038 695/2039
f 695/2039 80/2038 76/2040
f 76/2040 80/2038 226/2037
f 76/2040 226/2037 267/2041
f 267/2041 226/2037 278/2042
f 267/2041 278/2042 360/2043
f 76/2040 267/2041 277/2044
f 277/2044 267/2041 360/2043
f 76/2040 277/2044 220/2045
f 220/2045 277/2044 289/2046
f 289/2046 277/2044 360/2043
f 220/2045 289/2046 306/2047
f 306/2047 289/2046 360/2043
f 306/2047 360/2043 430/2048
f 430/2048 360/2043 426/2049
f 1427/2050 1405/2051 1559/2052
f 1559/2052 1405/2051 1759/2053
f 1405/2051 1427/2050 1312/2054
f 1312/2054 1427/2050 1364/2055
f 1559/2052 1759/2053 1757/2056
f 1427/2050 1559/2052 1578/2057
f 1578/2057 1559/2052 1757/2056
f 1427/2050 1578/2057 1552/2058
f 1578/2057 1757/2056 1764/2059
f 1578/2057 1764/2059 1708/2060
f 1578/2057 1708/2060 1552/2058
f 1708/2060 1764/2059 1721/2061
f 1708/2060 1721/2061 1552/2058
f 1552/2058 1721/2061 1667/2062
f 1242/2063 1405/2064 1276/2065
f 1276/2065 1405/2064 1312/2066
f 1276/2065 1312/2066 1304/2067
f 1304/2067 1312/2066 1338/2068
f 1304/2067 1338/2068 1249/2069
f 1249/2069 1338/2068 1312/2066
f 1249/2069 1312/2066 1206/2070
f 1206/2070 1312/2066 1364/2071
f 389/2072 422/2073 526/2074
f 389/2072 526/2074 399/2075
f 399/2075 526/2074 512/2076
f 399/2075 512/2076 452/2077
f 580/2078 494/2079 502/2080
f 580/2078 502/2080 574/2081
f 494/2079 580/2078 568/2082
f 494/2079 568/2082 543/2083
f 494/2079 543/2083 413/2084
f 413/2084 543/2083 549/2085
f 520/2086 381/2087 413/2088
f 381/2087 520/2086 477/2089
f 520/2086 413/2088 549/2090
f 522/2091 422/2092 468/2093
f 522/2091 468/2093 536/2094
f 522/2091 536/2094 587/2095
f 422/2092 522/2091 532/2096
f 422/2092 532/2096 526/2097
f 586/2098 574/2099 474/2100
f 586/2098 474/2100 537/2101
f 293/2102 278/2103 167/2104
f 278/2103 293/2102 337/2105
f 278/2103 337/2105 426/2106
f 337/2105 293/2102 326/2107
f 426/2106 337/2105 397/2108
f 337/2105 326/2107 411/2109
f 337/2105 411/2109 397/2108
f 397/2108 411/2109 462/2110
f 996/2111 1060/2112 995/2113
f 266/2114 271/2115 357/2116
f 357/2116 271/2115 383/2117
f 383/2117 271/2115 343/2118
f 343/2118 271/2115 252/2119
f 343/2118 252/2119 309/2120
f 343/2118 309/2120 345/2121
f 345/2121 309/2120 201/2122
f 345/2121 201/2122 321/2123
f 537/2124 452/2125 573/2126
f 1427/2127 1465/2128 1364/2129
f 1399/2130 1465/2128 1370/2131
f 1465/2128 1399/2130 1451/2132
f 1465/2128 1451/2132 1502/2133
f 1502/2133 1451/2132 1483/2134
f 1502/2133 1483/2134 1500/2135
f 1465/2128 1502/2133 1490/2136
f 1502/2133 1500/2135 1536/2137
f 1536/2137 1500/2135 1539/2138
f 1502/2133 1536/2137 1490/2136
f 1453/2139 1536/2137 1554/2140
f 1536/2137 1453/2139 1490/2136
f 1465/2128 1490/2136 1416/2141
f 1465/2128 1416/2141 1364/2129
f 1490/2136 1453/2139 1353/2142
f 1364/2129 1416/2141 1409/2143
f 1364/2129 1409/2143 1322/2144
f 1322/2144 1409/2143 1416/2141
f 1364/2129 1322/2144 1206/2145
f 1206/2145 1322/2144 1182/2146
f 1182/2146 1322/2144 1416/2141
f 1182/2146 1416/2141 1490/2136
f 1182/2146 1490/2136 1353/2142
f 1182/2146 1353/2142 1171/2147
f 1182/2146 1171/2147 1113/2148
f 1171/2147 1353/2142 1144/2149
f 1144/2149 1353/2142 1453/2139
f 1144/2149 1453/2139 1186/2150
f 1186/2150 1453/2139 1466/2151
f 1144/2149 1186/2150 1112/2152
f 512/2153 573/2154 452/2155
f 573/2154 512/2153 593/2156
f 593/2156 512/2153 526/2157
f 593/2156 526/2157 594/2158
f 594/2158 526/2157 532/2159
f 594/2158 532/2159 583/2160
f 583/2160 532/2159 522/2161
f 583/2160 522/2161 587/2162
f 448/2163 487/2164 514/2165
f 448/2163 514/2165 468/2166
f 468/2166 514/2165 536/2167
f 536/2167 514/2165 567/2168
f 567/2168 514/2165 578/2169
f 578/2169 514/2165 487/2164
f 578/2169 487/2164 495/2170
f 495/2170 487/2164 419/2171
f 495/2170 419/2171 527/2172
f 527/2172 419/2171 398/2173
f 495/2170 527/2172 566/2174
f 586/2175 537/2176 596/2177
f 596/2177 537/2176 573/2178
f 586/2175 596/2177 600/2179
f 586/2175 600/2179 574/2180
f 574/2180 600/2179 609/2181
f 574/2180 609/2181 580/2182
f 580/2182 609/2181 599/2183
f 580/2182 599/2183 568/2184
f 568/2184 599/2183 604/2185
f 321/2186 173/2187 291/2188
f 321/2186 291/2188 355/2189
f 357/2190 436/2191 454/2192
f 436/2191 357/2190 383/2193
f 527/2194 398/2195 454/2192
f 527/2194 454/2192 499/2196
f 499/2196 454/2192 436/2191
f 527/2194 499/2196 513/2197
f 499/2196 436/2191 497/2198
f 497/2198 436/2191 383/2193
f 499/2196 497/2198 513/2197
f 497/2198 383/2193 469/2199
f 497/2198 469/2199 513/2197
f 469/2199 383/2193 420/2200
f 420/2200 383/2193 343/2201
f 420/2200 343/2201 345/2202
f 469/2199 420/2200 424/2203
f 424/2203 420/2200 345/2202
f 469/2199 424/2203 513/2197
f 424/2203 345/2202 321/2204
f 513/2197 424/2203 427/2205
f 513/2197 427/2205 523/2206
f 523/2206 427/2205 408/2207
f 568/2208 549/2209 543/2210
f 549/2209 568/2208 604/2211
f 549/2209 604/2211 590/2212
f 549/2209 590/2212 520/2213
f 520/2213 590/2212 477/2214
f 477/2214 590/2212 582/2215
f 477/2214 582/2215 484/2216
f 582/2215 590/2212 570/2217
f 582/2215 570/2217 484/2216
f 570/2217 590/2212 597/2218
f 484/2216 570/2217 415/2219
f 415/2219 570/2217 493/2220
f 426/2221 360/2222 278/2223
f 475/2224 411/2225 326/2226
f 600/2227 596/2228 623/2229
f 623/2229 596/2228 611/2230
f 600/2227 623/2229 609/2231
f 623/2229 611/2230 620/2232
f 620/2232 611/2230 598/2233
f 609/2231 623/2229 628/2234
f 620/2232 598/2233 608/2235
f 623/2229 620/2232 627/2236
f 627/2236 620/2232 608/2235
f 623/2229 627/2236 632/2237
f 623/2229 632/2237 629/2238
f 623/2229 629/2238 628/2234
f 632/2237 627/2236 618/2239
f 618/2239 627/2236 617/2240
f 629/2238 632/2237 631/2241
f 617/2240 627/2236 624/2242
f 617/2240 624/2242 618/2239
f 624/2242 627/2236 608/2235
f 629/2238 631/2241 626/2243
f 618/2239 624/2242 613/2244
f 626/2243 631/2241 625/2245
f 618/2239 613/2244 606/2246
f 625/2245 631/2241 612/2247
f 613/2244 624/2242 615/2248
f 615/2248 624/2242 608/2235
f 626/2243 625/2245 630/2249
f 626/2243 630/2249 629/2238
f 630/2249 625/2245 612/2247
f 612/2247 631/2241 577/2250
f 629/2238 630/2249 621/2251
f 621/2251 630/2249 622/2252
f 622/2252 630/2249 612/2247
f 629/2238 621/2251 628/2234
f 621/2251 622/2252 614/2253
f 621/2251 614/2253 628/2234
f 614/2253 622/2252 612/2247
f 628/2234 614/2253 602/2254
f 614/2253 612/2247 601/2255
f 614/2253 601/2255 602/2254
f 628/2234 602/2254 619/2256
f 628/2234 619/2256 609/2231
f 609/2231 619/2256 599/2257
f 599/2257 619/2256 604/2258
f 604/2258 619/2256 602/2254
f 604/2258 602/2254 590/2259
f 590/2259 602/2254 597/2260
f 597/2260 602/2254 558/2261
f 558/2261 602/2254 562/2262
f 562/2262 602/2254 601/2255
f 562/2262 601/2255 565/2263
f 562/2262 565/2263 571/2264
f 571/2264 565/2263 601/2255
f 571/2264 601/2255 607/2265
f 607/2265 601/2255 612/2247
f 607/2265 612/2247 576/2266
f 607/2265 576/2266 571/2264
f 576/2266 612/2247 577/2250
f 571/2264 576/2266 579/2267
f 571/2264 579/2267 577/2250
f 577/2250 579/2267 576/2266
f 918/2268 973/2269 806/2270
f 973/2269 918/2268 1032/2271
f 918/2268 806/2270 813/2272
f 1792/2273 1784/2274 1796/2275
f 1792/2273 1796/2275 1824/2276
f 1739/2277 1765/2278 1784/2274
f 1784/2274 1765/2278 1796/2275
f 1747/2279 1717/2280 1765/2278
f 1765/2278 1717/2280 1742/2281
f 1765/2278 1742/2281 1796/2275
f 1796/2275 1742/2281 1718/2282
f 1718/2282 1742/2281 1702/2283
f 1718/2282 1702/2283 1669/2284
f 1718/2282 1669/2284 1678/2285
f 1796/2275 1718/2282 1722/2286
f 1722/2286 1718/2282 1678/2285
f 1796/2275 1722/2286 1836/2287
f 1796/2275 1836/2287 1824/2276
f 1722/2286 1678/2285 1834/2288
f 1722/2286 1834/2288 1836/2287
f 1824/2276 1836/2287 1837/2289
f 1834/2288 1678/2285 1727/2290
f 1824/2276 1837/2289 1813/2291
f 1824/2276 1813/2291 1823/2292
f 1837/2289 1836/2287 1854/2293
f 1854/2293 1836/2287 1834/2288
f 1727/2290 1678/2285 1545/2294
f 1837/2289 1854/2293 1845/2295
f 1837/2289 1845/2295 1813/2291
f 1813/2291 1845/2295 1842/2296
f 1813/2291 1842/2296 1807/2297
f 1842/2296 1845/2295 1835/2298
f 1842/2296 1835/2298 1805/2299
f 1845/2295 1854/2293 1833/2300
f 1845/2295 1833/2300 1835/2298
f 1741/2301 1835/2298 1851/2302
f 1851/2302 1835/2298 1833/2300
f 1851/2302 1833/2300 1810/2303
f 1851/2302 1810/2303 1688/2304
f 1833/2300 1854/2293 1838/2305
f 1838/2305 1854/2293 1834/2288
f 1810/2303 1833/2300 1788/2306
f 1810/2303 1788/2306 1688/2304
f 1788/2306 1833/2300 1838/2305
f 1688/2304 1788/2306 1623/2307
f 1788/2306 1838/2305 1692/2308
f 1788/2306 1692/2308 1623/2307
f 1692/2308 1838/2305 1834/2288
f 1623/2307 1692/2308 1539/2309
f 1539/2309 1692/2308 1565/2310
f 1565/2310 1692/2308 1608/2311
f 1565/2310 1608/2311 1546/2312
f 1692/2308 1834/2288 1762/2313
f 1762/2313 1834/2288 1727/2290
f 1608/2311 1692/2308 1735/2314
f 1735/2314 1692/2308 1762/2313
f 1608/2311 1735/2314 1594/2315
f 1762/2313 1727/2290 1790/2316
f 1762/2313 1790/2316 1735/2314
f 1594/2315 1735/2314 1775/2317
f 1775/2317 1735/2314 1790/2316
f 1594/2315 1775/2317 1658/2318
f 1658/2318 1775/2317 1663/2319
f 1663/2319 1775/2317 1795/2320
f 1795/2320 1775/2317 1844/2321
f 1844/2321 1775/2317 1819/2322
f 1819/2322 1775/2317 1790/2316
f 1844/2321 1819/2322 1839/2323
f 1839/2323 1819/2322 1806/2324
f 1806/2324 1819/2322 1790/2316
f 1839/2323 1806/2324 1827/2325
f 1806/2324 1790/2316 1777/2326
f 1806/2324 1777/2326 1827/2325
f 1777/2326 1790/2316 1727/2290
f 1827/2325 1777/2326 1804/2327
f 1777/2326 1727/2290 1652/2328
f 1804/2327 1777/2326 1707/2329
f 1707/2329 1777/2326 1652/2328
f 1804/2327 1707/2329 1737/2330
f 1652/2328 1727/2290 1545/2294
f 1737/2330 1707/2329 1672/2331
f 1672/2331 1707/2329 1652/2328
f 1652/2328 1545/2294 1425/2332
f 1425/2332 1545/2294 1390/2333
f 1672/2331 1652/2328 1571/2334
f 1672/2331 1571/2334 1737/2330
f 1571/2334 1652/2328 1425/2332
f 1737/2330 1571/2334 1641/2335
f 1571/2334 1425/2332 1430/2336
f 1571/2334 1430/2336 1641/2335
f 1641/2335 1430/2336 1511/2337
f 1511/2337 1430/2336 1419/2338
f 1419/2338 1430/2336 1352/2339
f 1419/2338 1352/2339 1245/2340
f 596/2341 573/2342 611/2343
f 321/2344 355/2345 366/2346
f 366/2346 355/2345 427/2347
f 321/2344 366/2346 424/2348
f 424/2348 366/2346 427/2347
f 1638/2349 1601/2350 1618/2351
f 1618/2351 1601/2350 1460/2352
f 1638/2349 1618/2351 1669/2353
f 1669/2353 1618/2351 1678/2354
f 1618/2351 1460/2352 1580/2355
f 1678/2354 1618/2351 1609/2356
f 1618/2351 1580/2355 1557/2357
f 1618/2351 1557/2357 1609/2356
f 1678/2354 1609/2356 1591/2358
f 1591/2358 1609/2356 1557/2357
f 1678/2354 1591/2358 1545/2359
f 1545/2359 1591/2358 1390/2360
f 1390/2360 1591/2358 1504/2361
f 1504/2361 1591/2358 1557/2357
f 1498/2362 1557/2357 1580/2355
f 1557/2357 1498/2362 1504/2361
f 1498/2362 1580/2355 1446/2363
f 1446/2363 1580/2355 1378/2364
f 1498/2362 1446/2363 1383/2365
f 1383/2365 1446/2363 1373/2366
f 1504/2361 1498/2362 1382/2367
f 1382/2367 1498/2362 1383/2365
f 1382/2367 1383/2365 1373/2366
f 1504/2361 1382/2367 1316/2368
f 1382/2367 1373/2366 1293/2369
f 1382/2367 1293/2369 1316/2368
f 291/2370 329/2371 355/2372
f 355/2372 329/2371 391/2373
f 355/2372 391/2373 386/2374
f 391/2373 329/2371 333/2375
f 333/2375 329/2371 306/2376
f 391/2373 333/2375 359/2377
f 391/2373 359/2377 386/2374
f 386/2374 359/2377 388/2378
f 386/2374 388/2378 402/2379
f 388/2378 359/2377 371/2380
f 388/2378 371/2380 402/2379
f 371/2380 359/2377 451/2381
f 371/2380 451/2381 379/2382
f 371/2380 379/2382 402/2379
f 379/2382 451/2381 403/2383
f 402/2379 379/2382 414/2384
f 402/2379 414/2384 444/2385
f 379/2382 403/2383 382/2386
f 382/2386 403/2383 414/2384
f 382/2386 414/2384 379/2382
f 397/2387 462/2388 426/2389
f 426/2389 462/2388 506/2390
f 426/2389 506/2390 483/2391
f 426/2389 483/2391 430/2392
f 430/2392 483/2391 333/2393
f 430/2392 333/2393 370/2394
f 430/2392 370/2394 306/2395
f 306/2395 370/2394 333/2393
f 536/2396 567/2397 587/2398
f 587/2398 567/2397 578/2399
f 587/2398 578/2399 566/2400
f 566/2400 578/2399 495/2401
f 542/2402 475/2403 493/2404
f 542/2402 493/2404 570/2405
f 475/2403 542/2402 524/2406
f 475/2403 524/2406 411/2407
f 411/2407 524/2406 462/2408
f 462/2408 524/2406 506/2409
f 506/2409 524/2406 547/2410
f 547/2410 524/2406 542/2402
f 506/2409 547/2410 483/2411
f 542/2402 570/2405 554/2412
f 542/2402 554/2412 547/2410
f 554/2412 570/2405 597/2413
f 554/2412 597/2413 558/2414
f 554/2412 558/2414 547/2410
f 483/2411 547/2410 503/2415
f 503/2415 547/2410 558/2414
f 483/2411 503/2415 505/2416
f 503/2415 558/2414 521/2417
f 503/2415 521/2417 505/2416
f 521/2417 558/2414 562/2418
f 521/2417 562/2418 505/2416
f 573/2419 593/2420 611/2421
f 611/2421 593/2420 598/2422
f 592/2423 594/2424 583/2425
f 592/2423 583/2425 587/2426
f 592/2423 587/2426 603/2427
f 592/2423 603/2427 594/2424
f 603/2427 587/2426 585/2428
f 603/2427 585/2428 591/2429
f 603/2427 591/2429 606/2246
f 603/2427 606/2246 613/2244
f 603/2427 613/2244 616/2430
f 603/2427 616/2430 594/2424
f 593/2431 594/2424 598/2233
f 598/2233 594/2424 616/2430
f 598/2233 616/2430 608/2235
f 616/2430 613/2244 615/2248
f 617/2432 615/2248 608/2235
f 617/2432 608/2235 610/2433
f 617/2432 610/2433 615/2248
f 610/2433 608/2235 616/2430
f 616/2430 615/2248 618/2434
f 616/2430 618/2434 610/2433
f 610/2433 618/2434 615/2248
f 1210/2435 1316/2436 1191/2437
f 1210/2435 1191/2437 1177/2438
f 1210/2435 1177/2438 1235/2439
f 1390/2440 1504/2441 1316/2436
f 1390/2440 1316/2436 1210/2435
f 1390/2440 1210/2435 1331/2442
f 1390/2440 1331/2442 1425/2443
f 1425/2443 1331/2442 1210/2435
f 1251/2444 1210/2435 1192/2445
f 1425/2443 1210/2435 1244/2446
f 1244/2446 1210/2435 1251/2444
f 1244/2446 1251/2444 1310/2447
f 1310/2447 1251/2444 1214/2448
f 1310/2447 1214/2448 1299/2449
f 1244/2446 1310/2447 1280/2450
f 1244/2446 1280/2450 1245/2451
f 1425/2443 1244/2446 1228/2452
f 1228/2452 1244/2446 1245/2451
f 1425/2443 1228/2452 1430/2453
f 1228/2452 1245/2451 1352/2454
f 1228/2452 1352/2454 1430/2453
f 1032/2455 1074/2456 1117/2457
f 1074/2456 1032/2455 918/2458
f 1117/2457 1074/2456 1091/2459
f 1117/2457 1091/2459 1174/2460
f 1117/2457 1174/2460 1177/2461
f 1177/2461 1174/2460 1235/2462
f 1091/2459 1074/2456 1017/2463
f 1091/2459 1017/2463 1006/2464
f 1006/2464 1017/2463 952/2465
f 952/2465 1017/2463 1074/2456
f 952/2465 1074/2456 918/2458
f 952/2465 918/2458 966/2466
f 966/2466 918/2458 905/2467
f 966/2466 905/2467 946/2468
f 905/2467 918/2458 813/2469
f 905/2470 813/2471 825/2472
f 527/2473 513/2474 566/2475
f 587/2476 566/2475 585/2477
f 566/2475 513/2474 538/2478
f 566/2475 538/2478 585/2477
f 538/2478 513/2474 515/2479
f 515/2479 513/2474 523/2480
f 515/2479 523/2480 408/2481
f 538/2478 515/2479 548/2482
f 585/2477 538/2478 584/2483
f 584/2483 538/2478 548/2482
f 585/2477 584/2483 591/2484
f 584/2483 548/2482 555/2485
f 584/2483 555/2485 591/2484
f 555/2485 548/2482 553/2486
f 591/2484 555/2485 589/2487
f 589/2487 555/2485 553/2486
f 591/2484 589/2487 606/2488
f 589/2487 553/2486 595/2489
f 589/2487 595/2489 606/2488
f 1033/2490 1107/2491 936/2492
f 1107/2491 1033/2490 1112/2493
f 1536/2494 1577/2495 1554/2496
f 1554/2496 1577/2495 1612/2497
f 1612/2497 1577/2495 1589/2498
f 1589/2498 1577/2495 1608/2499
f 1589/2498 1608/2499 1594/2500
f 1608/2499 1577/2495 1539/2501
f 1608/2499 1539/2501 1546/2502
f 1546/2502 1539/2501 1516/2503
f 1453/2504 1554/2505 1466/2506
f 1466/2506 1554/2505 1477/2507
f 1477/2507 1554/2505 1612/2508
f 1477/2507 1612/2508 1592/2509
f 1592/2509 1612/2508 1614/2510
f 1614/2510 1612/2508 1626/2511
f 1614/2510 1626/2511 1562/2512
f 1626/2511 1612/2508 1589/2513
f 1626/2511 1589/2513 1562/2512
f 1562/2512 1589/2513 1484/2514
f 1484/2514 1589/2513 1594/2515
f 1484/2514 1594/2515 1546/2516
f 1562/2512 1484/2514 1424/2517
f 1484/2514 1546/2516 1516/2518
f 1424/2517 1484/2514 1372/2519
f 1372/2519 1484/2514 1516/2518
f 1539/2520 1565/2521 1516/2518
f 1516/2518 1565/2521 1515/2522
f 1516/2518 1515/2522 1372/2519
f 1424/2517 1372/2519 1357/2523
f 1357/2523 1372/2519 1515/2522
f 1424/2517 1357/2523 1346/2524
f 1424/2517 1346/2524 1326/2525
f 1346/2524 1357/2523 1343/2526
f 1357/2523 1515/2522 1470/2527
f 1357/2523 1470/2527 1343/2526
f 1343/2526 1470/2527 1346/2524
f 1346/2524 1470/2527 1326/2525
f 1326/2525 1470/2527 1475/2528
f 1470/2527 1515/2522 1538/2529
f 1475/2528 1470/2527 1567/2530
f 1567/2530 1470/2527 1538/2529
f 1567/2530 1538/2529 1627/2531
f 1567/2530 1627/2531 1615/2532
f 1539/2533 1577/2534 1536/2535
f 1112/2536 1186/2537 1107/2538
f 1107/2538 1186/2537 1234/2539
f 1234/2539 1186/2537 1466/2540
f 1234/2539 1466/2540 1459/2541
f 1459/2541 1466/2540 1477/2542
f 1459/2541 1477/2542 1468/2543
f 1459/2541 1468/2543 1476/2544
f 1459/2541 1476/2544 1442/2545
f 1459/2541 1442/2545 1234/2539
f 1442/2545 1476/2544 1384/2546
f 1442/2545 1384/2546 1313/2547
f 1442/2545 1313/2547 1234/2539
f 1313/2547 1384/2546 1311/2548
f 1313/2547 1311/2548 1234/2539
f 1234/2539 1311/2548 1229/2549
f 1234/2539 1229/2549 1107/2538
f 1107/2538 1229/2549 1156/2550
f 1107/2538 1156/2550 1080/2551
f 1107/2538 1080/2551 1083/2552
f 1107/2538 1083/2552 936/2553
f 936/2553 1083/2552 927/2554
f 1083/2552 1080/2551 1038/2555
f 1083/2552 1038/2555 927/2554
f 1038/2555 1080/2551 970/2556
f 1038/2555 970/2556 927/2554
f 927/2554 970/2556 825/2557
f 825/2557 970/2556 905/2558
f 905/2558 970/2556 946/2559
f 427/2560 355/2561 386/2562
f 427/2560 386/2562 408/2563
f 1251/2564 1192/2565 1214/2566
f 1214/2566 1192/2565 1204/2567
f 1204/2567 1192/2565 1210/2568
f 1204/2567 1210/2568 1235/2569
f 1204/2567 1235/2569 1225/2570
f 1214/2566 1204/2567 1252/2571
f 1252/2571 1204/2567 1225/2570
f 1214/2566 1252/2571 1299/2572
f 1252/2571 1225/2570 1271/2573
f 1299/2572 1252/2571 1319/2574
f 1319/2574 1252/2571 1271/2573
f 1546/2575 1515/2576 1565/2577
f 1515/2576 1546/2575 1594/2578
f 1515/2576 1594/2578 1593/2579
f 1515/2576 1593/2579 1538/2580
f 1593/2579 1594/2578 1658/2581
f 1593/2579 1658/2581 1663/2582
f 1593/2579 1663/2582 1613/2583
f 1593/2579 1613/2583 1661/2584
f 1661/2584 1613/2583 1671/2585
f 1671/2585 1613/2583 1663/2582
f 1671/2585 1663/2582 1720/2586
f 359/2587 333/2588 483/2589
f 359/2587 483/2589 451/2590
f 451/2590 483/2589 505/2591
f 451/2590 505/2591 534/2592
f 515/2593 541/2594 548/2595
f 541/2594 515/2593 402/2596
f 541/2594 402/2596 444/2597
f 541/2594 444/2597 414/2598
f 541/2594 414/2598 548/2595
f 548/2595 414/2598 553/2599
f 553/2599 414/2598 455/2600
f 455/2600 414/2598 442/2601
f 442/2601 414/2598 403/2602
f 553/2599 455/2600 550/2603
f 550/2603 455/2600 442/2601
f 553/2599 550/2603 595/2604
f 550/2603 442/2601 500/2605
f 550/2603 500/2605 595/2604
f 408/2606 386/2607 402/2608
f 408/2606 402/2608 515/2609
f 1444/2610 1310/2611 1299/2612
f 1444/2610 1299/2612 1319/2613
f 1310/2611 1444/2610 1374/2614
f 1444/2610 1319/2613 1534/2615
f 1444/2610 1534/2615 1374/2614
f 1534/2615 1319/2613 1457/2616
f 1534/2615 1457/2616 1503/2617
f 1534/2615 1503/2617 1374/2614
f 1310/2611 1374/2614 1280/2618
f 1374/2614 1503/2617 1336/2619
f 1374/2614 1336/2619 1280/2618
f 1336/2619 1503/2617 1518/2620
f 1280/2618 1336/2619 1245/2621
f 1245/2621 1336/2619 1275/2622
f 1640/2623 1611/2624 1538/2625
f 1640/2623 1538/2625 1593/2626
f 1538/2625 1611/2624 1627/2627
f 1640/2623 1593/2626 1661/2628
f 1627/2627 1611/2624 1677/2629
f 1627/2627 1677/2629 1650/2630
f 1611/2624 1640/2623 1698/2631
f 1698/2631 1640/2623 1661/2628
f 1611/2624 1698/2631 1677/2629
f 1698/2631 1661/2628 1671/2632
f 1677/2629 1698/2631 1709/2633
f 1709/2633 1698/2631 1687/2634
f 571/2635 505/2636 562/2637
f 505/2636 571/2635 534/2638
f 534/2638 571/2635 577/2639
f 534/2638 577/2639 518/2640
f 534/2638 518/2640 451/2641
f 451/2641 518/2640 403/2642
f 403/2642 518/2640 442/2643
f 442/2643 518/2640 530/2644
f 530/2644 518/2640 577/2639
f 442/2643 530/2644 500/2645
f 530/2644 577/2639 572/2646
f 530/2644 572/2646 605/2647
f 605/2647 572/2646 577/2639
f 530/2644 605/2647 500/2645
f 605/2647 577/2639 631/2648
f 500/2645 605/2647 575/2649
f 605/2647 631/2648 588/2650
f 605/2647 588/2650 575/2649
f 500/2645 575/2649 595/2651
f 595/2651 575/2649 588/2650
f 595/2651 588/2650 631/2648
f 595/2651 631/2648 618/2652
f 618/2652 631/2648 632/2653
f 595/2651 618/2652 606/2654
f 1156/2655 1167/2656 1080/2657
f 1080/2657 1167/2656 1095/2658
f 1167/2656 1156/2655 1287/2659
f 1287/2659 1156/2655 1229/2660
f 1287/2659 1229/2660 1311/2661
f 1287/2659 1311/2661 1414/2662
f 1414/2662 1311/2661 1384/2663
f 1414/2662 1384/2663 1485/2664
f 1485/2664 1384/2663 1476/2665
f 1414/2662 1485/2664 1328/2666
f 1414/2662 1328/2666 1287/2659
f 1328/2666 1485/2664 1493/2667
f 1328/2666 1493/2667 1450/2668
f 1287/2659 1328/2666 1217/2669
f 1287/2659 1217/2669 1167/2656
f 1217/2669 1328/2666 1359/2670
f 1167/2656 1217/2669 1136/2671
f 1167/2656 1136/2671 1095/2658
f 1136/2671 1217/2669 1153/2672
f 1136/2671 1153/2672 1077/2673
f 1136/2671 1077/2673 1198/2674
f 1095/2658 1136/2671 1213/2675
f 1213/2675 1136/2671 1198/2674
f 1095/2658 1213/2675 1161/2676
f 1095/2658 1161/2676 1059/2677
f 1213/2675 1198/2674 1139/2678
f 1139/2678 1198/2674 1077/2673
f 1213/2675 1139/2678 1161/2676
f 1139/2678 1077/2673 1059/2677
f 1139/2678 1059/2677 1161/2676
f 952/2679 1001/2680 1006/2681
f 1001/2680 952/2679 966/2682
f 1001/2680 966/2682 1015/2683
f 1001/2680 1015/2683 1028/2684
f 1028/2684 1015/2683 1056/2685
f 1006/2681 1001/2680 1035/2686
f 1035/2686 1001/2680 1028/2684
f 1006/2681 1035/2686 1131/2687
f 1006/2681 1131/2687 1091/2688
f 1035/2686 1028/2684 1140/2689
f 1035/2686 1140/2689 1131/2687
f 1140/2689 1028/2684 1096/2690
f 1091/2688 1131/2687 1174/2691
f 1131/2687 1140/2689 1220/2692
f 1131/2687 1220/2692 1174/2691
f 1220/2692 1140/2689 1096/2690
f 1174/2691 1220/2692 1257/2693
f 1220/2692 1096/2690 1273/2694
f 1257/2693 1220/2692 1284/2695
f 1284/2695 1220/2692 1273/2694
f 970/2696 1010/2697 946/2698
f 1080/2699 1095/2700 970/2696
f 970/2696 1095/2700 1010/2697
f 1010/2697 1095/2700 1059/2701
f 1010/2697 1059/2701 1077/2702
f 1010/2697 1077/2702 1065/2703
f 1010/2697 1065/2703 1015/2704
f 946/2698 1010/2697 983/2705
f 983/2705 1010/2697 1015/2704
f 946/2698 983/2705 966/2706
f 966/2706 983/2705 1015/2704
f 1671/2707 1687/2708 1698/2709
f 1271/2710 1225/2711 1285/2712
f 1271/2710 1285/2712 1319/2713
f 1319/2713 1285/2712 1355/2714
f 1319/2713 1355/2714 1457/2715
f 1285/2712 1225/2711 1264/2716
f 1355/2714 1285/2712 1318/2717
f 1318/2717 1285/2712 1264/2716
f 1318/2717 1264/2716 1298/2718
f 1298/2718 1264/2716 1284/2719
f 1355/2714 1318/2717 1431/2720
f 1431/2720 1318/2717 1376/2721
f 1355/2714 1431/2720 1530/2722
f 1355/2714 1530/2722 1457/2715
f 1530/2722 1431/2720 1630/2723
f 1530/2722 1630/2723 1570/2724
f 1530/2722 1570/2724 1518/2725
f 1457/2715 1530/2722 1579/2726
f 1579/2726 1530/2722 1518/2725
f 1457/2715 1579/2726 1503/2727
f 1503/2727 1579/2726 1518/2725
f 1263/2728 1284/2719 1264/2716
f 1263/2728 1264/2716 1225/2711
f 1284/2719 1263/2728 1257/2729
f 1263/2728 1225/2711 1235/2730
f 1257/2729 1263/2728 1174/2731
f 1174/2731 1263/2728 1235/2730
f 1275/2732 1419/2733 1245/2734
f 1419/2733 1275/2732 1302/2735
f 1419/2733 1302/2735 1354/2736
f 1354/2736 1302/2735 1412/2737
f 1412/2737 1302/2735 1332/2738
f 1332/2738 1302/2735 1275/2732
f 1412/2737 1332/2738 1570/2739
f 1570/2739 1332/2738 1518/2740
f 1332/2738 1275/2732 1303/2741
f 1332/2738 1303/2741 1518/2740
f 1303/2741 1275/2732 1336/2742
f 1303/2741 1336/2742 1518/2740
f 1477/2743 1592/2744 1517/2745
f 1477/2743 1517/2745 1468/2746
f 1468/2746 1517/2745 1533/2747
f 1468/2746 1533/2747 1476/2748
f 1476/2748 1533/2747 1485/2749
f 1485/2749 1533/2747 1551/2750
f 1551/2750 1533/2747 1517/2745
f 1485/2749 1551/2750 1493/2751
f 1551/2750 1517/2745 1648/2752
f 1551/2750 1648/2752 1493/2751
f 1648/2752 1517/2745 1592/2744
f 1493/2751 1648/2752 1710/2753
f 1710/2753 1648/2752 1691/2754
f 1710/2753 1691/2754 1634/2755
f 1648/2752 1592/2744 1680/2756
f 1648/2752 1680/2756 1691/2754
f 1680/2756 1592/2744 1633/2757
f 1633/2757 1592/2744 1614/2758
f 1633/2757 1614/2758 1585/2759
f 1633/2757 1585/2759 1680/2756
f 1585/2759 1614/2758 1562/2760
f 1691/2754 1680/2756 1657/2761
f 1657/2761 1680/2756 1585/2759
f 1585/2759 1562/2760 1491/2762
f 1585/2759 1491/2762 1657/2761
f 1491/2762 1562/2760 1424/2763
f 1691/2754 1657/2761 1662/2764
f 1691/2754 1662/2764 1634/2755
f 1662/2764 1657/2761 1491/2762
f 1634/2755 1662/2764 1435/2765
f 1435/2765 1662/2764 1491/2762
f 1634/2755 1435/2765 1432/2766
f 1491/2762 1424/2763 1358/2767
f 1358/2767 1424/2763 1326/2768
f 1435/2765 1491/2762 1417/2769
f 1417/2769 1491/2762 1358/2767
f 1435/2765 1417/2769 1432/2766
f 1358/2767 1326/2768 1363/2770
f 1358/2767 1363/2770 1417/2769
f 1363/2770 1326/2768 1475/2771
f 1363/2770 1475/2771 1525/2772
f 1363/2770 1525/2772 1417/2769
f 1525/2772 1475/2771 1567/2773
f 1525/2772 1567/2773 1615/2774
f 1627/2775 1650/2776 1615/2774
f 1615/2774 1650/2776 1664/2777
f 1525/2772 1615/2774 1574/2778
f 1525/2772 1574/2778 1417/2769
f 1574/2778 1615/2774 1664/2777
f 1605/2779 1432/2766 1417/2769
f 1605/2779 1417/2769 1574/2778
f 1432/2766 1605/2779 1452/2780
f 1574/2778 1664/2777 1636/2781
f 1574/2778 1636/2781 1605/2779
f 1636/2781 1664/2777 1666/2782
f 1605/2779 1636/2781 1685/2783
f 1685/2783 1636/2781 1666/2782
f 1663/2784 1795/2785 1720/2786
f 1844/2787 1852/2788 1795/2785
f 1795/2785 1852/2788 1720/2786
f 1720/2786 1852/2788 1758/2789
f 1720/2786 1758/2789 1714/2790
f 1714/2790 1758/2789 1728/2791
f 1714/2790 1728/2791 1682/2792
f 1720/2786 1714/2790 1659/2793
f 1659/2793 1714/2790 1682/2792
f 1682/2792 1728/2791 1697/2794
f 1682/2792 1697/2794 1659/2793
f 1720/2786 1659/2793 1687/2795
f 1720/2786 1687/2795 1671/2796
f 1687/2795 1659/2793 1697/2794
f 1697/2794 1728/2791 1753/2797
f 1687/2795 1697/2794 1709/2798
f 1677/2799 1709/2798 1650/2800
f 1650/2800 1709/2798 1664/2801
f 1664/2801 1709/2798 1697/2794
f 1664/2801 1697/2794 1753/2797
f 1664/2801 1753/2797 1694/2802
f 1664/2801 1694/2802 1666/2803
f 1694/2802 1753/2797 1716/2804
f 1694/2802 1716/2804 1666/2803
f 1804/2805 1846/2806 1827/2807
f 1827/2807 1846/2806 1860/2808
f 1846/2806 1804/2805 1818/2809
f 1818/2809 1804/2805 1737/2810
f 1848/2811 1846/2806 1803/2812
f 1803/2812 1846/2806 1818/2809
f 1803/2812 1818/2809 1670/2813
f 1818/2809 1737/2810 1779/2814
f 1779/2814 1737/2810 1641/2815
f 1670/2813 1818/2809 1693/2816
f 1693/2816 1818/2809 1779/2814
f 1693/2816 1779/2814 1641/2815
f 1670/2813 1693/2816 1521/2817
f 1521/2817 1693/2816 1641/2815
f 1521/2817 1641/2815 1511/2818
f 1844/2819 1839/2820 1863/2821
f 1716/2822 1753/2823 1766/2824
f 1766/2824 1753/2823 1768/2825
f 1768/2825 1753/2823 1736/2826
f 1716/2822 1766/2824 1712/2827
f 1716/2822 1712/2827 1666/2828
f 1666/2828 1712/2827 1685/2829
f 1712/2827 1766/2824 1744/2830
f 1744/2830 1766/2824 1768/2825
f 1744/2830 1768/2825 1736/2826
f 1712/2827 1744/2830 1685/2829
f 1744/2830 1736/2826 1651/2831
f 1744/2830 1651/2831 1685/2829
f 1685/2829 1651/2831 1605/2832
f 1605/2832 1651/2831 1452/2833
f 1570/2834 1569/2835 1412/2836
f 1412/2836 1569/2835 1350/2837
f 1569/2835 1570/2834 1642/2838
f 1642/2838 1570/2834 1630/2839
f 1642/2838 1630/2839 1431/2840
f 1569/2835 1642/2838 1501/2841
f 1501/2841 1642/2838 1431/2840
f 1569/2835 1501/2841 1350/2837
f 1501/2841 1431/2840 1376/2842
f 1501/2841 1376/2842 1350/2837
f 1839/2843 1827/2844 1860/2845
f 1521/2846 1511/2847 1419/2848
f 1769/2849 1728/2850 1758/2851
f 1769/2849 1758/2851 1852/2852
f 1769/2849 1852/2852 1772/2853
f 1728/2850 1769/2849 1736/2854
f 1728/2850 1736/2854 1753/2855
f 1769/2849 1772/2853 1745/2856
f 1769/2849 1745/2856 1736/2854
f 1745/2856 1772/2853 1729/2857
f 1736/2854 1745/2856 1651/2858
f 1651/2858 1745/2856 1596/2859
f 1651/2858 1596/2859 1452/2860
f 1596/2859 1745/2856 1634/2861
f 1596/2859 1634/2861 1452/2860
f 1452/2860 1634/2861 1432/2862
f 1863/2863 1839/2864 1860/2865
f 1298/2866 1284/2867 1273/2868
f 1298/2866 1273/2868 1376/2869
f 1298/2866 1376/2869 1318/2870
f 1376/2869 1273/2868 1350/2871
f 1350/2872 1354/2873 1412/2874
f 1419/2875 1354/2873 1521/2876
f 1354/2873 1350/2872 1337/2877
f 1354/2873 1337/2877 1521/2876
f 1521/2876 1337/2877 1443/2878
f 1521/2876 1443/2878 1670/2879
f 1670/2879 1443/2878 1647/2880
f 1443/2878 1337/2877 1351/2881
f 1351/2881 1337/2877 1350/2872
f 1647/2880 1443/2878 1469/2882
f 1469/2882 1443/2878 1351/2881
f 1647/2880 1469/2882 1604/2883
f 1351/2881 1350/2872 1289/2884
f 1289/2884 1350/2872 1273/2885
f 1289/2884 1273/2885 1096/2886
f 1351/2881 1289/2884 1071/2887
f 1351/2881 1071/2887 1469/2882
f 1289/2884 1096/2886 1056/2888
f 1289/2884 1056/2888 1071/2887
f 1056/2888 1096/2886 1028/2889
f 1071/2887 1056/2888 1065/2890
f 1065/2890 1056/2888 1015/2891
f 1469/2882 1071/2887 1069/2892
f 1093/2893 1165/2894 1069/2892
f 1469/2882 1069/2892 1203/2895
f 1203/2895 1069/2892 1165/2894
f 1203/2895 1165/2894 1176/2896
f 1176/2896 1165/2894 1187/2897
f 1469/2882 1203/2895 1347/2898
f 1224/2899 1221/2900 1187/2897
f 1187/2897 1221/2900 1222/2901
f 1187/2897 1222/2901 1176/2896
f 1176/2896 1222/2901 1203/2895
f 1203/2895 1222/2901 1330/2902
f 1203/2895 1330/2902 1347/2898
f 1330/2902 1222/2901 1342/2903
f 1330/2902 1342/2903 1471/2904
f 1330/2902 1471/2904 1547/2905
f 1347/2898 1330/2902 1467/2906
f 1347/2898 1467/2906 1469/2882
f 1467/2906 1330/2902 1547/2905
f 1469/2882 1467/2906 1604/2883
f 1467/2906 1547/2905 1544/2907
f 1544/2907 1547/2905 1532/2908
f 1544/2907 1532/2908 1467/2906
f 1532/2908 1547/2905 1561/2909
f 1467/2906 1532/2908 1564/2910
f 1467/2906 1564/2910 1604/2883
f 1564/2910 1532/2908 1602/2911
f 1604/2883 1564/2910 1621/2912
f 1604/2883 1621/2912 1656/2913
f 1621/2912 1564/2910 1665/2914
f 1621/2912 1665/2914 1656/2913
f 1634/2915 1745/2916 1710/2917
f 1710/2917 1745/2916 1760/2918
f 1760/2918 1745/2916 1729/2919
f 1760/2918 1729/2919 1450/2920
f 1760/2918 1450/2920 1710/2917
f 1710/2917 1450/2920 1493/2921
f 1328/2922 1450/2923 1359/2924
f 1359/2924 1450/2923 1385/2925
f 1385/2925 1450/2923 1729/2926
f 1359/2924 1385/2925 1239/2927
f 1359/2924 1239/2927 1217/2928
f 1217/2928 1239/2927 1153/2929
f 1153/2929 1239/2927 1385/2925
f 1385/2925 1729/2926 1831/2930
f 1831/2930 1729/2926 1832/2931
f 1831/2930 1832/2931 1848/2932
f 1831/2930 1848/2932 1843/2933
f 1831/2930 1843/2933 1817/2934
f 1831/2930 1817/2934 1706/2935
f 1153/2929 1385/2925 1369/2936
f 1369/2936 1385/2925 1831/2930
f 1831/2930 1706/2935 1541/2937
f 1541/2937 1706/2935 1558/2938
f 1541/2937 1558/2938 1607/2939
f 1831/2930 1541/2937 1429/2940
f 1831/2930 1429/2940 1369/2936
f 1541/2937 1607/2939 1507/2941
f 1541/2937 1507/2941 1429/2940
f 1507/2941 1607/2939 1524/2942
f 1507/2941 1524/2942 1381/2943
f 1507/2941 1381/2943 1429/2940
f 1369/2936 1429/2940 1212/2944
f 1212/2944 1429/2940 1381/2943
f 1212/2944 1381/2943 1224/2945
f 1224/2945 1381/2943 1221/2946
f 1212/2944 1224/2945 1184/2947
f 1369/2936 1212/2944 1180/2948
f 1180/2948 1212/2944 1184/2947
f 1369/2936 1180/2948 1153/2929
f 1180/2948 1184/2947 1150/2949
f 1153/2929 1180/2948 1065/2950
f 1153/2929 1065/2950 1077/2951
f 1180/2948 1150/2949 1093/2952
f 1180/2948 1093/2952 1065/2950
f 1093/2952 1150/2949 1187/2953
f 1093/2952 1187/2953 1165/2954
f 1065/2950 1093/2952 1069/2955
f 1065/2950 1069/2955 1071/2956
f 1844/2957 1863/2958 1852/2959
f 1772/2960 1852/2959 1729/2961
f 1729/2961 1852/2959 1832/2962
f 1832/2962 1852/2959 1863/2958
f 1832/2962 1863/2958 1848/2963
f 1848/2963 1863/2958 1846/2964
f 1846/2964 1863/2958 1860/2965
f 1670/2966 1780/2967 1803/2968
f 1780/2967 1670/2966 1647/2969
f 1803/2968 1780/2967 1843/2970
f 1803/2968 1843/2970 1848/2971
f 1780/2967 1647/2969 1676/2972
f 1676/2972 1647/2969 1604/2973
f 1676/2972 1604/2973 1656/2974
f 1676/2972 1656/2974 1734/2975
f 1780/2967 1676/2972 1781/2976
f 1781/2976 1676/2972 1734/2975
f 1780/2967 1781/2976 1843/2970
f 1781/2976 1734/2975 1828/2977
f 1781/2976 1828/2977 1798/2978
f 1798/2978 1828/2977 1829/2979
f 1798/2978 1829/2979 1857/2980
f 1781/2976 1798/2978 1830/2981
f 1830/2981 1798/2978 1857/2980
f 1781/2976 1830/2981 1843/2970
f 1830/2981 1857/2980 1847/2982
f 1843/2970 1830/2981 1826/2983
f 1826/2983 1830/2981 1847/2982
f 1843/2970 1826/2983 1817/2984
f 1817/2984 1826/2983 1847/2982
f 1817/2984 1847/2982 1821/2985
f 1817/2984 1821/2985 1767/2986
f 1817/2984 1767/2986 1706/2987
f 1706/2988 1607/2989 1558/2990
f 1607/2989 1706/2988 1767/2991
f 1607/2989 1767/2991 1660/2992
f 1607/2989 1660/2992 1547/2993
f 1607/2989 1547/2993 1524/2994
f 1524/2994 1547/2993 1471/2995
f 1150/2996 1162/2997 1187/2998
f 1187/2998 1162/2997 1196/2999
f 1196/2999 1162/2997 1231/3000
f 1162/2997 1150/2996 1247/3001
f 1162/2997 1247/3001 1231/3000
f 1247/3001 1150/2996 1184/3002
f 1231/3000 1247/3001 1143/3003
f 1231/3000 1143/3003 1248/3004
f 1143/3003 1247/3001 1269/3005
f 1602/3006 1610/3007 1564/3008
f 1564/3008 1610/3007 1665/3009
f 1665/3009 1610/3007 1656/3010
f 1656/3010 1610/3007 1734/3011
f 1610/3007 1602/3006 1561/3012
f 1561/3012 1602/3006 1532/3013
f 1734/3011 1610/3007 1752/3014
f 1610/3007 1561/3012 1639/3015
f 1610/3007 1639/3015 1752/3014
f 1639/3015 1561/3012 1598/3016
f 1639/3015 1598/3016 1619/3017
f 1734/3011 1752/3014 1828/3018
f 1639/3015 1619/3017 1754/3019
f 1754/3019 1619/3017 1675/3020
f 1752/3014 1639/3015 1801/3021
f 1801/3021 1639/3015 1754/3019
f 1752/3014 1801/3021 1828/3018
f 1828/3018 1801/3021 1856/3022
f 1828/3018 1856/3022 1857/3023
f 1828/3018 1857/3023 1829/3024
f 1856/3022 1801/3021 1861/3025
f 1861/3025 1801/3021 1754/3019
f 1856/3022 1861/3025 1857/3023
f 1861/3025 1754/3019 1815/3026
f 1815/3026 1754/3019 1723/3027
f 1815/3026 1723/3027 1660/3028
f 1861/3025 1815/3026 1821/3029
f 1861/3025 1821/3029 1857/3023
f 1821/3029 1815/3026 1660/3028
f 1857/3023 1821/3029 1847/3030
f 1821/3029 1660/3028 1767/3031
f 1660/3032 1561/3033 1547/3034
f 1561/3033 1660/3032 1616/3035
f 1561/3033 1616/3035 1598/3036
f 1616/3035 1660/3032 1723/3037
f 1598/3036 1616/3035 1454/3038
f 1454/3038 1616/3035 1723/3037
f 1598/3036 1454/3038 1619/3039
f 1619/3039 1454/3038 1531/3040
f 1531/3040 1454/3038 1308/3041
f 1454/3038 1723/3037 1573/3042
f 1308/3041 1454/3038 1268/3043
f 1268/3043 1454/3038 1422/3044
f 1422/3044 1454/3038 1573/3042
f 1268/3043 1422/3044 1222/3045
f 1222/3045 1422/3044 1342/3046
f 1342/3046 1422/3044 1471/3047
f 1471/3047 1422/3044 1573/3042
f 1471/3047 1573/3042 1524/3048
f 1224/3049 1187/3050 1196/3051
f 1224/3049 1196/3051 1283/3052
f 1283/3052 1196/3051 1231/3053
f 1283/3052 1231/3053 1317/3054
f 1283/3052 1317/3054 1323/3055
f 1224/3049 1283/3052 1247/3056
f 1247/3056 1283/3052 1323/3055
f 1224/3049 1247/3056 1184/3057
f 1247/3056 1323/3055 1349/3058
f 1247/3056 1349/3058 1269/3059
f 1221/3060 1381/3061 1317/3062
f 1221/3060 1317/3062 1268/3063
f 1221/3060 1268/3063 1222/3064
f 1268/3063 1317/3062 1223/3065
f 1223/3065 1317/3062 1231/3066
f 1223/3065 1231/3066 1248/3067
f 1223/3065 1248/3067 1268/3063
f 1268/3063 1248/3067 1308/3068
f 1381/3069 1524/3070 1588/3071
f 1588/3071 1524/3070 1573/3072
f 1588/3071 1573/3072 1723/3073
f 1754/3074 1675/3075 1723/3073
f 1723/3073 1675/3075 1588/3071
f 1588/3071 1675/3075 1590/3076
f 1381/3069 1588/3071 1436/3077
f 1381/3069 1436/3077 1317/3078
f 1317/3078 1436/3077 1323/3079
f 1436/3077 1588/3071 1508/3080
f 1436/3077 1508/3080 1323/3079
f 1508/3080 1588/3071 1590/3076
f 1323/3079 1508/3080 1349/3081
f 1349/3081 1508/3080 1590/3076
f 1215/3082 1296/3083 1248/3084
f 1248/3084 1296/3083 1308/3085
f 1308/3085 1296/3083 1379/3086
f 1215/3082 1248/3084 1143/3087
f 1296/3083 1215/3082 1282/3088
f 1296/3083 1282/3088 1389/3089
f 1389/3089 1282/3088 1307/3090
f 1282/3088 1215/3082 1230/3091
f 1230/3091 1215/3082 1143/3087
f 1230/3091 1143/3087 1270/3092
f 1270/3092 1143/3087 1269/3093
f 1230/3091 1270/3092 1307/3094
f 1270/3092 1269/3093 1349/3095
f 1307/3094 1270/3092 1389/3096
f 1389/3096 1270/3092 1349/3095
f 1389/3097 1349/3098 1590/3099
f 1389/3097 1590/3099 1555/3100
f 1555/3100 1590/3099 1675/3101
f 1389/3097 1555/3100 1463/3102
f 1463/3102 1555/3100 1628/3103
f 1389/3097 1463/3102 1296/3104
f 1463/3102 1628/3103 1439/3105
f 1463/3102 1439/3105 1296/3104
f 1531/3106 1603/3107 1619/3108
f 1603/3107 1531/3106 1497/3109
f 1619/3108 1603/3107 1675/3110
f 1675/3110 1603/3107 1555/3111
f 1497/3112 1531/3113 1308/3114
f 1497/3112 1308/3114 1379/3115
f 1497/3112 1379/3115 1576/3116
f 1555/3117 1603/3118 1700/3119
f 1555/3117 1700/3119 1628/3120
f 1700/3119 1603/3118 1576/3121
f 1576/3121 1603/3118 1497/3122
f 1307/3123 1282/3124 1371/3125
f 1371/3125 1282/3124 1230/3126
f 1371/3125 1230/3126 1348/3127
f 1371/3125 1348/3127 1418/3128
f 1418/3128 1348/3127 1407/3129
f 1418/3128 1407/3129 1481/3130
f 1481/3130 1407/3129 1495/3131
f 1407/3129 1348/3127 1327/3132
f 1495/3131 1407/3129 1362/3133
f 1362/3133 1407/3129 1327/3132
f 1327/3132 1348/3127 1300/3134
f 1300/3134 1348/3127 1230/3126
f 1327/3132 1300/3134 1362/3133
f 1300/3134 1230/3126 1402/3135
f 1300/3134 1402/3135 1362/3133
f 1362/3133 1402/3135 1495/3131
f 1402/3135 1230/3126 1307/3136
f 1402/3135 1307/3136 1371/3137
f 1402/3135 1371/3137 1418/3138
f 1402/3135 1418/3138 1495/3131
f 1495/3131 1418/3138 1686/3139
f 1296/3140 1455/3141 1379/3142
f 1379/3142 1455/3141 1576/3143
f 1628/3144 1700/3145 1683/3146
f 1683/3146 1700/3145 1599/3147
f 1683/3146 1599/3147 1628/3144
f 1628/3144 1599/3147 1439/3148
f 1439/3148 1599/3147 1418/3149
f 1418/3149 1599/3147 1686/3150
f 1296/3151 1391/3152 1455/3153
f 1391/3152 1296/3151 1439/3154
f 1455/3153 1391/3152 1576/3155
f 1391/3152 1439/3154 1418/3156
f 1576/3155 1391/3152 1411/3157
f 1411/3157 1391/3152 1418/3156
f 1576/3155 1411/3157 1622/3158
f 1576/3155 1622/3158 1695/3159
f 1695/3159 1622/3158 1719/3160
f 1719/3160 1622/3158 1673/3161
f 1673/3161 1622/3158 1587/3162
f 1622/3158 1411/3157 1529/3163
f 1622/3158 1529/3163 1587/3162
f 1411/3157 1418/3156 1333/3164
f 1333/3164 1418/3156 1386/3165
f 1386/3165 1418/3156 1481/3166
f 1411/3157 1333/3164 1449/3167
f 1411/3157 1449/3167 1529/3163
f 1449/3167 1333/3164 1386/3165
f 1529/3163 1449/3167 1587/3162
f 1587/3162 1449/3167 1386/3165
f 1866/3168 1873/3169 1871/3170
f 1873/3169 1866/3168 1874/3171
f 1873/3169 1874/3171 1871/3170
f 1874/3171 1866/3168 1859/3172
f 1874/3171 1859/3172 1673/3173
f 1874/3171 1673/3173 1869/3174
f 1874/3171 1869/3174 1878/3175
f 1871/3170 1874/3171 1875/3176
f 1875/3176 1874/3171 1878/3175
f 1871/3170 1875/3176 1876/3177
f 1876/3177 1875/3176 1878/3175
f 1866/3178 1871/3179 1876/3180
f 1866/3178 1876/3180 1877/3181
f 1877/3182 1876/3183 1879/3184
f 1879/3184 1876/3183 1880/3185
f 1700/3186 1866/3187 1877/3188
f 1700/3186 1877/3188 1870/3189
f 1700/3186 1870/3189 1855/3190
f 1700/3186 1855/3190 1791/3191
f 1877/3192 1879/3193 1880/3194
f 1877/3192 1880/3194 1878/3195
f 1878/3195 1880/3194 1876/3196
f 1877/3192 1878/3195 1872/3197
f 1877/3192 1872/3197 1870/3198
f 1872/3197 1878/3195 1869/3199
f 1870/3198 1872/3197 1855/3200
f 1855/3200 1872/3197 1869/3199
f 1855/3200 1869/3199 1853/3201
f 1853/3201 1869/3199 1800/3202
f 1700/3203 1576/3204 1866/3205
f 1866/3205 1576/3204 1858/3206
f 1866/3205 1858/3206 1859/3207
f 1858/3206 1576/3204 1825/3208
f 1858/3206 1825/3208 1859/3207
f 1825/3208 1576/3204 1695/3209
f 1859/3207 1825/3208 1673/3210
f 1825/3208 1695/3209 1791/3211
f 1825/3208 1791/3211 1855/3212
f 1673/3210 1825/3208 1719/3213
f 1825/3208 1855/3212 1853/3214
f 1825/3208 1853/3214 1719/3213
f 1719/3213 1853/3214 1800/3215
f 1719/3213 1800/3215 1695/3216
f 1695/3216 1800/3215 1791/3217
f 1599/3218 1700/3219 1756/3220
f 1599/3218 1756/3220 1686/3221
f 1686/3221 1756/3220 1733/3222
f 1686/3221 1733/3222 1749/3223
f 1749/3223 1733/3222 1751/3224
f 1751/3224 1733/3222 1756/3220
f 1756/3220 1700/3219 1746/3225
f 1746/3225 1700/3219 1791/3226
f 1746/3225 1791/3226 1800/3227
f 1756/3220 1746/3225 1770/3228
f 1770/3228 1746/3225 1800/3227
f 1756/3220 1770/3228 1751/3224
f 1770/3228 1800/3227 1869/3229
f 1770/3228 1869/3229 1740/3230
f 1740/3230 1869/3229 1673/3231
f 1770/3228 1740/3230 1748/3232
f 1748/3232 1740/3230 1673/3231
f 1770/3228 1748/3232 1751/3224
f 1748/3232 1673/3231 1587/3233
f 1748/3232 1587/3233 1704/3234
f 1748/3232 1704/3234 1751/3224
f 1751/3224 1704/3234 1703/3235
f 1686/3236 1595/3237 1495/3238
f 1595/3237 1686/3236 1749/3239
f 1595/3237 1749/3239 1751/3240
f 1595/3237 1751/3240 1703/3241
f 1495/3238 1595/3237 1481/3242
f 1595/3237 1703/3241 1584/3243
f 1595/3237 1584/3243 1481/3242
f 1481/3242 1584/3243 1464/3244
f 1481/3242 1464/3244 1386/3245
f 1386/3245 1464/3244 1478/3246
f 1386/3245 1478/3246 1587/3247
f 1637/3248 1668/3249 1528/3250
f 1668/3249 1637/3248 1600/3251
f 1600/3251 1637/3248 1528/3250
f 1528/3252 1668/3253 1527/3254
f 1527/3254 1668/3253 1704/3255
f 1528/3252 1527/3254 1600/3256
f 1527/3254 1704/3255 1478/3257
f 1478/3257 1704/3255 1587/3258
f 1527/3254 1478/3257 1464/3259
f 1527/3254 1464/3259 1584/3260
f 1527/3254 1584/3260 1600/3256
f 1600/3256 1584/3260 1703/3261
f 1600/3256 1703/3261 1668/3262
f 1668/3262 1703/3261 1704/3263
