# bolt.obj exported from Blockbench free model
mtllib bolt.mtl
o bolt
v 0.500519 0.512062 0.093469
v 0.500581 0.485088 -0.120769
v 0.500644 0.482219 0.104150
v 0.500675 0.526262 -0.025775
v 0.500788 0.529350 -0.057175
v 0.500831 0.516994 0.791456
v 0.500862 0.499613 1.187856
v 0.500894 0.514500 -0.130025
v 0.500981 0.481206 0.097744
v 0.500988 0.510356 0.097119
v 0.501025 0.497044 -0.184775
v 0.501100 0.520563 1.034794
v 0.501131 0.514306 -0.159781
v 0.501206 0.514525 -0.183475
v 0.501269 0.511025 0.123338
v 0.501294 0.513012 -0.094700
v 0.501313 0.489100 0.940844
v 0.501444 0.489275 1.111706
v 0.501463 0.478463 -0.065588
v 0.501575 0.519531 0.054456
v 0.501606 0.485088 -0.098500
v 0.501619 0.481850 -0.181969
v 0.501663 0.541194 -0.048087
v 0.501769 0.521513 -0.069669
v 0.501781 0.481325 0.124425
v 0.501800 0.509838 0.344900
v 0.501800 0.522725 0.994575
v 0.501825 0.476156 -0.001087
v 0.501825 0.483600 0.350631
v 0.501831 0.483319 0.276119
v 0.501881 0.483287 0.314431
v 0.501900 0.512919 0.470569
v 0.501931 0.487063 0.795687
v 0.501969 0.483544 0.475431
v 0.502000 0.475875 0.064750
v 0.502050 0.536100 -0.045413
v 0.502081 0.510962 0.459600
v 0.502162 0.486275 -0.074956
v 0.502169 0.513919 1.131256
v 0.502194 0.513275 0.563950
v 0.502300 0.523869 0.077094
v 0.502350 0.511844 0.497544
v 0.502356 0.481450 0.126844
v 0.502363 0.515062 -0.096881
v 0.502375 0.483687 0.153269
v 0.502381 0.508769 0.149413
v 0.502413 0.485994 -0.120425
v 0.502444 0.518319 1.060000
v 0.502444 0.527925 0.022281
v 0.502563 0.548081 -0.040906
v 0.502731 0.519637 1.056013
v 0.502731 0.513356 0.086781
v 0.502744 0.510144 0.386300
v 0.502825 0.484063 0.389225
v 0.502894 0.533100 -0.012506
v 0.502944 0.514837 0.721006
v 0.502950 0.488456 0.878044
v 0.502969 0.511675 -0.187619
v 0.502969 0.509700 0.319544
v 0.503044 0.544625 -0.048025
v 0.503050 0.474125 -0.016369
v 0.503106 0.518362 0.081687
v 0.503188 0.484044 0.126625
v 0.503200 0.508394 -0.186369
v 0.503212 0.486706 0.998737
v 0.503225 0.488381 0.846725
v 0.503300 0.511450 0.526506
v 0.503319 0.513962 0.663481
v 0.503350 0.482606 0.117875
v 0.503356 0.486381 -0.180675
v 0.503369 0.515925 0.761131
v 0.503394 0.494694 -0.185875
v 0.503394 0.484162 0.236906
v 0.503413 0.482237 0.113150
v 0.503431 0.553362 -0.035444
v 0.503431 0.515081 -0.091250
v 0.503506 0.490787 1.054738
v 0.503525 0.509988 0.423906
v 0.503537 0.473888 -0.032875
v 0.503537 0.489425 1.034212
v 0.503569 0.540094 -0.053163
v 0.503581 0.508587 0.126806
v 0.503600 0.472744 -0.045325
v 0.503606 0.486450 -0.127094
v 0.503613 0.486406 -0.106200
v 0.503631 0.486438 0.724369
v 0.503700 0.485350 -0.041181
v 0.503763 0.513100 0.093600
v 0.503838 0.489538 0.915119
v 0.503844 0.515406 -0.107150
v 0.503938 0.510444 0.096600
v 0.503944 0.521750 1.015613
v 0.503969 0.508231 0.172181
v 0.503981 0.517887 0.991337
v 0.504006 0.480231 0.098369
v 0.504025 0.485750 0.675837
v 0.504025 0.485981 0.697825
v 0.504044 0.514219 -0.107088
v 0.504044 0.542144 -0.036050
v 0.504069 0.496700 1.165181
v 0.504112 0.538819 -0.026337
v 0.504112 0.514894 0.551137
v 0.504162 0.490287 0.992050
v 0.504188 0.505613 1.164250
v 0.504194 0.517737 0.963044
v 0.504206 0.517219 0.847725
v 0.504250 0.509044 0.066062
v 0.504306 0.517038 0.820269
v 0.504337 0.477750 -0.066087
v 0.504369 0.488563 0.994681
v 0.504400 0.488150 -0.187319
v 0.504431 0.473350 0.063475
v 0.504463 0.485394 -0.048563
v 0.504463 0.472225 -0.054994
v 0.504469 0.509519 0.234406
v 0.504481 0.517369 0.925000
v 0.504487 0.510188 0.096469
v 0.504506 0.517131 0.890106
v 0.504519 0.509162 0.270556
v 0.504563 0.487687 0.750181
v 0.504569 0.472788 0.057131
v 0.504600 0.485806 0.584844
v 0.504650 0.513663 -0.162544
v 0.504700 0.551037 -0.042956
v 0.504719 0.513962 -0.181969
v 0.504719 0.508513 0.196131
v 0.504725 0.485669 0.650444
v 0.504737 0.485825 -0.081194
v 0.504737 0.520281 -0.070294
v 0.504763 0.513769 -0.137494
v 0.504812 0.513938 -0.124588
v 0.504812 0.515600 -0.073206
v 0.504856 0.490356 0.953963
v 0.504869 0.485181 0.524256
v 0.504900 0.481375 0.065894
v 0.504906 0.509331 0.480125
v 0.504944 0.527706 0.076444
v 0.504950 0.490719 1.030675
v 0.504988 0.520244 1.034731
v 0.505006 0.510619 0.058100
v 0.505006 0.531569 -0.060862
v 0.505031 0.499675 -0.186238
v 0.505044 0.513456 0.478181
v 0.505094 0.485044 -0.071656
v 0.505156 0.508394 0.097525
v 0.505162 0.514931 -0.085962
v 0.505212 0.476325 0.092950
v 0.505225 0.536294 0.064488
v 0.505250 0.515981 0.789581
v 0.505288 0.476219 -0.063819
v 0.505337 0.486319 -0.032919
v 0.505369 0.508394 0.116731
v 0.505369 0.511650 -0.128988
v 0.505394 0.511525 -0.062312
v 0.505437 0.509687 -0.048438
v 0.505475 0.511600 0.553662
v 0.505487 0.485044 0.115737
v 0.505506 0.469225 -0.009700
v 0.505525 0.487419 -0.074331
v 0.505575 0.489794 -0.185506
v 0.505606 0.538800 0.041138
v 0.505631 0.550800 -0.021956
v 0.505637 0.508675 -0.022775
v 0.505650 0.509000 -0.014256
v 0.505656 0.468562 0.056094
v 0.505663 0.485306 -0.074806
v 0.505669 0.485475 0.077331
v 0.505675 0.512250 0.587712
v 0.505694 0.508737 -0.034713
v 0.505731 0.486869 0.625050
v 0.505737 0.512494 -0.072819
v 0.505756 0.548769 -0.045694
v 0.505756 0.511394 -0.112631
v 0.505794 0.485544 0.084125
v 0.505900 0.485000 0.070981
v 0.505975 0.513381 -0.055794
v 0.506006 0.486381 -0.052881
v 0.506025 0.549200 -0.012375
v 0.506069 0.510962 -0.147806
v 0.506081 0.508500 -0.009444
v 0.506088 0.513725 -0.065244
v 0.506094 0.471319 0.084494
v 0.506094 0.541044 0.057025
v 0.506100 0.526044 1.076313
v 0.506181 0.485787 0.434769
v 0.506225 0.509050 0.517081
v 0.506231 0.510787 -0.074525
v 0.506238 0.539338 0.011600
v 0.506256 0.542037 0.047269
v 0.506256 0.472400 0.087212
v 0.506275 0.482381 0.126562
v 0.506325 0.510831 -0.169387
v 0.506344 0.490506 0.850231
v 0.506350 0.507594 0.061900
v 0.506369 0.489694 0.806306
v 0.506437 0.508587 0.005450
v 0.506437 0.481331 1.060344
v 0.506475 0.487550 -0.067294
v 0.506481 0.510012 -0.106850
v 0.506481 0.508975 -0.152250
v 0.506494 0.553044 -0.041506
v 0.506506 0.486075 0.400894
v 0.506506 0.485988 0.280681
v 0.506513 0.539512 0.032444
v 0.506519 0.507487 0.068225
v 0.506531 0.487162 -0.048563
v 0.506556 0.517781 1.055362
v 0.506594 0.510619 -0.180913
v 0.506606 0.486063 0.356812
v 0.506631 0.487312 -0.058944
v 0.506637 0.512906 0.806531
v 0.506656 0.486281 0.472519
v 0.506656 0.486350 0.208175
v 0.506663 0.510119 0.126787
v 0.506663 0.517719 0.060150
v 0.506675 0.533231 0.070875
v 0.506687 0.483256 0.081231
v 0.506687 0.508294 0.458550
v 0.506700 0.486244 0.161131
v 0.506713 0.555438 -0.038550
v 0.506719 0.486319 0.231081
v 0.506719 0.486925 -0.028775
v 0.506731 0.486094 0.322781
v 0.506731 0.514437 0.959056
v 0.506731 0.486331 0.126756
v 0.506737 0.502112 1.151263
v 0.506750 0.509713 -0.119669
v 0.506806 0.508737 -0.180588
v 0.506838 0.513725 0.923687
v 0.506838 0.547906 -0.002231
v 0.506856 0.508850 -0.127569
v 0.506906 0.486419 0.189269
v 0.506912 0.489425 0.767175
v 0.506912 0.486812 -0.001306
v 0.506931 0.555500 -0.030850
v 0.506931 0.516381 -0.069712
v 0.506975 0.520956 1.101738
v 0.506994 0.507250 0.094525
v 0.507006 0.508481 -0.050119
v 0.507012 0.483344 0.065613
v 0.507069 0.508306 0.104219
v 0.507100 0.486969 -0.018806
v 0.507112 0.492837 0.977981
v 0.507112 0.486600 -0.120075
v 0.507112 0.486275 -0.126919
v 0.507144 0.507681 0.072087
v 0.507175 0.483881 0.104300
v 0.507188 0.509256 0.063950
v 0.507219 0.541731 0.025863
v 0.507225 0.486575 0.014600
v 0.507238 0.507469 0.056331
v 0.507281 0.507469 0.085850
v 0.507325 0.506369 0.112850
v 0.507331 0.507787 0.038613
v 0.507350 0.468169 -0.055300
v 0.507356 0.482088 -0.055450
v 0.507394 0.509687 -0.060862
v 0.507419 0.485950 -0.101350
v 0.507419 0.508525 0.077200
v 0.507431 0.476050 0.092756
v 0.507431 0.514069 0.992481
v 0.507437 0.485088 0.682063
v 0.507463 0.486275 -0.090794
v 0.507487 0.486212 -0.185719
v 0.507525 0.468319 0.074675
v 0.507544 0.483662 -0.054394
v 0.507544 0.512000 0.089394
v 0.507581 0.486450 0.028837
v 0.507587 0.483750 0.119450
v 0.507587 0.519012 0.048669
v 0.507594 0.545556 0.007669
v 0.507594 0.517175 0.082181
v 0.507594 0.485381 0.717981
v 0.507613 0.485519 1.099100
v 0.507625 0.486019 0.064100
v 0.507663 0.486088 0.635319
v 0.507675 0.508744 0.559469
v 0.507694 0.486494 0.045931
v 0.507694 0.465044 0.000525
v 0.507756 0.511331 0.615775
v 0.507763 0.487050 -0.081213
v 0.507812 0.511200 0.085656
v 0.507812 0.486556 0.742487
v 0.507869 0.542013 0.018462
v 0.507894 0.515125 -0.069450
v 0.507931 0.514587 -0.103788
v 0.507962 0.489600 0.993387
v 0.507981 0.506969 0.082250
v 0.507981 0.513575 -0.094700
v 0.507988 0.510875 0.092025
v 0.507994 0.483081 0.068288
v 0.508006 0.485994 0.088506
v 0.508012 0.520481 0.083325
v 0.508075 0.473650 0.058081
v 0.508075 0.506906 0.126812
v 0.508088 0.465000 0.026725
v 0.508131 0.482781 0.099231
v 0.508144 0.484488 -0.067681
v 0.508169 0.463425 -0.028281
v 0.508181 0.513269 0.884862
v 0.508212 0.486038 0.097569
v 0.508250 0.513381 0.756444
v 0.508294 0.539144 -0.055494
v 0.508319 0.464200 0.019150
v 0.508363 0.512537 0.833919
v 0.508363 0.531919 -0.060262
v 0.508369 0.519312 -0.040450
v 0.508400 0.471319 0.087125
v 0.508413 0.468081 0.083156
v 0.508444 0.552331 -0.017706
v 0.508519 0.543269 0.052725
v 0.508600 0.494262 1.146813
v 0.508637 0.518775 1.032144
v 0.508719 0.480363 -0.060069
v 0.508750 0.508244 0.078387
v 0.508825 0.507844 0.237262
v 0.508831 0.540481 0.062075
v 0.508838 0.461069 -0.045913
v 0.508856 0.484963 0.114100
v 0.508856 0.478181 -0.062419
v 0.508856 0.491800 0.889506
v 0.508894 0.485669 0.391462
v 0.508944 0.486144 0.613431
v 0.508944 0.462756 0.046969
v 0.508956 0.486837 0.063450
v 0.508962 0.507281 0.206856
v 0.509012 0.483538 0.063606
v 0.509069 0.486619 0.572775
v 0.509088 0.485737 0.419094
v 0.509100 0.522850 1.087925
v 0.509112 0.479563 -0.065744
v 0.509112 0.523887 0.079831
v 0.509112 0.487375 0.017812
v 0.509112 0.508719 0.121631
v 0.509125 0.514175 0.064513
v 0.509150 0.507088 0.187719
v 0.509169 0.487119 0.080094
v 0.509206 0.485994 0.216881
v 0.509212 0.507487 0.019625
v 0.509225 0.485900 0.197556
v 0.509244 0.488025 -0.040150
v 0.509256 0.483469 0.082225
v 0.509256 0.489619 -0.106137
v 0.509256 0.487375 0.037625
v 0.509262 0.485950 0.451437
v 0.509269 0.551144 -0.010263
v 0.509275 0.492925 1.029162
v 0.509281 0.485844 0.177906
v 0.509281 0.507456 0.276169
v 0.509288 0.506775 0.043081
v 0.509288 0.507919 -0.000575
v 0.509306 0.489812 -0.126744
v 0.509312 0.487850 0.003356
v 0.509325 0.487938 -0.012788
v 0.509325 0.487938 -0.022800
v 0.509331 0.493225 1.060412
v 0.509337 0.525806 0.041962
v 0.509344 0.485563 0.274669
v 0.509350 0.512300 0.701550
v 0.509369 0.489900 -0.181125
v 0.509375 0.507469 -0.153938
v 0.509400 0.486094 0.310675
v 0.509425 0.485750 0.252131
v 0.509431 0.486019 0.335031
v 0.509444 0.486025 0.126756
v 0.509456 0.521406 0.000831
v 0.509456 0.484550 1.087556
v 0.509475 0.485906 0.151819
v 0.509475 0.465019 0.078537
v 0.509494 0.507663 -0.011406
v 0.509494 0.486494 0.094137
v 0.509525 0.490581 0.814462
v 0.509531 0.506387 0.058188
v 0.509556 0.525875 0.077762
v 0.509563 0.489969 -0.120512
v 0.509569 0.482112 -0.003375
v 0.509569 0.481762 0.076250
v 0.509587 0.463706 0.044250
v 0.509600 0.517156 0.080694
v 0.509613 0.527019 0.052750
v 0.509613 0.514606 0.050094
v 0.509625 0.511375 0.723169
v 0.509644 0.489081 -0.074525
v 0.509644 0.485394 0.104344
v 0.509650 0.506775 0.170637
v 0.509656 0.507088 0.295438
v 0.509656 0.485844 0.234944
v 0.509656 0.485862 0.368988
v 0.509706 0.488906 -0.058812
v 0.509719 0.491756 0.861712
v 0.509737 0.505225 -0.186650
v 0.509769 0.507131 0.318163
v 0.509775 0.505850 0.097787
v 0.509806 0.481612 0.097419
v 0.509806 0.482631 -0.028800
v 0.509825 0.456606 -0.036694
v 0.509825 0.487762 0.052038
v 0.509844 0.507288 0.338181
v 0.509850 0.506044 0.114075
v 0.509875 0.510188 -0.074394
v 0.509900 0.506581 0.145044
v 0.509900 0.492900 0.929963
v 0.509906 0.507550 -0.047462
v 0.509906 0.519962 0.995006
v 0.509938 0.507513 -0.023769
v 0.509956 0.486656 0.294019
v 0.509962 0.507875 -0.106869
v 0.510025 0.507600 0.461650
v 0.510025 0.505850 0.073269
v 0.510050 0.484444 0.122169
v 0.510056 0.548619 0.003831
v 0.510075 0.484963 0.097181
v 0.510081 0.529000 0.074331
v 0.510094 0.508719 -0.061056
v 0.510100 0.507294 -0.119625
v 0.510100 0.485669 0.117706
v 0.510131 0.507088 0.402313
v 0.510162 0.486656 0.644800
v 0.510162 0.505825 0.087969
v 0.510206 0.487656 -0.105944
v 0.510244 0.482931 -0.055900
v 0.510281 0.492988 0.992844
v 0.510294 0.493375 0.971006
v 0.510312 0.493138 -0.187856
v 0.510312 0.506369 -0.182400
v 0.510337 0.487638 0.599762
v 0.510363 0.487181 0.527500
v 0.510381 0.529694 -0.058425
v 0.510456 0.480212 -0.063800
v 0.510481 0.506563 -0.127306
v 0.510481 0.491175 1.033544
v 0.510531 0.462281 0.049600
v 0.510613 0.512387 -0.107237
v 0.510644 0.516119 0.992025
v 0.510650 0.479675 0.063494
v 0.510650 0.507487 0.525687
v 0.510681 0.515238 1.060150
v 0.510713 0.524231 -0.013262
v 0.510719 0.506363 0.364088
v 0.510731 0.487681 -0.181925
v 0.510787 0.509637 0.640244
v 0.510881 0.542900 -0.051437
v 0.510925 0.544819 0.024719
v 0.510938 0.483731 0.094569
v 0.510962 0.507750 -0.127369
v 0.511025 0.541519 0.029056
v 0.511081 0.484894 0.100269
v 0.511112 0.512125 0.935081
v 0.511119 0.512600 0.991962
v 0.511156 0.511694 -0.081950
v 0.511188 0.515513 1.040319
v 0.511219 0.542706 0.024894
v 0.511231 0.507444 0.572137
v 0.511238 0.489144 0.068138
v 0.511238 0.554488 -0.037125
v 0.511250 0.469725 0.051950
v 0.511281 0.464825 -0.053937
v 0.511294 0.531569 0.071288
v 0.511306 0.456756 0.003375
v 0.511312 0.545663 0.017319
v 0.511325 0.555050 -0.028237
v 0.511331 0.488625 0.763331
v 0.511331 0.479350 0.073269
v 0.511331 0.489362 -0.096469
v 0.511356 0.512281 0.962762
v 0.511400 0.482200 0.092906
v 0.511419 0.478550 0.093231
v 0.511456 0.477538 -0.037519
v 0.511475 0.506219 0.508587
v 0.511494 0.486300 0.108575
v 0.511537 0.475637 0.067056
v 0.511537 0.528919 1.061319
v 0.511537 0.521081 0.078238
v 0.511594 0.504769 0.126488
v 0.511594 0.490675 -0.041638
v 0.511606 0.460856 0.072906
v 0.511650 0.488450 0.484337
v 0.511706 0.493075 1.000312
v 0.511706 0.480556 -0.061725
v 0.511737 0.522613 0.053744
v 0.511750 0.469725 -0.056850
v 0.511756 0.478250 0.066475
v 0.511769 0.472181 0.086306
v 0.511769 0.507231 -0.122537
v 0.511800 0.504725 0.017769
v 0.511806 0.489856 -0.082206
v 0.511813 0.504356 -0.162825
v 0.511837 0.488531 0.713625
v 0.511837 0.544369 -0.046900
v 0.511844 0.509912 0.705294
v 0.511862 0.490031 0.027069
v 0.511869 0.488563 0.126769
v 0.511875 0.490613 -0.019694
v 0.511919 0.542963 0.039650
v 0.512019 0.543462 0.034237
v 0.512025 0.500281 1.132337
v 0.512038 0.476519 -0.043019
v 0.512056 0.488431 0.165050
v 0.512088 0.504812 -0.005019
v 0.512150 0.510075 0.785969
v 0.512175 0.475787 -0.056006
v 0.512175 0.511375 -0.074500
v 0.512206 0.511825 -0.100850
v 0.512212 0.490831 0.006638
v 0.512238 0.522656 0.046750
v 0.512244 0.504012 0.160000
v 0.512250 0.503775 0.185594
v 0.512256 0.504275 0.251106
v 0.512256 0.504875 -0.053937
v 0.512262 0.510637 -0.095262
v 0.512262 0.494650 -0.155488
v 0.512262 0.524062 0.040731
v 0.512262 0.488381 0.260525
v 0.512281 0.503519 0.040037
v 0.512300 0.490806 0.050719
v 0.512300 0.479931 0.090819
v 0.512300 0.504513 0.317056
v 0.512331 0.506537 0.097394
v 0.512338 0.493269 -0.106331
v 0.512344 0.496762 -0.112806
v 0.512350 0.488619 0.374919
v 0.512350 0.483081 1.078581
v 0.512387 0.494106 -0.181881
v 0.512413 0.482219 1.069387
v 0.512469 0.494300 -0.127094
v 0.512487 0.525487 0.055012
v 0.512494 0.488781 0.196231
v 0.512500 0.503700 0.272719
v 0.512506 0.475444 0.059700
v 0.512506 0.489119 0.455456
v 0.512513 0.488825 0.280712
v 0.512519 0.494500 -0.120681
v 0.512531 0.503744 0.142769
v 0.512537 0.488781 0.413650
v 0.512537 0.494025 -0.185550
v 0.512575 0.503950 0.295600
v 0.512581 0.474194 0.088444
v 0.512587 0.493375 -0.074375
v 0.512594 0.489381 0.178381
v 0.512600 0.455137 0.007325
v 0.512600 0.488981 0.342231
v 0.512625 0.501444 -0.120469
v 0.512644 0.505675 -0.073987
v 0.512656 0.492706 -0.051131
v 0.512663 0.503225 0.205781
v 0.512675 0.524900 0.073469
v 0.512700 0.492319 -0.033438
v 0.512706 0.506775 0.126375
v 0.512725 0.502225 0.055363
v 0.512725 0.501188 1.060263
v 0.512763 0.537675 0.024438
v 0.512775 0.503450 0.227087
v 0.512781 0.504038 -0.182613
v 0.512787 0.492056 -0.019500
v 0.512794 0.496631 0.921013
v 0.512800 0.514694 1.131987
v 0.512813 0.489613 0.217300
v 0.512819 0.540094 -0.046431
v 0.512831 0.467419 0.047744
v 0.512862 0.502050 0.071719
v 0.512862 0.493287 -0.065525
v 0.512862 0.503881 0.103550
v 0.512869 0.490375 -0.089844
v 0.512869 0.504250 -0.037906
v 0.512875 0.489438 0.315425
v 0.512894 0.491625 0.044163
v 0.512900 0.489944 -0.074612
v 0.512900 0.527750 0.025087
v 0.512906 0.537138 -0.036481
v 0.512919 0.495944 1.056831
v 0.512931 0.541562 0.020512
v 0.512944 0.491938 0.784856
v 0.512956 0.500238 -0.159525
v 0.512962 0.486944 0.126488
v 0.512975 0.491994 0.026575
v 0.513000 0.490981 -0.120444
v 0.513006 0.501856 0.088012
v 0.513006 0.476481 0.047525
v 0.513025 0.504900 1.131600
v 0.513038 0.538281 0.029619
v 0.513056 0.501337 -0.127306
v 0.513062 0.502656 0.003569
v 0.513062 0.503450 -0.018331
v 0.513100 0.508138 1.060263
v 0.513119 0.503687 0.117075
v 0.513119 0.492513 0.011687
v 0.513138 0.501988 0.021806
v 0.513138 0.552763 -0.020425
v 0.513138 0.548231 -0.036525
v 0.513144 0.476994 0.084987
v 0.513150 0.496156 -0.074350
v 0.513150 0.452181 -0.042456
v 0.513156 0.505369 0.616294
v 0.513162 0.470719 0.084706
v 0.513175 0.526456 1.074006
v 0.513175 0.475294 0.064250
v 0.513175 0.463231 0.041875
v 0.513212 0.511763 1.027200
v 0.513238 0.489406 0.117075
v 0.513238 0.493031 -0.001994
v 0.513238 0.501444 0.038269
v 0.513262 0.532000 -0.003462
v 0.513262 0.507875 0.826275
v 0.513269 0.500950 0.047356
v 0.513269 0.516487 0.995975
v 0.513281 0.501875 -0.106394
v 0.513288 0.513550 1.056225
v 0.513288 0.503519 0.471775
v 0.513294 0.445425 -0.034237
v 0.513306 0.476544 0.067750
v 0.513306 0.495619 0.825175
v 0.513319 0.509169 -0.089606
v 0.513344 0.490744 0.145431
v 0.513356 0.536469 0.065138
v 0.513369 0.508375 0.910006
v 0.513375 0.488350 0.110881
v 0.513375 0.494844 -0.047313
v 0.513375 0.495488 -0.061812
v 0.513375 0.468581 0.083350
v 0.513387 0.493981 -0.023363
v 0.513406 0.498312 0.370325
v 0.513406 0.502869 0.349162
v 0.513406 0.491431 -0.106181
v 0.513419 0.497494 0.417531
v 0.513425 0.530362 0.017944
v 0.513431 0.490956 0.243831
v 0.513444 0.498987 0.736875
v 0.513444 0.489731 0.097375
v 0.513481 0.502919 0.371988
v 0.513487 0.491463 0.296950
v 0.513487 0.501888 0.317556
v 0.513487 0.491550 0.269825
v 0.513487 0.498731 0.659519
v 0.513494 0.498144 0.991400
v 0.513494 0.501531 0.127006
v 0.513494 0.491794 0.627981
v 0.513500 0.489125 0.103156
v 0.513513 0.498650 0.699319
v 0.513519 0.502962 0.402825
v 0.513525 0.500369 0.097831
v 0.513550 0.499306 0.782863
v 0.513587 0.492769 0.594831
v 0.513594 0.498275 0.058575
v 0.513600 0.491950 0.126875
v 0.513600 0.490119 1.129119
v 0.513606 0.502313 0.445969
v 0.513650 0.500519 -0.187037
v 0.513650 0.474669 -0.032188
v 0.513656 0.513875 1.037256
v 0.513669 0.491337 0.558275
v 0.513675 0.498556 0.965013
v 0.513675 0.491663 0.160550
v 0.513681 0.492675 0.471644
v 0.513694 0.492606 0.351894
v 0.513694 0.500744 0.158413
v 0.513700 0.492625 0.332000
v 0.513713 0.456562 -0.010281
v 0.513713 0.497606 0.871788
v 0.513719 0.490825 0.660813
v 0.513750 0.503581 0.585250
v 0.513763 0.492569 0.429613
v 0.513763 0.498188 0.087406
v 0.513775 0.502350 0.517988
v 0.513775 0.500613 0.176044
v 0.513781 0.550369 -0.008231
v 0.513794 0.539750 0.025600
v 0.513794 0.497862 0.075644
v 0.513794 0.456475 0.033825
v 0.513800 0.492412 0.384681
v 0.513806 0.529200 0.068825
v 0.513825 0.474687 0.081644
v 0.513825 0.488194 0.122300
v 0.513837 0.500238 0.194506
v 0.513837 0.457944 0.023813
v 0.513862 0.488456 0.097700
v 0.513881 0.492081 0.716050
v 0.513900 0.500294 0.283875
v 0.513900 0.496462 0.799131
v 0.513912 0.493900 0.503938
v 0.513912 0.499181 1.033869
v 0.513919 0.500356 0.217950
v 0.513981 0.474319 0.018138
v 0.514000 0.502181 -0.087925
v 0.514050 0.502100 0.552037
v 0.514062 0.492588 0.765713
v 0.514069 0.531637 0.032681
v 0.514069 0.506387 0.854588
v 0.514081 0.462344 0.076681
v 0.514094 0.499150 0.143781
v 0.514094 0.503175 0.810825
v 0.514100 0.509713 1.042156
v 0.514162 0.497737 0.096100
v 0.514169 0.531250 0.047481
v 0.514175 0.496094 0.155275
v 0.514181 0.473737 0.080175
v 0.514188 0.493937 0.182356
v 0.514206 0.498994 0.258887
v 0.514212 0.496312 0.126656
v 0.514231 0.474469 0.052125
v 0.514238 0.489319 0.094331
v 0.514238 0.488544 0.088550
v 0.514269 0.537312 0.042325
v 0.514269 0.505656 0.965287
v 0.514275 0.503537 0.725350
v 0.514281 0.444500 -0.032619
v 0.514300 0.541863 0.047569
v 0.514312 0.505025 0.991206
v 0.514319 0.498262 0.242550
v 0.514331 0.494775 0.203244
v 0.514331 0.541025 0.059331
v 0.514356 0.502700 0.909075
v 0.514356 0.457012 0.063450
v 0.514381 0.504337 0.933981
v 0.514387 0.547325 0.007800
v 0.514444 0.513356 0.996000
v 0.514456 0.548875 -0.000400
v 0.514469 0.494975 0.225619
v 0.514487 0.505212 0.760275
v 0.514500 0.469356 -0.053806
v 0.514506 0.501663 0.643569
v 0.514556 0.471581 -0.050375
v 0.514575 0.498812 -0.182656
v 0.514581 0.492531 0.116538
v 0.514594 0.495919 0.097525
v 0.514606 0.474625 0.063844
v 0.514625 0.471556 -0.040988
v 0.514687 0.472700 0.082162
v 0.514713 0.462581 0.040450
v 0.514800 0.503131 0.680294
v 0.514831 0.445813 -0.035444
v 0.514869 0.507162 -0.106894
v 0.514931 0.494000 0.107731
v 0.515012 0.497694 0.117119
v 0.515069 0.534763 0.062912
v 0.515075 0.544344 0.020575
v 0.515106 0.552569 -0.028387
v 0.515106 0.499912 -0.120663
v 0.515112 0.503413 0.126850
v 0.515138 0.507575 -0.102212
v 0.515150 0.496075 0.103419
v 0.515188 0.545900 0.014531
v 0.515200 0.491862 -0.127200
v 0.515231 0.508456 1.117294
v 0.515238 0.498487 0.109463
v 0.515288 0.496700 -0.090344
v 0.515325 0.539600 0.034169
v 0.515344 0.470975 0.017125
v 0.515381 0.502350 0.121094
v 0.515394 0.461956 -0.049775
v 0.515425 0.545013 -0.014881
v 0.515431 0.504513 -0.074288
v 0.515444 0.505262 -0.084019
v 0.515475 0.538344 0.038488
v 0.515525 0.535412 0.032962
v 0.515544 0.501081 -0.127394
v 0.515544 0.460919 0.037750
v 0.515569 0.504206 1.045500
v 0.515569 0.466206 0.079550
v 0.515569 0.492019 0.126806
v 0.515619 0.497775 -0.085938
v 0.515706 0.495425 0.996537
v 0.515713 0.537719 0.048262
v 0.515725 0.496312 -0.095350
v 0.515750 0.507594 1.038056
v 0.515813 0.489100 0.080481
v 0.515825 0.501900 0.097244
v 0.515831 0.480469 1.060431
v 0.515856 0.470456 -0.004112
v 0.515869 0.455587 0.018394
v 0.515888 0.459906 0.035013
v 0.515894 0.461738 0.034000
v 0.515925 0.497237 -0.074781
v 0.515938 0.548875 -0.014512
v 0.515944 0.471625 0.054500
v 0.515950 0.451794 -0.005731
v 0.516000 0.457163 0.069300
v 0.516006 0.494219 0.121544
v 0.516019 0.453562 -0.043362
v 0.516081 0.536338 0.029056
v 0.516088 0.489556 0.070744
v 0.516119 0.500413 1.024437
v 0.516131 0.462819 0.036500
v 0.516188 0.500731 1.110044
v 0.516200 0.500175 -0.075088
v 0.516281 0.500175 -0.093688
v 0.516394 0.494906 0.097594
v 0.516419 0.489900 0.094444
v 0.516425 0.494775 0.095044
v 0.516437 0.498250 0.126312
v 0.516444 0.468881 -0.023037
v 0.516506 0.465388 -0.039350
v 0.516513 0.470762 0.078194
v 0.516637 0.542619 0.015225
v 0.516650 0.500281 -0.106569
v 0.516700 0.547300 -0.005819
v 0.516713 0.460681 -0.045650
v 0.516763 0.499094 0.089781
v 0.516769 0.454056 0.037362
v 0.516787 0.469637 0.044400
v 0.516825 0.446200 -0.021550
v 0.516863 0.467544 0.003206
v 0.516925 0.543569 0.007150
v 0.516975 0.447800 -0.017100
v 0.516988 0.545444 0.001781
v 0.517031 0.490225 0.086131
v 0.517188 0.468475 0.030763
v 0.517244 0.451469 0.004950
v 0.517288 0.470331 0.054456
v 0.517338 0.462950 0.008319
v 0.517431 0.455419 0.058706
v 0.517444 0.464025 0.038919
v 0.517475 0.462213 0.017513
v 0.517494 0.462844 -0.035638
v 0.517613 0.464481 0.077438
v 0.517644 0.447625 -0.032594
v 0.517744 0.458050 0.029619
v 0.517763 0.458894 0.032531
v 0.517800 0.452350 -0.034519
v 0.517806 0.445275 -0.026575
v 0.517819 0.520500 1.105813
v 0.517919 0.451725 0.011038
v 0.517938 0.500413 1.104369
v 0.517944 0.454144 0.023681
v 0.517994 0.465537 0.000594
v 0.518075 0.462881 0.075969
v 0.518075 0.459325 -0.034625
v 0.518088 0.490287 0.054950
v 0.518375 0.486212 1.103806
v 0.518381 0.498556 0.995781
v 0.518400 0.500756 1.093838
v 0.518619 0.453887 0.042588
v 0.518625 0.467806 0.049425
v 0.518637 0.447150 -0.028281
v 0.518725 0.464350 -0.025800
v 0.518819 0.490638 0.082700
v 0.518819 0.452356 0.030138
v 0.518825 0.448688 -0.005644
v 0.519019 0.506431 1.104431
v 0.519025 0.508025 0.995762
v 0.519100 0.491975 0.093537
v 0.519281 0.457944 0.019369
v 0.519288 0.465300 0.037344
v 0.519319 0.457681 0.033050
v 0.519325 0.506669 -0.068031
v 0.519356 0.504188 -0.072581
v 0.519388 0.455544 0.028837
v 0.519388 0.447088 -0.014450
v 0.519469 0.492469 0.084150
v 0.519487 0.467288 0.073938
v 0.519487 0.497063 -0.072019
v 0.519631 0.489969 0.089456
v 0.519637 0.496050 1.094700
v 0.519737 0.455269 0.006506
v 0.519769 0.456519 0.063687
v 0.519925 0.460750 0.030631
v 0.520094 0.462669 0.033069
v 0.520156 0.453087 0.027375
v 0.520169 0.485394 1.093406
v 0.520175 0.497669 0.090512
v 0.520181 0.507012 1.093363
v 0.520188 0.522594 1.091594
v 0.520206 0.460319 0.072019
v 0.520275 0.456131 0.026488
v 0.520325 0.449763 0.005619
v 0.520350 0.493481 0.018350
v 0.520381 0.455763 0.020813
v 0.520394 0.462844 0.041575
v 0.520656 0.454600 0.010756
v 0.520750 0.455569 0.032787
v 0.520756 0.505094 -0.026056
v 0.520856 0.455631 0.054994
v 0.520881 0.463856 -0.012313
v 0.520900 0.453606 0.036825
v 0.520925 0.492925 0.081275
v 0.521038 0.449181 -0.002256
v 0.521106 0.492988 0.090619
v 0.521125 0.454663 0.039694
v 0.521131 0.504125 0.003525
v 0.521156 0.451794 0.018394
v 0.521306 0.450713 0.011275
v 0.521406 0.455200 0.046881
v 0.521594 0.452050 -0.018594
v 0.521619 0.491044 0.087731
v 0.521744 0.449200 -0.012937
v 0.521750 0.452331 0.002406
v 0.521769 0.451037 0.003225
v 0.522012 0.463725 0.068825
v 0.522025 0.490613 0.071544
v 0.522056 0.460856 -0.006075
v 0.522112 0.499181 -0.071894
v 0.522162 0.454231 0.009225
v 0.522275 0.459256 0.066300
v 0.522300 0.456388 0.034344
v 0.522331 0.459413 -0.014900
v 0.522519 0.493419 0.081469
v 0.522550 0.461025 0.042994
v 0.522619 0.500537 1.084344
v 0.522631 0.450500 -0.003312
v 0.522700 0.456581 0.024825
v 0.522731 0.493225 0.089262
v 0.522737 0.456969 0.050162
v 0.522744 0.461894 0.056719
v 0.522781 0.500669 0.050569
v 0.522844 0.458137 0.057756
v 0.523000 0.514844 1.083331
v 0.523000 0.458675 0.061488
v 0.523062 0.503150 0.036306
v 0.523112 0.457575 0.040750
v 0.523225 0.454838 -0.008644
v 0.523269 0.458763 0.054581
v 0.523331 0.460469 0.048431
v 0.523438 0.500413 1.074463
v 0.523481 0.457856 0.046731
v 0.523575 0.501231 0.079831
v 0.523587 0.496525 1.085419
v 0.523625 0.492925 0.083006
v 0.523669 0.525250 1.079875
v 0.523875 0.483212 1.081906
v 0.524225 0.507337 1.084750
v 0.524231 0.500219 0.083175
v 0.524281 0.513356 1.072650
v 0.524406 0.491237 0.049425
v 0.524456 0.494088 1.075731
v 0.524837 0.492944 0.076856
v 0.524863 0.482756 1.075150
v 0.524931 0.498100 0.084775
v 0.525444 0.494862 0.082312
v 0.525937 0.496762 0.084038
v 0.526463 0.507663 -0.066344
v 0.526550 0.492531 0.073594
v 0.526719 0.492600 0.079619
v 0.527075 0.492881 0.078556
v 0.527425 0.499181 1.060325
v 0.527487 0.496481 -0.035400
v 0.527531 0.528919 1.060069
v 0.527600 0.480581 1.060456
v 0.527619 0.508719 1.063650
v 0.527687 0.517156 1.060344
v 0.528169 0.491756 0.054387
v 0.528181 0.496462 0.082138
v 0.528194 0.501875 0.066625
v 0.528225 0.501681 0.057069
v 0.528269 0.495469 -0.007712
v 0.528419 0.500775 -0.068394
v 0.528431 0.493656 0.073550
v 0.528462 0.498750 0.080369
v 0.528494 0.493831 0.035356
v 0.528513 0.501637 0.076700
v 0.528625 0.505481 -0.068006
v 0.528637 0.493138 0.078081
v 0.528706 0.498056 -0.066150
v 0.529162 0.505094 0.007694
v 0.529750 0.500019 0.078194
v 0.530012 0.508025 -0.056956
v 0.530100 0.496981 0.079031
v 0.530475 0.493806 0.074175
v 0.530619 0.493225 0.071956
v 0.531106 0.503212 0.070594
v 0.531369 0.502112 0.073550
v 0.532837 0.500906 0.073681
v 0.532887 0.497731 0.075169
v 0.532913 0.503563 0.042800
v 0.533000 0.501962 0.071544
v 0.533556 0.507787 -0.060262
v 0.534038 0.501794 -0.065613
v 0.534462 0.498856 -0.063800
v 0.534869 0.498362 0.072994
v 0.534937 0.504119 0.066925
v 0.535288 0.493869 0.068500
v 0.535388 0.499462 0.071156
v 0.535975 0.497906 0.070119
v 0.536169 0.498769 0.068481
v 0.537381 0.495556 0.025475
v 0.537406 0.506131 -0.063519
v 0.537488 0.502138 0.067231
v 0.538006 0.508569 -0.040881
v 0.538500 0.498556 0.066969
v 0.539225 0.505375 0.060887
v 0.539625 0.494669 0.063994
v 0.539850 0.509494 -0.058644
v 0.540806 0.501875 -0.061900
v 0.541044 0.508375 -0.046731
v 0.541713 0.506044 0.032250
v 0.541869 0.499613 0.063450
v 0.542000 0.499762 -0.058619
v 0.542044 0.495600 0.037819
v 0.542144 0.508200 -0.016475
v 0.542300 0.503238 0.061556
v 0.542850 0.495444 0.060756
v 0.543550 0.506537 0.055962
v 0.543806 0.503731 0.060325
v 0.544112 0.495794 0.058469
v 0.544362 0.506713 0.022731
v 0.544519 0.507706 0.006638
v 0.544775 0.498188 0.060775
v 0.545206 0.509925 -0.056613
v 0.545506 0.504550 0.058425
v 0.545531 0.499437 0.059825
v 0.546050 0.504038 0.057263
v 0.546087 0.496312 0.058037
v 0.546156 0.507313 -0.058925
v 0.546763 0.499506 -0.032469
v 0.546850 0.506450 0.055144
v 0.547588 0.496613 0.053675
v 0.547906 0.507744 0.049537
v 0.547987 0.498619 -0.006250
v 0.548369 0.507681 0.029788
v 0.548488 0.498812 0.056313
v 0.548525 0.507575 0.024419
v 0.548663 0.505437 0.053869
v 0.548994 0.507944 0.040794
v 0.549094 0.507812 0.033412
v 0.549206 0.500844 -0.054950
v 0.549325 0.501081 0.055337
v 0.549475 0.503019 -0.057431
v 0.549750 0.508525 -0.057237
v 0.549906 0.511219 -0.053762
v 0.550269 0.508181 0.018288
v 0.550619 0.499094 0.053481
v 0.550669 0.497581 0.037819
v 0.550700 0.497475 0.044531
v 0.550700 0.506256 0.050244
v 0.550787 0.508894 0.008081
v 0.551125 0.497950 0.024588
v 0.551312 0.497862 0.029937
v 0.551381 0.497800 0.048863
v 0.551944 0.509475 -0.004888
v 0.552113 0.498487 0.016931
v 0.552288 0.500888 0.048625
v 0.552356 0.505544 0.035594
v 0.552550 0.504081 0.041681
v 0.552656 0.504637 0.031194
v 0.552875 0.509994 -0.019344
v 0.552906 0.499956 0.042781
v 0.552913 0.500969 0.037794
v 0.553050 0.504706 0.025388
v 0.553256 0.500369 0.031406
v 0.553300 0.499375 0.002063
v 0.553312 0.506088 0.018744
v 0.553625 0.501250 0.024481
v 0.553994 0.500238 -0.014769
v 0.554013 0.506906 0.013994
v 0.554094 0.499700 -0.002925
v 0.554100 0.506950 0.009119
v 0.554144 0.502138 0.018200
v 0.554231 0.500219 0.015200
v 0.554350 0.510487 -0.026187
v 0.554450 0.500106 -0.010931
v 0.554500 0.507706 0.002275
v 0.554575 0.500456 -0.018869
v 0.554881 0.500906 0.011362
v 0.554975 0.509537 -0.054069
v 0.555019 0.500994 0.004325
v 0.555312 0.507900 -0.003138
v 0.555519 0.511219 -0.037194
v 0.555600 0.502938 0.003850
v 0.555787 0.508306 -0.014169
v 0.555794 0.501750 -0.000225
v 0.555919 0.502200 -0.051950
v 0.555963 0.502825 -0.002469
v 0.556275 0.503969 -0.053331
v 0.556419 0.501856 -0.036244
v 0.556650 0.505112 -0.014212
v 0.556662 0.502675 -0.009612
v 0.556756 0.503625 -0.012506
v 0.556931 0.508006 -0.020681
v 0.557181 0.506994 -0.017250
v 0.557294 0.503537 -0.015656
v 0.557412 0.505306 -0.018675
v 0.557650 0.503950 -0.020512
v 0.557925 0.512212 -0.048369
v 0.558531 0.504962 -0.027744
v 0.558675 0.508006 -0.029962
v 0.559069 0.504425 -0.033025
v 0.559231 0.503175 -0.045500
v 0.559256 0.509363 -0.036719
v 0.559787 0.510425 -0.050550
v 0.560481 0.506000 -0.037756
v 0.560931 0.510312 -0.044612
v 0.561338 0.506644 -0.043750
v 0.561450 0.504619 -0.049662
v 0.500475 0.513406 0.611744
v 0.500444 0.483319 1.079469
v 0.500425 0.489575 0.991938
v 0.500406 0.517994 1.110175
v 0.500331 0.521556 1.095219
v 0.500319 0.479244 -0.057044
v 0.500306 0.527944 -0.052275
v 0.500294 0.518106 0.059806
v 0.500238 0.525981 1.071762
v 0.500219 0.515687 0.083800
v 0.500112 0.483662 -0.023750
v 0.500088 0.519531 0.015181
v 0.500019 0.482156 1.069800
v 0.500006 0.508856 0.252975
v 0.499975 0.483712 0.434875
v 0.499969 0.489556 1.129294
v 0.499950 0.483900 0.195131
v 0.499881 0.508912 0.226225
v 0.499862 0.483687 0.093406
v 0.499794 0.483581 0.087038
v 0.499719 0.515775 -0.081238
v 0.499688 0.501812 1.187125
v 0.499625 0.481831 0.110019
v 0.499619 0.485113 -0.085400
v 0.499606 0.485869 1.098237
v 0.499513 0.483450 0.074137
v 0.499412 0.516119 -0.100612
v 0.499406 0.484225 -0.030613
v 0.499163 0.483988 0.067594
v 0.499075 0.484706 0.601856
v 0.498969 0.484375 -0.105813
v 0.498912 0.509431 1.148262
v 0.498900 0.481056 -0.043062
v 0.498831 0.509000 0.093856
v 0.498819 0.512731 -0.093125
v 0.498738 0.483613 0.126669
v 0.498694 0.517975 0.956850
v 0.498688 0.483319 0.098562
v 0.498663 0.485319 0.664706
v 0.498544 0.483406 0.071719
v 0.498506 0.484419 0.060219
v 0.498437 0.484250 0.006225
v 0.498362 0.485844 -0.074569
v 0.498312 0.509713 0.112694
v 0.498294 0.509062 0.061725
v 0.498231 0.518600 1.025494
v 0.498225 0.484463 0.032294
v 0.498181 0.493506 1.143731
v 0.498144 0.483644 0.087619
v 0.498125 0.515925 -0.073619
v 0.498119 0.486706 0.727206
v 0.498119 0.485044 -0.097119
v 0.498025 0.480900 0.100937
v 0.497962 0.517244 0.901350
v 0.497962 0.483988 -0.007587
v 0.497912 0.482413 0.118375
v 0.497906 0.483619 0.092994
v 0.497881 0.509775 0.037406
v 0.497812 0.484375 0.552669
v 0.497812 0.499462 1.185850
v 0.497737 0.511537 0.469256
v 0.497706 0.520844 0.997188
v 0.497656 0.528744 1.060669
v 0.497625 0.508737 0.066581
v 0.497619 0.518513 1.046512
v 0.497613 0.508544 0.097631
v 0.497613 0.508613 0.168825
v 0.497588 0.485906 -0.105881
v 0.497563 0.485606 -0.072475
v 0.497506 0.519119 1.031756
v 0.497481 0.489381 1.045650
v 0.497456 0.511394 0.495525
v 0.497431 0.489100 0.911669
v 0.497425 0.511381 0.530375
v 0.497387 0.512794 0.553494
v 0.497375 0.483819 0.075019
v 0.497362 0.485931 -0.146987
v 0.497356 0.513938 -0.156006
v 0.497350 0.485563 -0.083219
v 0.497319 0.488075 0.845688
v 0.497319 0.518581 -0.068937
v 0.497219 0.483675 0.259319
v 0.497131 0.484181 -0.075150
v 0.497113 0.483969 -0.185938
v 0.497113 0.515537 -0.089975
v 0.497088 0.483944 -0.064125
v 0.497031 0.508694 0.126831
v 0.496994 0.485737 0.696500
v 0.496962 0.484981 -0.040644
v 0.496956 0.509406 0.289731
v 0.496950 0.484331 0.063369
v 0.496944 0.483637 0.490444
v 0.496906 0.485544 -0.063175
v 0.496875 0.481356 0.124438
v 0.496862 0.508825 0.091181
v 0.496800 0.514050 -0.107000
v 0.496794 0.514675 -0.095369
v 0.496725 0.490419 1.060412
v 0.496719 0.519725 1.053375
v 0.496713 0.483756 0.315213
v 0.496694 0.482631 0.104694
v 0.496669 0.517525 0.991487
v 0.496638 0.483975 0.151206
v 0.496631 0.504619 1.168569
v 0.496575 0.509800 -0.000206
v 0.496563 0.484456 0.656012
v 0.496550 0.514175 -0.182919
v 0.496519 0.509969 0.424256
v 0.496519 0.497581 1.170937
v 0.496450 0.485325 -0.055662
v 0.496419 0.487644 0.796119
v 0.496362 0.488756 0.882494
v 0.496344 0.508456 0.062506
v 0.496337 0.484744 0.048238
v 0.496256 0.509200 0.328031
v 0.496225 0.511288 0.126787
v 0.496206 0.516431 0.776506
v 0.496156 0.487638 0.996300
v 0.496138 0.508931 -0.185656
v 0.496094 0.485650 -0.017019
v 0.496069 0.482219 0.111100
v 0.496019 0.518150 1.060088
v 0.495925 0.514394 1.131906
v 0.495881 0.516713 0.844006
v 0.495806 0.486794 0.751206
v 0.495794 0.512556 0.572800
v 0.495781 0.518238 1.112700
v 0.495731 0.489812 0.946994
v 0.495725 0.490244 0.991962
v 0.495644 0.485981 0.643487
v 0.495594 0.513238 0.477975
v 0.495581 0.517131 0.953550
v 0.495525 0.485694 0.017425
v 0.495519 0.509419 0.235494
v 0.495488 0.482694 -0.052256
v 0.495450 0.514200 -0.073356
v 0.495444 0.526281 1.074137
v 0.495437 0.512731 0.618331
v 0.495394 0.509563 -0.035487
v 0.495387 0.513700 0.697169
v 0.495362 0.511481 0.541531
v 0.495306 0.483425 -0.059031
v 0.495287 0.486731 -0.126769
v 0.495250 0.515763 0.790619
v 0.495212 0.486038 -0.049644
v 0.495206 0.484894 0.369456
v 0.495069 0.481094 0.097937
v 0.495069 0.486687 -0.180325
v 0.495025 0.509544 0.466981
v 0.495000 0.487850 -0.187537
v 0.494975 0.509238 0.255894
v 0.494937 0.486106 0.722781
v 0.494800 0.512319 -0.052706
v 0.494787 0.489925 -0.185506
v 0.494775 0.495556 -0.186175
v 0.494744 0.508337 0.195119
v 0.494737 0.515256 -0.107262
v 0.494700 0.491431 1.049387
v 0.494656 0.520025 1.007369
v 0.494456 0.495663 -0.186112
v 0.494419 0.495856 -0.186350
v 0.494325 0.508631 0.117663
v 0.494312 0.484831 1.093750
v 0.494306 0.511763 -0.062937
v 0.494287 0.490938 1.030069
v 0.494269 0.508537 0.369669
v 0.494163 0.485756 0.069712
v 0.494131 0.484400 0.091012
v 0.494069 0.488950 1.112075
v 0.494038 0.485044 0.098344
v 0.493994 0.507487 0.039869
v 0.493963 0.486619 0.621250
v 0.493912 0.485712 -0.126831
v 0.493875 0.485800 0.653550
v 0.493812 0.485044 0.078838
v 0.493663 0.485606 0.481438
v 0.493625 0.512319 -0.122494
v 0.493550 0.512150 -0.159612
v 0.493538 0.485919 0.289119
v 0.493500 0.487225 -0.155488
v 0.493494 0.508569 0.104087
v 0.493481 0.520887 0.994856
v 0.493469 0.507313 1.156156
v 0.493450 0.521388 1.098281
v 0.493344 0.485981 0.253425
v 0.493325 0.486256 0.175556
v 0.493275 0.503131 -0.186587
v 0.493275 0.486381 0.211056
v 0.493256 0.508231 0.433900
v 0.493219 0.501231 1.152444
v 0.493206 0.488113 -0.120637
v 0.493125 0.486081 0.149056
v 0.493081 0.486275 0.126637
v 0.493075 0.512106 -0.107131
v 0.493075 0.487075 0.755625
v 0.493013 0.508387 0.512656
v 0.493006 0.489719 0.778513
v 0.492975 0.486044 0.323519
v 0.492944 0.507188 0.126744
v 0.492919 0.512581 0.798375
v 0.492912 0.492294 0.967300
v 0.492906 0.506494 0.062306
v 0.492900 0.507769 -0.014450
v 0.492900 0.513100 0.838944
v 0.492869 0.514331 0.963350
v 0.492844 0.508006 -0.036050
v 0.492844 0.508838 0.559006
v 0.492819 0.484950 0.644406
v 0.492812 0.492837 0.993044
v 0.492781 0.518362 1.038031
v 0.492750 0.484031 0.114163
v 0.492744 0.507356 0.011556
v 0.492744 0.513088 0.717137
v 0.492669 0.486494 -0.120400
v 0.492663 0.482781 0.126769
v 0.492650 0.487250 0.047806
v 0.492606 0.483494 0.097656
v 0.492525 0.485975 -0.099775
v 0.492513 0.506625 0.086394
v 0.492513 0.488588 -0.002387
v 0.492506 0.514006 0.991812
v 0.492463 0.511888 -0.134106
v 0.492456 0.485694 0.519931
v 0.492437 0.485419 0.436069
v 0.492425 0.485706 0.572700
v 0.492406 0.485694 0.068181
v 0.492381 0.509731 0.097138
v 0.492306 0.485044 0.712838
v 0.492275 0.494819 -0.186131
v 0.492250 0.487269 -0.172319
v 0.492206 0.516463 1.057194
v 0.492188 0.488694 -0.075563
v 0.492125 0.506212 0.097850
v 0.492113 0.488281 -0.137600
v 0.492081 0.512000 -0.182981
v 0.492069 0.488369 -0.032037
v 0.492063 0.488431 -0.059031
v 0.492050 0.487700 0.039975
v 0.492044 0.488306 -0.047375
v 0.492025 0.488650 -0.106119
v 0.491969 0.485013 0.616506
v 0.491944 0.509369 -0.187037
v 0.491919 0.491131 0.863806
v 0.491894 0.487138 0.064319
v 0.491887 0.484919 0.673612
v 0.491881 0.484287 0.104625
v 0.491856 0.488156 0.012719
v 0.491850 0.488262 -0.016906
v 0.491844 0.485787 0.739775
v 0.491844 0.513487 0.878262
v 0.491825 0.488044 0.025212
v 0.491775 0.506475 0.057325
v 0.491700 0.486256 -0.089563
v 0.491663 0.486925 -0.081475
v 0.491650 0.513444 0.916200
v 0.491650 0.489794 0.992631
v 0.491500 0.483556 0.120725
v 0.491500 0.511331 -0.073163
v 0.491488 0.509644 -0.046750
v 0.491469 0.513231 -0.094744
v 0.491425 0.490169 0.816556
v 0.491344 0.484781 0.482244
v 0.491250 0.506844 0.087512
v 0.491225 0.511288 -0.160906
v 0.491212 0.491694 0.898894
v 0.491200 0.507594 0.237056
v 0.491187 0.507525 0.474413
v 0.491131 0.484938 0.403313
v 0.491081 0.506713 0.068781
v 0.491000 0.507175 0.192269
v 0.490994 0.507206 0.031169
v 0.490975 0.489750 0.773106
v 0.490975 0.490481 1.033894
v 0.490944 0.493394 1.060456
v 0.490919 0.492250 0.926731
v 0.490819 0.485431 0.319425
v 0.490819 0.511306 -0.106981
v 0.490781 0.485400 0.168338
v 0.490750 0.488131 -0.062956
v 0.490700 0.485413 0.193812
v 0.490606 0.485312 0.275500
v 0.490588 0.485756 0.126594
v 0.490575 0.485469 0.218081
v 0.490556 0.485212 0.360475
v 0.490550 0.485469 0.240088
v 0.490419 0.488781 -0.120487
v 0.490406 0.507081 0.091850
v 0.490394 0.487787 -0.037625
v 0.490356 0.483106 0.098131
v 0.490337 0.488563 -0.074438
v 0.490312 0.484875 0.109738
v 0.490275 0.485662 0.147537
v 0.490256 0.512194 -0.058794
v 0.490231 0.523587 1.083694
v 0.490219 0.509350 0.614356
v 0.490212 0.487831 -0.021138
v 0.490138 0.516031 1.060131
v 0.490088 0.488000 -0.049019
v 0.490081 0.513900 0.948762
v 0.490075 0.487506 0.035981
v 0.490044 0.483344 0.100656
v 0.490025 0.518537 1.008775
v 0.489938 0.511806 -0.047269
v 0.489887 0.486812 -0.185981
v 0.489856 0.512050 0.790119
v 0.489856 0.506550 0.163806
v 0.489844 0.487162 -0.106006
v 0.489837 0.513769 0.991531
v 0.489825 0.512625 -0.081837
v 0.489800 0.492988 1.141875
v 0.489794 0.506537 0.126831
v 0.489781 0.510381 -0.070400
v 0.489762 0.487481 0.046581
v 0.489750 0.506819 0.281875
v 0.489750 0.513356 -0.102900
v 0.489706 0.513075 0.777663
v 0.489638 0.510012 -0.123037
v 0.489631 0.487700 0.020594
v 0.489619 0.508500 -0.036762
v 0.489613 0.484506 1.087038
v 0.489556 0.508806 -0.027956
v 0.489488 0.511706 0.703588
v 0.489469 0.515256 1.046406
v 0.489469 0.487831 -0.075088
v 0.489444 0.493525 0.992869
v 0.489438 0.506812 0.313850
v 0.489425 0.494475 1.028431
v 0.489362 0.488131 0.003206
v 0.489331 0.511569 0.825606
v 0.489287 0.507519 0.434300
v 0.489256 0.488350 -0.005819
v 0.489231 0.507675 0.545138
v 0.489194 0.487700 0.059181
v 0.489125 0.487119 -0.141956
v 0.489113 0.510463 0.654794
v 0.489100 0.487850 0.040688
v 0.489088 0.506613 0.349963
v 0.489019 0.508437 0.019450
v 0.489019 0.506644 0.391356
v 0.489019 0.488150 0.052812
v 0.489000 0.493031 1.006787
v 0.488994 0.489144 -0.034406
v 0.488931 0.482588 1.078775
v 0.488869 0.489169 -0.095888
v 0.488850 0.487569 0.705781
v 0.488844 0.507825 0.589025
v 0.488831 0.509062 0.088137
v 0.488781 0.489619 -0.047488
v 0.488719 0.493956 0.958344
v 0.488706 0.508694 -0.000788
v 0.488694 0.487287 0.652731
v 0.488638 0.492056 0.997056
v 0.488563 0.490225 -0.062631
v 0.488556 0.511006 0.746650
v 0.488287 0.509775 -0.054519
v 0.488287 0.490956 -0.126594
v 0.488281 0.506031 0.508019
v 0.488262 0.511112 0.045044
v 0.488225 0.490550 -0.074350
v 0.488113 0.488825 0.751912
v 0.488075 0.481938 1.069063
v 0.488031 0.507787 0.126400
v 0.487950 0.504531 0.228769
v 0.487906 0.491669 -0.106331
v 0.487825 0.510531 0.925194
v 0.487812 0.487481 -0.181731
v 0.487775 0.488150 0.545444
v 0.487687 0.510637 -0.093750
v 0.487662 0.488144 0.578975
v 0.487638 0.482475 0.098194
v 0.487631 0.500625 1.130437
v 0.487625 0.488131 0.400500
v 0.487575 0.487075 0.103700
v 0.487544 0.493244 -0.120550
v 0.487538 0.496588 -0.186175
v 0.487538 0.510919 0.959769
v 0.487431 0.510250 -0.080850
v 0.487406 0.511156 -0.074631
v 0.487400 0.488488 0.325781
v 0.487369 0.503563 0.181944
v 0.487356 0.510787 -0.106981
v 0.487281 0.495619 1.056681
v 0.487269 0.514650 1.033931
v 0.487206 0.514606 1.131987
v 0.487162 0.496675 -0.120444
v 0.487162 0.504663 0.103244
v 0.487138 0.496331 -0.106200
v 0.487138 0.488913 0.448800
v 0.487131 0.503387 0.152469
v 0.487088 0.493831 1.034863
v 0.487088 0.504831 1.132531
v 0.487063 0.489644 0.126769
v 0.487063 0.511763 0.084494
v 0.487038 0.507294 -0.127525
v 0.486981 0.507513 -0.182894
v 0.486969 0.489481 0.205563
v 0.486950 0.489575 0.616119
v 0.486931 0.481250 0.093381
v 0.486925 0.489837 -0.126725
v 0.486906 0.495406 -0.138462
v 0.486906 0.509581 0.898656
v 0.486887 0.486494 0.126550
v 0.486887 0.501575 -0.185938
v 0.486850 0.508025 1.060281
v 0.486831 0.488963 0.479150
v 0.486806 0.501637 1.060325
v 0.486775 0.493925 0.789713
v 0.486744 0.509713 0.991788
v 0.486731 0.514050 1.055900
v 0.486681 0.485694 0.099250
v 0.486662 0.490106 0.167263
v 0.486650 0.504100 0.116106
v 0.486650 0.495825 0.848775
v 0.486638 0.488800 0.117381
v 0.486613 0.502244 -0.086050
v 0.486613 0.489919 0.513575
v 0.486581 0.491019 0.643606
v 0.486581 0.496894 -0.127050
v 0.486550 0.496750 0.645294
v 0.486538 0.506387 -0.147287
v 0.486525 0.490237 0.252519
v 0.486519 0.496794 0.709287
v 0.486513 0.489456 0.299344
v 0.486506 0.488544 0.112156
v 0.486506 0.498013 0.759100
v 0.486500 0.487225 0.121288
v 0.486500 0.497919 0.730044
v 0.486475 0.497850 0.410612
v 0.486463 0.490794 0.687294
v 0.486463 0.492212 0.088163
v 0.486431 0.502119 0.358131
v 0.486431 0.493644 0.587175
v 0.486425 0.497419 0.462763
v 0.486425 0.502325 0.321969
v 0.486400 0.491787 0.770331
v 0.486362 0.503425 0.466019
v 0.486362 0.503544 0.613469
v 0.486350 0.491262 -0.120594
v 0.486350 0.500150 1.053225
v 0.486325 0.495113 0.807300
v 0.486306 0.511262 1.044831
v 0.486294 0.514606 -0.071181
v 0.486281 0.504012 0.578381
v 0.486281 0.508200 0.686356
v 0.486275 0.496750 0.617800
v 0.486262 0.506994 0.789725
v 0.486237 0.498362 0.972106
v 0.486237 0.501369 0.242894
v 0.486206 0.501238 0.496287
v 0.486206 0.501337 0.791556
v 0.486206 0.491306 -0.083131
v 0.486206 0.493138 0.071569
v 0.486169 0.492725 0.546819
v 0.486144 0.491412 0.356950
v 0.486138 0.502487 0.418637
v 0.486119 0.489794 -0.142262
v 0.486100 0.492331 0.411050
v 0.486100 0.500519 0.126850
v 0.486088 0.497025 0.893219
v 0.486081 0.497981 0.680281
v 0.486081 0.490806 -0.074913
v 0.486081 0.499269 0.928519
v 0.486063 0.502363 0.522088
v 0.486019 0.500175 0.197975
v 0.485975 0.497819 -0.158056
v 0.485963 0.506281 0.926813
v 0.485931 0.500981 0.285856
v 0.485931 0.492337 0.733206
v 0.485894 0.482281 0.096100
v 0.485869 0.491781 0.096794
v 0.485844 0.507313 0.871656
v 0.485819 0.511156 -0.045369
v 0.485812 0.497994 -0.143081
v 0.485781 0.497887 1.035250
v 0.485750 0.497369 0.079031
v 0.485731 0.493463 0.178619
v 0.485725 0.500956 0.550375
v 0.485719 0.506406 -0.088531
v 0.485706 0.494412 0.126875
v 0.485675 0.495337 0.111356
v 0.485613 0.504619 0.828325
v 0.485613 0.505331 0.960869
v 0.485594 0.498525 0.159019
v 0.485594 0.504356 -0.120188
v 0.485575 0.498144 -0.183200
v 0.485569 0.505975 -0.121719
v 0.485550 0.504900 0.096750
v 0.485513 0.506731 0.740912
v 0.485463 0.507750 0.089844
v 0.485450 0.495800 0.232256
v 0.485431 0.497844 0.057456
v 0.485425 0.497775 0.097569
v 0.485362 0.480513 1.060263
v 0.485350 0.503537 -0.106550
v 0.485337 0.492575 0.111056
v 0.485312 0.504706 0.123656
v 0.485306 0.503387 -0.165781
v 0.485294 0.498750 -0.016819
v 0.485294 0.498319 -0.000206
v 0.485281 0.504444 0.626606
v 0.485256 0.493481 -0.106463
v 0.485250 0.503344 0.992069
v 0.485237 0.498362 0.043775
v 0.485194 0.495919 0.063687
v 0.485181 0.499031 -0.106394
v 0.485131 0.498362 0.021375
v 0.485100 0.508850 -0.103612
v 0.485050 0.495188 0.084106
v 0.485050 0.499031 -0.032337
v 0.485006 0.498531 0.007606
v 0.484938 0.505894 0.775050
v 0.484931 0.508975 1.117469
v 0.484906 0.515256 0.995050
v 0.484875 0.501363 -0.127413
v 0.484825 0.505587 -0.084388
v 0.484800 0.504513 0.092906
v 0.484775 0.497300 0.028731
v 0.484769 0.497456 0.014944
v 0.484706 0.491606 0.102056
v 0.484706 0.510619 0.087231
v 0.484662 0.497775 0.102144
v 0.484662 0.501519 0.671588
v 0.484662 0.499156 0.116388
v 0.484625 0.499894 -0.073337
v 0.484569 0.511394 0.089869
v 0.484556 0.500844 0.769825
v 0.484544 0.502731 0.750525
v 0.484488 0.493594 -0.182312
v 0.484481 0.500694 1.111381
v 0.484475 0.494325 -0.142825
v 0.484475 0.500256 -0.066062
v 0.484469 0.492837 0.118219
v 0.484406 0.490550 0.096900
v 0.484356 0.506019 -0.127763
v 0.484300 0.501437 0.728319
v 0.484287 0.496094 1.008081
v 0.484275 0.500613 0.646025
v 0.484262 0.510663 1.020363
v 0.484231 0.499350 -0.050269
v 0.484231 0.498144 0.108338
v 0.484169 0.501350 0.705550
v 0.484162 0.497862 -0.086888
v 0.484094 0.507162 0.092669
v 0.483975 0.488113 1.115244
v 0.483875 0.481013 0.093450
v 0.483831 0.505006 1.052644
v 0.483781 0.492575 0.126594
v 0.483781 0.497325 -0.098994
v 0.483687 0.501594 -0.083456
v 0.483681 0.498319 -0.075563
v 0.483625 0.503062 -0.075819
v 0.483563 0.500344 0.092887
v 0.483469 0.499419 0.097138
v 0.483469 0.515644 -0.028756
v 0.483394 0.501081 -0.091831
v 0.483356 0.513981 -0.072150
v 0.483300 0.499806 0.126656
v 0.483244 0.498013 -0.121612
v 0.483194 0.497906 0.121438
v 0.483125 0.502181 -0.106400
v 0.483075 0.500969 -0.026900
v 0.482812 0.495856 -0.127006
v 0.482800 0.519144 -0.067944
v 0.482581 0.511631 0.083500
v 0.482581 0.508112 1.031281
v 0.482500 0.501769 1.021525
v 0.482419 0.500519 1.104694
v 0.482350 0.500844 1.093662
v 0.482350 0.519463 -0.058469
v 0.482312 0.506838 -0.075150
v 0.482225 0.491088 -0.072044
v 0.482212 0.481725 0.062825
v 0.482119 0.509756 0.994681
v 0.481881 0.479994 0.071675
v 0.481594 0.506756 0.086825
v 0.481569 0.483731 0.094525
v 0.481556 0.498944 0.995094
v 0.481550 0.508456 1.007888
v 0.481400 0.520869 1.102944
v 0.481356 0.517975 0.073012
v 0.481256 0.486106 1.103269
v 0.481137 0.516594 0.050612
v 0.481125 0.487375 0.094675
v 0.481125 0.511375 1.103419
v 0.481019 0.495812 1.094594
v 0.480938 0.504875 -0.072925
v 0.480756 0.511613 0.086975
v 0.480731 0.498275 -0.072194
v 0.480681 0.516856 0.039525
v 0.480513 0.504425 0.995481
v 0.480463 0.489944 0.092325
v 0.480356 0.483837 -0.009463
v 0.480262 0.504400 0.046106
v 0.480262 0.522206 1.092069
v 0.480237 0.479888 0.090600
v 0.480187 0.507294 1.093425
v 0.480069 0.509088 -0.073125
v 0.479825 0.481419 0.042456
v 0.479737 0.515000 -0.068244
v 0.479438 0.518906 -0.067444
v 0.479244 0.481919 0.017794
v 0.479206 0.485000 1.091075
v 0.478513 0.524125 -0.063000
v 0.478488 0.500494 1.084169
v 0.478456 0.485869 -0.066131
v 0.478250 0.512687 0.079031
v 0.478175 0.515600 0.077975
v 0.478019 0.524537 -0.040669
v 0.478013 0.506194 -0.046581
v 0.477762 0.500344 1.075169
v 0.477712 0.522225 0.067681
v 0.477631 0.506537 -0.031731
v 0.477600 0.514931 1.083331
v 0.477506 0.494756 -0.027719
v 0.477312 0.493613 -0.001844
v 0.477250 0.496331 1.084669
v 0.477225 0.485025 0.091287
v 0.477044 0.513856 -0.068350
v 0.477000 0.524406 1.083138
v 0.477000 0.506000 0.057237
v 0.476850 0.517587 -0.065312
v 0.476719 0.488394 0.088313
v 0.476681 0.523675 0.063950
v 0.476656 0.526244 -0.048412
v 0.476625 0.506644 1.084406
v 0.476569 0.517525 0.074844
v 0.476556 0.508419 0.081106
v 0.476388 0.504425 1.074463
v 0.476350 0.483169 1.081344
v 0.476344 0.478700 0.055100
v 0.476338 0.496462 -0.059850
v 0.476250 0.495100 1.075281
v 0.476244 0.491694 0.026312
v 0.476025 0.481031 0.088594
v 0.476013 0.513231 1.072175
v 0.475712 0.477063 0.082769
v 0.474981 0.509131 -0.022537
v 0.474963 0.526369 1.073275
v 0.474894 0.518062 -0.064706
v 0.474513 0.486337 -0.065787
v 0.474306 0.528094 -0.060237
v 0.474287 0.524188 -0.003638
v 0.474156 0.509062 0.041138
v 0.474119 0.513725 -0.045913
v 0.474075 0.509062 -0.006294
v 0.473925 0.520500 -0.062787
v 0.473906 0.495725 -0.064856
v 0.473869 0.525550 0.062981
v 0.473819 0.494756 1.067681
v 0.473769 0.492081 -0.066906
v 0.473762 0.488994 0.060694
v 0.473712 0.482544 -0.048306
v 0.473631 0.512212 0.075450
v 0.473550 0.514094 -0.064488
v 0.473494 0.509300 0.030069
v 0.473319 0.505025 1.066775
v 0.473100 0.483837 -0.062375
v 0.473069 0.521275 0.068069
v 0.472988 0.485262 0.086994
v 0.472931 0.525850 -0.022519
v 0.472394 0.479025 0.084644
v 0.472338 0.499375 1.060344
v 0.472175 0.528744 1.060581
v 0.472044 0.513550 1.060237
v 0.472037 0.529262 0.053481
v 0.471806 0.480538 1.060325
v 0.471369 0.488431 0.048994
v 0.471356 0.492575 -0.045694
v 0.471225 0.486706 0.069712
v 0.471150 0.515644 0.070206
v 0.471137 0.524687 -0.060025
v 0.471069 0.485631 -0.063088
v 0.470994 0.475400 0.075669
v 0.470969 0.516875 -0.037319
v 0.470838 0.494194 -0.063500
v 0.470694 0.483469 0.083994
v 0.470631 0.482369 -0.057931
v 0.470600 0.528444 0.019863
v 0.470300 0.485975 0.081925
v 0.470244 0.520262 0.066019
v 0.469994 0.476219 0.045025
v 0.469825 0.515275 0.066819
v 0.469644 0.528056 0.057237
v 0.469400 0.477538 0.080650
v 0.469281 0.532737 0.044919
v 0.469019 0.523694 -0.060887
v 0.468788 0.532950 -0.054431
v 0.468463 0.522656 0.061425
v 0.468344 0.533556 0.037062
v 0.468306 0.481656 -0.056956
v 0.468269 0.517200 0.064119
v 0.467569 0.516119 0.042544
v 0.467562 0.521275 -0.047462
v 0.467375 0.522919 0.058531
v 0.467313 0.516637 0.001587
v 0.466863 0.532906 0.020750
v 0.466769 0.483256 -0.059675
v 0.466656 0.482088 0.079937
v 0.466637 0.531956 0.050481
v 0.466562 0.533188 0.031044
v 0.466125 0.480212 0.078625
v 0.466106 0.528550 -0.054906
v 0.466094 0.484613 0.076594
v 0.465506 0.523044 -0.056613
v 0.465438 0.535669 0.006419
v 0.465306 0.525119 0.057537
v 0.464556 0.537506 -0.004519
v 0.464431 0.528787 -0.055450
v 0.464231 0.481013 -0.051475
v 0.463894 0.521900 0.056050
v 0.463556 0.533406 0.020987
v 0.463406 0.535800 -0.035963
v 0.463313 0.521256 -0.026163
v 0.463263 0.490850 -0.056313
v 0.463244 0.535950 -0.052856
v 0.463181 0.488219 -0.058600
v 0.463100 0.526500 0.052619
v 0.463056 0.473006 0.067619
v 0.462981 0.479438 -0.054694
v 0.462788 0.531400 0.031669
v 0.462781 0.537138 -0.050937
v 0.462625 0.523369 0.051737
v 0.462244 0.475506 -0.005450
v 0.462194 0.535544 0.007412
v 0.461981 0.539512 -0.019088
v 0.461813 0.477925 -0.048650
v 0.461687 0.483275 0.053288
v 0.461313 0.524256 -0.019325
v 0.461250 0.529475 0.039887
v 0.461238 0.528162 0.047806
v 0.460931 0.472119 0.052663
v 0.460788 0.486187 -0.004394
v 0.460775 0.485000 0.025106
v 0.460738 0.540462 -0.029444
v 0.460562 0.536794 -0.003681
v 0.460519 0.532975 -0.052819
v 0.460456 0.487375 -0.034969
v 0.460413 0.478137 -0.049388
v 0.460381 0.525769 0.034106
v 0.460288 0.528356 0.000444
v 0.460288 0.530619 0.025450
v 0.460219 0.475769 0.071975
v 0.460206 0.482825 0.070744
v 0.460062 0.480256 -0.054650
v 0.459238 0.488712 -0.044637
v 0.458869 0.479350 0.071806
v 0.458825 0.530188 0.019412
v 0.458819 0.526694 0.020100
v 0.458756 0.542231 -0.043987
v 0.458456 0.472700 0.024200
v 0.458406 0.478769 -0.046344
v 0.458394 0.532844 0.003506
v 0.458388 0.538069 -0.015831
v 0.458200 0.472075 0.063325
v 0.458200 0.532219 -0.008169
v 0.458156 0.535694 -0.008319
v 0.458025 0.532044 -0.001050
v 0.457987 0.531444 0.009400
v 0.457900 0.530038 0.014725
v 0.457881 0.529131 0.008081
v 0.457663 0.533212 -0.003594
v 0.457338 0.541581 -0.032250
v 0.457056 0.533338 -0.014600
v 0.457019 0.476287 0.069906
v 0.456644 0.471712 0.038100
v 0.456469 0.471150 0.054625
v 0.456244 0.536469 -0.017988
v 0.456000 0.484806 -0.053419
v 0.455788 0.543288 -0.045050
v 0.455644 0.487225 -0.051869
v 0.455500 0.532887 -0.021525
v 0.455381 0.481294 0.065419
v 0.455231 0.530644 -0.050138
v 0.455219 0.536013 -0.023619
v 0.455194 0.474125 0.067013
v 0.455019 0.478119 0.068375
v 0.455019 0.472338 0.049125
v 0.454856 0.530537 -0.036612
v 0.454844 0.472056 0.059719
v 0.454788 0.471494 0.023206
v 0.454775 0.477750 -0.051156
v 0.454575 0.484419 -0.026275
v 0.454437 0.473200 -0.024894
v 0.454319 0.539125 -0.031213
v 0.454056 0.471106 0.021481
v 0.454031 0.538131 -0.049037
v 0.453987 0.474969 -0.047419
v 0.453638 0.472294 0.028325
v 0.453500 0.474363 -0.042675
v 0.453313 0.478550 0.065225
v 0.452469 0.534331 -0.031519
v 0.452044 0.471838 0.014794
v 0.452037 0.480300 0.055100
v 0.451962 0.471881 0.005900
v 0.451875 0.471556 0.039931
v 0.451750 0.539600 -0.038550
v 0.451644 0.471881 0.050094
v 0.451581 0.472681 0.055769
v 0.451406 0.474106 0.062156
v 0.451331 0.479975 0.049688
v 0.451269 0.472400 -0.001219
v 0.451213 0.480275 0.043469
v 0.450850 0.478612 0.059331
v 0.450525 0.477750 -0.039113
v 0.450462 0.480300 0.036931
v 0.450444 0.472013 0.033737
v 0.450387 0.472225 0.030069
v 0.450106 0.477581 0.055056
v 0.450031 0.470913 -0.006638
v 0.449813 0.480081 0.029638
v 0.449681 0.476844 0.047506
v 0.449437 0.537831 -0.042219
v 0.449325 0.471775 0.018225
v 0.449319 0.475550 0.035681
v 0.449288 0.471581 0.003875
v 0.449256 0.476844 0.040863
v 0.449156 0.472656 0.023512
v 0.449150 0.475875 -0.047075
v 0.449125 0.480081 0.018288
v 0.448881 0.472119 -0.036456
v 0.448831 0.482044 -0.014450
v 0.448819 0.480150 0.011450
v 0.448738 0.476156 0.032744
v 0.448644 0.472031 0.015762
v 0.447937 0.477038 0.023787
v 0.447931 0.480187 0.002900
v 0.447725 0.481400 -0.046775
v 0.447494 0.476006 0.018956
v 0.447444 0.472463 0.009200
v 0.447381 0.470394 -0.018894
v 0.447381 0.483731 -0.044531
v 0.447081 0.473544 0.012394
v 0.446806 0.471712 -0.003806
v 0.446669 0.472506 0.004888
v 0.446506 0.476606 0.014250
v 0.446437 0.480212 -0.006875
v 0.446256 0.472813 0.000356
v 0.446188 0.470806 -0.030738
v 0.445731 0.477275 0.007800
v 0.445700 0.471237 -0.008381
v 0.445425 0.470931 -0.040494
v 0.445394 0.476394 0.002256
v 0.444156 0.476956 -0.004994
v 0.443763 0.480319 -0.018675
v 0.443288 0.471062 -0.024569
v 0.443031 0.480662 -0.024675
v 0.442969 0.476931 -0.012356
v 0.442606 0.480775 -0.029487
v 0.442300 0.471406 -0.030481
v 0.441706 0.476562 -0.019537
v 0.441638 0.479044 -0.042219
v 0.441550 0.472356 -0.040019
v 0.441331 0.481094 -0.039481
v 0.440444 0.477794 -0.026594
v 0.440425 0.478981 -0.030894
v 0.438550 0.477300 -0.037062
vt 0.031738 0.328858
vt 0.029541 0.339356
vt 0.037354 0.326904
vt 0.066894 0.304932
vt 0.010010 0.296875
vt 0.044434 0.291748
vt 0.098144 0.280762
vt 0.025146 0.275635
vt 0.023926 0.218262
vt 0.051758 0.265625
vt 0.089599 0.270752
vt 0.158447 0.263427
vt 0.727295 0.646484
vt 0.716064 0.659668
vt 0.737549 0.689697
vt 0.710205 0.673584
vt 0.704590 0.620849
vt 0.719727 0.585938
vt 0.685791 0.643799
vt 0.658447 0.643555
vt 0.698974 0.638428
vt 0.651367 0.615479
vt 0.613526 0.626465
vt 0.731446 0.530029
vt 0.708008 0.526856
vt 0.699951 0.586914
vt 0.693847 0.545166
vt 0.688233 0.589844
vt 0.683838 0.550049
vt 0.703125 0.520264
vt 0.672363 0.594238
vt 0.667724 0.531983
vt 0.638184 0.551758
vt 0.659912 0.610840
vt 0.643799 0.586182
vt 0.625488 0.566651
vt 0.617676 0.578858
vt 0.625244 0.592529
vt 0.598389 0.594727
vt 0.589356 0.618164
vt 0.572021 0.598877
vt 0.554932 0.637207
vt 0.964356 0.999756
vt 0.934814 0.977051
vt 0.922608 0.991455
vt 0.910156 0.962891
vt 0.878662 0.961670
vt 0.895996 0.942139
vt 0.911133 0.944580
vt 0.903321 0.935303
vt 0.918946 0.914551
vt 0.942383 0.971924
vt 0.969971 0.981446
vt 0.951660 0.951904
vt 0.935303 0.896729
vt 0.988037 0.966553
vt 0.975097 0.941894
vt 0.976318 0.908691
vt 0.959717 0.912842
vt 0.948242 0.888184
vt 0.762696 0.154053
vt 0.764404 0.139893
vt 0.752197 0.156006
vt 0.779785 0.152832
vt 0.758301 0.167969
vt 0.775635 0.168701
vt 0.792481 0.171387
vt 0.800781 0.156006
vt 0.822998 0.150879
vt 0.831055 0.170654
vt 0.795654 0.146973
vt 0.822266 0.134766
vt 0.800293 0.138672
vt 0.793457 0.132080
vt 0.761231 0.129394
vt 0.744873 0.142334
vt 0.781006 0.123779
vt 0.755127 0.111573
vt 0.800293 0.100098
vt 0.821533 0.092529
vt 0.770508 0.105957
vt 0.747559 0.098144
vt 0.784668 0.103271
vt 0.759521 0.086914
vt 0.742920 0.083008
vt 0.778564 0.090332
vt 0.772217 0.080078
vt 0.793457 0.081543
vt 0.755615 0.077149
vt 0.751953 0.069824
vt 0.737305 0.062012
vt 0.768799 0.071289
vt 0.784912 0.071289
vt 0.765869 0.065186
vt 0.781006 0.066406
vt 0.796631 0.066406
vt 0.811035 0.073243
vt 0.825684 0.053467
vt 0.833740 0.061524
vt 0.802002 0.054443
vt 0.818847 0.046631
vt 0.812988 0.032227
vt 0.778076 0.059082
vt 0.798828 0.020752
vt 0.815430 0.023438
vt 0.817871 0.007080
vt 0.790283 0.000244
vt 0.762939 0.046631
vt 0.788330 0.053711
vt 0.789062 0.033936
vt 0.772705 0.020752
vt 0.766358 0.008301
vt 0.758545 0.028076
vt 0.751953 0.014892
vt 0.739014 0.036865
vt 0.750977 0.051269
vt 0.749024 0.035644
vt 0.711182 0.378906
vt 0.685303 0.353516
vt 0.691651 0.381348
vt 0.706787 0.358154
vt 0.719971 0.378906
vt 0.678955 0.328858
vt 0.693115 0.336914
vt 0.717285 0.359131
vt 0.702881 0.339599
vt 0.693847 0.317139
vt 0.713379 0.339111
vt 0.687012 0.291260
vt 0.669189 0.294189
vt 0.713135 0.320312
vt 0.700196 0.299073
vt 0.722656 0.325927
vt 0.713867 0.293213
vt 0.657959 0.266113
vt 0.705322 0.270019
vt 0.691162 0.268311
vt 0.719483 0.270019
vt 0.676026 0.263184
vt 0.665528 0.255371
vt 0.656738 0.253906
vt 0.618164 0.250733
vt 0.733887 0.270264
vt 0.730957 0.265137
vt 0.749267 0.234131
vt 0.735840 0.302002
vt 0.759033 0.235107
vt 0.764649 0.228027
vt 0.779541 0.196289
vt 0.770019 0.229981
vt 0.795166 0.186279
vt 0.744141 0.265381
vt 0.768555 0.234863
vt 0.799072 0.198486
vt 0.763184 0.250977
vt 0.757812 0.287598
vt 0.748779 0.298828
vt 0.755127 0.305664
vt 0.765869 0.308838
vt 0.740722 0.321045
vt 0.754394 0.322021
vt 0.759278 0.340332
vt 0.739258 0.334229
vt 0.766602 0.322021
vt 0.719971 0.342529
vt 0.743164 0.353760
vt 0.725830 0.360352
vt 0.749756 0.370849
vt 0.770752 0.362793
vt 0.778076 0.362793
vt 0.780029 0.352295
vt 0.789062 0.380127
vt 0.859131 0.402588
vt 0.867432 0.409180
vt 0.866699 0.402832
vt 0.857178 0.412354
vt 0.868896 0.394043
vt 0.857910 0.392578
vt 0.862793 0.385986
vt 0.857422 0.383789
vt 0.880371 0.394287
vt 0.898438 0.407959
vt 0.892334 0.385498
vt 0.897705 0.401367
vt 0.901611 0.393555
vt 0.909668 0.393066
vt 0.917236 0.400146
vt 0.927246 0.372314
vt 0.902832 0.418457
vt 0.923584 0.364258
vt 0.894531 0.375733
vt 0.889892 0.423828
vt 0.928711 0.447266
vt 0.896484 0.441651
vt 0.862793 0.418213
vt 0.853271 0.420654
vt 0.889160 0.430664
vt 0.880127 0.431885
vt 0.885254 0.439209
vt 0.894043 0.490479
vt 0.880859 0.462646
vt 0.872071 0.437256
vt 0.851562 0.425781
vt 0.873535 0.455078
vt 0.871582 0.489502
vt 0.854004 0.371094
vt 0.863037 0.377686
vt 0.879639 0.371826
vt 0.877686 0.379639
vt 0.902344 0.362061
vt 0.986328 0.427490
vt 0.969483 0.413330
vt 0.972656 0.427246
vt 0.985108 0.433838
vt 0.951172 0.413818
vt 0.943847 0.401123
vt 0.926758 0.402832
vt 0.935791 0.420654
vt 0.973877 0.434571
vt 0.949219 0.437256
vt 0.923340 0.427246
vt 0.978760 0.440674
vt 0.985596 0.444824
vt 0.937256 0.447754
vt 0.949463 0.444092
vt 0.949951 0.452392
vt 0.947754 0.458740
vt 0.922363 0.461426
vt 0.970459 0.454102
vt 0.988037 0.456543
vt 0.965576 0.459717
vt 0.919922 0.486816
vt 0.983154 0.462891
vt 0.261963 0.831299
vt 0.280762 0.835938
vt 0.242676 0.812500
vt 0.240723 0.818359
vt 0.242188 0.805420
vt 0.232910 0.815430
vt 0.235352 0.821289
vt 0.196777 0.827392
vt 0.199707 0.822754
vt 0.236816 0.808838
vt 0.231201 0.811279
vt 0.241455 0.801026
vt 0.260498 0.766113
vt 0.238769 0.798584
vt 0.231934 0.808106
vt 0.234375 0.800293
vt 0.197021 0.809814
vt 0.194580 0.818847
vt 0.155274 0.827881
vt 0.167236 0.821533
vt 0.111816 0.834717
vt 0.024903 0.162354
vt 0.012696 0.164551
vt 0.041748 0.177979
vt 0.028076 0.185059
vt 0.043457 0.170410
vt 0.036865 0.163086
vt 0.040283 0.187988
vt 0.027832 0.189941
vt 0.049072 0.177490
vt 0.045410 0.166504
vt 0.034912 0.147949
vt 0.051026 0.169434
vt 0.049316 0.182861
vt 0.048584 0.165283
vt 0.046143 0.151367
vt 0.053467 0.161377
vt 0.086182 0.208252
vt 0.078613 0.196777
vt 0.072021 0.200928
vt 0.048828 0.186035
vt 0.044434 0.190186
vt 0.077881 0.207276
vt 0.072510 0.210693
vt 0.036865 0.192871
vt 0.039551 0.196533
vt 0.010743 0.200684
vt 0.019531 0.205566
vt 0.234131 0.921631
vt 0.234131 0.970215
vt 0.240967 0.967774
vt 0.405274 0.018799
vt 0.389160 0.027344
vt 0.389649 0.030274
vt 0.381592 0.034912
vt 0.381104 0.026611
vt 0.376465 0.034424
vt 0.380127 0.040039
vt 0.386963 0.041504
vt 0.406983 0.018311
vt 0.388184 0.048828
vt 0.390869 0.047363
vt 0.419922 0.058349
vt 0.387696 0.051514
vt 0.384766 0.050049
vt 0.381348 0.047852
vt 0.379151 0.044189
vt 0.376953 0.039551
vt 0.339599 0.062256
vt 0.357666 0.049561
vt 0.346436 0.049561
vt 0.317871 0.061035
vt 0.355469 0.037842
vt 0.372071 0.027099
vt 0.316406 0.051514
vt 0.305420 0.073243
vt 0.342529 0.033691
vt 0.311524 0.044678
vt 0.339111 0.027588
vt 0.369629 0.021729
vt 0.367676 0.018311
vt 0.327637 0.029297
vt 0.308106 0.039551
vt 0.285156 0.049805
vt 0.286133 0.066651
vt 0.262939 0.061279
vt 0.245849 0.078613
vt 0.223877 0.073243
vt 0.261963 0.083008
vt 0.292724 0.072021
vt 0.281250 0.083984
vt 0.250488 0.096924
vt 0.280517 0.091552
vt 0.307129 0.077393
vt 0.253906 0.102783
vt 0.954346 0.051758
vt 0.975830 0.067139
vt 0.980469 0.059326
vt 0.987793 0.061768
vt 0.983154 0.067871
vt 0.971680 0.072510
vt 0.980713 0.074219
vt 0.975830 0.077637
vt 0.977783 0.115967
vt 0.323974 0.946778
vt 0.326660 0.938965
vt 0.316894 0.912109
vt 0.328369 0.946045
vt 0.323731 0.950928
vt 0.335205 0.959472
vt 0.264404 0.868653
vt 0.243652 0.866455
vt 0.264404 0.875488
vt 0.240723 0.872559
vt 0.243896 0.860108
vt 0.217774 0.862549
vt 0.218018 0.870117
vt 0.265381 0.862305
vt 0.198242 0.869629
vt 0.249512 0.853760
vt 0.267090 0.857910
vt 0.255371 0.852051
vt 0.218994 0.848877
vt 0.238526 0.843750
vt 0.266358 0.846436
vt 0.267090 0.840088
vt 0.197021 0.862061
vt 0.152344 0.873779
vt 0.207031 0.853028
vt 0.166992 0.857178
vt 0.129394 0.852051
vt 0.158936 0.844971
vt 0.181641 0.844238
vt 0.151123 0.838379
vt 0.175293 0.833740
vt 0.148926 0.834472
vt 0.204346 0.840088
vt 0.228027 0.837891
vt 0.205811 0.834472
vt 0.231934 0.827637
vt 0.962403 0.109131
vt 0.954590 0.079590
vt 0.951904 0.120118
vt 0.962891 0.072754
vt 0.950439 0.076904
vt 0.967529 0.084961
vt 0.969483 0.104004
vt 0.970703 0.123779
vt 0.960205 0.138916
vt 0.969483 0.143799
vt 0.959717 0.182373
vt 0.955811 0.171387
vt 0.953125 0.167236
vt 0.942871 0.163574
vt 0.942627 0.128174
vt 0.941406 0.101562
vt 0.946045 0.072021
vt 0.513184 0.010498
vt 0.474365 0.006347
vt 0.475830 0.010498
vt 0.441651 0.010743
vt 0.720703 0.996582
vt 0.744629 0.988281
vt 0.696045 0.993164
vt 0.774414 0.995606
vt 0.059571 0.886231
vt 0.037354 0.905029
vt 0.043213 0.905274
vt 0.024903 0.934082
vt 0.010254 0.932617
vt 0.010986 0.908691
vt 0.818115 0.797119
vt 0.824707 0.805908
vt 0.840088 0.786865
vt 0.805420 0.793457
vt 0.789551 0.810059
vt 0.815918 0.776367
vt 0.806885 0.814941
vt 0.820312 0.816406
vt 0.840821 0.803955
vt 0.795654 0.824951
vt 0.841309 0.816162
vt 0.799072 0.827637
vt 0.799805 0.832764
vt 0.806641 0.835449
vt 0.838135 0.824707
vt 0.829346 0.832764
vt 0.766846 0.820801
vt 0.771484 0.826660
vt 0.737793 0.830322
vt 0.766602 0.808594
vt 0.737305 0.816162
vt 0.723877 0.825928
vt 0.721924 0.830078
vt 0.700928 0.821289
vt 0.675537 0.836182
vt 0.714356 0.813233
vt 0.685791 0.823242
vt 0.744873 0.806885
vt 0.724854 0.802979
vt 0.685059 0.815674
vt 0.721680 0.799072
vt 0.781738 0.794922
vt 0.764892 0.790039
vt 0.760986 0.784668
vt 0.794189 0.786865
vt 0.780762 0.783936
vt 0.803711 0.771972
vt 0.835693 0.754151
vt 0.825928 0.752930
vt 0.795654 0.769287
vt 0.821045 0.748535
vt 0.784668 0.766602
vt 0.763428 0.779053
vt 0.818359 0.742676
vt 0.743408 0.783936
vt 0.749024 0.777832
vt 0.782715 0.758545
vt 0.793946 0.743164
vt 0.747803 0.766113
vt 0.767822 0.757324
vt 0.762939 0.756347
vt 0.771240 0.742676
vt 0.759033 0.752441
vt 0.748779 0.761963
vt 0.745361 0.757080
vt 0.735840 0.762451
vt 0.726318 0.769776
vt 0.717774 0.767090
vt 0.706787 0.772949
vt 0.729492 0.773193
vt 0.727783 0.780762
vt 0.724365 0.789551
vt 0.700928 0.791992
vt 0.710205 0.784180
vt 0.696533 0.788818
vt 0.688721 0.784668
vt 0.687744 0.845703
vt 0.642578 0.845947
vt 0.690918 0.853760
vt 0.729492 0.854248
vt 0.727539 0.860352
vt 0.717774 0.863037
vt 0.729248 0.866211
vt 0.747314 0.851318
vt 0.730224 0.849365
vt 0.741699 0.859619
vt 0.742188 0.866455
vt 0.729981 0.871582
vt 0.749024 0.884521
vt 0.731446 0.879151
vt 0.770019 0.854248
vt 0.777588 0.841309
vt 0.770508 0.840088
vt 0.750977 0.843750
vt 0.760254 0.836670
vt 0.773438 0.369141
vt 0.764404 0.383057
vt 0.770752 0.410401
vt 0.778809 0.385498
vt 0.763672 0.418457
vt 0.755615 0.400391
vt 0.764404 0.434082
vt 0.755127 0.431885
vt 0.746094 0.429199
vt 0.755859 0.460205
vt 0.766602 0.451416
vt 0.758789 0.483399
vt 0.770019 0.467774
vt 0.763672 0.508057
vt 0.774658 0.478760
vt 0.772217 0.500000
vt 0.766846 0.536865
vt 0.764892 0.555176
vt 0.202637 0.918946
vt 0.202637 0.878906
vt 0.195312 0.934326
vt 0.192383 0.874756
vt 0.186768 0.904297
vt 0.197021 0.986572
vt 0.202637 0.978516
vt 0.196777 0.960205
vt 0.201416 0.958496
vt 0.196045 0.941406
vt 0.201904 0.937744
vt 0.956543 0.024170
vt 0.955322 0.030762
vt 0.991699 0.010986
vt 0.938477 0.012939
vt 0.900146 0.009033
vt 0.931153 0.028809
vt 0.945068 0.041993
vt 0.934326 0.037354
vt 0.951904 0.066651
vt 0.158936 0.942871
vt 0.155762 0.983399
vt 0.165283 0.948974
vt 0.167236 0.982910
vt 0.993408 0.904297
vt 0.992432 0.933349
vt 0.998047 0.930420
vt 0.992676 0.954346
vt 0.222656 0.956787
vt 0.222901 0.934571
vt 0.218018 0.943847
vt 0.220947 0.979492
vt 0.965088 0.642090
vt 0.964356 0.628418
vt 0.954590 0.644043
vt 0.985840 0.612305
vt 0.976074 0.642334
vt 0.951416 0.619629
vt 0.944580 0.626221
vt 0.952149 0.649658
vt 0.938965 0.632812
vt 0.953369 0.677246
vt 0.941406 0.650635
vt 0.911865 0.611572
vt 0.998779 0.901856
vt 1.000000 0.862793
vt 0.994385 0.885498
vt 0.998291 0.842529
vt 0.592041 0.999756
vt 0.637207 0.999756
vt 0.560791 0.986328
vt 0.603028 0.986816
vt 0.414062 0.991211
vt 0.482422 0.997559
vt 0.466797 0.991211
vt 0.445068 0.998779
vt 0.579102 0.700439
vt 0.613281 0.705078
vt 0.593017 0.697754
vt 0.627441 0.712891
vt 0.604492 0.711182
vt 0.635498 0.708984
vt 0.636231 0.722168
vt 0.631592 0.727051
vt 0.638916 0.715821
vt 0.662842 0.706055
vt 0.638428 0.701660
vt 0.604248 0.740479
vt 0.635254 0.736816
vt 0.669922 0.737305
vt 0.658447 0.724854
vt 0.667969 0.719971
vt 0.695068 0.728516
vt 0.692383 0.717041
vt 0.699219 0.707031
vt 0.670899 0.700196
vt 0.639404 0.695557
vt 0.676269 0.694092
vt 0.700439 0.701904
vt 0.727295 0.706299
vt 0.722901 0.699951
vt 0.753662 0.690430
vt 0.739746 0.729736
vt 0.717529 0.725586
vt 0.728028 0.735596
vt 0.718262 0.741211
vt 0.683106 0.733154
vt 0.695801 0.742188
vt 0.704346 0.747314
vt 0.685791 0.743164
vt 0.734375 0.751465
vt 0.677002 0.746582
vt 0.707519 0.754883
vt 0.732666 0.756836
vt 0.714599 0.760254
vt 0.681396 0.755371
vt 0.685791 0.751953
vt 0.408448 0.826172
vt 0.426758 0.827392
vt 0.438965 0.819092
vt 0.440186 0.807373
vt 0.460938 0.806885
vt 0.456055 0.801269
vt 0.455078 0.824951
vt 0.427246 0.835449
vt 0.441894 0.836426
vt 0.450196 0.834717
vt 0.488769 0.808594
vt 0.483154 0.822021
vt 0.515137 0.813965
vt 0.468994 0.833008
vt 0.458984 0.837158
vt 0.494629 0.836914
vt 0.480957 0.830078
vt 0.506104 0.826904
vt 0.545654 0.822510
vt 0.542969 0.816894
vt 0.566162 0.807373
vt 0.579346 0.811035
vt 0.006836 0.989502
vt 0.020508 0.991455
vt 0.029297 0.963379
vt 0.026856 0.985840
vt 0.032471 0.964844
vt 0.025391 0.959229
vt 0.014404 0.961670
vt 0.021484 0.955078
vt 0.004151 0.947998
vt 0.711182 0.973877
vt 0.764160 0.986816
vt 0.745361 0.974609
vt 0.787109 0.984131
vt 0.791504 0.975342
vt 0.053222 0.927734
vt 0.046875 0.932861
vt 0.051514 0.953858
vt 0.057373 0.925781
vt 0.058106 0.961182
vt 0.062744 0.971680
vt 0.068604 0.983642
vt 0.035889 0.951416
vt 0.041993 0.936279
vt 0.058838 0.897217
vt 0.032471 0.943604
vt 0.034180 0.950928
vt 0.007080 0.942383
vt 0.129394 0.038330
vt 0.125000 0.044922
vt 0.153076 0.047852
vt 0.147461 0.056396
vt 0.121826 0.048828
vt 0.157959 0.036621
vt 0.128906 0.028321
vt 0.154785 0.032959
vt 0.129883 0.025635
vt 0.201904 0.030029
vt 0.172852 0.025879
vt 0.123047 0.015137
vt 0.219971 0.024658
vt 0.254639 0.026611
vt 0.284912 0.021729
vt 0.230713 0.031738
vt 0.284912 0.851074
vt 0.287842 0.876465
vt 0.290771 0.855224
vt 0.298096 0.894776
vt 0.292481 0.902344
vt 0.279052 0.887696
vt 0.276123 0.849854
vt 0.286377 0.897949
vt 0.278809 0.932861
vt 0.272949 0.875977
vt 0.268311 0.901856
vt 0.252441 0.898193
vt 0.275635 0.920654
vt 0.273926 0.939697
vt 0.278076 0.963135
vt 0.270508 0.927490
vt 0.262451 0.942627
vt 0.023193 0.412354
vt 0.019043 0.457764
vt 0.025879 0.435791
vt 0.025879 0.473389
vt 0.020752 0.503418
vt 0.028809 0.529541
vt 0.020996 0.561279
vt 0.875244 0.644531
vt 0.895752 0.619385
vt 0.891113 0.612305
vt 0.895264 0.630859
vt 0.874267 0.624756
vt 0.902588 0.649414
vt 0.912597 0.623047
vt 0.885986 0.658936
vt 0.895264 0.667236
vt 0.880371 0.706543
vt 0.875977 0.706055
vt 0.867920 0.698242
vt 0.879883 0.654297
vt 0.864746 0.681396
vt 0.851318 0.715576
vt 0.859375 0.679932
vt 0.835205 0.733887
vt 0.851562 0.683349
vt 0.868408 0.648438
vt 0.868653 0.637939
vt 0.863526 0.641602
vt 0.857666 0.650391
vt 0.860596 0.639160
vt 0.871338 0.618896
vt 0.843017 0.680176
vt 0.859131 0.632324
vt 0.851074 0.647949
vt 0.848389 0.642822
vt 0.855224 0.629394
vt 0.872559 0.605469
vt 0.836914 0.607666
vt 0.690918 0.986816
vt 0.719238 0.985596
vt 0.683349 0.979981
vt 0.642578 0.969727
vt 0.684814 0.977295
vt 0.683594 0.970459
vt 0.114746 0.953858
vt 0.136231 0.975830
vt 0.122314 0.943847
vt 0.148193 0.977051
vt 0.126465 0.982178
vt 0.115723 0.972901
vt 0.120606 0.997559
vt 0.217774 0.926758
vt 0.207031 0.885986
vt 0.213135 0.939453
vt 0.207276 0.936767
vt 0.024903 0.083740
vt 0.031738 0.098633
vt 0.029052 0.047852
vt 0.287354 0.932129
vt 0.304443 0.947510
vt 0.299805 0.926514
vt 0.312256 0.932373
vt 0.311524 0.979492
vt 0.298828 0.972412
vt 0.289307 0.964111
vt 0.284424 0.945068
vt 0.284668 0.977295
vt 0.062744 0.143311
vt 0.058838 0.147949
vt 0.058349 0.174316
vt 0.063477 0.161865
vt 0.057861 0.107910
vt 0.066162 0.128174
vt 0.066894 0.167969
vt 0.062744 0.112549
vt 0.072510 0.130127
vt 0.061035 0.089844
vt 0.053222 0.075684
vt 0.064941 0.095703
vt 0.070557 0.087402
vt 0.081299 0.070312
vt 0.081055 0.128418
vt 0.086670 0.099854
vt 0.091309 0.064453
vt 0.105957 0.036865
vt 0.112793 0.033936
vt 0.099365 0.027344
vt 0.075439 0.054688
vt 0.065186 0.060547
vt 0.054688 0.031494
vt 0.053222 0.023438
vt 0.052734 0.039062
vt 0.059814 0.070557
vt 0.047363 0.045654
vt 0.037597 0.025635
vt 0.040039 0.052002
vt 0.036377 0.038330
vt 0.875488 0.970947
vt 0.843994 0.970459
vt 0.830811 0.976562
vt 0.794189 0.969971
vt 0.244629 0.935791
vt 0.239990 0.878174
vt 0.239014 0.920410
vt 0.248047 0.879394
vt 0.302490 0.922119
vt 0.307861 0.922119
vt 0.302734 0.860840
vt 0.313233 0.899170
vt 0.886963 0.333496
vt 0.920899 0.333496
vt 0.886963 0.324219
vt 0.936035 0.322510
vt 0.905517 0.343017
vt 0.959472 0.333984
vt 0.981446 0.331543
vt 0.973633 0.326660
vt 0.965821 0.342285
vt 0.940918 0.346191
vt 0.955078 0.349121
vt 0.935059 0.353027
vt 0.905517 0.348144
vt 0.982666 0.350098
vt 0.937500 0.360352
vt 0.895019 0.353027
vt 0.952881 0.361084
vt 0.969483 0.363769
vt 0.936035 0.373779
vt 0.942627 0.377441
vt 0.691162 0.992188
vt 0.659424 0.991943
vt 0.650391 0.997803
vt 0.614502 0.983887
vt 0.617432 0.969971
vt 0.486573 0.994141
vt 0.519531 0.995117
vt 0.516113 0.989014
vt 0.555664 0.989258
vt 0.559571 0.996826
vt 0.186768 0.959961
vt 0.188477 0.929688
vt 0.179688 0.975586
vt 0.177002 0.962158
vt 0.255859 0.940674
vt 0.250488 0.925537
vt 0.249268 0.974609
vt 0.224365 0.882568
vt 0.218262 0.875244
vt 0.229248 0.937012
vt 0.218018 0.904053
vt 0.229981 0.881104
vt 0.316894 0.939453
vt 0.316894 0.979736
vt 0.321045 0.969483
vt 0.270996 0.967774
vt 0.269287 0.946533
vt 0.261231 0.988769
vt 0.262451 0.953858
vt 0.009277 0.000977
vt 0.001953 0.023926
vt 0.015137 0.033203
vt 0.023926 0.014404
vt 0.022217 0.046387
vt 0.030029 0.037109
vt 0.030517 0.009766
vt 0.809571 0.710693
vt 0.806396 0.710205
vt 0.803467 0.729736
vt 0.802490 0.711426
vt 0.795166 0.713379
vt 0.801758 0.689453
vt 0.806885 0.689453
vt 0.793457 0.666504
vt 0.801026 0.671387
vt 0.807861 0.668457
vt 0.812012 0.678222
vt 0.822266 0.690674
vt 0.819580 0.723144
vt 0.827149 0.706055
vt 0.829590 0.686524
vt 0.807861 0.647949
vt 0.814697 0.655029
vt 0.823486 0.664551
vt 0.826172 0.675049
vt 0.833740 0.669189
vt 0.837891 0.674072
vt 0.828613 0.656983
vt 0.823974 0.640869
vt 0.833496 0.649658
vt 0.835449 0.630859
vt 0.831787 0.633789
vt 0.830566 0.614746
vt 0.814697 0.639892
vt 0.823731 0.616211
vt 0.817383 0.624024
vt 0.821289 0.597412
vt 0.826660 0.597656
vt 0.813721 0.603760
vt 0.822021 0.579590
vt 0.809571 0.617432
vt 0.831055 0.566406
vt 0.827149 0.557617
vt 0.820068 0.568115
vt 0.817871 0.580078
vt 0.815430 0.564209
vt 0.821533 0.552002
vt 0.813721 0.583740
vt 0.807129 0.559814
vt 0.806885 0.595703
vt 0.804688 0.579102
vt 0.802490 0.562744
vt 0.799316 0.564453
vt 0.801514 0.587891
vt 0.804443 0.606446
vt 0.807129 0.626221
vt 0.798096 0.608154
vt 0.801026 0.636231
vt 0.796142 0.590332
vt 0.794922 0.574707
vt 0.798340 0.552246
vt 0.788330 0.575928
vt 0.791504 0.598633
vt 0.792724 0.633057
vt 0.781006 0.573974
vt 0.780274 0.559571
vt 0.785889 0.624267
vt 0.778076 0.600586
vt 0.772461 0.598877
vt 0.771484 0.570068
vt 0.778076 0.630127
vt 0.785401 0.650391
vt 0.766113 0.589356
vt 0.763916 0.561767
vt 0.760498 0.569336
vt 0.785156 0.684571
vt 0.789307 0.721680
vt 0.778321 0.652588
vt 0.774170 0.676758
vt 0.775146 0.710938
vt 0.768799 0.636231
vt 0.765869 0.679443
vt 0.767578 0.714844
vt 0.754394 0.645019
vt 0.760254 0.630859
vt 0.754151 0.603271
vt 0.742920 0.637451
vt 0.744629 0.586426
vt 0.747314 0.577392
vt 0.725097 0.586914
vt 0.103271 0.012207
vt 0.094971 0.009033
vt 0.076172 0.034912
vt 0.087402 0.001221
vt 0.075196 0.043213
vt 0.318359 0.894776
vt 0.318359 0.832519
vt 0.311524 0.859131
vt 0.104981 0.350098
vt 0.082519 0.360108
vt 0.083740 0.367920
vt 0.036865 0.376221
vt 0.062256 0.356689
vt 0.086426 0.356689
vt 0.083984 0.353760
vt 0.053467 0.349854
vt 0.051758 0.379883
vt 0.018066 0.387207
vt 0.059326 0.388184
vt 0.093506 0.375733
vt 0.083496 0.384521
vt 0.069824 0.391113
vt 0.103760 0.374512
vt 0.087158 0.391602
vt 0.706055 0.959717
vt 0.744629 0.961182
vt 0.769531 0.947998
vt 0.783447 0.960693
vt 0.819824 0.949463
vt 0.620849 0.328125
vt 0.625000 0.334961
vt 0.621826 0.305664
vt 0.610596 0.278809
vt 0.612549 0.252686
vt 0.607666 0.240479
vt 0.608642 0.215576
vt 0.617188 0.201660
vt 0.602051 0.206543
vt 0.613526 0.188477
vt 0.624267 0.158936
vt 0.618164 0.159180
vt 0.627930 0.139404
vt 0.613281 0.168701
vt 0.620606 0.134521
vt 0.616455 0.140137
vt 0.593994 0.189453
vt 0.610352 0.143066
vt 0.600586 0.154297
vt 0.588135 0.177979
vt 0.589356 0.169678
vt 0.570068 0.180664
vt 0.575684 0.176758
vt 0.558838 0.177979
vt 0.841797 0.980224
vt 0.897949 0.995849
vt 0.879639 0.982178
vt 0.927246 0.999512
vt 0.885010 0.997314
vt 0.779297 0.992432
vt 0.812012 0.992188
vt 0.808349 0.984863
vt 0.791504 0.999267
vt 0.823242 0.997559
vt 0.849121 1.000000
vt 0.864258 0.996094
vt 0.371094 0.991211
vt 0.410644 0.997559
vt 0.407227 0.990479
vt 0.365479 0.996094
vt 0.344971 0.991699
vt 0.352295 0.997071
vt 0.430908 0.007080
vt 0.455078 0.001953
vt 0.386963 0.000000
vt 0.400146 0.009033
vt 0.323486 0.910889
vt 0.333740 0.938965
vt 0.324951 0.881347
vt 0.334473 0.901367
vt 0.448242 0.373779
vt 0.540283 0.337646
vt 0.455566 0.346680
vt 0.540283 0.351562
vt 0.489258 0.385010
vt 0.538086 0.328613
vt 0.473633 0.322266
vt 0.546387 0.349365
vt 0.544678 0.328125
vt 0.536865 0.310791
vt 0.461914 0.302246
vt 0.542969 0.306885
vt 0.537597 0.293946
vt 0.445557 0.274170
vt 0.538330 0.279541
vt 0.489014 0.251953
vt 0.543213 0.289307
vt 0.551269 0.318604
vt 0.555908 0.301758
vt 0.569336 0.320312
vt 0.568115 0.305664
vt 0.564941 0.289062
vt 0.545166 0.274414
vt 0.586182 0.302002
vt 0.579834 0.293946
vt 0.581543 0.286133
vt 0.599854 0.318359
vt 0.599365 0.337646
vt 0.582276 0.351074
vt 0.568847 0.341797
vt 0.575928 0.368896
vt 0.601074 0.374267
vt 0.558106 0.359131
vt 0.586182 0.376221
vt 0.585693 0.382080
vt 0.566406 0.378174
vt 0.551514 0.371094
vt 0.543701 0.366211
vt 0.547852 0.377198
vt 0.555664 0.385986
vt 0.501953 0.398682
vt 0.470215 0.420899
vt 0.549561 0.387207
vt 0.572754 0.397705
vt 0.517090 0.405517
vt 0.492432 0.428955
vt 0.498291 0.433838
vt 0.556885 0.394531
vt 0.551758 0.396973
vt 0.523926 0.419677
vt 0.506347 0.440674
vt 0.557129 0.409424
vt 0.561524 0.405029
vt 0.531494 0.451416
vt 0.504151 0.455566
vt 0.560547 0.416992
vt 0.564697 0.417481
vt 0.574951 0.416016
vt 0.586670 0.408936
vt 0.584961 0.421387
vt 0.603760 0.427002
vt 0.581299 0.393311
vt 0.598144 0.409668
vt 0.603271 0.400391
vt 0.490479 0.244141
vt 0.466552 0.223389
vt 0.541504 0.267334
vt 0.542236 0.260986
vt 0.489746 0.231689
vt 0.549072 0.259277
vt 0.546631 0.245361
vt 0.485840 0.218018
vt 0.548096 0.234375
vt 0.553222 0.236816
vt 0.548096 0.223633
vt 0.475830 0.192139
vt 0.500244 0.190674
vt 0.551269 0.217285
vt 0.518066 0.175049
vt 0.492920 0.150635
vt 0.554199 0.208984
vt 0.556641 0.200196
vt 0.558106 0.210205
vt 0.562256 0.198731
vt 0.571045 0.205078
vt 0.573974 0.189941
vt 0.583252 0.194092
vt 0.581787 0.201660
vt 0.592774 0.201416
vt 0.579590 0.212891
vt 0.585449 0.215576
vt 0.568604 0.216309
vt 0.573731 0.221436
vt 0.555908 0.227295
vt 0.580811 0.224121
vt 0.584961 0.230957
vt 0.559326 0.237793
vt 0.574707 0.231934
vt 0.570801 0.245117
vt 0.590332 0.239990
vt 0.556885 0.249268
vt 0.585938 0.248779
vt 0.563965 0.261231
vt 0.577149 0.257080
vt 0.585205 0.261231
vt 0.559082 0.275635
vt 0.569824 0.277344
vt 0.583740 0.273926
vt 0.594727 0.264892
vt 0.602051 0.284424
vt 0.881836 0.516602
vt 0.900879 0.520996
vt 0.877686 0.496094
vt 0.899170 0.527344
vt 0.909180 0.528564
vt 0.908203 0.533447
vt 0.894287 0.525391
vt 0.898926 0.528076
vt 0.895996 0.534424
vt 0.905517 0.540283
vt 0.924316 0.537597
vt 0.911377 0.543701
vt 0.936279 0.551758
vt 0.937988 0.542481
vt 0.925293 0.524658
vt 0.976318 0.518066
vt 0.932373 0.517578
vt 0.983887 0.512207
vt 0.988037 0.543946
vt 0.950439 0.563477
vt 0.927246 0.562988
vt 0.919678 0.563233
vt 0.906983 0.552734
vt 0.934326 0.572021
vt 0.918946 0.569092
vt 0.898682 0.571045
vt 0.926758 0.577881
vt 0.906250 0.604981
vt 0.892334 0.581543
vt 0.934082 0.590821
vt 0.937256 0.578125
vt 0.941651 0.588379
vt 0.939697 0.604981
vt 0.943847 0.598633
vt 0.951416 0.595703
vt 0.947510 0.576660
vt 0.958740 0.604248
vt 0.672363 0.324219
vt 0.649658 0.339356
vt 0.671631 0.353027
vt 0.660401 0.357422
vt 0.649658 0.347901
vt 0.674805 0.370117
vt 0.657471 0.362793
vt 0.666260 0.376221
vt 0.652832 0.366455
vt 0.655029 0.375488
vt 0.675049 0.394531
vt 0.683838 0.382080
vt 0.665039 0.398438
vt 0.682617 0.412354
vt 0.694336 0.400879
vt 0.659424 0.404785
vt 0.672608 0.421631
vt 0.690430 0.428711
vt 0.652099 0.401123
vt 0.625000 0.426269
vt 0.697021 0.419922
vt 0.706055 0.407715
vt 0.638916 0.425049
vt 0.667481 0.419922
vt 0.609619 0.448242
vt 0.595215 0.446533
vt 0.649170 0.429443
vt 0.673340 0.437012
vt 0.663818 0.439209
vt 0.653321 0.455078
vt 0.615722 0.493896
vt 0.679443 0.444092
vt 0.665039 0.454346
vt 0.643311 0.479492
vt 0.654541 0.468017
vt 0.633545 0.497314
vt 0.619141 0.515625
vt 0.651123 0.479736
vt 0.643799 0.494629
vt 0.661621 0.483154
vt 0.668213 0.467529
vt 0.679688 0.460449
vt 0.671631 0.485596
vt 0.687500 0.450927
vt 0.691651 0.442383
vt 0.695312 0.449951
vt 0.695801 0.437012
vt 0.656250 0.497314
vt 0.704102 0.435791
vt 0.704590 0.430176
vt 0.644287 0.500733
vt 0.626953 0.522705
vt 0.635498 0.526856
vt 0.628174 0.536377
vt 0.610596 0.534424
vt 0.619873 0.539307
vt 0.624024 0.546387
vt 0.645264 0.536377
vt 0.664795 0.509033
vt 0.696289 0.509521
vt 0.726562 0.480469
vt 0.730713 0.510498
vt 0.733642 0.503906
vt 0.739502 0.486816
vt 0.741211 0.456787
vt 0.734619 0.447510
vt 0.720459 0.453858
vt 0.719971 0.441406
vt 0.728516 0.438721
vt 0.712646 0.438721
vt 0.720459 0.435302
vt 0.729492 0.430908
vt 0.736572 0.435302
vt 0.727295 0.425049
vt 0.739990 0.427490
vt 0.736816 0.416748
vt 0.742432 0.419677
vt 0.713135 0.421875
vt 0.718017 0.412354
vt 0.627197 0.797119
vt 0.642578 0.803711
vt 0.645508 0.783203
vt 0.625733 0.812744
vt 0.643555 0.825684
vt 0.621826 0.777832
vt 0.636963 0.765869
vt 0.610596 0.789307
vt 0.613769 0.777344
vt 0.627686 0.759766
vt 0.615479 0.808106
vt 0.603516 0.804443
vt 0.639404 0.829102
vt 0.610840 0.814941
vt 0.602295 0.809814
vt 0.602051 0.816162
vt 0.594483 0.810791
vt 0.626953 0.820312
vt 0.605224 0.839111
vt 0.582764 0.821533
vt 0.587891 0.808594
vt 0.588867 0.828125
vt 0.595215 0.835938
vt 0.566406 0.836182
vt 0.564209 0.843994
vt 0.583984 0.860352
vt 0.592285 0.874024
vt 0.540039 0.867432
vt 0.606934 0.874756
vt 0.536133 0.857666
vt 0.549805 0.847168
vt 0.539062 0.852051
vt 0.532959 0.855469
vt 0.535889 0.850342
vt 0.618653 0.843262
vt 0.620361 0.859375
vt 0.613526 0.881592
vt 0.621094 0.868896
vt 0.624267 0.871582
vt 0.624512 0.851318
vt 0.631592 0.855469
vt 0.633545 0.829102
vt 0.637451 0.842041
vt 0.637451 0.848389
vt 0.648438 0.829102
vt 0.642334 0.827392
vt 0.654297 0.833008
vt 0.650146 0.836426
vt 0.647461 0.840088
vt 0.639649 0.837158
vt 0.655274 0.840821
vt 0.670166 0.839599
vt 0.086426 0.587403
vt 0.082519 0.614746
vt 0.091797 0.596924
vt 0.093262 0.613526
vt 0.076660 0.601562
vt 0.077637 0.584717
vt 0.078125 0.626465
vt 0.069336 0.601318
vt 0.069092 0.652832
vt 0.070557 0.614502
vt 0.068848 0.631104
vt 0.068115 0.641113
vt 0.050781 0.647461
vt 0.054443 0.631836
vt 0.048828 0.625733
vt 0.042236 0.635254
vt 0.036621 0.619141
vt 0.043213 0.598877
vt 0.074951 0.571533
vt 0.046387 0.570068
vt 0.039551 0.642090
vt 0.045410 0.655762
vt 0.056153 0.665771
vt 0.037109 0.650146
vt 0.029052 0.647461
vt 0.032959 0.657959
vt 0.020019 0.610352
vt 0.040771 0.665283
vt 0.048340 0.680664
vt 0.037354 0.673828
vt 0.066162 0.694092
vt 0.029541 0.703613
vt 0.114990 0.653564
vt 0.067627 0.716309
vt 0.086670 0.749024
vt 0.133057 0.684571
vt 0.033691 0.692139
vt 0.018066 0.700196
vt 0.038086 0.680176
vt 0.026856 0.687744
vt 0.137451 0.648682
vt 0.141357 0.649170
vt 0.143066 0.643311
vt 0.121094 0.642578
vt 0.129883 0.613281
vt 0.966797 0.191894
vt 0.956055 0.188721
vt 0.957519 0.204346
vt 0.963867 0.187256
vt 0.938721 0.192871
vt 0.901611 0.150879
vt 0.906738 0.140381
vt 0.945068 0.205566
vt 0.907715 0.164795
vt 0.937744 0.197510
vt 0.921142 0.202881
vt 0.934082 0.204102
vt 0.934082 0.216064
vt 0.936767 0.220459
vt 0.940186 0.225342
vt 0.927979 0.213867
vt 0.922119 0.227539
vt 0.922608 0.211670
vt 0.915528 0.217529
vt 0.911133 0.210693
vt 0.940674 0.235352
vt 0.946778 0.229004
vt 0.950196 0.240234
vt 0.893555 0.288818
vt 0.945312 0.273193
vt 0.902832 0.234375
vt 0.886474 0.198974
vt 0.867920 0.197266
vt 0.892578 0.215088
vt 0.881836 0.211670
vt 0.863281 0.207276
vt 0.896729 0.222656
vt 0.883057 0.226562
vt 0.867676 0.222656
vt 0.861816 0.224854
vt 0.732178 0.115479
vt 0.725830 0.121826
vt 0.742432 0.122071
vt 0.713867 0.113037
vt 0.719727 0.125977
vt 0.710205 0.126709
vt 0.725097 0.109863
vt 0.737061 0.109375
vt 0.703369 0.114990
vt 0.718994 0.100342
vt 0.740967 0.101807
vt 0.729004 0.092774
vt 0.740479 0.095703
vt 0.715821 0.104736
vt 0.707276 0.095703
vt 0.726074 0.085449
vt 0.705322 0.104004
vt 0.697266 0.103760
vt 0.718506 0.083984
vt 0.702392 0.117920
vt 0.704346 0.128906
vt 0.699219 0.127686
vt 0.691162 0.121094
vt 0.692139 0.127197
vt 0.694580 0.136719
vt 0.685547 0.136963
vt 0.681885 0.144043
vt 0.678467 0.135742
vt 0.688233 0.144287
vt 0.694580 0.148193
vt 0.685547 0.149414
vt 0.674561 0.163330
vt 0.669678 0.154297
vt 0.670410 0.160644
vt 0.665528 0.153564
vt 0.665039 0.164307
vt 0.670654 0.170654
vt 0.663330 0.167236
vt 0.670654 0.143799
vt 0.656738 0.160156
vt 0.663818 0.150879
vt 0.666260 0.140625
vt 0.649658 0.162842
vt 0.650879 0.168946
vt 0.659912 0.170166
vt 0.661865 0.176269
vt 0.651367 0.175049
vt 0.647461 0.174316
vt 0.646484 0.187500
vt 0.641602 0.191894
vt 0.637939 0.186279
vt 0.643555 0.154053
vt 0.661133 0.132568
vt 0.638428 0.140381
vt 0.678222 0.126465
vt 0.685547 0.112061
vt 0.652588 0.116455
vt 0.627930 0.130615
vt 0.616455 0.120849
vt 0.630615 0.105713
vt 0.694580 0.109131
vt 0.689209 0.101807
vt 0.698486 0.095459
vt 0.685547 0.096680
vt 0.645508 0.106446
vt 0.625733 0.095948
vt 0.710449 0.086426
vt 0.645264 0.092774
vt 0.637939 0.083008
vt 0.655029 0.099854
vt 0.659424 0.093994
vt 0.660644 0.105224
vt 0.672608 0.107177
vt 0.626221 0.072510
vt 0.624267 0.075439
vt 0.656006 0.066162
vt 0.618653 0.063232
vt 0.681641 0.088135
vt 0.688233 0.086426
vt 0.668457 0.076904
vt 0.694336 0.076660
vt 0.677734 0.072754
vt 0.682861 0.062012
vt 0.699707 0.074463
vt 0.674561 0.065674
vt 0.660644 0.069336
vt 0.669678 0.061035
vt 0.661621 0.064209
vt 0.666016 0.054932
vt 0.676514 0.049316
vt 0.688233 0.060059
vt 0.651611 0.055908
vt 0.669189 0.037597
vt 0.642090 0.042969
vt 0.631592 0.031738
vt 0.657715 0.045899
vt 0.652099 0.041260
vt 0.655762 0.032227
vt 0.636719 0.025635
vt 0.626709 0.020019
vt 0.646484 0.032715
vt 0.645019 0.012451
vt 0.630615 0.004639
vt 0.658203 0.022705
vt 0.645752 0.000488
vt 0.676514 0.027099
vt 0.685791 0.052246
vt 0.718017 0.054932
vt 0.728028 0.082519
vt 0.723877 0.079102
vt 0.721191 0.070557
vt 0.727051 0.070557
vt 0.722901 0.056396
vt 0.723633 0.024414
vt 0.718017 0.021240
vt 0.686035 0.000732
vt 0.722412 0.017823
vt 0.730957 0.012696
vt 0.733887 0.000000
vt 0.342041 0.648193
vt 0.350830 0.651611
vt 0.353516 0.643311
vt 0.387451 0.632568
vt 0.378906 0.682617
vt 0.348877 0.637207
vt 0.355224 0.617920
vt 0.335938 0.642090
vt 0.327637 0.645508
vt 0.329834 0.651367
vt 0.327637 0.638672
vt 0.336182 0.631592
vt 0.333984 0.625733
vt 0.344971 0.620606
vt 0.335449 0.617920
vt 0.328858 0.615234
vt 0.309571 0.599365
vt 0.334473 0.604736
vt 0.348389 0.602783
vt 0.326660 0.601562
vt 0.327149 0.566651
vt 0.313477 0.537597
vt 0.334961 0.592529
vt 0.339599 0.578613
vt 0.348877 0.563233
vt 0.349365 0.546875
vt 0.361816 0.568115
vt 0.361816 0.581543
vt 0.389892 0.562012
vt 0.357666 0.597168
vt 0.405517 0.618164
vt 0.409180 0.637696
vt 0.437744 0.630127
vt 0.448974 0.621094
vt 0.399902 0.659180
vt 0.392578 0.670410
vt 0.431396 0.644531
vt 0.472168 0.627686
vt 0.444824 0.652344
vt 0.398193 0.682373
vt 0.566894 0.830078
vt 0.572510 0.820068
vt 0.560303 0.828125
vt 0.555908 0.833008
vt 0.555176 0.827637
vt 0.552246 0.838135
vt 0.543946 0.828369
vt 0.546142 0.838379
vt 0.547363 0.843506
vt 0.535156 0.843750
vt 0.532959 0.835938
vt 0.529297 0.848144
vt 0.518799 0.842774
vt 0.523438 0.852051
vt 0.527832 0.851562
vt 0.521240 0.855469
vt 0.522949 0.858642
vt 0.851807 0.188965
vt 0.835449 0.202393
vt 0.842285 0.233154
vt 0.830566 0.199951
vt 0.801514 0.211182
vt 0.804199 0.232910
vt 0.781494 0.236328
vt 0.815674 0.247559
vt 0.841553 0.260986
vt 0.878906 0.235596
vt 0.809326 0.270264
vt 0.763184 0.277588
vt 0.853760 0.256592
vt 0.778321 0.281006
vt 0.822266 0.300781
vt 0.780762 0.305176
vt 0.850830 0.291260
vt 0.871826 0.264649
vt 0.874267 0.296875
vt 0.842041 0.321289
vt 0.882324 0.322021
vt 0.784424 0.343994
vt 0.872314 0.333984
vt 0.821533 0.358642
vt 0.803711 0.365479
vt 0.814941 0.369873
vt 0.821778 0.378662
vt 0.814453 0.380615
vt 0.822510 0.369629
vt 0.836182 0.373535
vt 0.832031 0.361816
vt 0.833984 0.351318
vt 0.845703 0.355713
vt 0.854004 0.363281
vt 0.846680 0.344971
vt 0.857178 0.348144
vt 0.862061 0.357910
vt 0.855224 0.341064
vt 0.864258 0.344971
vt 0.873047 0.352539
vt 0.873535 0.341552
vt 0.878662 0.340576
vt 0.881836 0.348877
vt 0.036133 0.602051
vt 0.028321 0.600342
vt 0.036377 0.580811
vt 0.026367 0.570068
vt 0.021729 0.567627
vt 0.034424 0.562012
vt 0.036133 0.557861
vt 0.037354 0.552002
vt 0.852051 0.438721
vt 0.839844 0.467285
vt 0.854492 0.442383
vt 0.852295 0.450684
vt 0.843994 0.436767
vt 0.829346 0.459961
vt 0.849854 0.465821
vt 0.854736 0.456055
vt 0.811767 0.488769
vt 0.816406 0.468750
vt 0.842285 0.475098
vt 0.805664 0.488281
vt 0.790039 0.478271
vt 0.777344 0.506592
vt 0.777099 0.518555
vt 0.793701 0.523193
vt 0.823486 0.490234
vt 0.822021 0.499512
vt 0.788330 0.546631
vt 0.841553 0.546631
vt 0.852051 0.479248
vt 0.870849 0.503906
vt 0.849121 0.492920
vt 0.859375 0.498535
vt 0.865722 0.514649
vt 0.882324 0.537354
vt 0.856446 0.517090
vt 0.874756 0.548828
vt 0.863769 0.533447
vt 0.865967 0.546631
vt 0.854981 0.556885
vt 0.840088 0.562744
vt 0.859131 0.577881
vt 0.860352 0.557861
vt 0.874512 0.554443
vt 0.860108 0.568115
vt 0.868653 0.561279
vt 0.865479 0.572998
vt 0.869629 0.580322
vt 0.868164 0.566406
vt 0.871582 0.567383
vt 0.875244 0.574707
vt 0.881836 0.600830
vt 0.918701 0.829590
vt 0.926269 0.834961
vt 0.920899 0.826416
vt 0.927490 0.820557
vt 0.938477 0.841553
vt 0.924316 0.840576
vt 0.918213 0.838623
vt 0.934814 0.848389
vt 0.927246 0.850097
vt 0.936767 0.852295
vt 0.949951 0.814697
vt 0.946778 0.851807
vt 0.940186 0.856446
vt 0.933349 0.860108
vt 0.938965 0.867676
vt 0.941894 0.858154
vt 0.943115 0.867432
vt 0.947754 0.858642
vt 0.949463 0.863281
vt 0.945068 0.873047
vt 0.958496 0.862305
vt 0.956299 0.867920
vt 0.953613 0.879151
vt 0.992188 0.850097
vt 0.975342 0.828613
vt 0.958984 0.808349
vt 0.992920 0.808594
vt 0.967041 0.792236
vt 0.974609 0.867188
vt 0.989502 0.864502
vt 0.970703 0.876709
vt 0.979004 0.878662
vt 0.965821 0.883057
vt 0.972656 0.885498
vt 0.213623 0.943847
vt 0.207031 0.943847
vt 0.207519 0.957031
vt 0.989746 0.735352
vt 1.000000 0.705566
vt 0.990479 0.696045
vt 0.998779 0.743164
vt 0.994629 0.761474
vt 0.967529 0.753174
vt 0.955322 0.738037
vt 0.955811 0.716064
vt 0.197754 0.164062
vt 0.191406 0.160889
vt 0.192627 0.168213
vt 0.195068 0.178955
vt 0.190186 0.170654
vt 0.204346 0.153809
vt 0.208008 0.162109
vt 0.194092 0.216064
vt 0.212891 0.152588
vt 0.234619 0.190430
vt 0.208984 0.146729
vt 0.198974 0.148438
vt 0.208740 0.143555
vt 0.216309 0.149170
vt 0.215332 0.143311
vt 0.212158 0.135010
vt 0.221924 0.138428
vt 0.215576 0.129883
vt 0.221680 0.128418
vt 0.240967 0.138428
vt 0.230957 0.133057
vt 0.233154 0.125977
vt 0.240967 0.132324
vt 0.258057 0.134033
vt 0.257324 0.122802
vt 0.270752 0.120361
vt 0.265625 0.156250
vt 0.275879 0.128174
vt 0.287109 0.126953
vt 0.282715 0.116455
vt 0.302979 0.121582
vt 0.296387 0.160889
vt 0.278809 0.187500
vt 0.322754 0.199707
vt 0.249268 0.200439
vt 0.271973 0.229004
vt 0.312256 0.224365
vt 0.253418 0.231934
vt 0.240234 0.217774
vt 0.207276 0.226807
vt 0.214111 0.238769
vt 0.252441 0.245606
vt 0.222412 0.250488
vt 0.312988 0.234375
vt 0.339111 0.216553
vt 0.222412 0.254394
vt 0.207519 0.260254
vt 0.290039 0.248047
vt 0.330323 0.246582
vt 0.306641 0.256104
vt 0.268311 0.254639
vt 0.261963 0.281250
vt 0.328858 0.297363
vt 0.218994 0.261231
vt 0.211182 0.265137
vt 0.225342 0.261719
vt 0.217774 0.266602
vt 0.294677 0.313965
vt 0.214356 0.280517
vt 0.199951 0.272217
vt 0.229981 0.286865
vt 0.207276 0.280762
vt 0.250244 0.286133
vt 0.263916 0.302002
vt 0.277344 0.317139
vt 0.284424 0.326660
vt 0.288574 0.333008
vt 0.280029 0.337646
vt 0.272705 0.324219
vt 0.275635 0.332764
vt 0.270752 0.317139
vt 0.276611 0.328858
vt 0.278076 0.342529
vt 0.250733 0.310302
vt 0.269776 0.328613
vt 0.263916 0.323486
vt 0.262451 0.319580
vt 0.255615 0.332276
vt 0.272217 0.349121
vt 0.277099 0.348877
vt 0.269776 0.360352
vt 0.240967 0.318848
vt 0.252686 0.338867
vt 0.257812 0.347656
vt 0.244873 0.345215
vt 0.261231 0.356446
vt 0.240479 0.339111
vt 0.243652 0.353027
vt 0.253174 0.361328
vt 0.237061 0.347901
vt 0.265869 0.367676
vt 0.278321 0.369873
vt 0.218994 0.360840
vt 0.226807 0.353271
vt 0.228760 0.343262
vt 0.223633 0.335693
vt 0.221436 0.344727
vt 0.208008 0.350342
vt 0.201172 0.363769
vt 0.206787 0.369385
vt 0.212891 0.342529
vt 0.201660 0.340576
vt 0.196533 0.348633
vt 0.198486 0.328369
vt 0.232178 0.309571
vt 0.209961 0.296631
vt 0.231689 0.305176
vt 0.243408 0.298828
vt 0.220703 0.292969
vt 0.211426 0.291260
vt 0.202637 0.289795
vt 0.206543 0.287598
vt 0.404541 0.129151
vt 0.401367 0.113526
vt 0.397461 0.128662
vt 0.429688 0.132568
vt 0.392823 0.115723
vt 0.382568 0.109863
vt 0.423584 0.090821
vt 0.397217 0.103027
vt 0.446289 0.097656
vt 0.436035 0.146240
vt 0.472656 0.104736
vt 0.437988 0.070312
vt 0.469483 0.065918
vt 0.470948 0.075196
vt 0.477539 0.071045
vt 0.478027 0.092529
vt 0.479736 0.132324
vt 0.487061 0.128418
vt 0.485840 0.083252
vt 0.477295 0.046875
vt 0.487793 0.056885
vt 0.490967 0.100098
vt 0.493408 0.135986
vt 0.507080 0.098633
vt 0.501953 0.040528
vt 0.515137 0.162842
vt 0.523438 0.105469
vt 0.545654 0.055908
vt 0.555420 0.133057
vt 0.551514 0.152099
vt 0.553711 0.101074
vt 0.566894 0.077149
vt 0.566651 0.048584
vt 0.566651 0.123047
vt 0.573731 0.058349
vt 0.564697 0.146484
vt 0.566651 0.153321
vt 0.564209 0.135498
vt 0.574707 0.137696
vt 0.575196 0.147705
vt 0.574707 0.156494
vt 0.568115 0.167969
vt 0.583740 0.149170
vt 0.582764 0.161621
vt 0.575684 0.168457
vt 0.581787 0.136474
vt 0.573974 0.124024
vt 0.582031 0.124024
vt 0.574219 0.114258
vt 0.590576 0.123047
vt 0.586670 0.117676
vt 0.586182 0.109863
vt 0.586914 0.095948
vt 0.591797 0.092529
vt 0.583008 0.094727
vt 0.566406 0.102783
vt 0.574219 0.104493
vt 0.573486 0.091064
vt 0.574463 0.080078
vt 0.585938 0.086914
vt 0.591553 0.081055
vt 0.584229 0.081543
vt 0.584961 0.067383
vt 0.591309 0.064453
vt 0.604004 0.074219
vt 0.583008 0.061524
vt 0.591553 0.056885
vt 0.590332 0.048828
vt 0.582031 0.054199
vt 0.580078 0.058349
vt 0.576904 0.052002
vt 0.733642 0.902344
vt 0.744385 0.906983
vt 0.753662 0.898438
vt 0.731201 0.927490
vt 0.704590 0.940430
vt 0.730469 0.949219
vt 0.698242 0.863037
vt 0.663818 0.927734
vt 0.700439 0.957764
vt 0.664551 0.885254
vt 0.659180 0.899414
vt 0.655762 0.871826
vt 0.644531 0.939941
vt 0.630371 0.958252
vt 0.646729 0.913818
vt 0.630615 0.875977
vt 0.071777 0.882812
vt 0.078125 0.897705
vt 0.084229 0.890869
vt 0.072021 0.895996
vt 0.071777 0.924316
vt 0.087158 0.899170
vt 0.078369 0.923096
vt 0.099121 0.896484
vt 0.079346 0.878662
vt 0.088623 0.906738
vt 0.087891 0.917236
vt 0.079102 0.942139
vt 0.070801 0.942871
vt 0.066162 0.965332
vt 0.074951 0.960938
vt 0.092285 0.918457
vt 0.087402 0.929443
vt 0.096924 0.933594
vt 0.119873 0.930420
vt 0.121582 0.855957
vt 0.089599 0.937744
vt 0.148682 0.880371
vt 0.090821 0.949707
vt 0.101074 0.964844
vt 0.087402 0.942871
vt 0.081787 0.949219
vt 0.082276 0.958984
vt 0.150391 0.930176
vt 0.151611 0.964599
vt 0.182129 0.916016
vt 0.181641 0.890625
vt 0.182617 0.925537
vt 0.175781 0.944580
vt 0.391602 0.135498
vt 0.378662 0.119873
vt 0.372314 0.100830
vt 0.371582 0.132812
vt 0.336426 0.096924
vt 0.360840 0.162598
vt 0.339111 0.158691
vt 0.311524 0.081787
vt 0.364990 0.082031
vt 0.373291 0.083008
vt 0.367920 0.069092
vt 0.383057 0.084717
vt 0.388427 0.099854
vt 0.392823 0.088379
vt 0.396484 0.070068
vt 0.388916 0.071289
vt 0.379394 0.060547
vt 0.104004 0.844483
vt 0.095948 0.848389
vt 0.109375 0.844483
vt 0.114746 0.852539
vt 0.103271 0.858642
vt 0.086670 0.844727
vt 0.070801 0.858642
vt 0.071533 0.868164
vt 0.099854 0.866455
vt 0.047607 0.881592
vt 0.016358 0.879394
vt 0.053711 0.859131
vt 0.026367 0.863037
vt 0.068604 0.851074
vt 0.046631 0.854736
vt 0.012696 0.860840
vt 0.056641 0.850342
vt 0.076172 0.846191
vt 0.054932 0.823731
vt 0.007080 0.827881
vt 0.092529 0.822998
vt 0.110107 0.816162
vt 0.076904 0.810791
vt 0.112305 0.788574
vt 0.053711 0.797608
vt 0.012696 0.764649
vt 0.062744 0.772949
vt 0.096924 0.772705
vt 0.034424 0.758789
vt 0.085449 0.765137
vt 0.101562 0.757812
vt 0.092285 0.757080
vt 0.082031 0.753662
vt 0.076660 0.760498
vt 0.067383 0.755859
vt 0.065186 0.764649
vt 0.057861 0.754883
vt 0.054199 0.759521
vt 0.042481 0.747803
vt 0.027099 0.740967
vt 0.021484 0.734619
vt 0.033447 0.737549
vt 0.028076 0.736816
vt 0.201904 0.454590
vt 0.214599 0.457276
vt 0.209229 0.450684
vt 0.222656 0.454590
vt 0.208984 0.430176
vt 0.227051 0.426026
vt 0.265381 0.457031
vt 0.274658 0.404541
vt 0.248291 0.397461
vt 0.268799 0.378418
vt 0.243408 0.395264
vt 0.225830 0.413818
vt 0.208740 0.421875
vt 0.199951 0.455078
vt 0.235840 0.392090
vt 0.188965 0.406006
vt 0.087158 0.577637
vt 0.103027 0.573242
vt 0.092041 0.565918
vt 0.104493 0.555420
vt 0.095215 0.552979
vt 0.082764 0.562256
vt 0.107422 0.562500
vt 0.112793 0.566162
vt 0.108887 0.585205
vt 0.114990 0.585938
vt 0.114990 0.552490
vt 0.138916 0.558838
vt 0.131592 0.608154
vt 0.151123 0.597168
vt 0.112305 0.548096
vt 0.108887 0.544189
vt 0.115479 0.542969
vt 0.109863 0.528564
vt 0.115479 0.533203
vt 0.117676 0.537597
vt 0.122071 0.535644
vt 0.078369 0.532959
vt 0.099121 0.526367
vt 0.126709 0.528564
vt 0.132080 0.540771
vt 0.126221 0.517090
vt 0.103271 0.511963
vt 0.139160 0.507812
vt 0.149902 0.516358
vt 0.127930 0.521972
vt 0.136231 0.534424
vt 0.136231 0.524658
vt 0.154785 0.521972
vt 0.143066 0.528809
vt 0.172852 0.512451
vt 0.172607 0.506592
vt 0.156250 0.525635
vt 0.176758 0.514649
vt 0.180664 0.505371
vt 0.187256 0.511231
vt 0.182129 0.518066
vt 0.157715 0.529297
vt 0.186279 0.498047
vt 0.184326 0.518311
vt 0.185547 0.525391
vt 0.189941 0.516113
vt 0.182617 0.537842
vt 0.188965 0.530274
vt 0.193115 0.515869
vt 0.199951 0.512207
vt 0.167724 0.559082
vt 0.185791 0.550537
vt 0.192627 0.533691
vt 0.189453 0.549316
vt 0.198974 0.515625
vt 0.193848 0.554199
vt 0.183594 0.570312
vt 0.197021 0.534180
vt 0.207276 0.518066
vt 0.201172 0.545899
vt 0.187500 0.588135
vt 0.199219 0.569336
vt 0.196045 0.596924
vt 0.211426 0.588623
vt 0.178223 0.585205
vt 0.177002 0.599121
vt 0.172363 0.596924
vt 0.137696 0.543701
vt 0.123779 0.555664
vt 0.091309 0.468262
vt 0.083740 0.491943
vt 0.109375 0.495361
vt 0.097901 0.498047
vt 0.122802 0.498535
vt 0.134521 0.497559
vt 0.140869 0.479248
vt 0.151367 0.506592
vt 0.172363 0.499756
vt 0.104493 0.441406
vt 0.166260 0.448731
vt 0.187744 0.452149
vt 0.179932 0.434814
vt 0.133545 0.424073
vt 0.150879 0.423340
vt 0.167236 0.425293
vt 0.183349 0.428467
vt 0.176758 0.417969
vt 0.165039 0.417481
vt 0.170899 0.406494
vt 0.194336 0.418701
vt 0.152588 0.415527
vt 0.156494 0.408691
vt 0.142090 0.417969
vt 0.147461 0.409180
vt 0.138916 0.409668
vt 0.163330 0.405762
vt 0.132568 0.412598
vt 0.142578 0.400635
vt 0.148682 0.404297
vt 0.157471 0.399414
vt 0.167481 0.399170
vt 0.183594 0.407227
vt 0.160644 0.377198
vt 0.183106 0.390625
vt 0.113281 0.397949
vt 0.125000 0.402832
vt 0.107177 0.388184
vt 0.114746 0.343994
vt 0.166504 0.339356
vt 0.109131 0.395996
vt 0.094238 0.393799
vt 0.111084 0.406983
vt 0.101807 0.401367
vt 0.140625 0.319092
vt 0.099365 0.407471
vt 0.108399 0.320557
vt 0.160401 0.320312
vt 0.120118 0.407959
vt 0.120849 0.314209
vt 0.104248 0.315918
vt 0.148682 0.313477
vt 0.105469 0.303955
vt 0.166260 0.302979
vt 0.170166 0.297608
vt 0.163330 0.296631
vt 0.151611 0.297608
vt 0.170166 0.282715
vt 0.159668 0.275146
vt 0.127930 0.296875
vt 0.091797 0.294189
vt 0.142334 0.278321
vt 0.110107 0.109619
vt 0.104981 0.121582
vt 0.110107 0.119629
vt 0.100098 0.141113
vt 0.119873 0.114014
vt 0.128174 0.093994
vt 0.106201 0.099854
vt 0.118896 0.122559
vt 0.123291 0.143311
vt 0.132324 0.124024
vt 0.126221 0.135498
vt 0.117676 0.148682
vt 0.139404 0.138184
vt 0.124756 0.167236
vt 0.076172 0.137696
vt 0.080078 0.190430
vt 0.120118 0.193604
vt 0.146240 0.151611
vt 0.144531 0.157227
vt 0.147705 0.138428
vt 0.159912 0.151123
vt 0.162842 0.166992
vt 0.147217 0.119385
vt 0.171631 0.142334
vt 0.147949 0.091064
vt 0.112549 0.061035
vt 0.092041 0.258545
vt 0.130859 0.245117
vt 0.143799 0.255127
vt 0.156982 0.254151
vt 0.132812 0.223144
vt 0.176758 0.239014
vt 0.158447 0.207031
vt 0.172852 0.194824
vt 0.178955 0.170410
vt 0.170410 0.164307
vt 0.185547 0.160401
vt 0.172852 0.156738
vt 0.185791 0.156982
vt 0.194580 0.147217
vt 0.192383 0.124756
vt 0.199463 0.107666
vt 0.223144 0.109863
vt 0.179932 0.100830
vt 0.173828 0.070068
vt 0.160644 0.046875
vt 0.190674 0.076660
vt 0.212158 0.096680
vt 0.225830 0.084229
vt 0.202393 0.060547
vt 0.191894 0.058349
vt 0.190674 0.041504
vt 0.317139 0.026367
vt 0.293701 0.009277
vt 0.295166 0.038086
vt 0.495117 0.605224
vt 0.501221 0.582276
vt 0.487305 0.593017
vt 0.487793 0.565918
vt 0.451660 0.555176
vt 0.458984 0.611572
vt 0.472656 0.542724
vt 0.480224 0.543213
vt 0.485596 0.542969
vt 0.417969 0.582276
vt 0.408936 0.545410
vt 0.423584 0.614014
vt 0.408691 0.588379
vt 0.404052 0.576904
vt 0.504151 0.574219
vt 0.501953 0.545654
vt 0.523193 0.610596
vt 0.513428 0.566651
vt 0.526367 0.590821
vt 0.516602 0.555176
vt 0.502197 0.536377
vt 0.527588 0.583740
vt 0.548096 0.607666
vt 0.524170 0.543457
vt 0.559326 0.578125
vt 0.552490 0.535156
vt 0.547363 0.502441
vt 0.563721 0.513672
vt 0.566406 0.572998
vt 0.583252 0.591797
vt 0.571289 0.520752
vt 0.597656 0.585693
vt 0.572021 0.506347
vt 0.563965 0.544922
vt 0.580566 0.514160
vt 0.584717 0.495849
vt 0.589599 0.500488
vt 0.584717 0.567139
vt 0.594238 0.567627
vt 0.588867 0.540528
vt 0.576904 0.550049
vt 0.565918 0.537597
vt 0.590576 0.532715
vt 0.590332 0.518066
vt 0.592774 0.530029
vt 0.605957 0.529297
vt 0.606689 0.525391
vt 0.597901 0.526367
vt 0.594238 0.518555
vt 0.598877 0.513428
vt 0.595459 0.497314
vt 0.608887 0.478760
vt 0.601807 0.494141
vt 0.605957 0.486816
vt 0.608399 0.507812
vt 0.947021 0.506836
vt 0.961670 0.478027
vt 0.893799 0.502686
vt 0.099121 0.421631
vt 0.118408 0.423584
vt 0.108643 0.416260
vt 0.094971 0.415039
vt 0.117676 0.416504
vt 0.127930 0.417481
vt 0.124756 0.409424
vt 0.053711 0.124024
vt 0.021972 0.100098
vt 0.007324 0.160401
vt 0.003174 0.126465
vt 0.018311 0.096680
vt 0.000000 0.106446
vt 0.014404 0.094482
vt 0.014892 0.073974
vt 0.915771 0.753662
vt 0.950928 0.769531
vt 0.916992 0.739990
vt 0.949463 0.709961
vt 0.964844 0.702881
vt 0.955322 0.685303
vt 0.941894 0.691406
vt 0.927490 0.707031
vt 0.913818 0.683349
vt 0.935791 0.656738
vt 0.902344 0.690430
vt 0.903076 0.672363
vt 0.909668 0.709229
vt 0.904053 0.715576
vt 0.893799 0.689941
vt 0.893311 0.709961
vt 0.886474 0.709717
vt 0.895508 0.735108
vt 0.888672 0.721680
vt 0.881836 0.719727
vt 0.900146 0.745606
vt 0.894776 0.762939
vt 0.890625 0.743653
vt 0.884033 0.733887
vt 0.874756 0.720459
vt 0.885986 0.755615
vt 0.887451 0.767578
vt 0.884766 0.749512
vt 0.877441 0.737549
vt 0.877930 0.759033
vt 0.876953 0.765625
vt 0.879883 0.752686
vt 0.875488 0.759033
vt 0.873047 0.758545
vt 0.878174 0.748047
vt 0.875244 0.753906
vt 0.869141 0.756836
vt 0.873779 0.744385
vt 0.864258 0.739746
vt 0.871094 0.721191
vt 0.863769 0.721191
vt 0.860596 0.715332
vt 0.269287 0.610840
vt 0.259521 0.604492
vt 0.266846 0.613769
vt 0.272217 0.608399
vt 0.273438 0.613281
vt 0.285644 0.610596
vt 0.276856 0.605713
vt 0.268799 0.603760
vt 0.280517 0.593017
vt 0.290283 0.568359
vt 0.303223 0.564453
vt 0.264404 0.594971
vt 0.243164 0.609131
vt 0.275391 0.590088
vt 0.282227 0.582519
vt 0.280762 0.576416
vt 0.273438 0.580566
vt 0.280517 0.565674
vt 0.276856 0.571045
vt 0.271729 0.572510
vt 0.265625 0.580811
vt 0.240723 0.571778
vt 0.245117 0.563477
vt 0.229981 0.546631
vt 0.266602 0.564697
vt 0.275635 0.564453
vt 0.269287 0.563477
vt 0.274902 0.556641
vt 0.272461 0.556153
vt 0.264892 0.556153
vt 0.274414 0.549316
vt 0.263427 0.532715
vt 0.267334 0.545654
vt 0.258301 0.555176
vt 0.260254 0.549561
vt 0.255371 0.534912
vt 0.245849 0.528564
vt 0.256348 0.544678
vt 0.252686 0.549316
vt 0.245606 0.545899
vt 0.243408 0.538086
vt 0.236328 0.542481
vt 0.241943 0.531006
vt 0.227051 0.532227
vt 0.231201 0.529053
vt 0.233643 0.524903
vt 0.237793 0.523438
vt 0.224854 0.518311
vt 0.223633 0.514404
vt 0.216797 0.520508
vt 0.216553 0.527588
vt 0.215821 0.512451
vt 0.218994 0.510986
vt 0.210693 0.516113
vt 0.217285 0.496094
vt 0.208740 0.500977
vt 0.198974 0.501709
vt 0.212646 0.493896
vt 0.218262 0.488769
vt 0.214844 0.484131
vt 0.218994 0.481446
vt 0.220459 0.465821
vt 0.205566 0.491943
vt 0.212646 0.469483
vt 0.206055 0.482422
vt 0.206543 0.474609
vt 0.200928 0.481201
vt 0.205078 0.467285
vt 0.196777 0.468262
vt 0.194092 0.493164
vt 0.195312 0.484375
vt 0.188965 0.483399
vt 0.192139 0.479004
vt 0.190186 0.475098
vt 0.186524 0.466797
vt 0.194580 0.478027
vt 0.197021 0.475342
vt 0.522217 0.644043
vt 0.539551 0.609619
vt 0.501709 0.628174
vt 0.495849 0.656006
vt 0.488037 0.626709
vt 0.520508 0.649414
vt 0.504639 0.660401
vt 0.504394 0.665528
vt 0.486084 0.668457
vt 0.480957 0.661621
vt 0.472168 0.652344
vt 0.464599 0.662842
vt 0.463135 0.670899
vt 0.463867 0.674805
vt 0.491699 0.674072
vt 0.517334 0.670899
vt 0.503906 0.680908
vt 0.483642 0.698486
vt 0.460205 0.685059
vt 0.454834 0.678222
vt 0.454590 0.688721
vt 0.442383 0.681641
vt 0.465088 0.696533
vt 0.443604 0.687988
vt 0.436524 0.685059
vt 0.446777 0.699951
vt 0.452392 0.697998
vt 0.489502 0.724121
vt 0.500488 0.732422
vt 0.459229 0.701172
vt 0.467041 0.711182
vt 0.468750 0.724121
vt 0.472901 0.743164
vt 0.455811 0.714844
vt 0.453125 0.706299
vt 0.461914 0.726318
vt 0.465088 0.740722
vt 0.442871 0.708252
vt 0.458008 0.727051
vt 0.463867 0.744141
vt 0.456055 0.736084
vt 0.451172 0.709961
vt 0.448486 0.746094
vt 0.402099 0.708496
vt 0.408691 0.721191
vt 0.391846 0.695801
vt 0.116699 0.745849
vt 0.122559 0.761474
vt 0.136719 0.732666
vt 0.167724 0.729736
vt 0.138672 0.685791
vt 0.151611 0.675293
vt 0.184082 0.699463
vt 0.159912 0.669189
vt 0.171143 0.758545
vt 0.189941 0.735108
vt 0.185059 0.673828
vt 0.174072 0.657715
vt 0.191406 0.720703
vt 0.197266 0.740479
vt 0.198974 0.739258
vt 0.189209 0.693115
vt 0.194824 0.709717
vt 0.206543 0.732910
vt 0.207519 0.746826
vt 0.212402 0.738037
vt 0.184326 0.653809
vt 0.180420 0.651611
vt 0.188965 0.667724
vt 0.198974 0.677734
vt 0.188232 0.652832
vt 0.196289 0.652099
vt 0.189941 0.648682
vt 0.175781 0.634278
vt 0.200439 0.646729
vt 0.184814 0.635498
vt 0.179199 0.625977
vt 0.173584 0.627441
vt 0.170654 0.619629
vt 0.190430 0.636231
vt 0.184082 0.621826
vt 0.176758 0.614746
vt 0.169678 0.602295
vt 0.184326 0.607666
vt 0.177979 0.604981
vt 0.192383 0.625733
vt 0.186279 0.606934
vt 0.194336 0.612793
vt 0.193848 0.634521
vt 0.200684 0.627441
vt 0.207519 0.639160
vt 0.205078 0.645996
vt 0.208740 0.642578
vt 0.202637 0.650146
vt 0.208252 0.653076
vt 0.203857 0.661621
vt 0.223633 0.656250
vt 0.225098 0.652344
vt 0.212891 0.641113
vt 0.226562 0.642578
vt 0.239014 0.648926
vt 0.209961 0.660401
vt 0.219727 0.662842
vt 0.228271 0.659180
vt 0.246094 0.657959
vt 0.260986 0.653809
vt 0.260742 0.642334
vt 0.280517 0.649414
vt 0.307617 0.647949
vt 0.297852 0.640137
vt 0.294922 0.662109
vt 0.320068 0.648926
vt 0.319824 0.684814
vt 0.309326 0.708740
vt 0.285156 0.673584
vt 0.268066 0.670166
vt 0.287354 0.695068
vt 0.303467 0.708740
vt 0.249756 0.665528
vt 0.273438 0.686035
vt 0.290283 0.700684
vt 0.285156 0.697021
vt 0.293946 0.709717
vt 0.314453 0.714356
vt 0.250488 0.673340
vt 0.269043 0.689697
vt 0.288574 0.710205
vt 0.295410 0.728760
vt 0.285401 0.725342
vt 0.284912 0.703858
vt 0.275146 0.703858
vt 0.262939 0.707764
vt 0.274414 0.734619
vt 0.257324 0.689697
vt 0.257080 0.722656
vt 0.267334 0.739014
vt 0.248047 0.729492
vt 0.256348 0.707031
vt 0.235840 0.716797
vt 0.250488 0.702149
vt 0.253906 0.683106
vt 0.237793 0.685791
vt 0.240234 0.672608
vt 0.240723 0.679199
vt 0.224121 0.666016
vt 0.239746 0.701416
vt 0.229736 0.677490
vt 0.230469 0.699219
vt 0.221436 0.672608
vt 0.216797 0.666260
vt 0.218750 0.669434
vt 0.218018 0.679688
vt 0.215332 0.676514
vt 0.211426 0.677979
vt 0.211182 0.688965
vt 0.204834 0.674561
vt 0.207276 0.683838
vt 0.205566 0.691651
vt 0.211914 0.700439
vt 0.228271 0.709472
vt 0.210693 0.715576
vt 0.201660 0.708496
vt 0.210693 0.722656
vt 0.219971 0.722656
vt 0.227295 0.758789
vt 0.307617 0.501953
vt 0.333496 0.475586
vt 0.293213 0.450439
vt 0.334961 0.452881
vt 0.284424 0.513184
vt 0.304199 0.525146
vt 0.327637 0.538086
vt 0.336914 0.512451
vt 0.354004 0.538086
vt 0.346191 0.490479
vt 0.373779 0.515137
vt 0.350342 0.435547
vt 0.341309 0.423096
vt 0.352295 0.446289
vt 0.354981 0.423584
vt 0.364014 0.422363
vt 0.359375 0.413818
vt 0.381348 0.421142
vt 0.360108 0.434082
vt 0.378174 0.431152
vt 0.391602 0.398682
vt 0.396484 0.417236
vt 0.361328 0.439941
vt 0.388916 0.434326
vt 0.411865 0.428467
vt 0.398438 0.397217
vt 0.382812 0.447998
vt 0.394287 0.446045
vt 0.405762 0.480224
vt 0.366943 0.444824
vt 0.376465 0.446533
vt 0.363526 0.455323
vt 0.368164 0.457764
vt 0.361816 0.472412
vt 0.377930 0.470703
vt 0.367432 0.473633
vt 0.366455 0.496094
vt 0.383545 0.516358
vt 0.373047 0.527832
vt 0.372314 0.496338
vt 0.379394 0.485108
vt 0.383057 0.477783
vt 0.385986 0.498047
vt 0.397217 0.514160
vt 0.386963 0.466064
vt 0.393066 0.499512
vt 0.393311 0.460449
vt 0.394531 0.488037
vt 0.397949 0.478516
vt 0.400879 0.508545
vt 0.403321 0.513184
vt 0.401367 0.492920
vt 0.429199 0.495849
vt 0.450684 0.409180
vt 0.482177 0.450196
vt 0.475586 0.500977
vt 0.508057 0.464844
vt 0.458252 0.516602
vt 0.460693 0.520508
vt 0.494141 0.491699
vt 0.477539 0.513672
vt 0.487305 0.506836
vt 0.480713 0.523926
vt 0.499756 0.494385
vt 0.497559 0.520996
vt 0.514892 0.497559
vt 0.511474 0.513428
vt 0.503174 0.530762
vt 0.522705 0.506592
vt 0.528564 0.523193
vt 0.401856 0.829346
vt 0.383545 0.861328
vt 0.394287 0.853760
vt 0.410401 0.843994
vt 0.391358 0.868164
vt 0.384033 0.868896
vt 0.381104 0.863769
vt 0.398193 0.867188
vt 0.411377 0.853516
vt 0.416504 0.850830
vt 0.422119 0.835938
vt 0.414795 0.859131
vt 0.434326 0.842529
vt 0.392334 0.874512
vt 0.407959 0.877197
vt 0.428711 0.857422
vt 0.437988 0.851562
vt 0.423584 0.864014
vt 0.431885 0.861328
vt 0.440674 0.857666
vt 0.423340 0.871094
vt 0.458252 0.862305
vt 0.458008 0.891358
vt 0.430664 0.890869
vt 0.406983 0.889160
vt 0.457519 0.896972
vt 0.403076 0.885986
vt 0.409912 0.895019
vt 0.431396 0.896484
vt 0.406250 0.895264
vt 0.410644 0.898926
vt 0.438965 0.899658
vt 0.411133 0.911133
vt 0.414795 0.911621
vt 0.418213 0.910644
vt 0.397705 0.904541
vt 0.399658 0.916504
vt 0.386963 0.915283
vt 0.397705 0.921875
vt 0.388427 0.895996
vt 0.375244 0.918213
vt 0.378662 0.930176
vt 0.372314 0.927734
vt 0.351807 0.919434
vt 0.358154 0.902099
vt 0.376709 0.889160
vt 0.364746 0.891602
vt 0.345948 0.905762
vt 0.376465 0.879639
vt 0.370117 0.882324
vt 0.361328 0.878906
vt 0.339356 0.888916
vt 0.367676 0.875488
vt 0.347901 0.878174
vt 0.332031 0.878662
vt 0.362793 0.866455
vt 0.368896 0.860840
vt 0.355224 0.863769
vt 0.340332 0.872314
vt 0.322754 0.871338
vt 0.332276 0.866699
vt 0.338867 0.863281
vt 0.344727 0.854492
vt 0.353027 0.850830
vt 0.358154 0.851807
vt 0.352051 0.844971
vt 0.367676 0.853271
vt 0.363526 0.849854
vt 0.460205 0.900146
vt 0.475098 0.903321
vt 0.449463 0.909424
vt 0.458984 0.906983
vt 0.474854 0.908936
vt 0.434571 0.910644
vt 0.433594 0.914062
vt 0.444092 0.913574
vt 0.449219 0.923340
vt 0.457031 0.913086
vt 0.473633 0.916992
vt 0.066651 0.485840
vt 0.047607 0.498535
vt 0.059571 0.513184
vt 0.045166 0.519043
vt 0.053467 0.529297
vt 0.046875 0.475342
vt 0.059326 0.565430
vt 0.036621 0.540771
vt 0.033203 0.533691
vt 0.040283 0.510254
vt 0.039307 0.504151
vt 0.043457 0.493164
vt 0.043701 0.474365
vt 0.055664 0.463135
vt 0.043701 0.456543
vt 0.057618 0.448242
vt 0.049561 0.436035
vt 0.039307 0.439941
vt 0.038330 0.422119
vt 0.051514 0.407471
vt 0.554688 0.928467
vt 0.561524 0.938721
vt 0.564697 0.921387
vt 0.543457 0.934082
vt 0.514649 0.942383
vt 0.554199 0.918213
vt 0.524658 0.928711
vt 0.562256 0.906983
vt 0.502686 0.940430
vt 0.498291 0.956543
vt 0.552002 0.899170
vt 0.512451 0.917481
vt 0.560059 0.893555
vt 0.521240 0.917969
vt 0.552246 0.872559
vt 0.580566 0.871826
vt 0.548340 0.875733
vt 0.533936 0.887451
vt 0.514892 0.901367
vt 0.513428 0.882812
vt 0.512451 0.867676
vt 0.509033 0.897461
vt 0.508057 0.875244
vt 0.506347 0.857910
vt 0.506104 0.847656
vt 0.489746 0.880127
vt 0.489502 0.854981
vt 0.493408 0.905762
vt 0.500000 0.924316
vt 0.496338 0.934326
vt 0.495361 0.923340
vt 0.489502 0.911133
vt 0.443604 0.953858
vt 0.930664 0.886231
vt 0.896729 0.835693
vt 0.913086 0.886963
vt 0.914307 0.847412
vt 0.910889 0.824463
vt 0.929688 0.786133
vt 0.844483 0.823731
vt 0.876465 0.880615
vt 0.906006 0.899414
vt 0.849854 0.875977
vt 0.900391 0.904053
vt 0.863037 0.898193
vt 0.799316 0.882080
vt 0.812500 0.919434
vt 0.904541 0.922852
vt 0.872071 0.914062
vt 0.867432 0.911133
vt 0.857178 0.913574
vt 0.853760 0.908203
vt 0.851562 0.921142
vt 0.928467 0.118652
vt 0.930420 0.113526
vt 0.919189 0.116211
vt 0.926514 0.074951
vt 0.906494 0.121338
vt 0.926026 0.132568
vt 0.906983 0.080323
vt 0.909912 0.115234
vt 0.894043 0.076660
vt 0.897949 0.081299
vt 0.897705 0.118408
vt 0.887451 0.126221
vt 0.896484 0.146729
vt 0.881592 0.141602
vt 0.883301 0.083740
vt 0.884278 0.120606
vt 0.864746 0.127197
vt 0.867432 0.148926
vt 0.859619 0.147949
vt 0.846191 0.143555
vt 0.867920 0.123047
vt 0.875000 0.087646
vt 0.875488 0.082764
vt 0.840821 0.132080
vt 0.833008 0.154053
vt 0.830322 0.135742
vt 0.853760 0.126221
vt 0.839356 0.126709
vt 0.829590 0.131836
vt 0.833008 0.093506
vt 0.849609 0.085938
vt 0.854004 0.079346
vt 0.842774 0.088135
vt 0.835693 0.072998
vt 0.841797 0.069092
vt 0.843017 0.018066
vt 0.868164 0.065186
vt 0.864014 0.062500
vt 0.864502 0.035156
vt 0.885742 0.055176
vt 0.887207 0.060059
vt 0.904053 0.055664
vt 0.888184 0.024170
vt 0.864502 0.022217
vt 0.871826 0.014892
vt 0.886474 0.012451
vt 0.894531 0.012696
vt 0.901123 0.048096
vt 0.916016 0.046387
vt 0.929199 0.046631
vt 0.911621 0.068115
vt 0.930176 0.069580
vt 0.625733 0.000244
vt 0.545654 0.000488
vt 0.555908 0.010743
vt 0.481689 0.000977
vt 0.953858 0.291748
vt 0.958984 0.308838
vt 0.965821 0.309571
vt 0.884766 0.308349
vt 0.960938 0.288574
vt 0.953369 0.276367
vt 0.960693 0.266846
vt 0.962158 0.259033
vt 0.001221 0.035401
vt 0.005127 0.081787
vt 0.010986 0.038818
vt 0.015381 0.059326
vt 0.000000 0.091797
vt 0.345703 0.222412
vt 0.358399 0.223389
vt 0.339356 0.179688
vt 0.364990 0.220703
vt 0.367188 0.288330
vt 0.379151 0.279297
vt 0.357422 0.298584
vt 0.398193 0.269531
vt 0.401123 0.182617
vt 0.392578 0.288330
vt 0.374024 0.309326
vt 0.418457 0.228027
vt 0.413330 0.137451
vt 0.437988 0.177490
vt 0.439453 0.214844
vt 0.458740 0.177002
vt 0.439453 0.278321
vt 0.426026 0.275391
vt 0.427979 0.288330
vt 0.416016 0.281494
vt 0.409668 0.300293
vt 0.390381 0.300049
vt 0.432617 0.302246
vt 0.445557 0.311767
vt 0.382812 0.318604
vt 0.426514 0.330078
vt 0.438721 0.338379
vt 0.428467 0.307617
vt 0.429443 0.307861
vt 0.429443 0.309326
vt 0.420410 0.322998
vt 0.408448 0.330078
vt 0.387696 0.336670
vt 0.426514 0.347412
vt 0.364014 0.328369
vt 0.362061 0.323242
vt 0.357422 0.312256
vt 0.339844 0.342285
vt 0.323486 0.344238
vt 0.315186 0.341797
vt 0.277588 0.387207
vt 0.298096 0.376709
vt 0.308838 0.377930
vt 0.316406 0.383545
vt 0.276611 0.424316
vt 0.373779 0.338379
vt 0.340576 0.379394
vt 0.290283 0.445312
vt 0.379394 0.345703
vt 0.392578 0.349365
vt 0.343994 0.396973
vt 0.344971 0.412109
vt 0.387451 0.366211
vt 0.382568 0.708252
vt 0.362793 0.738769
vt 0.394043 0.715576
vt 0.387451 0.741943
vt 0.326172 0.753174
vt 0.311279 0.768555
vt 0.301758 0.753906
vt 0.378174 0.694580
vt 0.370117 0.683106
vt 0.288086 0.742676
vt 0.317871 0.790039
vt 0.437256 0.764404
vt 0.306885 0.787354
vt 0.322754 0.810791
vt 0.442871 0.797608
vt 0.381592 0.833008
vt 0.312500 0.827392
vt 0.292724 0.762207
vt 0.275635 0.750977
vt 0.313721 0.811035
vt 0.284668 0.774170
vt 0.278321 0.773438
vt 0.294922 0.779053
vt 0.300781 0.804443
vt 0.306641 0.832764
vt 0.309082 0.842529
vt 0.297119 0.838867
vt 0.300049 0.823242
vt 0.284180 0.845215
vt 0.293213 0.819092
vt 0.291016 0.799805
vt 0.286377 0.804199
usemtl mat
f 7/1 1103/2 1141/3
f 1141/3 1103/2 1190/4
f 1103/2 7/1 104/5
f 1141/3 1190/4 100/6
f 1141/3 100/6 7/1
f 7/1 100/6 104/5
f 100/6 1190/4 1391/7
f 104/5 100/6 226/8
f 104/5 226/8 556/9
f 226/8 100/6 312/10
f 312/10 100/6 1129/11
f 1129/11 100/6 1391/7
f 1129/11 1391/7 1625/12
f 104/13 1185/14 1103/15
f 1103/15 1185/14 1190/16
f 1185/14 104/13 1113/17
f 1113/17 104/13 556/18
f 1190/16 1185/14 1271/19
f 1190/16 1271/19 1391/20
f 1271/19 1185/14 1264/21
f 1264/21 1185/14 1113/17
f 1391/20 1271/19 1452/22
f 1452/22 1271/19 1264/21
f 1391/20 1452/22 1625/23
f 820/24 237/25 556/18
f 556/18 237/25 39/26
f 556/18 39/26 1113/17
f 39/26 237/25 1085/27
f 1113/17 39/26 1204/28
f 1204/28 39/26 1085/27
f 1204/28 1085/27 1208/29
f 1208/29 1085/27 1086/30
f 1113/17 1204/28 1465/31
f 1465/31 1204/28 1208/29
f 1113/17 1465/31 1264/21
f 1465/31 1208/29 1265/32
f 1465/31 1265/32 1660/33
f 1264/21 1465/31 1472/34
f 1264/21 1472/34 1452/22
f 1465/31 1660/33 1593/35
f 1465/31 1593/35 1472/34
f 1593/35 1660/33 1665/36
f 1593/35 1665/36 1648/37
f 1472/34 1593/35 1610/38
f 1472/34 1610/38 1452/22
f 1610/38 1593/35 1648/37
f 1452/22 1610/38 1625/23
f 1610/38 1648/37 1662/39
f 1610/38 1662/39 1625/23
f 1625/23 1662/39 1250/40
f 1250/40 1662/39 1244/41
f 1625/23 1250/40 1129/42
f 226/43 579/44 556/45
f 556/45 579/44 743/46
f 556/45 743/46 820/47
f 820/47 743/46 838/48
f 838/48 743/46 783/49
f 783/49 743/46 579/44
f 838/48 783/49 822/50
f 822/50 783/49 828/51
f 496/52 579/44 226/43
f 579/44 496/52 783/49
f 496/52 226/43 312/53
f 828/51 783/49 645/54
f 645/54 783/49 496/52
f 645/54 496/52 312/53
f 828/51 645/54 274/55
f 645/54 312/53 1129/56
f 645/54 1129/56 1097/57
f 1097/57 1129/56 1250/58
f 274/55 645/54 18/59
f 18/59 645/54 1097/57
f 18/59 1097/57 1250/58
f 274/55 18/59 1106/60
f 1106/60 18/59 1250/58
f 237/61 1086/62 1085/63
f 1086/62 237/61 330/64
f 330/64 237/61 820/65
f 330/64 820/65 861/66
f 330/64 861/66 917/67
f 330/64 917/67 595/68
f 595/68 917/67 472/69
f 472/69 917/67 935/70
f 330/64 595/68 184/71
f 184/71 595/68 472/69
f 330/64 184/71 1086/62
f 472/69 935/70 1144/72
f 472/69 1144/72 184/71
f 1086/62 184/71 1090/73
f 1090/73 184/71 1144/72
f 1086/62 1090/73 1218/74
f 1218/74 1090/73 1144/72
f 1086/62 1218/74 1265/75
f 1086/62 1265/75 1208/76
f 1265/75 1218/74 1375/77
f 1375/77 1218/74 1144/72
f 1265/75 1375/77 1660/78
f 1375/77 1144/72 1719/79
f 1719/79 1144/72 1744/80
f 1660/78 1375/77 1675/81
f 1660/78 1675/81 1665/82
f 1675/81 1375/77 1700/83
f 1700/83 1375/77 1719/79
f 1665/82 1675/81 1677/84
f 1665/82 1677/84 1648/85
f 1675/81 1700/83 1694/86
f 1694/86 1700/83 1719/79
f 1675/81 1694/86 1677/84
f 1677/84 1694/86 1706/87
f 1694/86 1719/79 1716/88
f 1694/86 1716/88 1706/87
f 1648/85 1677/84 1649/89
f 1649/89 1677/84 1706/87
f 1648/85 1649/89 1666/90
f 1648/85 1666/90 1662/91
f 1649/89 1706/87 1685/92
f 1706/87 1716/88 1709/93
f 1649/89 1685/92 1697/94
f 1649/89 1697/94 1666/90
f 1685/92 1706/87 1691/95
f 1691/95 1706/87 1709/93
f 1685/92 1691/95 1697/94
f 1709/93 1716/88 1737/96
f 1709/93 1737/96 1691/95
f 1745/97 1716/88 1719/79
f 1716/88 1745/97 1737/96
f 1745/97 1719/79 1744/80
f 1745/97 1744/80 1485/98
f 1485/98 1744/80 1378/99
f 1737/96 1745/97 1743/100
f 1743/100 1745/97 1485/98
f 1737/96 1743/100 1691/95
f 1743/100 1485/98 1487/101
f 1743/100 1487/101 1355/102
f 1713/103 1697/94 1691/95
f 1713/103 1691/95 1743/100
f 1743/100 1355/102 1574/104
f 1574/104 1355/102 1179/105
f 1574/104 1179/105 77/106
f 1574/104 77/106 197/107
f 1697/94 1713/103 1710/108
f 1713/103 1743/100 1730/109
f 1713/103 1730/109 1710/108
f 1730/109 1743/100 1747/110
f 1747/110 1743/100 1574/104
f 1730/109 1747/110 1710/108
f 1574/104 197/107 1442/111
f 1574/104 1442/111 1747/110
f 1747/110 1442/111 1710/108
f 1442/111 197/107 1094/112
f 1666/90 1697/94 1710/108
f 1442/111 1094/112 1424/113
f 1442/111 1424/113 1710/108
f 1424/113 1094/112 1083/114
f 1424/113 1083/114 1244/115
f 1666/90 1710/108 1683/116
f 1683/116 1710/108 1424/113
f 1666/90 1683/116 1662/91
f 1662/91 1683/116 1244/115
f 1683/116 1424/113 1401/117
f 1683/116 1401/117 1244/115
f 1244/115 1401/117 1424/113
f 838/118 861/119 820/120
f 861/119 838/118 860/121
f 860/121 838/118 822/122
f 861/119 860/121 917/123
f 917/123 860/121 905/124
f 860/121 822/122 830/125
f 905/124 860/121 919/126
f 919/126 860/121 830/125
f 905/124 919/126 921/127
f 905/124 921/127 917/123
f 919/126 830/125 897/128
f 917/123 921/127 938/129
f 917/123 938/129 935/130
f 921/127 919/126 912/131
f 912/131 919/126 897/128
f 921/127 912/131 937/132
f 921/127 937/132 938/129
f 912/131 897/128 923/133
f 937/132 912/131 933/134
f 933/134 912/131 923/133
f 937/132 933/134 938/129
f 1144/135 935/130 938/129
f 938/129 933/134 584/136
f 938/129 584/136 437/137
f 938/129 437/137 1144/135
f 584/136 933/134 550/138
f 1144/135 437/137 48/139
f 1144/135 48/139 1203/140
f 1144/135 1203/140 1378/141
f 1144/135 1378/141 1744/142
f 550/138 933/134 356/143
f 550/138 356/143 570/144
f 550/138 570/144 680/145
f 356/143 933/134 936/146
f 680/145 570/144 431/147
f 431/147 570/144 356/143
f 680/145 431/147 347/148
f 680/145 347/148 478/149
f 347/148 431/147 138/150
f 347/148 138/150 287/151
f 431/147 356/143 77/152
f 431/147 77/152 138/150
f 138/150 77/152 80/153
f 138/150 80/153 65/154
f 65/154 80/153 1152/155
f 1152/155 80/153 77/152
f 77/152 356/143 197/156
f 197/156 356/143 936/146
f 923/133 936/146 933/134
f 197/156 936/146 767/157
f 197/156 767/157 524/158
f 197/156 524/158 1094/159
f 767/157 936/146 925/160
f 925/160 936/146 923/133
f 524/158 767/157 522/161
f 522/161 767/157 925/160
f 524/158 522/161 1094/159
f 1094/159 522/161 367/162
f 522/161 925/160 918/163
f 918/163 925/160 923/133
f 522/161 918/163 367/162
f 1094/159 367/162 1083/164
f 918/163 923/133 915/165
f 915/165 923/133 897/128
f 915/165 897/128 830/125
f 918/163 915/165 858/166
f 918/163 858/166 367/162
f 915/165 830/125 852/167
f 915/165 852/167 858/166
f 852/167 830/125 822/122
f 852/167 822/122 828/168
f 852/167 828/168 858/166
f 858/166 828/168 367/162
f 367/162 828/168 274/169
f 367/162 274/169 1083/164
f 1083/164 274/169 1106/170
f 1083/164 1106/170 1244/171
f 1244/171 1106/170 1250/172
f 48/173 207/174 51/175
f 207/174 48/173 437/176
f 48/173 51/175 1180/177
f 48/173 1180/177 1203/178
f 1203/178 1180/177 1312/179
f 1203/178 1312/179 1378/180
f 1180/177 51/175 1146/181
f 1180/177 1146/181 1312/179
f 139/182 51/175 207/174
f 1312/179 1146/181 1291/183
f 1146/181 51/175 12/184
f 12/184 51/175 139/182
f 1146/181 12/184 1151/185
f 1146/181 1151/185 1291/183
f 12/184 139/182 1127/186
f 12/184 1127/186 1151/185
f 1127/186 139/182 92/187
f 1151/185 1127/186 1240/188
f 1151/185 1240/188 1291/183
f 92/187 139/182 313/189
f 313/189 139/182 207/174
f 1291/183 1240/188 1383/190
f 1291/183 1383/190 1464/191
f 313/189 207/174 451/192
f 313/189 451/192 605/193
f 451/192 207/174 437/176
f 605/193 451/192 598/194
f 451/192 437/176 607/195
f 607/195 437/176 584/196
f 598/194 451/192 649/197
f 451/192 607/195 691/198
f 691/198 607/195 584/196
f 451/192 691/198 649/197
f 598/194 649/197 764/199
f 764/199 649/197 691/198
f 598/194 764/199 839/200
f 839/200 764/199 781/201
f 764/199 691/198 757/202
f 757/202 691/198 584/196
f 764/199 757/202 781/201
f 757/202 584/196 550/203
f 757/202 550/203 680/204
f 757/202 680/204 781/201
f 781/201 680/204 761/205
f 1485/206 1378/180 1490/207
f 1485/206 1490/207 1522/208
f 1490/207 1378/180 1404/209
f 1490/207 1404/209 1522/208
f 1404/209 1378/180 1312/179
f 1404/209 1312/179 1291/183
f 1404/209 1291/183 1464/191
f 1404/209 1464/191 1522/208
f 1522/208 1464/191 1619/210
f 1485/211 1522/212 1627/213
f 1485/211 1627/213 1487/214
f 1627/213 1522/212 1646/215
f 1646/215 1522/212 1619/216
f 1646/215 1619/216 1659/217
f 1646/215 1659/217 1647/218
f 1646/215 1647/218 1627/213
f 1487/214 1627/213 1520/219
f 1627/213 1647/218 1555/220
f 1627/213 1555/220 1520/219
f 1555/220 1647/218 1617/221
f 1487/214 1520/219 1463/222
f 1463/222 1520/219 1555/220
f 1487/214 1463/222 1355/223
f 1555/220 1617/221 1408/224
f 1463/222 1555/220 1471/225
f 1471/225 1555/220 1408/224
f 1463/222 1471/225 1354/226
f 1354/226 1471/225 1408/224
f 1463/222 1354/226 1355/223
f 1354/226 1408/224 1246/227
f 1246/227 1408/224 1422/228
f 1355/223 1354/226 1239/229
f 1239/229 1354/226 1246/227
f 1355/223 1239/229 1179/230
f 1239/229 1246/227 1152/231
f 1239/229 1152/231 1179/230
f 1152/231 1246/227 1199/232
f 1179/230 1152/231 77/233
f 92/234 313/235 404/236
f 92/234 404/236 27/237
f 404/236 313/235 605/238
f 27/237 404/236 94/239
f 27/237 94/239 1183/240
f 1183/240 94/239 1118/241
f 1118/241 94/239 105/242
f 94/239 404/236 434/243
f 434/243 404/236 605/238
f 105/242 94/239 261/244
f 261/244 94/239 434/243
f 434/243 605/238 715/245
f 715/245 605/238 598/246
f 715/245 598/246 839/247
f 434/243 715/245 449/248
f 449/248 715/245 839/247
f 434/243 449/248 261/244
f 449/248 839/247 707/249
f 261/244 449/248 465/250
f 224/251 105/242 261/244
f 224/251 261/244 465/250
f 105/242 224/251 229/252
f 224/251 465/250 448/253
f 224/251 448/253 229/252
f 229/252 448/253 300/254
f 1619/255 1464/256 1594/257
f 1594/257 1464/256 1383/258
f 1619/255 1594/257 1654/259
f 1619/255 1654/259 1659/260
f 1594/257 1383/258 1263/261
f 1263/261 1383/258 1240/262
f 1654/259 1594/257 1489/263
f 1659/260 1654/259 1671/264
f 1659/260 1671/264 1647/265
f 1654/259 1489/263 1583/266
f 1489/263 1594/257 1389/267
f 1389/267 1594/257 1263/261
f 1647/265 1671/264 1658/268
f 1658/268 1671/264 1654/259
f 1658/268 1654/259 1583/266
f 1647/265 1658/268 1617/269
f 1658/268 1583/266 1406/270
f 1380/271 1457/272 1389/267
f 1380/271 1389/267 1286/273
f 1286/273 1389/267 1302/274
f 1302/274 1389/267 1183/275
f 1302/274 1183/275 1286/273
f 1183/275 1389/267 1263/261
f 1286/273 1183/275 1213/276
f 1213/276 1183/275 1118/277
f 1183/275 1263/261 1143/278
f 1143/278 1263/261 1240/262
f 1183/275 1143/278 27/279
f 1143/278 1240/262 1127/280
f 27/279 1143/278 92/281
f 92/281 1143/278 1127/280
f 1152/282 1199/283 65/284
f 1408/285 1617/286 1422/287
f 1422/287 1617/286 1433/288
f 1433/288 1617/286 1658/289
f 1433/288 1658/289 1406/290
f 1422/287 1433/288 1337/291
f 1337/291 1433/288 1406/290
f 1199/292 1246/293 1422/287
f 1199/292 1422/287 1337/291
f 1199/292 1337/291 110/294
f 1199/292 110/294 65/295
f 65/295 110/294 138/296
f 138/296 110/294 287/297
f 287/297 110/294 103/298
f 103/298 110/294 1084/299
f 1084/299 110/294 1337/291
f 1084/299 1337/291 1210/300
f 1210/300 1337/291 1290/301
f 1290/301 1337/291 1406/290
f 1084/299 1210/300 1209/302
f 1210/300 1290/301 1282/303
f 1210/300 1282/303 1209/302
f 1282/303 1290/301 1406/290
f 1209/302 1282/303 1430/304
f 1430/304 1282/303 1406/290
f 1209/302 1430/304 1356/305
f 1430/304 1406/290 1528/306
f 1528/306 1406/290 1583/307
f 1430/304 1528/306 1543/308
f 1430/304 1543/308 1356/305
f 1209/302 1356/305 1154/309
f 1543/308 1528/306 1563/310
f 1563/310 1528/306 1583/307
f 1543/308 1563/310 1547/311
f 1563/310 1583/307 1457/312
f 1563/310 1457/312 1547/311
f 1457/312 1583/307 1489/313
f 1457/312 1489/313 1389/314
f 1547/311 1457/312 1380/315
f 1547/311 1380/315 1446/316
f 1547/311 1446/316 1482/317
f 1543/308 1547/311 1540/318
f 1540/318 1547/311 1482/317
f 1543/308 1540/318 1356/305
f 1540/318 1482/317 1552/319
f 1540/318 1552/319 1494/320
f 1494/320 1552/319 1562/321
f 1540/318 1494/320 1324/322
f 1356/305 1540/318 1346/323
f 1346/323 1540/318 1324/322
f 1356/305 1346/323 1154/309
f 1346/323 1324/322 1193/324
f 1346/323 1193/324 1154/309
f 1193/324 1324/322 1161/325
f 1154/309 1193/324 57/326
f 57/326 1193/324 1161/325
f 1154/309 57/326 89/327
f 57/326 1161/325 66/328
f 781/329 829/330 839/331
f 839/331 829/330 707/332
f 707/332 829/330 634/333
f 829/330 781/329 761/334
f 829/330 761/334 634/333
f 634/333 761/334 422/335
f 422/335 761/334 478/336
f 478/336 761/334 680/337
f 287/338 478/339 347/340
f 478/339 287/338 422/341
f 422/341 287/338 103/342
f 422/341 103/342 243/343
f 707/344 703/345 449/346
f 449/346 703/345 465/347
f 703/345 707/344 651/348
f 465/347 703/345 713/349
f 713/349 703/345 651/348
f 465/347 713/349 448/350
f 651/348 707/344 634/351
f 448/350 713/349 615/352
f 651/348 634/351 423/353
f 423/353 634/351 422/354
f 423/353 422/354 243/355
f 651/348 423/353 402/356
f 651/348 402/356 713/349
f 423/353 243/355 133/357
f 423/353 133/357 402/356
f 133/357 243/355 103/358
f 133/357 103/358 1084/359
f 711/360 615/352 713/349
f 615/352 711/360 687/361
f 713/349 402/356 555/362
f 713/349 555/362 711/360
f 687/361 711/360 658/363
f 658/363 711/360 555/362
f 687/361 658/363 611/364
f 611/364 658/363 390/365
f 390/365 658/363 555/362
f 390/365 555/362 321/366
f 321/366 555/362 402/356
f 390/365 321/366 193/367
f 193/367 321/366 57/368
f 193/367 57/368 66/369
f 57/368 321/366 89/370
f 89/370 321/366 402/356
f 89/370 402/356 133/357
f 89/370 133/357 17/371
f 89/370 17/371 1154/372
f 17/371 133/357 1084/359
f 1154/372 17/371 1209/373
f 1209/373 17/371 1084/359
f 1336/374 1213/375 1135/376
f 1213/375 1336/374 1286/377
f 1135/376 1213/375 1118/378
f 1286/377 1336/374 1380/379
f 1380/379 1336/374 1446/380
f 1446/380 1336/374 1482/381
f 1482/381 1336/374 1331/382
f 1331/382 1336/374 1135/376
f 1482/381 1331/382 1552/383
f 1552/383 1331/382 1410/384
f 1410/384 1331/382 1285/385
f 1285/385 1331/382 1205/386
f 1205/386 1331/382 1135/376
f 1205/386 1135/376 106/387
f 106/387 1135/376 118/388
f 118/388 1135/376 116/389
f 116/389 1135/376 1118/378
f 116/389 1118/378 105/390
f 105/391 229/392 116/393
f 116/393 229/392 118/394
f 615/395 300/396 448/397
f 300/396 615/395 687/398
f 229/399 300/400 118/401
f 118/401 300/400 106/402
f 106/402 300/400 305/403
f 305/403 300/400 687/404
f 603/405 305/406 687/407
f 603/405 687/407 690/408
f 305/406 603/405 500/409
f 500/409 603/405 690/408
f 690/408 687/407 611/410
f 305/406 500/409 211/411
f 305/406 211/411 108/412
f 305/406 108/412 106/413
f 211/411 500/409 149/414
f 211/411 149/414 108/412
f 106/413 108/412 1205/415
f 108/412 149/414 6/416
f 108/412 6/416 1205/415
f 1205/415 6/416 1225/417
f 1205/415 1225/417 1281/418
f 1205/415 1281/418 1285/419
f 1285/419 1281/418 1410/420
f 302/421 149/414 500/409
f 149/414 302/421 71/422
f 71/422 302/421 382/423
f 302/421 500/409 718/424
f 302/421 718/424 382/423
f 718/424 500/409 690/408
f 382/423 718/424 704/425
f 382/423 704/425 490/426
f 382/423 490/426 359/427
f 359/427 490/426 729/428
f 729/428 490/426 704/425
f 359/427 729/428 441/429
f 729/428 704/425 638/430
f 729/428 638/430 633/431
f 627/432 704/425 718/424
f 704/425 627/432 638/430
f 633/431 638/430 676/433
f 676/433 638/430 627/432
f 633/431 676/433 659/434
f 659/434 676/433 488/435
f 627/432 718/424 641/436
f 641/436 718/424 690/408
f 676/433 627/432 685/437
f 685/437 627/432 641/436
f 488/435 676/433 462/438
f 462/438 676/433 685/437
f 641/436 690/408 678/439
f 641/436 678/439 685/437
f 678/439 690/408 611/410
f 462/438 685/437 572/440
f 572/440 685/437 678/439
f 678/439 611/410 372/441
f 678/439 372/441 572/440
f 372/441 611/410 390/442
f 372/441 390/442 193/443
f 372/441 193/443 195/444
f 372/441 195/444 572/440
f 195/444 193/443 66/445
f 195/444 66/445 33/446
f 572/440 195/444 233/447
f 572/440 233/447 462/438
f 233/447 195/444 33/446
f 33/446 66/445 1161/448
f 462/438 233/447 283/449
f 462/438 283/449 488/435
f 233/447 33/446 120/450
f 233/447 120/450 283/449
f 33/446 1161/448 1192/451
f 1192/451 1161/448 1342/452
f 120/450 33/446 1206/453
f 1206/453 33/446 1192/451
f 1192/451 1342/452 1278/454
f 1192/451 1278/454 1206/453
f 1278/454 1342/452 1353/455
f 1278/454 1353/455 1206/453
f 1353/455 1342/452 1488/456
f 1353/455 1488/456 1516/457
f 1353/455 1516/457 1276/458
f 1353/455 1276/458 1206/453
f 1276/458 1516/457 1441/459
f 1276/458 1441/459 1330/460
f 1276/458 1330/460 1233/461
f 1276/458 1233/461 1206/453
f 1233/461 1330/460 1309/462
f 1233/461 1309/462 1169/463
f 1206/453 1233/461 1132/464
f 1132/464 1233/461 1169/463
f 1206/453 1132/464 86/465
f 86/465 1132/464 1169/463
f 1206/453 86/465 120/450
f 120/450 86/465 283/449
f 283/449 86/465 273/466
f 283/449 273/466 488/435
f 488/435 273/466 262/467
f 273/466 86/465 97/468
f 273/466 97/468 262/467
f 97/468 86/465 1169/463
f 262/467 97/468 96/469
f 96/469 97/468 1169/463
f 96/469 1169/463 1120/470
f 1562/471 1552/472 1410/473
f 1562/471 1410/473 1527/474
f 1527/474 1410/473 1386/475
f 1386/475 1410/473 1281/476
f 1386/475 1281/476 1225/477
f 1527/474 1386/475 1592/478
f 1527/474 1592/478 1531/479
f 1386/475 1225/477 1397/480
f 1386/475 1397/480 1592/478
f 1397/480 1225/477 1198/481
f 1198/481 1225/477 6/482
f 1198/481 6/482 71/483
f 71/483 6/482 149/484
f 1397/480 1198/481 1435/485
f 1397/480 1435/485 1592/478
f 1592/478 1435/485 1569/486
f 1592/478 1569/486 1608/487
f 1592/478 1608/487 1607/488
f 1592/478 1607/488 1531/479
f 1607/488 1608/487 1506/489
f 1607/488 1506/489 1531/479
f 1324/490 1494/491 1342/492
f 1324/490 1342/492 1161/493
f 1342/492 1494/491 1521/494
f 1521/494 1494/491 1562/495
f 1342/492 1521/494 1488/496
f 1521/494 1562/495 1531/497
f 1521/494 1531/497 1488/496
f 1531/497 1562/495 1527/498
f 1488/496 1531/497 1506/499
f 1488/496 1506/499 1516/500
f 1516/500 1506/499 1549/501
f 1516/500 1549/501 1441/502
f 1441/502 1549/501 1426/503
f 1441/502 1426/503 1330/504
f 1330/504 1426/503 1309/505
f 1309/505 1426/503 1326/506
f 1326/506 1426/503 1432/507
f 71/508 56/509 1198/510
f 1198/510 56/509 1294/511
f 1198/510 1294/511 1435/512
f 1506/513 1608/514 1508/515
f 1508/515 1608/514 1616/516
f 1508/515 1616/516 1503/517
f 1503/517 1616/516 1622/518
f 382/519 56/520 71/521
f 56/520 382/519 359/522
f 56/520 359/522 68/523
f 56/520 68/523 1221/524
f 56/520 1221/524 1294/525
f 1294/525 1221/524 1403/526
f 1294/525 1403/526 1435/527
f 1435/528 1403/529 1569/530
f 1569/530 1403/529 1622/531
f 1506/532 1508/533 1549/534
f 1549/534 1508/533 1503/535
f 1616/536 1608/537 1569/538
f 1616/536 1569/538 1622/539
f 1403/540 1525/541 1622/542
f 1525/541 1403/540 1416/543
f 1416/543 1403/540 1221/544
f 1622/542 1525/541 1603/545
f 1622/542 1603/545 1541/546
f 1622/542 1541/546 1503/547
f 1503/547 1541/546 1510/548
f 1503/547 1510/548 1549/549
f 1549/549 1510/548 1426/550
f 1426/550 1510/548 1432/551
f 1309/552 1326/553 1169/554
f 1169/554 1326/553 1255/555
f 68/556 1219/557 1221/558
f 1221/558 1219/557 1416/559
f 488/560 418/561 659/562
f 418/561 488/560 262/563
f 1525/564 1618/565 1603/566
f 1618/565 1525/564 1581/567
f 1581/567 1525/564 1416/568
f 1618/565 1581/567 1526/569
f 1581/567 1416/568 1376/570
f 1376/570 1416/568 1219/571
f 1526/569 1581/567 1518/572
f 1518/572 1581/567 1376/570
f 1526/569 1518/572 1513/573
f 1526/569 1513/573 1478/574
f 68/575 1082/576 1219/571
f 1219/571 1082/576 1207/577
f 1219/571 1207/577 1376/570
f 1518/572 1376/570 1427/578
f 1427/578 1376/570 1207/577
f 1518/572 1427/578 1524/579
f 1518/572 1524/579 1513/573
f 1524/579 1427/578 1413/580
f 1513/573 1524/579 1558/581
f 1558/581 1524/579 1413/580
f 1513/573 1558/581 1534/582
f 1450/583 1478/574 1513/573
f 1450/583 1513/573 1534/582
f 1478/574 1450/583 1322/584
f 1322/584 1450/583 1306/585
f 1306/585 1450/583 1448/586
f 1448/586 1450/583 1534/582
f 1448/586 1534/582 1497/587
f 1448/586 1497/587 1304/588
f 1304/588 1497/587 1486/589
f 1497/587 1534/582 1530/590
f 1530/590 1534/582 1544/591
f 1544/591 1534/582 1558/581
f 1530/590 1544/591 1438/592
f 1544/591 1558/581 1413/580
f 1544/591 1413/580 1438/592
f 1438/592 1413/580 1277/593
f 1277/593 1413/580 1288/594
f 1288/594 1413/580 1427/578
f 1288/594 1427/578 1207/577
f 1277/593 1288/594 1222/595
f 1222/595 1288/594 1207/577
f 1277/593 1222/595 1155/596
f 1222/595 1207/577 1156/597
f 1222/595 1156/597 1155/596
f 1277/593 1155/596 1153/598
f 1156/597 1207/577 40/599
f 1156/597 40/599 1155/596
f 40/599 1207/577 1082/576
f 1153/598 1155/596 67/600
f 67/600 1155/596 40/599
f 1153/598 67/600 42/601
f 42/601 67/600 186/602
f 186/602 67/600 156/603
f 67/600 40/599 102/604
f 67/600 102/604 156/603
f 156/603 102/604 40/599
f 729/605 633/606 720/607
f 729/605 720/607 441/608
f 441/608 720/607 593/609
f 441/608 593/609 280/610
f 720/607 633/606 636/611
f 720/607 636/611 593/609
f 636/611 633/606 659/612
f 636/611 659/612 418/613
f 636/611 418/613 276/614
f 593/609 636/611 660/615
f 660/615 636/611 642/616
f 660/615 642/616 650/617
f 636/611 276/614 323/618
f 323/618 276/614 170/619
f 323/618 170/619 122/620
f 636/611 323/618 426/621
f 636/611 426/621 642/616
f 426/621 323/618 122/620
f 642/616 426/621 650/617
f 426/621 122/620 328/622
f 426/621 328/622 650/617
f 328/622 122/620 134/623
f 650/617 328/622 427/624
f 427/624 328/622 134/623
f 650/617 427/624 679/625
f 427/624 134/623 477/626
f 427/624 477/626 679/625
f 1510/627 1541/628 1500/629
f 1500/629 1541/628 1603/630
f 1500/629 1603/630 1618/631
f 1510/627 1500/629 1498/632
f 1510/627 1498/632 1432/633
f 1432/633 1498/632 1289/634
f 1432/633 1289/634 1326/635
f 359/636 441/637 68/638
f 68/638 441/637 280/639
f 68/638 280/639 1082/640
f 96/641 1120/642 127/643
f 96/641 127/643 262/644
f 262/644 127/643 418/645
f 418/645 127/643 276/646
f 276/646 127/643 170/647
f 127/643 1120/642 1211/648
f 1211/648 1120/642 1187/649
f 1187/649 1120/642 1169/650
f 1187/649 1169/650 1255/651
f 1187/649 1255/651 1211/648
f 1211/648 1255/651 1289/652
f 1289/652 1255/651 1326/653
f 1498/654 1500/655 1478/656
f 1478/656 1500/655 1526/657
f 1526/657 1500/655 1618/658
f 1498/654 1478/656 1322/659
f 1498/654 1322/659 1289/660
f 1289/660 1322/659 1253/661
f 1289/660 1253/661 1211/662
f 1253/661 1322/659 1306/663
f 1211/662 1253/661 1111/664
f 1111/664 1253/661 1306/663
f 1211/662 1111/664 127/665
f 1111/664 1306/663 1140/666
f 1140/666 1306/663 1304/667
f 1140/666 1304/667 1173/668
f 1304/667 1306/663 1448/669
f 280/670 168/671 1082/672
f 1082/672 168/671 40/673
f 40/673 168/671 156/674
f 168/671 280/670 453/675
f 453/675 280/670 593/676
f 156/674 168/671 277/677
f 277/677 168/671 453/675
f 156/674 277/677 186/678
f 453/675 593/676 660/679
f 453/675 660/679 684/680
f 684/680 660/679 650/681
f 277/677 453/675 436/682
f 277/677 436/682 186/678
f 436/682 453/675 684/680
f 186/678 436/682 469/683
f 186/678 469/683 136/684
f 436/682 684/680 663/685
f 436/682 663/685 469/683
f 663/685 684/680 650/681
f 469/683 663/685 679/686
f 679/686 663/685 650/681
f 127/687 1111/688 170/689
f 170/689 1111/688 122/690
f 122/690 1111/688 1140/691
f 122/690 1140/691 134/692
f 134/692 1140/691 1173/693
f 1348/694 1438/695 1277/696
f 1438/695 1348/694 1530/697
f 1348/694 1277/696 1153/698
f 1486/699 1497/700 1530/697
f 1486/699 1530/697 1514/701
f 1486/699 1514/701 1469/702
f 1469/702 1514/701 1538/703
f 1538/703 1514/701 1509/704
f 1509/704 1514/701 1536/705
f 1514/701 1530/697 1517/706
f 1514/701 1517/706 1536/705
f 1517/706 1530/697 1348/694
f 1536/705 1517/706 1411/707
f 1411/707 1517/706 1348/694
f 1536/705 1411/707 1420/708
f 1420/708 1411/707 1270/709
f 1270/709 1411/707 1348/694
f 1420/708 1270/709 1247/710
f 1247/710 1270/709 1189/711
f 1270/709 1348/694 1230/712
f 1270/709 1230/712 1189/711
f 1230/712 1348/694 1153/698
f 1230/712 1153/698 1212/713
f 1230/712 1212/713 1142/714
f 1142/714 1212/713 1153/698
f 1189/711 1230/712 37/715
f 37/715 1230/712 1142/714
f 1142/714 1153/698 32/716
f 1142/714 32/716 37/715
f 32/716 1153/698 42/717
f 1189/711 37/715 78/718
f 32/716 42/717 143/719
f 32/716 143/719 37/715
f 78/718 37/715 218/720
f 78/718 218/720 408/721
f 37/715 143/719 136/722
f 136/722 143/719 42/717
f 37/715 136/722 218/720
f 218/720 136/722 408/721
f 136/722 42/717 186/723
f 408/721 136/722 469/724
f 1173/725 1304/726 1257/727
f 1173/725 1257/727 1305/728
f 1257/727 1304/726 1343/729
f 1257/727 1343/729 1305/728
f 1343/729 1304/726 1486/730
f 1343/729 1486/730 1305/728
f 679/731 608/732 469/733
f 469/733 608/732 408/734
f 608/732 679/731 653/735
f 653/735 679/731 477/736
f 653/735 477/736 530/737
f 477/738 134/739 212/740
f 212/740 134/739 34/741
f 1173/742 34/743 134/744
f 653/745 646/746 608/747
f 608/747 646/746 408/748
f 408/748 646/746 639/749
f 639/749 646/746 624/750
f 624/750 646/746 653/745
f 624/750 653/745 661/751
f 661/751 653/745 530/752
f 661/751 530/752 534/753
f 345/754 530/755 477/756
f 345/754 477/756 212/757
f 530/755 345/754 534/758
f 345/754 212/757 185/759
f 185/759 212/757 34/760
f 534/758 345/754 329/761
f 329/761 345/754 185/759
f 185/759 34/760 1096/762
f 534/758 329/761 322/763
f 534/758 322/763 521/764
f 329/761 185/759 202/765
f 329/761 202/765 322/763
f 185/759 1096/762 54/766
f 185/759 54/766 202/765
f 54/766 1096/762 1227/767
f 1227/767 1096/762 1305/768
f 1227/767 1305/768 1349/769
f 1227/767 1349/769 1365/770
f 1227/767 1365/770 1279/771
f 1279/771 1365/770 1357/772
f 1227/767 1279/771 1181/773
f 1227/767 1181/773 29/774
f 1227/767 29/774 54/766
f 54/766 29/774 209/775
f 54/766 209/775 202/765
f 209/775 29/774 223/776
f 223/776 29/774 31/777
f 209/775 223/776 364/778
f 202/765 209/775 388/779
f 388/779 209/775 364/778
f 202/765 388/779 322/763
f 322/763 388/779 521/764
f 388/779 364/778 541/780
f 388/779 541/780 521/764
f 541/780 364/778 565/781
f 521/764 541/780 654/782
f 541/780 565/781 656/783
f 541/780 656/783 654/782
f 1486/784 1469/785 1305/786
f 1305/786 1469/785 1453/787
f 1173/788 1096/789 34/790
f 1096/789 1173/788 1305/791
f 639/792 417/793 408/794
f 408/794 417/793 78/795
f 78/796 53/797 1189/798
f 1189/798 53/797 1247/799
f 53/797 78/796 417/800
f 1247/799 53/797 26/801
f 59/802 1196/803 26/801
f 59/802 26/801 398/804
f 26/801 53/797 439/805
f 26/801 439/805 398/804
f 439/805 53/797 417/800
f 398/804 439/805 622/806
f 439/805 417/800 629/807
f 439/805 629/807 622/806
f 629/807 417/800 639/808
f 398/804 622/806 631/809
f 629/807 639/808 621/810
f 629/807 621/810 622/806
f 621/810 639/808 624/811
f 631/809 622/806 654/812
f 654/812 622/806 621/810
f 631/809 654/812 656/813
f 654/812 621/810 669/814
f 654/812 669/814 521/815
f 1469/816 1538/817 1453/818
f 1453/818 1538/817 1535/819
f 1535/819 1538/817 1512/820
f 1305/821 1453/822 1349/823
f 1349/823 1453/822 1365/824
f 1365/824 1453/822 1535/825
f 534/826 669/827 661/828
f 661/828 669/827 624/829
f 669/830 621/831 624/832
f 1509/833 1536/834 1512/835
f 1512/835 1536/834 1420/836
f 1509/833 1512/835 1538/837
f 534/838 521/839 669/840
f 1247/841 1418/842 1420/843
f 1420/843 1418/842 1512/844
f 1247/845 26/846 1196/847
f 1247/845 1196/847 1418/848
f 1418/848 1196/847 1407/849
f 1418/848 1407/849 1515/850
f 1418/848 1515/850 1512/851
f 631/852 517/853 398/854
f 398/854 517/853 392/855
f 398/854 392/855 59/856
f 392/855 517/853 386/857
f 392/855 386/857 59/856
f 386/857 517/853 536/858
f 536/858 517/853 631/852
f 59/856 386/857 119/859
f 386/857 536/858 349/860
f 386/857 349/860 119/859
f 349/860 536/858 528/861
f 536/858 631/852 677/862
f 536/858 677/862 528/861
f 677/862 631/852 630/863
f 630/863 631/852 656/864
f 630/863 656/864 565/865
f 630/863 565/865 406/866
f 349/860 528/861 508/867
f 528/861 677/862 697/868
f 528/861 697/868 508/867
f 677/862 630/863 632/869
f 677/862 632/869 697/868
f 630/863 406/866 531/870
f 630/863 531/870 632/869
f 531/870 406/866 358/871
f 358/871 406/866 203/872
f 632/869 531/870 513/873
f 513/873 531/870 358/871
f 697/868 632/869 626/874
f 626/874 632/869 513/873
f 358/871 203/872 363/875
f 358/871 363/875 513/873
f 363/875 203/872 221/876
f 513/873 363/875 387/877
f 387/877 363/875 221/876
f 513/873 387/877 626/874
f 387/877 221/876 338/878
f 708/879 697/868 626/874
f 697/868 708/879 508/867
f 626/874 387/877 557/880
f 557/880 387/877 338/878
f 708/879 626/874 717/881
f 717/881 626/874 557/880
f 557/880 338/878 527/882
f 527/882 338/878 340/883
f 717/881 557/880 709/884
f 709/884 557/880 527/882
f 527/882 340/883 348/885
f 717/881 709/884 681/886
f 717/881 681/886 708/879
f 219/887 368/888 348/885
f 348/885 368/888 498/889
f 527/882 348/885 539/890
f 539/890 348/885 498/889
f 539/890 498/889 652/891
f 652/891 498/889 613/892
f 527/882 539/890 696/893
f 696/893 539/890 652/891
f 527/882 696/893 709/884
f 696/893 652/891 694/894
f 709/884 696/893 673/895
f 709/884 673/895 681/886
f 696/893 694/894 664/896
f 696/893 664/896 673/895
f 664/896 694/894 655/897
f 664/896 655/897 506/898
f 673/895 664/896 507/899
f 507/899 664/896 506/898
f 681/886 673/895 545/900
f 545/900 673/895 507/899
f 681/886 545/900 552/901
f 681/886 552/901 708/879
f 708/879 552/901 508/867
f 552/901 545/900 326/902
f 326/902 545/900 507/899
f 508/867 552/901 316/903
f 316/903 552/901 326/902
f 508/867 316/903 349/860
f 349/860 316/903 119/859
f 326/902 507/899 336/904
f 385/905 507/899 506/898
f 507/899 385/905 336/904
f 385/905 506/898 401/906
f 385/905 401/906 93/907
f 336/904 385/905 126/908
f 336/904 126/908 326/902
f 126/908 385/905 93/907
f 115/909 316/903 326/902
f 316/903 115/909 119/859
f 115/909 326/902 126/908
f 126/908 93/907 1148/910
f 1148/910 93/907 46/911
f 115/909 126/908 1099/912
f 126/908 1148/910 1237/913
f 126/908 1237/913 1099/912
f 1237/913 1148/910 1351/914
f 1351/914 1148/910 1387/915
f 1099/912 1237/913 1215/916
f 1215/916 1237/913 1351/914
f 115/909 1099/912 1095/917
f 1095/917 1099/912 1215/916
f 115/909 1095/917 119/859
f 1351/914 1387/915 1461/918
f 1461/918 1387/915 1470/919
f 1461/918 1470/919 1564/920
f 119/859 1095/917 1171/921
f 119/859 1171/921 59/856
f 59/856 1171/921 1196/922
f 1171/921 1095/917 1232/923
f 1232/923 1095/917 1215/916
f 1196/922 1171/921 1395/924
f 1395/924 1171/921 1232/923
f 1196/922 1395/924 1407/925
f 1232/923 1215/916 1347/926
f 1347/926 1215/916 1351/914
f 1232/923 1347/926 1395/924
f 1407/925 1395/924 1548/927
f 1407/925 1548/927 1515/928
f 1548/927 1395/924 1529/929
f 1395/924 1347/926 1444/930
f 1444/930 1347/926 1351/914
f 1395/924 1444/930 1529/929
f 1444/930 1351/914 1461/918
f 1529/929 1444/930 1545/931
f 1545/931 1444/930 1461/918
f 1529/929 1545/931 1571/932
f 1545/931 1461/918 1564/920
f 1545/931 1564/920 1557/933
f 1557/933 1564/920 1492/934
f 1557/933 1492/934 1477/935
f 1365/936 1535/937 1460/938
f 1460/938 1535/937 1512/939
f 1365/936 1460/938 1357/940
f 1512/941 1504/942 1460/943
f 29/944 1181/945 31/946
f 31/946 1181/945 1163/947
f 1163/947 1181/945 1260/948
f 1260/948 1181/945 1279/949
f 1260/948 1279/949 1357/950
f 1260/948 1357/950 1362/951
f 31/946 1163/947 30/952
f 30/952 1163/947 73/953
f 31/946 30/952 203/954
f 31/946 203/954 223/955
f 223/955 203/954 362/956
f 362/956 203/954 406/957
f 223/955 362/956 364/958
f 362/956 406/957 565/959
f 362/956 565/959 364/958
f 1512/960 1515/961 1504/962
f 1504/962 1515/961 1548/963
f 1504/962 1548/963 1502/964
f 1357/965 1460/966 1504/967
f 1357/965 1504/967 1362/968
f 1362/968 1504/967 1502/969
f 1362/968 1502/969 1366/970
f 1366/970 1502/969 1364/971
f 1364/971 1502/969 1477/972
f 1366/970 1364/971 1269/973
f 1364/971 1477/972 1361/974
f 1364/971 1361/974 1269/973
f 1361/974 1477/972 1492/975
f 1361/974 1492/975 1359/976
f 1359/976 1492/975 1373/977
f 1269/973 1361/974 1267/978
f 1267/978 1361/974 1359/976
f 1267/978 1359/976 1273/979
f 1267/978 1273/979 1184/980
f 1269/973 1267/978 1098/981
f 1098/981 1267/978 1184/980
f 1098/981 1184/980 45/982
f 1098/981 45/982 219/983
f 1098/981 219/983 232/984
f 232/984 219/983 348/985
f 1098/981 232/984 213/986
f 232/984 348/985 340/987
f 232/984 340/987 213/986
f 213/986 340/987 338/988
f 1548/989 1571/990 1502/991
f 1502/991 1571/990 1477/992
f 1571/990 1548/989 1529/993
f 1260/994 1266/995 1163/996
f 1266/995 1260/994 1362/997
f 1266/995 1362/997 1366/998
f 1266/995 1366/998 1269/999
f 1266/995 1269/999 1163/996
f 1163/996 1269/999 1098/1000
f 73/1001 203/1002 30/1003
f 203/1002 73/1001 221/1004
f 221/1004 73/1001 213/1005
f 221/1004 213/1005 338/1006
f 73/1007 1163/1008 1098/1009
f 73/1007 1098/1009 213/1010
f 1477/1011 1571/1012 1557/1013
f 1557/1013 1571/1012 1545/1014
f 1148/1015 1280/1016 1387/1017
f 1280/1016 1148/1015 1168/1018
f 1168/1018 1148/1015 46/1019
f 1387/1017 1280/1016 1392/1020
f 1387/1017 1392/1020 1470/1021
f 1280/1016 1168/1018 1197/1022
f 1392/1020 1280/1016 1443/1023
f 1443/1023 1280/1016 1197/1022
f 1470/1021 1392/1020 1539/1024
f 1470/1021 1539/1024 1564/1025
f 1539/1024 1392/1020 1638/1026
f 1638/1026 1392/1020 1443/1023
f 1564/1025 1539/1024 1560/1027
f 1560/1027 1539/1024 1638/1026
f 1564/1025 1560/1027 1492/1028
f 1492/1028 1560/1027 1473/1029
f 1492/1028 1473/1029 1373/1030
f 1560/1027 1638/1026 1628/1031
f 1560/1027 1628/1031 1473/1029
f 1638/1026 1443/1023 1577/1032
f 1638/1026 1577/1032 1640/1033
f 1638/1026 1640/1033 1628/1031
f 1577/1032 1443/1023 1493/1034
f 1640/1033 1577/1032 1604/1035
f 1604/1035 1577/1032 1493/1034
f 1628/1031 1640/1033 1613/1036
f 1613/1036 1640/1033 1604/1035
f 1483/1037 1473/1029 1628/1031
f 1604/1035 1493/1034 1621/1038
f 1604/1035 1621/1038 1561/1039
f 1604/1035 1561/1039 1613/1036
f 1561/1039 1621/1038 1576/1040
f 1561/1039 1576/1040 1613/1036
f 1621/1038 1493/1034 1467/1041
f 1467/1041 1493/1034 1262/1042
f 1262/1042 1493/1034 1125/1043
f 1243/1044 1493/1034 1443/1023
f 1493/1034 1243/1044 1125/1043
f 1243/1044 1443/1023 1197/1022
f 1125/1043 1243/1044 152/1045
f 1125/1043 152/1045 241/1046
f 1243/1044 1197/1022 15/1047
f 1243/1044 15/1047 152/1045
f 241/1046 152/1045 253/1048
f 241/1046 253/1048 399/1049
f 399/1049 253/1048 152/1045
f 399/1049 152/1045 334/1050
f 334/1050 152/1045 15/1047
f 15/1047 1197/1022 214/1051
f 15/1047 214/1051 334/1050
f 214/1051 1197/1022 82/1052
f 82/1052 1197/1022 1168/1018
f 82/1052 1168/1018 46/1019
f 214/1051 82/1052 295/1053
f 295/1053 82/1052 46/1019
f 334/1050 214/1051 548/1054
f 548/1054 214/1051 295/1053
f 295/1053 46/1019 401/1055
f 401/1055 46/1019 93/1056
f 548/1054 295/1053 474/1057
f 474/1057 295/1053 401/1055
f 334/1050 548/1054 748/1058
f 474/1057 401/1055 533/1059
f 533/1059 401/1055 506/1060
f 533/1059 506/1060 655/1061
f 548/1054 474/1057 738/1062
f 548/1054 738/1062 748/1058
f 474/1057 533/1059 635/1063
f 474/1057 635/1063 738/1062
f 533/1059 655/1061 689/1064
f 533/1059 689/1064 635/1063
f 689/1064 655/1061 694/1065
f 635/1063 689/1064 698/1066
f 698/1066 689/1064 694/1065
f 738/1062 635/1063 789/1067
f 738/1062 789/1067 748/1058
f 789/1067 635/1063 698/1066
f 698/1066 694/1065 613/1068
f 613/1068 694/1065 652/1069
f 698/1066 613/1068 644/1070
f 698/1066 644/1070 759/1071
f 698/1066 759/1071 789/1067
f 789/1067 759/1071 777/1072
f 789/1067 777/1072 748/1058
f 748/1058 777/1072 733/1073
f 733/1073 777/1072 723/1074
f 733/1073 723/1074 732/1075
f 748/1058 733/1073 585/1076
f 585/1076 733/1073 744/1077
f 748/1058 585/1076 334/1050
f 334/1050 585/1076 399/1049
f 399/1049 585/1076 562/1078
f 1273/1079 1359/1080 1373/1030
f 1273/1079 1373/1030 1363/1081
f 1363/1081 1373/1030 1473/1029
f 1363/1081 1473/1029 1483/1037
f 1273/1079 1363/1081 1274/1082
f 1273/1079 1274/1082 1184/1083
f 1363/1081 1483/1037 1296/1084
f 1363/1081 1296/1084 1274/1082
f 1184/1083 1274/1082 1117/1085
f 1117/1085 1274/1082 1296/1084
f 1184/1083 1117/1085 45/1086
f 45/1086 1117/1085 63/1087
f 1117/1085 1296/1084 43/1088
f 1117/1085 43/1088 63/1087
f 45/1086 63/1087 225/1089
f 225/1089 63/1087 43/1088
f 45/1086 225/1089 219/1090
f 219/1090 225/1089 368/1091
f 368/1091 225/1089 365/1092
f 365/1092 225/1089 43/1088
f 613/1093 498/1094 368/1091
f 613/1093 368/1091 492/1095
f 492/1095 368/1091 365/1092
f 613/1093 492/1095 644/1096
f 644/1096 492/1095 574/1097
f 574/1097 492/1095 365/1092
f 644/1096 574/1097 759/1098
f 759/1098 574/1097 672/1099
f 759/1098 672/1099 777/1100
f 777/1100 672/1099 723/1101
f 723/1101 672/1099 599/1102
f 723/1101 599/1102 616/1103
f 616/1103 599/1102 416/1104
f 416/1104 599/1102 672/1099
f 616/1103 416/1104 319/1105
f 410/1106 672/1099 574/1097
f 672/1099 410/1106 416/1104
f 319/1105 416/1104 269/1107
f 269/1107 416/1104 410/1106
f 410/1106 574/1097 191/1108
f 191/1108 574/1097 365/1092
f 410/1106 191/1108 269/1107
f 191/1108 365/1092 43/1088
f 319/1105 269/1107 157/1109
f 319/1105 157/1109 74/1110
f 269/1107 191/1108 25/1111
f 25/1111 191/1108 43/1088
f 157/1109 269/1107 69/1112
f 157/1109 69/1112 74/1110
f 69/1112 269/1107 25/1111
f 74/1110 69/1112 1137/1113
f 1137/1113 69/1112 25/1111
f 74/1110 1137/1113 1104/1114
f 25/1111 43/1088 1175/1115
f 25/1111 1175/1115 1137/1113
f 1175/1115 43/1088 1296/1084
f 1104/1114 1137/1113 1202/1116
f 1175/1115 1296/1084 1338/1117
f 1175/1115 1338/1117 1137/1113
f 1338/1117 1296/1084 1483/1037
f 1202/1116 1137/1113 1292/1118
f 1292/1118 1137/1113 1338/1117
f 1202/1116 1292/1118 1372/1119
f 1338/1117 1483/1037 1507/1120
f 1507/1120 1483/1037 1628/1031
f 1507/1120 1628/1031 1613/1036
f 1338/1117 1507/1120 1495/1121
f 1338/1117 1495/1121 1292/1118
f 1495/1121 1507/1120 1613/1036
f 1292/1118 1495/1121 1372/1119
f 1495/1121 1613/1036 1505/1122
f 1495/1121 1505/1122 1372/1119
f 1372/1119 1505/1122 1454/1123
f 1505/1122 1613/1036 1576/1040
f 1505/1122 1576/1040 1600/1124
f 241/1125 10/1126 1125/1127
f 10/1126 241/1125 91/1128
f 10/1126 91/1128 1/1129
f 1/1129 91/1128 88/1130
f 145/1131 117/1132 91/1128
f 91/1128 117/1132 88/1130
f 88/1130 117/1132 238/1133
f 88/1130 238/1133 290/1134
f 1/1129 88/1130 52/1135
f 88/1130 290/1134 267/1136
f 88/1130 267/1136 52/1135
f 52/1135 267/1136 62/1137
f 52/1135 62/1137 1091/1138
f 52/1135 1091/1138 1115/1139
f 1115/1139 1091/1138 1145/1140
f 1115/1139 1145/1140 1176/1141
f 1176/1141 1145/1140 1194/1142
f 1145/1140 1091/1138 1089/1143
f 1089/1143 1091/1138 41/1144
f 41/1144 1091/1138 62/1137
f 293/1145 62/1137 267/1136
f 293/1145 267/1136 272/1146
f 272/1146 267/1136 282/1147
f 62/1137 293/1145 332/1148
f 62/1137 332/1148 41/1144
f 293/1145 272/1146 379/1149
f 379/1149 272/1146 282/1147
f 293/1145 379/1149 332/1148
f 379/1149 282/1147 259/1150
f 332/1148 379/1149 473/1151
f 473/1151 379/1149 259/1150
f 473/1151 259/1150 335/1152
f 335/1152 259/1150 246/1153
f 473/1151 335/1152 546/1154
f 332/1148 473/1151 374/1155
f 374/1155 473/1151 546/1154
f 332/1148 374/1155 41/1144
f 374/1155 546/1154 413/1156
f 413/1156 546/1154 670/1157
f 413/1156 670/1157 458/1158
f 413/1156 458/1158 216/1159
f 374/1155 413/1156 137/1160
f 374/1155 137/1160 41/1144
f 137/1160 413/1156 216/1159
f 41/1144 137/1160 148/1161
f 148/1161 137/1160 216/1159
f 1125/1162 10/1163 1262/1164
f 1262/1164 10/1163 1308/1165
f 1308/1165 10/1163 1147/1166
f 1262/1164 1308/1165 1467/1167
f 1308/1165 1147/1166 1314/1168
f 1308/1165 1314/1168 1568/1169
f 1308/1165 1568/1169 1467/1167
f 1568/1169 1314/1168 1368/1170
f 1568/1169 1368/1170 1597/1171
f 1467/1167 1568/1169 1602/1172
f 1467/1167 1602/1172 1621/1173
f 1602/1172 1568/1169 1634/1174
f 1621/1173 1602/1172 1600/1175
f 1600/1175 1602/1172 1634/1174
f 1621/1173 1600/1175 1576/1176
f 1634/1174 1568/1169 1573/1177
f 1600/1175 1634/1174 1614/1178
f 1614/1178 1634/1174 1573/1177
f 1600/1175 1614/1178 1491/1179
f 1633/1180 1556/1181 1573/1177
f 1454/1182 1505/1183 1600/1175
f 1454/1182 1600/1175 1491/1179
f 1573/1177 1556/1181 1589/1184
f 1614/1178 1573/1177 1551/1185
f 1551/1185 1573/1177 1589/1184
f 1589/1184 1556/1181 1533/1186
f 1533/1186 1556/1181 1585/1187
f 1551/1185 1589/1184 1511/1188
f 1511/1188 1589/1184 1533/1186
f 1614/1178 1551/1185 1664/1189
f 1614/1178 1664/1189 1491/1179
f 1551/1185 1511/1188 1672/1190
f 1551/1185 1672/1190 1664/1189
f 1511/1188 1533/1186 1703/1191
f 1511/1188 1703/1191 1672/1190
f 1703/1191 1533/1186 1750/1192
f 1664/1189 1672/1190 1657/1193
f 1664/1189 1657/1193 1491/1179
f 1672/1190 1703/1191 1698/1194
f 1672/1190 1698/1194 1657/1193
f 1703/1191 1750/1192 1760/1195
f 1698/1194 1703/1191 1740/1196
f 1740/1196 1703/1191 1760/1195
f 1760/1195 1750/1192 1784/1197
f 1784/1197 1750/1192 1824/1198
f 1740/1196 1760/1195 1757/1199
f 1757/1199 1760/1195 1779/1200
f 1779/1200 1760/1195 1784/1197
f 1740/1196 1757/1199 1742/1201
f 1742/1201 1757/1199 1779/1200
f 1715/1202 1698/1194 1740/1196
f 1715/1202 1740/1196 1742/1201
f 1698/1194 1715/1202 1676/1203
f 1698/1194 1676/1203 1657/1193
f 1715/1202 1742/1201 1717/1204
f 1715/1202 1717/1204 1676/1203
f 1657/1193 1676/1203 1626/1205
f 1657/1193 1626/1205 1550/1206
f 1626/1205 1676/1203 1479/1207
f 1626/1205 1479/1207 1550/1206
f 1479/1207 1676/1203 1717/1204
f 1657/1193 1550/1206 1451/1208
f 1451/1208 1550/1206 1479/1207
f 1657/1193 1451/1208 1491/1179
f 1765/1209 1717/1204 1742/1201
f 1765/1209 1742/1201 1779/1200
f 1491/1179 1451/1208 1370/1210
f 1370/1210 1451/1208 1479/1207
f 1491/1179 1370/1210 1382/1211
f 1491/1179 1382/1211 1454/1182
f 1765/1209 1779/1200 1782/1212
f 1782/1212 1779/1200 1784/1197
f 1782/1212 1784/1197 1827/1213
f 1782/1212 1827/1213 1765/1209
f 1827/1213 1784/1197 1824/1198
f 1765/1209 1827/1213 1823/1214
f 1827/1213 1824/1198 1845/1215
f 1827/1213 1845/1215 1823/1214
f 1845/1215 1824/1198 1853/1216
f 1845/1215 1853/1216 1857/1217
f 1845/1215 1857/1217 1856/1218
f 1823/1214 1845/1215 1799/1219
f 1823/1214 1799/1219 1765/1209
f 1765/1209 1799/1219 1754/1220
f 1765/1209 1754/1220 1717/1204
f 1717/1204 1754/1220 1655/1221
f 1717/1204 1655/1221 1479/1207
f 1479/1207 1655/1221 1256/1222
f 1256/1222 1655/1221 1307/1223
f 1256/1222 1307/1223 1248/1224
f 1256/1222 1248/1224 1157/1225
f 1256/1222 1157/1225 1130/1226
f 1256/1222 1130/1226 1138/1227
f 1479/1207 1256/1222 1249/1228
f 1249/1228 1256/1222 1138/1227
f 1249/1228 1138/1227 1251/1229
f 1251/1229 1138/1227 1119/1230
f 1479/1207 1249/1228 1298/1231
f 1298/1231 1249/1228 1251/1229
f 1298/1231 1251/1229 1119/1230
f 1479/1207 1298/1231 1370/1210
f 1298/1231 1119/1230 1228/1232
f 1298/1231 1228/1232 1370/1210
f 1370/1210 1228/1232 1382/1211
f 1382/1211 1228/1232 1134/1233
f 1134/1233 1228/1232 9/1234
f 1382/1211 1134/1233 1182/1235
f 1182/1235 1134/1233 3/1236
f 1182/1235 3/1236 1202/1237
f 1202/1237 3/1236 1104/1238
f 1382/1211 1182/1235 1327/1239
f 1327/1239 1182/1235 1202/1237
f 1382/1211 1327/1239 1454/1182
f 1327/1239 1202/1237 1372/1240
f 1327/1239 1372/1240 1454/1182
f 562/1241 241/1242 399/1243
f 241/1242 562/1241 518/1244
f 241/1242 518/1244 91/1245
f 744/1246 562/1241 585/1247
f 562/1241 744/1246 740/1248
f 740/1248 744/1246 732/1249
f 732/1249 744/1246 733/1250
f 562/1241 740/1248 766/1251
f 562/1241 766/1251 518/1244
f 766/1251 740/1248 786/1252
f 145/1253 91/1245 518/1244
f 766/1251 786/1252 640/1254
f 766/1251 640/1254 518/1244
f 640/1254 786/1252 724/1255
f 640/1254 724/1255 692/1256
f 692/1256 724/1255 788/1257
f 518/1244 640/1254 393/1258
f 518/1244 393/1258 145/1253
f 393/1258 640/1254 577/1259
f 577/1259 640/1254 692/1256
f 692/1256 788/1257 859/1260
f 859/1260 788/1257 840/1261
f 692/1256 859/1260 797/1262
f 692/1256 797/1262 662/1263
f 692/1256 662/1263 577/1259
f 797/1262 859/1260 920/1264
f 662/1263 797/1262 914/1265
f 914/1265 797/1262 920/1264
f 577/1259 662/1263 667/1266
f 667/1266 662/1263 914/1265
f 577/1259 667/1266 560/1267
f 667/1266 914/1265 941/1268
f 577/1259 560/1267 409/1269
f 941/1268 914/1265 958/1270
f 958/1270 914/1265 948/1271
f 948/1271 914/1265 920/1264
f 958/1270 948/1271 959/1272
f 958/1270 959/1272 963/1273
f 959/1272 948/1271 960/1274
f 959/1272 960/1274 963/1273
f 577/1259 409/1269 419/1275
f 577/1259 419/1275 393/1258
f 419/1275 409/1269 288/1276
f 288/1276 409/1269 246/1277
f 288/1276 246/1277 315/1278
f 315/1278 246/1277 259/1279
f 288/1276 315/1278 252/1280
f 252/1280 315/1278 259/1279
f 288/1276 252/1280 419/1275
f 252/1280 259/1279 282/1281
f 238/1282 393/1258 419/1275
f 238/1282 419/1275 252/1280
f 252/1280 282/1281 290/1283
f 252/1280 290/1283 238/1282
f 290/1283 282/1281 267/1284
f 393/1258 238/1282 145/1253
f 10/1285 117/1286 145/1253
f 10/1285 145/1253 1147/1287
f 1147/1287 145/1253 1115/1288
f 1115/1288 145/1253 238/1282
f 1115/1288 238/1282 10/1289
f 10/1289 238/1282 117/1290
f 1115/1288 10/1289 1/1291
f 1115/1288 1/1291 52/1292
f 458/1293 317/1294 216/1295
f 216/1295 317/1294 148/1296
f 317/1294 458/1293 614/1297
f 614/1297 458/1293 670/1298
f 148/1296 317/1294 183/1299
f 614/1297 670/1298 734/1300
f 148/1296 183/1299 161/1301
f 317/1294 614/1297 710/1302
f 710/1302 614/1297 734/1300
f 183/1299 317/1294 311/1303
f 311/1303 317/1294 710/1302
f 183/1299 311/1303 189/1304
f 183/1299 189/1304 161/1301
f 189/1304 311/1303 494/1305
f 189/1304 494/1305 161/1301
f 311/1303 710/1302 706/1306
f 311/1303 706/1306 494/1305
f 762/1307 710/1302 734/1300
f 710/1302 762/1307 706/1306
f 706/1306 762/1307 702/1308
f 706/1306 702/1308 494/1305
f 762/1307 734/1300 693/1309
f 762/1307 693/1309 702/1308
f 526/1310 734/1300 670/1298
f 734/1300 526/1310 693/1309
f 526/1310 670/1298 546/1311
f 526/1310 546/1311 335/1312
f 494/1305 702/1308 753/1313
f 753/1313 702/1308 693/1309
f 494/1305 753/1313 495/1314
f 494/1305 495/1314 204/1315
f 494/1305 204/1315 161/1301
f 495/1314 753/1313 746/1316
f 746/1316 753/1313 754/1317
f 754/1317 753/1313 693/1309
f 746/1316 754/1317 580/1318
f 754/1317 693/1309 505/1319
f 746/1316 580/1318 446/1320
f 746/1316 446/1320 495/1314
f 495/1314 446/1320 204/1315
f 204/1315 446/1320 249/1321
f 249/1321 446/1320 452/1322
f 204/1315 249/1321 49/1323
f 49/1323 249/1321 188/1324
f 204/1315 49/1323 20/1325
f 204/1315 20/1325 161/1301
f 20/1325 49/1323 1093/1326
f 20/1325 1093/1326 1186/1327
f 20/1325 1186/1327 1139/1328
f 188/1324 249/1321 284/1329
f 188/1324 284/1329 271/1330
f 284/1329 249/1321 443/1331
f 271/1330 284/1329 460/1332
f 460/1332 284/1329 443/1331
f 20/1325 1139/1328 1126/1333
f 1126/1333 1139/1328 1194/1334
f 1126/1333 1194/1334 1145/1335
f 1126/1333 1145/1335 1089/1336
f 1126/1333 1089/1336 20/1325
f 20/1325 1089/1336 161/1301
f 161/1301 1089/1336 148/1296
f 148/1296 1089/1336 41/1337
f 1147/1338 1176/1339 1314/1340
f 1176/1339 1147/1338 1115/1341
f 1314/1340 1176/1339 1300/1342
f 1283/1343 1176/1339 1194/1344
f 1176/1339 1283/1343 1300/1342
f 1314/1340 1300/1342 1368/1345
f 1300/1342 1283/1343 1350/1346
f 1300/1342 1350/1346 1344/1347
f 1300/1342 1344/1347 1368/1345
f 1344/1347 1350/1346 1474/1348
f 1368/1345 1344/1347 1428/1349
f 1428/1349 1344/1347 1474/1348
f 1368/1345 1428/1349 1570/1350
f 1368/1345 1570/1350 1624/1351
f 1368/1345 1624/1351 1597/1352
f 1570/1350 1428/1349 1606/1353
f 1624/1351 1570/1350 1656/1354
f 1624/1351 1656/1354 1597/1352
f 1656/1354 1570/1350 1606/1353
f 1606/1353 1428/1349 1601/1355
f 1601/1355 1428/1349 1474/1348
f 1606/1353 1601/1355 1656/1354
f 1601/1355 1474/1348 1668/1356
f 1601/1355 1668/1356 1656/1354
f 1668/1356 1474/1348 1645/1357
f 1633/1358 1597/1352 1656/1354
f 1597/1352 1633/1358 1568/1359
f 1568/1359 1633/1358 1573/1360
f 1701/1361 1556/1362 1633/1358
f 1701/1361 1633/1358 1708/1363
f 1708/1363 1633/1358 1656/1354
f 1661/1364 1645/1357 1474/1348
f 1661/1364 1474/1348 1350/1346
f 1661/1364 1350/1346 1692/1365
f 1645/1357 1661/1364 1688/1366
f 1645/1357 1688/1366 1668/1356
f 1661/1364 1692/1365 1707/1367
f 1661/1364 1707/1367 1688/1366
f 1707/1367 1692/1365 1739/1368
f 1687/1369 1656/1354 1668/1356
f 1687/1369 1668/1356 1688/1366
f 1656/1354 1687/1369 1708/1363
f 1688/1366 1707/1367 1734/1370
f 1734/1370 1707/1367 1739/1368
f 1688/1366 1734/1370 1687/1369
f 1687/1369 1734/1370 1708/1363
f 1734/1370 1739/1368 1751/1371
f 1708/1363 1734/1370 1763/1372
f 1763/1372 1734/1370 1751/1371
f 616/1373 732/1374 723/1375
f 732/1374 616/1373 637/1376
f 732/1374 637/1376 740/1377
f 740/1377 637/1376 786/1378
f 637/1376 616/1373 470/1379
f 470/1379 616/1373 319/1380
f 786/1378 637/1376 675/1381
f 470/1379 319/1380 247/1382
f 247/1382 319/1380 74/1383
f 247/1382 74/1383 3/1384
f 3/1384 74/1383 1104/1385
f 470/1379 247/1382 384/1386
f 470/1379 384/1386 637/1376
f 247/1382 3/1384 297/1387
f 247/1382 297/1387 384/1386
f 297/1387 3/1384 1134/1388
f 637/1376 384/1386 447/1389
f 637/1376 447/1389 675/1381
f 447/1389 384/1386 297/1387
f 675/1381 447/1389 412/1390
f 412/1390 447/1389 297/1387
f 297/1387 1134/1388 9/1391
f 628/1392 786/1378 675/1381
f 628/1392 675/1381 412/1390
f 786/1378 628/1392 724/1393
f 724/1393 628/1392 788/1394
f 788/1394 628/1392 700/1395
f 788/1394 700/1395 787/1396
f 788/1394 787/1396 840/1397
f 840/1397 787/1396 851/1398
f 851/1398 787/1396 700/1395
f 840/1397 851/1398 883/1399
f 851/1398 700/1395 805/1400
f 851/1398 805/1400 883/1399
f 840/1397 883/1399 876/1401
f 840/1397 876/1401 859/1402
f 859/1402 876/1401 900/1403
f 900/1403 876/1401 883/1399
f 900/1403 883/1399 928/1404
f 928/1404 883/1399 916/1405
f 928/1404 916/1405 927/1406
f 916/1405 883/1399 895/1407
f 927/1406 916/1405 931/1408
f 931/1408 916/1405 895/1407
f 927/1406 931/1408 940/1409
f 940/1409 931/1408 932/1410
f 932/1410 931/1408 895/1407
f 895/1407 883/1399 848/1411
f 848/1411 883/1399 805/1400
f 932/1410 895/1407 924/1412
f 895/1407 848/1411 874/1413
f 895/1407 874/1413 924/1412
f 874/1413 848/1411 835/1414
f 835/1414 848/1411 805/1400
f 924/1412 874/1413 930/1415
f 930/1415 874/1413 835/1414
f 932/1410 924/1412 945/1416
f 945/1416 924/1412 930/1415
f 932/1410 945/1416 950/1417
f 932/1410 950/1417 955/1418
f 955/1418 950/1417 956/1419
f 956/1419 950/1417 945/1416
f 956/1419 945/1416 957/1420
f 957/1420 945/1416 930/1415
f 956/1419 957/1420 961/1421
f 971/1422 957/1420 969/1423
f 969/1423 957/1420 888/1424
f 888/1424 957/1420 930/1415
f 888/1424 930/1415 765/1425
f 765/1425 930/1415 835/1414
f 888/1424 765/1425 780/1426
f 765/1425 835/1414 701/1427
f 701/1427 835/1414 805/1400
f 701/1427 805/1400 700/1395
f 701/1427 700/1395 371/1428
f 701/1427 371/1428 765/1425
f 371/1428 700/1395 628/1392
f 780/1426 765/1425 337/1429
f 780/1426 337/1429 454/1430
f 454/1430 337/1429 325/1431
f 325/1431 337/1429 175/1432
f 371/1428 628/1392 301/1433
f 301/1433 628/1392 412/1390
f 301/1433 412/1390 371/1428
f 371/1428 412/1390 444/1434
f 444/1434 412/1390 394/1435
f 371/1428 444/1434 466/1436
f 466/1436 444/1434 394/1435
f 394/1435 412/1390 297/1387
f 167/1437 175/1432 337/1429
f 175/1432 167/1437 291/1438
f 394/1435 297/1387 95/1439
f 95/1439 297/1387 9/1391
f 291/1438 167/1437 377/1440
f 291/1438 377/1440 463/1441
f 377/1440 167/1437 217/1442
f 463/1441 377/1440 342/1443
f 342/1443 377/1440 217/1442
f 217/1442 167/1437 174/1444
f 174/1444 167/1437 337/1429
f 217/1442 174/1444 342/1443
f 174/1444 337/1429 292/1445
f 174/1444 292/1445 342/1443
f 292/1445 337/1429 765/1425
f 292/1445 765/1425 371/1428
f 292/1445 371/1428 466/1436
f 292/1445 466/1436 342/1443
f 610/1446 482/1447 463/1441
f 610/1446 463/1441 695/1448
f 695/1448 463/1441 342/1443
f 610/1446 695/1448 725/1449
f 342/1443 466/1436 516/1450
f 516/1450 466/1436 467/1451
f 467/1451 466/1436 394/1435
f 342/1443 516/1450 590/1452
f 467/1451 394/1435 260/1453
f 260/1453 394/1435 95/1439
f 516/1450 467/1451 537/1454
f 516/1450 537/1454 590/1452
f 467/1451 260/1453 308/1455
f 467/1451 308/1455 537/1454
f 260/1453 95/1439 147/1456
f 260/1453 147/1456 308/1455
f 147/1456 95/1439 9/1391
f 590/1452 537/1454 483/1457
f 483/1457 537/1454 308/1455
f 671/1458 342/1443 590/1452
f 671/1458 590/1452 483/1457
f 342/1443 671/1458 695/1448
f 483/1457 308/1455 594/1459
f 483/1457 594/1459 671/1458
f 695/1448 671/1458 727/1460
f 727/1460 671/1458 594/1459
f 695/1448 727/1460 619/1461
f 619/1461 727/1460 594/1459
f 594/1459 308/1455 309/1462
f 594/1459 309/1462 619/1461
f 190/1463 308/1455 147/1456
f 308/1455 190/1463 309/1462
f 190/1463 147/1456 9/1391
f 695/1448 619/1461 792/1464
f 695/1448 792/1464 725/1449
f 619/1461 309/1462 369/1465
f 725/1449 792/1464 849/1466
f 725/1449 849/1466 887/1467
f 792/1464 619/1461 758/1468
f 758/1468 619/1461 369/1465
f 792/1464 758/1468 814/1469
f 792/1464 814/1469 849/1466
f 814/1469 758/1468 688/1470
f 814/1469 688/1470 849/1466
f 688/1470 758/1468 369/1465
f 862/1471 887/1467 849/1466
f 887/1467 862/1471 892/1472
f 849/1466 688/1470 825/1473
f 849/1466 825/1473 862/1471
f 862/1471 825/1473 776/1474
f 776/1474 825/1473 688/1470
f 862/1471 776/1474 854/1475
f 776/1474 688/1470 476/1476
f 476/1476 688/1470 369/1465
f 776/1474 476/1476 712/1477
f 712/1477 476/1476 265/1478
f 265/1478 476/1476 369/1465
f 265/1478 369/1465 182/1479
f 182/1479 369/1465 309/1462
f 182/1479 309/1462 190/1463
f 182/1479 190/1463 1101/1480
f 182/1479 1101/1480 265/1478
f 1101/1480 190/1463 9/1391
f 1228/1481 1119/1482 9/1391
f 9/1391 1119/1482 1100/1483
f 9/1391 1100/1483 1101/1480
f 1100/1483 1119/1482 1138/1484
f 1100/1483 1138/1484 1130/1485
f 1100/1483 1130/1485 1101/1480
f 1101/1480 1130/1485 1157/1486
f 1107/1487 265/1478 1101/1480
f 1107/1487 1101/1480 1157/1486
f 265/1478 1107/1487 112/1488
f 1107/1487 1157/1486 1121/1489
f 1121/1489 1157/1486 1248/1490
f 1107/1487 1121/1489 35/1491
f 1739/1492 1692/1493 1704/1494
f 1704/1494 1692/1493 1663/1495
f 1663/1495 1692/1493 1350/1496
f 1739/1492 1704/1494 1729/1497
f 1729/1497 1704/1494 1746/1498
f 1746/1498 1704/1494 1663/1495
f 1739/1492 1729/1497 1761/1499
f 1739/1492 1761/1499 1763/1500
f 1739/1492 1763/1500 1751/1501
f 1763/1500 1761/1499 1772/1502
f 1761/1499 1729/1497 1769/1503
f 1761/1499 1769/1503 1772/1502
f 1769/1503 1729/1497 1746/1498
f 1772/1502 1769/1503 1775/1504
f 1769/1503 1746/1498 1764/1505
f 1769/1503 1764/1505 1775/1504
f 1775/1504 1764/1505 1787/1506
f 1772/1502 1775/1504 1791/1507
f 1791/1507 1775/1504 1787/1506
f 1772/1502 1791/1507 1773/1508
f 1787/1506 1764/1505 1798/1509
f 1787/1506 1798/1509 1791/1507
f 1780/1510 1764/1505 1746/1498
f 1764/1505 1780/1510 1798/1509
f 1773/1508 1791/1507 1803/1511
f 1803/1511 1791/1507 1798/1509
f 1773/1508 1803/1511 1820/1512
f 1773/1508 1820/1512 1829/1513
f 1803/1511 1798/1509 1811/1514
f 1803/1511 1811/1514 1820/1512
f 1811/1514 1798/1509 1780/1510
f 1820/1512 1811/1514 1810/1515
f 1820/1512 1810/1515 1801/1516
f 1820/1512 1801/1516 1822/1517
f 1810/1515 1811/1514 1781/1518
f 1822/1517 1801/1516 1781/1518
f 1781/1518 1801/1516 1810/1515
f 1781/1518 1811/1514 1780/1510
f 1781/1518 1780/1510 1770/1519
f 1781/1518 1770/1519 1759/1520
f 1770/1519 1780/1510 1766/1521
f 1770/1519 1766/1521 1759/1520
f 1766/1521 1780/1510 1746/1498
f 1766/1521 1746/1498 1663/1495
f 1766/1521 1663/1495 1759/1520
f 1759/1520 1663/1495 1670/1522
f 1670/1522 1663/1495 1439/1523
f 1670/1522 1439/1523 1352/1524
f 1670/1522 1352/1524 1419/1525
f 1439/1523 1663/1495 1333/1526
f 1439/1523 1333/1526 1352/1524
f 1333/1526 1663/1495 1350/1496
f 1333/1526 1350/1496 1283/1527
f 1352/1524 1333/1526 1252/1528
f 1252/1528 1333/1526 1283/1527
f 1352/1524 1252/1528 1293/1529
f 1293/1529 1252/1528 1139/1530
f 1139/1530 1252/1528 1283/1527
f 1139/1530 1283/1527 1194/1531
f 926/1532 920/1264 859/1260
f 926/1532 859/1260 900/1533
f 926/1532 900/1533 928/1534
f 926/1532 928/1534 920/1264
f 920/1264 928/1534 940/1535
f 940/1535 928/1534 927/1536
f 920/1264 940/1535 946/1537
f 946/1537 940/1535 932/1538
f 920/1264 946/1537 948/1271
f 946/1537 932/1538 955/1539
f 948/1271 946/1537 953/1540
f 953/1540 946/1537 955/1539
f 948/1271 953/1540 960/1274
f 953/1540 955/1539 961/1541
f 953/1540 961/1541 960/1274
f 961/1541 955/1539 956/1542
f 960/1274 961/1541 967/1543
f 967/1543 961/1541 957/1544
f 967/1543 957/1544 971/1545
f 960/1274 967/1543 970/1546
f 970/1546 967/1543 971/1545
f 970/1546 971/1545 972/1547
f 960/1274 970/1546 963/1273
f 963/1273 970/1546 968/1548
f 1708/1549 1763/1550 1701/1551
f 1772/1552 1773/1553 1763/1550
f 1763/1550 1773/1553 1701/1551
f 1701/1551 1773/1553 1724/1554
f 1724/1554 1773/1553 1736/1555
f 1701/1551 1724/1554 1674/1556
f 1674/1556 1724/1554 1736/1555
f 1701/1551 1674/1556 1572/1557
f 1701/1551 1572/1557 1556/1558
f 1674/1556 1736/1555 1584/1559
f 1674/1556 1584/1559 1572/1557
f 1584/1559 1736/1555 1587/1560
f 1556/1558 1572/1557 1585/1561
f 1584/1559 1587/1560 1598/1562
f 1584/1559 1598/1562 1748/1563
f 1584/1559 1748/1563 1572/1557
f 1748/1563 1598/1562 1714/1564
f 1585/1561 1572/1557 1732/1565
f 1732/1565 1572/1557 1748/1563
f 1585/1561 1732/1565 1533/1566
f 1533/1566 1732/1565 1750/1567
f 1732/1565 1748/1563 1808/1568
f 1808/1568 1748/1563 1714/1564
f 1732/1565 1808/1568 1750/1567
f 1750/1567 1808/1568 1824/1569
f 1808/1568 1714/1564 1814/1570
f 1824/1569 1808/1568 1853/1571
f 1808/1568 1814/1570 1886/1572
f 1886/1572 1814/1570 1891/1573
f 1886/1572 1891/1573 1904/1574
f 1887/1575 1904/1574 1888/1576
f 1904/1574 1887/1575 1895/1577
f 1904/1574 1895/1577 1886/1572
f 1895/1577 1887/1575 1876/1578
f 1886/1572 1895/1577 1897/1579
f 1897/1579 1895/1577 1876/1578
f 1886/1572 1897/1579 1883/1580
f 1886/1572 1883/1580 1808/1568
f 1897/1579 1876/1578 1892/1581
f 1897/1579 1892/1581 1883/1580
f 1892/1581 1876/1578 1878/1582
f 1808/1568 1883/1580 1881/1583
f 1881/1583 1883/1580 1892/1581
f 1892/1581 1878/1582 1889/1584
f 1892/1581 1889/1584 1881/1583
f 1889/1584 1878/1582 1879/1585
f 1808/1568 1881/1583 1874/1586
f 1874/1586 1881/1583 1889/1584
f 1808/1568 1874/1586 1853/1571
f 1889/1584 1879/1585 1884/1587
f 1889/1584 1884/1587 1874/1586
f 1874/1586 1884/1587 1853/1571
f 1884/1587 1879/1585 1880/1588
f 1853/1571 1884/1587 1871/1589
f 1871/1589 1884/1587 1880/1588
f 1853/1571 1871/1589 1857/1590
f 1871/1589 1880/1588 1856/1591
f 1871/1589 1856/1591 1857/1590
f 380/1592 693/1309 526/1310
f 380/1592 526/1310 335/1312
f 693/1309 380/1592 480/1593
f 693/1309 480/1593 505/1319
f 380/1592 335/1312 215/1594
f 380/1592 215/1594 480/1593
f 505/1319 480/1593 248/1595
f 248/1595 480/1593 215/1594
f 505/1319 248/1595 194/1596
f 194/1596 248/1595 107/1597
f 107/1597 248/1595 215/1594
f 107/1597 215/1594 335/1312
f 107/1597 335/1312 205/1598
f 205/1598 335/1312 246/1599
f 409/1600 373/1601 246/1602
f 246/1602 373/1601 205/1603
f 560/1604 549/1605 409/1600
f 409/1600 549/1605 373/1601
f 194/1606 107/1607 205/1603
f 194/1606 205/1603 373/1601
f 373/1601 549/1605 514/1608
f 514/1608 549/1605 604/1609
f 194/1606 373/1601 251/1610
f 514/1608 604/1609 601/1611
f 601/1611 604/1609 907/1612
f 601/1611 907/1612 587/1613
f 601/1611 587/1613 485/1614
f 601/1611 485/1614 514/1608
f 514/1608 485/1614 339/1615
f 350/1616 373/1601 514/1608
f 350/1616 514/1608 339/1615
f 373/1601 350/1616 251/1610
f 350/1616 339/1615 254/1617
f 350/1616 254/1617 251/1610
f 254/1617 339/1615 196/1618
f 254/1617 196/1618 568/1619
f 140/1620 194/1606 251/1610
f 194/1606 140/1620 505/1621
f 251/1610 254/1617 381/1622
f 251/1610 381/1622 140/1620
f 140/1620 381/1622 270/1623
f 140/1620 270/1623 505/1621
f 505/1621 270/1623 357/1624
f 357/1624 270/1623 381/1622
f 505/1621 357/1624 754/1625
f 381/1622 254/1617 512/1626
f 381/1622 512/1626 357/1624
f 512/1626 254/1617 568/1619
f 754/1625 357/1624 580/1627
f 357/1624 512/1626 686/1628
f 357/1624 686/1628 580/1627
f 686/1628 512/1626 568/1619
f 580/1627 686/1628 779/1629
f 686/1628 568/1619 551/1630
f 686/1628 551/1630 779/1629
f 551/1630 568/1619 625/1631
f 551/1630 625/1631 793/1632
f 580/1627 779/1629 666/1633
f 666/1633 779/1629 551/1630
f 580/1627 666/1633 446/1634
f 551/1630 793/1632 571/1635
f 551/1630 571/1635 666/1633
f 446/1634 666/1633 452/1636
f 571/1635 793/1632 735/1637
f 571/1635 735/1637 666/1633
f 735/1637 793/1632 741/1638
f 452/1636 666/1633 443/1639
f 443/1639 666/1633 735/1637
f 452/1636 443/1639 249/1640
f 443/1639 735/1637 460/1641
f 460/1641 735/1637 741/1638
f 460/1641 741/1638 411/1642
f 963/1643 968/1644 958/1645
f 958/1645 968/1644 941/1646
f 941/1646 968/1644 978/1647
f 975/1648 968/1644 972/1649
f 968/1644 975/1648 978/1647
f 978/1647 975/1648 988/1650
f 988/1650 975/1648 984/1651
f 988/1650 984/1651 991/1652
f 988/1650 991/1652 978/1647
f 941/1646 978/1647 942/1653
f 978/1647 991/1652 990/1654
f 978/1647 990/1654 942/1653
f 990/1654 991/1652 997/1655
f 997/1655 991/1652 998/1656
f 997/1655 998/1656 1008/1657
f 997/1655 1008/1657 999/1658
f 997/1655 999/1658 990/1654
f 999/1658 1008/1657 1014/1659
f 990/1654 999/1658 1003/1660
f 1003/1660 999/1658 1014/1659
f 1003/1660 1014/1659 1010/1661
f 1010/1661 1014/1659 1019/1662
f 990/1654 1003/1660 1005/1663
f 1005/1663 1003/1660 1010/1661
f 1010/1661 1019/1662 1022/1664
f 1010/1661 1022/1664 1005/1663
f 1022/1664 1019/1662 1029/1665
f 990/1654 1005/1663 983/1666
f 990/1654 983/1666 942/1653
f 942/1653 983/1666 962/1667
f 942/1653 962/1667 903/1668
f 903/1668 962/1667 907/1669
f 907/1669 962/1667 983/1666
f 903/1668 907/1669 604/1670
f 983/1666 1005/1663 1011/1671
f 1011/1671 1005/1663 1022/1664
f 983/1666 1011/1671 1012/1672
f 1011/1671 1022/1664 1031/1673
f 1031/1673 1022/1664 1029/1665
f 1011/1671 1031/1673 1030/1674
f 1031/1673 1029/1665 1034/1675
f 1031/1673 1034/1675 1035/1676
f 970/1677 972/1678 968/1679
f 643/1680 560/1681 667/1682
f 560/1681 643/1680 549/1683
f 549/1683 643/1680 604/1684
f 604/1684 643/1680 903/1685
f 903/1685 643/1680 942/1686
f 942/1686 643/1680 667/1682
f 942/1686 667/1682 941/1687
f 977/1688 975/1689 972/1690
f 977/1688 972/1690 969/1691
f 969/1691 972/1690 971/1692
f 975/1689 977/1688 984/1693
f 977/1688 969/1691 979/1694
f 977/1688 979/1694 984/1693
f 979/1694 969/1691 888/1695
f 984/1693 979/1694 989/1696
f 979/1694 888/1695 939/1697
f 984/1693 989/1696 995/1698
f 984/1693 995/1698 991/1699
f 991/1699 995/1698 998/1700
f 995/1698 989/1696 992/1701
f 995/1698 992/1701 998/1700
f 992/1701 989/1696 979/1694
f 998/1700 992/1701 1000/1702
f 998/1700 1000/1702 1008/1703
f 1008/1703 1000/1702 1004/1704
f 1004/1704 1000/1702 992/1701
f 1008/1703 1004/1704 1014/1705
f 1014/1705 1004/1704 1019/1706
f 992/1701 979/1694 1021/1707
f 992/1701 1021/1707 1004/1704
f 1021/1707 979/1694 939/1697
f 1019/1706 1004/1704 1026/1708
f 1026/1708 1004/1704 1021/1707
f 1019/1706 1026/1708 1029/1709
f 1029/1709 1026/1708 1034/1710
f 1034/1710 1026/1708 1021/1707
f 1034/1710 1021/1707 1020/1711
f 1034/1710 1020/1711 1035/1712
f 1035/1712 1020/1711 1037/1713
f 1020/1711 1021/1707 986/1714
f 986/1714 1021/1707 939/1697
f 1037/1713 1020/1711 1025/1715
f 1025/1715 1020/1711 986/1714
f 1037/1713 1025/1715 1024/1716
f 1037/1713 1024/1716 1040/1717
f 1040/1717 1024/1716 1028/1718
f 1028/1718 1024/1716 973/1719
f 973/1719 1024/1716 1025/1715
f 973/1719 1025/1715 986/1714
f 973/1719 986/1714 947/1720
f 973/1719 947/1720 865/1721
f 922/1722 986/1714 939/1697
f 986/1714 922/1722 947/1720
f 865/1721 947/1720 566/1723
f 865/1721 566/1723 575/1724
f 947/1720 922/1722 515/1725
f 947/1720 515/1725 566/1723
f 922/1722 939/1697 827/1726
f 922/1722 827/1726 515/1725
f 827/1726 939/1697 780/1727
f 780/1727 939/1697 888/1695
f 827/1726 780/1727 454/1728
f 827/1726 454/1728 515/1725
f 515/1725 454/1728 397/1729
f 515/1725 397/1729 566/1723
f 397/1729 454/1728 325/1730
f 491/1731 575/1724 566/1723
f 575/1724 491/1731 586/1732
f 491/1731 566/1723 397/1729
f 397/1729 325/1730 275/1733
f 275/1733 325/1730 175/1734
f 491/1731 397/1729 344/1735
f 491/1731 344/1735 333/1736
f 333/1736 344/1735 268/1737
f 344/1735 397/1729 278/1738
f 344/1735 278/1738 268/1737
f 278/1738 397/1729 275/1733
f 268/1737 278/1738 578/1739
f 578/1739 278/1738 275/1733
f 268/1737 578/1739 682/1740
f 240/1741 275/1733 175/1734
f 240/1741 175/1734 291/1742
f 275/1733 240/1741 327/1743
f 275/1733 327/1743 578/1739
f 240/1741 291/1742 135/1744
f 240/1741 135/1744 327/1743
f 682/1740 578/1739 806/1745
f 135/1744 291/1742 435/1746
f 435/1746 291/1742 463/1747
f 327/1743 135/1744 294/1748
f 294/1748 135/1744 435/1746
f 435/1746 463/1747 482/1749
f 327/1743 294/1748 699/1750
f 327/1743 699/1750 578/1739
f 799/1751 806/1745 578/1739
f 799/1751 578/1739 699/1750
f 806/1745 799/1751 842/1752
f 806/1745 842/1752 856/1753
f 806/1745 856/1753 855/1754
f 855/1754 856/1753 817/1755
f 856/1753 842/1752 782/1756
f 817/1755 856/1753 770/1757
f 842/1752 799/1751 811/1758
f 842/1752 811/1758 782/1756
f 856/1753 782/1756 771/1759
f 856/1753 771/1759 770/1757
f 770/1757 771/1759 782/1756
f 817/1755 770/1757 843/1760
f 811/1758 799/1751 559/1761
f 559/1761 799/1751 699/1750
f 770/1757 782/1756 756/1762
f 770/1757 756/1762 843/1760
f 728/1763 782/1756 811/1758
f 782/1756 728/1763 756/1762
f 728/1763 811/1758 597/1764
f 597/1764 811/1758 559/1761
f 597/1764 559/1761 728/1763
f 756/1762 728/1763 867/1765
f 756/1762 867/1765 843/1760
f 867/1765 728/1763 559/1761
f 843/1760 867/1765 893/1766
f 843/1760 893/1766 869/1767
f 869/1767 893/1766 873/1768
f 867/1765 559/1761 832/1769
f 893/1766 867/1765 896/1770
f 896/1770 867/1765 832/1769
f 893/1766 896/1770 908/1771
f 893/1766 908/1771 873/1768
f 908/1771 896/1770 913/1772
f 873/1768 908/1771 877/1773
f 913/1772 896/1770 911/1774
f 911/1774 896/1770 832/1769
f 908/1771 913/1772 881/1775
f 908/1771 881/1775 877/1773
f 881/1775 913/1772 911/1774
f 873/1768 877/1773 831/1776
f 831/1776 877/1773 881/1775
f 881/1775 911/1774 901/1777
f 873/1768 831/1776 798/1778
f 873/1768 798/1778 836/1779
f 831/1776 881/1775 810/1780
f 881/1775 901/1777 871/1781
f 881/1775 871/1781 810/1780
f 901/1777 911/1774 910/1782
f 901/1777 910/1782 871/1781
f 910/1782 911/1774 902/1783
f 902/1783 911/1774 832/1769
f 871/1781 910/1782 904/1784
f 904/1784 910/1782 902/1783
f 810/1780 871/1781 854/1785
f 854/1785 871/1781 904/1784
f 810/1780 854/1785 776/1786
f 810/1780 776/1786 712/1787
f 810/1780 712/1787 831/1776
f 831/1776 712/1787 798/1778
f 904/1784 902/1783 906/1788
f 904/1784 906/1788 854/1785
f 854/1785 906/1788 892/1789
f 892/1789 906/1788 902/1783
f 854/1785 892/1789 862/1790
f 892/1789 902/1783 887/1791
f 887/1791 902/1783 832/1769
f 887/1791 832/1769 808/1792
f 808/1792 832/1769 559/1761
f 887/1791 808/1792 725/1793
f 725/1793 808/1792 774/1794
f 808/1792 559/1761 456/1795
f 808/1792 456/1795 774/1794
f 456/1795 559/1761 699/1750
f 456/1795 699/1750 294/1748
f 774/1794 456/1795 529/1796
f 529/1796 456/1795 294/1748
f 774/1794 529/1796 725/1793
f 529/1796 294/1748 435/1746
f 725/1793 529/1796 596/1797
f 596/1797 529/1796 435/1746
f 725/1793 596/1797 610/1798
f 596/1797 435/1746 482/1749
f 471/1799 482/1749 610/1798
f 482/1749 471/1799 596/1797
f 596/1797 471/1799 610/1798
f 793/1800 802/1801 741/1802
f 802/1801 793/1800 625/1803
f 741/1802 802/1801 714/1804
f 741/1802 714/1804 411/1805
f 802/1801 625/1803 602/1806
f 714/1804 802/1801 804/1807
f 804/1807 802/1801 602/1806
f 602/1806 625/1803 366/1808
f 366/1808 625/1803 568/1809
f 366/1808 568/1809 196/1810
f 602/1806 366/1808 438/1811
f 438/1811 366/1808 164/1812
f 164/1812 366/1808 180/1813
f 180/1813 366/1808 196/1810
f 164/1812 180/1813 370/1814
f 180/1813 196/1810 351/1815
f 180/1813 351/1815 370/1814
f 351/1815 196/1810 339/1816
f 351/1815 339/1816 485/1817
f 370/1814 351/1815 499/1818
f 499/1818 351/1815 485/1817
f 370/1814 499/1818 405/1819
f 405/1819 499/1818 583/1820
f 499/1818 485/1817 582/1821
f 499/1818 582/1821 583/1820
f 582/1821 485/1817 587/1822
f 583/1820 582/1821 878/1823
f 878/1823 582/1821 587/1822
f 583/1820 878/1823 870/1824
f 878/1823 587/1822 907/1825
f 870/1824 878/1823 952/1826
f 952/1826 878/1823 907/1825
f 870/1824 952/1826 987/1827
f 952/1826 907/1825 993/1828
f 993/1828 907/1825 983/1829
f 987/1827 952/1826 994/1830
f 994/1830 952/1826 993/1828
f 987/1827 994/1830 1027/1831
f 987/1827 1027/1831 1033/1832
f 994/1830 993/1828 1018/1833
f 1033/1832 1027/1831 1057/1834
f 993/1828 983/1829 1007/1835
f 1007/1835 983/1829 1012/1836
f 993/1828 1007/1835 1009/1837
f 993/1828 1009/1837 1018/1833
f 1009/1837 1007/1835 1036/1838
f 1009/1837 1036/1838 1018/1833
f 1007/1835 1012/1836 1032/1839
f 1007/1835 1032/1839 1036/1838
f 1032/1839 1012/1836 1030/1840
f 1030/1840 1012/1836 1011/1841
f 1036/1838 1032/1839 1037/1842
f 1037/1842 1032/1839 1030/1840
f 1037/1842 1030/1840 1035/1843
f 1035/1843 1030/1840 1031/1844
f 1036/1838 1037/1842 1040/1845
f 1036/1838 1040/1845 1039/1846
f 1036/1838 1039/1846 1018/1833
f 1039/1846 1040/1845 1045/1847
f 1018/1833 1039/1846 1042/1848
f 1042/1848 1039/1846 1045/1847
f 1045/1847 1040/1845 1028/1849
f 1045/1847 1028/1849 1046/1850
f 1045/1847 1046/1850 1051/1851
f 1051/1851 1046/1850 1028/1849
f 1045/1847 1051/1851 1042/1848
f 1051/1851 1028/1849 1053/1852
f 1053/1852 1028/1849 1038/1853
f 1051/1851 1053/1852 1056/1854
f 1056/1854 1053/1852 1038/1853
f 1051/1851 1056/1854 1042/1848
f 1023/1855 1018/1833 1042/1848
f 1018/1833 1023/1855 994/1830
f 994/1830 1023/1855 1027/1831
f 1023/1855 1042/1848 1044/1856
f 1044/1856 1042/1848 1056/1854
f 1023/1855 1044/1856 1049/1857
f 1023/1855 1049/1857 1027/1831
f 1049/1857 1044/1856 1056/1854
f 1027/1831 1049/1857 1054/1858
f 1054/1858 1049/1857 1056/1854
f 1027/1831 1054/1858 1057/1834
f 1058/1859 1056/1854 1038/1853
f 1056/1854 1058/1859 1054/1858
f 1058/1859 1038/1853 1043/1860
f 1054/1858 1058/1859 1060/1861
f 1060/1861 1058/1859 1043/1860
f 1054/1858 1060/1861 1064/1862
f 1064/1862 1060/1861 1043/1860
f 1054/1858 1064/1862 1057/1834
f 1064/1862 1043/1860 1048/1863
f 1048/1863 1043/1860 1006/1864
f 1057/1834 1064/1862 1065/1865
f 1065/1865 1064/1862 1048/1863
f 1048/1863 1006/1864 1041/1866
f 1048/1863 1041/1866 1065/1865
f 1041/1866 1006/1864 1050/1867
f 1041/1866 1050/1867 1068/1868
f 1065/1865 1041/1866 1063/1869
f 1063/1869 1041/1866 1068/1868
f 1065/1865 1063/1869 1057/1834
f 1063/1869 1068/1868 1067/1870
f 1063/1869 1067/1870 1057/1834
f 1759/1871 1777/1872 1781/1873
f 1777/1872 1759/1871 1786/1874
f 1786/1874 1759/1871 1723/1875
f 1786/1874 1723/1875 1788/1876
f 1723/1875 1759/1871 1670/1877
f 1723/1875 1670/1877 1431/1878
f 1723/1875 1431/1878 1741/1879
f 1431/1878 1670/1877 1419/1880
f 1431/1878 1419/1880 1293/1881
f 1293/1881 1419/1880 1352/1882
f 1431/1878 1293/1881 1284/1883
f 1431/1878 1284/1883 1402/1884
f 1284/1883 1293/1881 1186/1885
f 1186/1885 1293/1881 1139/1886
f 1781/1887 1792/1888 1822/1889
f 1792/1888 1781/1887 1777/1890
f 1792/1888 1777/1890 1786/1891
f 1822/1889 1792/1888 1828/1892
f 1792/1888 1786/1891 1805/1893
f 1792/1888 1805/1893 1828/1892
f 1822/1889 1828/1892 1829/1894
f 1822/1889 1829/1894 1820/1895
f 1828/1892 1805/1893 1840/1896
f 1828/1892 1840/1896 1829/1894
f 1840/1896 1805/1893 1839/1897
f 1805/1893 1786/1891 1816/1898
f 1816/1898 1786/1891 1788/1899
f 1816/1898 1788/1899 1806/1900
f 1816/1898 1806/1900 1834/1901
f 1840/1896 1839/1897 1841/1902
f 1840/1896 1841/1902 1829/1894
f 1839/1897 1805/1893 1833/1903
f 1839/1897 1833/1903 1841/1902
f 1833/1903 1805/1893 1816/1898
f 1829/1894 1841/1902 1821/1904
f 1821/1904 1841/1902 1833/1903
f 1829/1894 1821/1904 1776/1905
f 1829/1894 1776/1905 1773/1906
f 1821/1904 1833/1903 1838/1907
f 1773/1906 1776/1905 1736/1908
f 1821/1904 1838/1907 1836/1909
f 1821/1904 1836/1909 1776/1905
f 1776/1905 1836/1909 1809/1910
f 1838/1907 1833/1903 1842/1911
f 1838/1907 1842/1911 1836/1909
f 1842/1911 1833/1903 1816/1898
f 1836/1909 1842/1911 1837/1912
f 1837/1912 1842/1911 1816/1898
f 1836/1909 1837/1912 1844/1913
f 1837/1912 1816/1898 1834/1901
f 1837/1912 1834/1901 1844/1913
f 1726/1914 1736/1908 1776/1905
f 1726/1914 1776/1905 1794/1915
f 1736/1908 1726/1914 1591/1916
f 1736/1908 1591/1916 1587/1917
f 1591/1916 1726/1914 1580/1918
f 1580/1918 1726/1914 1579/1919
f 460/1920 411/1805 271/1921
f 271/1921 411/1805 230/1922
f 271/1921 230/1922 188/1923
f 188/1923 230/1922 55/1924
f 188/1923 55/1924 49/1925
f 49/1925 55/1924 1093/1926
f 1093/1926 55/1924 4/1927
f 55/1924 230/1922 178/1928
f 178/1928 230/1922 346/1929
f 346/1929 230/1922 411/1805
f 178/1928 346/1929 310/1930
f 310/1930 346/1929 665/1931
f 665/1931 346/1929 411/1805
f 665/1931 411/1805 716/1932
f 716/1932 411/1805 714/1804
f 716/1932 714/1804 804/1807
f 716/1932 804/1807 795/1933
f 716/1932 795/1933 665/1931
f 795/1933 804/1807 602/1806
f 795/1933 602/1806 750/1934
f 795/1933 750/1934 773/1935
f 795/1933 773/1935 665/1931
f 665/1931 773/1935 588/1936
f 1307/1937 1325/1938 1248/1939
f 1121/1940 1248/1939 1172/1941
f 1172/1941 1248/1939 1325/1938
f 1325/1938 1307/1937 1414/1942
f 1172/1941 1325/1938 1297/1943
f 1172/1941 1297/1943 1195/1944
f 1172/1941 1195/1944 1122/1945
f 1122/1945 1195/1944 1128/1946
f 1128/1946 1195/1944 1214/1947
f 1214/1947 1195/1944 1319/1948
f 1319/1948 1195/1944 1297/1943
f 1214/1947 1319/1948 1332/1949
f 1394/1950 1297/1943 1325/1938
f 1297/1943 1394/1950 1319/1948
f 1394/1950 1325/1938 1414/1942
f 1332/1949 1319/1948 1381/1951
f 1332/1949 1381/1951 1399/1952
f 1381/1951 1319/1948 1417/1953
f 1381/1951 1417/1953 1399/1952
f 1417/1953 1319/1948 1394/1950
f 1394/1950 1414/1942 1421/1954
f 1394/1950 1421/1954 1417/1953
f 1417/1953 1421/1954 1679/1955
f 1417/1953 1679/1955 1399/1952
f 1679/1955 1421/1954 1414/1942
f 1399/1952 1679/1955 1682/1956
f 1679/1955 1414/1942 1653/1957
f 1653/1957 1414/1942 1307/1937
f 1653/1957 1307/1937 1655/1958
f 1653/1957 1655/1958 1711/1959
f 1653/1957 1711/1959 1679/1955
f 1711/1959 1655/1958 1754/1960
f 1682/1956 1679/1955 1762/1961
f 1762/1961 1679/1955 1711/1959
f 1762/1961 1711/1959 1754/1960
f 1682/1956 1762/1961 1831/1962
f 1762/1961 1754/1960 1812/1963
f 1762/1961 1812/1963 1831/1962
f 1812/1963 1754/1960 1799/1964
f 1831/1962 1812/1963 1846/1965
f 1812/1963 1799/1964 1835/1966
f 1835/1966 1799/1964 1845/1967
f 1835/1966 1845/1967 1856/1968
f 1835/1966 1856/1968 1880/1969
f 1835/1966 1880/1969 1860/1970
f 1860/1970 1880/1969 1879/1971
f 1812/1963 1835/1966 1847/1972
f 1847/1972 1835/1966 1860/1970
f 1847/1972 1860/1970 1879/1971
f 1812/1963 1847/1972 1846/1965
f 1847/1972 1879/1971 1878/1973
f 1847/1972 1878/1973 1858/1974
f 1847/1972 1858/1974 1846/1965
f 1858/1974 1878/1973 1876/1975
f 1858/1974 1876/1975 1846/1965
f 1846/1965 1876/1975 1869/1976
f 1846/1965 1869/1976 1861/1977
f 1869/1976 1876/1975 1887/1978
f 1869/1976 1887/1978 1888/1979
f 1121/1980 1172/1981 1110/1982
f 1110/1982 1172/1981 1122/1983
f 1121/1980 1110/1982 35/1984
f 1110/1982 1122/1983 121/1985
f 1110/1982 121/1985 35/1984
f 121/1985 1122/1983 1128/1986
f 121/1985 1128/1986 296/1987
f 121/1985 296/1987 378/1988
f 378/1988 296/1987 668/1989
f 378/1988 668/1989 324/1990
f 378/1988 324/1990 121/1985
f 324/1990 668/1989 798/1778
f 165/1991 35/1984 121/1985
f 165/1991 121/1985 324/1990
f 35/1984 165/1991 112/1992
f 35/1984 112/1992 1107/1993
f 165/1991 324/1990 432/1994
f 432/1994 324/1990 798/1778
f 165/1991 432/1994 112/1992
f 432/1994 798/1778 712/1787
f 112/1992 432/1994 265/1995
f 265/1995 432/1994 712/1787
f 665/1996 588/1997 310/1998
f 310/1998 588/1997 235/1999
f 310/1998 235/1999 162/2000
f 310/1998 162/2000 178/2001
f 235/1999 588/1997 461/2002
f 461/2002 588/1997 736/2003
f 736/2003 588/1997 773/2004
f 736/2003 773/2004 750/2005
f 461/2002 736/2003 455/2006
f 736/2003 750/2005 569/2007
f 569/2007 750/2005 602/2008
f 569/2007 602/2008 438/2009
f 235/1999 461/2002 220/2010
f 220/2010 461/2002 455/2006
f 235/1999 220/2010 75/2011
f 235/1999 75/2011 162/2000
f 75/2011 220/2010 201/2012
f 201/2012 220/2010 455/2006
f 162/2000 75/2011 99/2013
f 162/2000 99/2013 178/2001
f 75/2011 201/2012 50/2014
f 75/2011 50/2014 99/2013
f 50/2014 201/2012 124/2015
f 124/2015 201/2012 172/2016
f 124/2015 172/2016 50/2014
f 172/2016 201/2012 455/2006
f 55/2017 178/2001 101/2018
f 101/2018 178/2001 99/2013
f 50/2014 172/2016 60/2019
f 50/2014 60/2019 99/2013
f 172/2016 455/2006 489/2020
f 101/2018 99/2013 36/2021
f 101/2018 36/2021 4/2022
f 4/2022 36/2021 1088/2023
f 1088/2023 36/2021 5/2024
f 36/2021 99/2013 23/2025
f 23/2025 99/2013 60/2019
f 36/2021 23/2025 5/2024
f 442/2026 60/2019 172/2016
f 442/2026 172/2016 489/2020
f 23/2025 60/2019 81/2027
f 23/2025 81/2027 5/2024
f 81/2027 60/2019 442/2026
f 5/2024 81/2027 141/2028
f 141/2028 81/2027 303/2029
f 303/2029 81/2027 442/2026
f 5/2024 141/2028 24/2030
f 5/2024 24/2030 1162/2031
f 141/2028 303/2029 306/2032
f 141/2028 306/2032 24/2030
f 306/2032 303/2029 442/2026
f 1162/2031 24/2030 129/2033
f 129/2033 24/2030 306/2032
f 1162/2031 129/2033 1131/2034
f 1131/2034 129/2033 132/2035
f 129/2033 306/2032 236/2036
f 129/2033 236/2036 132/2035
f 306/2032 442/2026 428/2037
f 306/2032 428/2037 236/2036
f 1131/2034 132/2035 1102/2038
f 132/2035 236/2036 285/2039
f 285/2039 236/2036 181/2040
f 285/2039 181/2040 171/2041
f 285/2039 171/2041 132/2035
f 181/2040 236/2036 176/2042
f 176/2042 236/2036 428/2037
f 171/2041 181/2040 154/2043
f 154/2043 181/2040 176/2042
f 132/2035 171/2041 187/2044
f 187/2044 171/2041 154/2043
f 132/2035 187/2044 502/2045
f 176/2042 428/2037 307/2046
f 154/2043 176/2042 155/2047
f 155/2047 176/2042 307/2046
f 187/2044 154/2043 257/2048
f 257/2048 154/2043 155/2047
f 257/2048 155/2047 239/2049
f 187/2044 257/2048 400/2050
f 187/2044 400/2050 502/2045
f 257/2048 239/2049 403/2051
f 239/2049 155/2047 169/2052
f 239/2049 169/2052 403/2051
f 169/2052 155/2047 307/2046
f 400/2050 257/2048 414/2053
f 414/2053 257/2048 403/2051
f 400/2050 414/2053 543/2054
f 400/2050 543/2054 502/2045
f 414/2053 403/2051 509/2055
f 414/2053 509/2055 543/2054
f 405/2056 403/2051 169/2052
f 403/2051 405/2056 564/2057
f 403/2051 564/2057 509/2055
f 564/2057 405/2056 583/2058
f 564/2057 583/2058 870/2059
f 564/2057 870/2059 509/2055
f 405/2056 169/2052 163/2060
f 163/2060 169/2052 307/2046
f 405/2056 163/2060 370/2061
f 370/2061 163/2060 164/2062
f 164/2062 163/2060 438/2009
f 438/2009 163/2060 307/2046
f 438/2009 307/2046 569/2007
f 569/2007 307/2046 428/2037
f 569/2007 428/2037 558/2063
f 558/2063 428/2037 442/2026
f 558/2063 442/2026 489/2020
f 569/2007 558/2063 589/2064
f 589/2064 558/2063 489/2020
f 569/2007 589/2064 736/2003
f 589/2064 489/2020 455/2006
f 589/2064 455/2006 736/2003
f 1714/2065 1598/2066 1599/2067
f 1599/2067 1598/2066 1587/2068
f 1599/2067 1587/2068 1591/2069
f 1599/2067 1591/2069 1580/2070
f 1714/2065 1599/2067 1696/2071
f 1696/2071 1599/2067 1580/2070
f 1696/2071 1580/2070 1579/2072
f 1696/2071 1579/2072 1695/2073
f 1714/2065 1696/2071 1814/2074
f 1696/2071 1695/2073 1813/2075
f 1696/2071 1813/2075 1814/2074
f 1863/2076 1902/2077 1813/2075
f 1814/2074 1813/2075 1903/2078
f 1813/2075 1902/2077 1907/2079
f 1813/2075 1907/2079 1903/2078
f 1907/2079 1902/2077 1917/2080
f 1917/2080 1902/2077 1925/2081
f 1917/2080 1925/2081 1928/2082
f 1907/2079 1917/2080 1924/2083
f 1924/2083 1917/2080 1928/2082
f 1924/2083 1928/2082 1921/2084
f 1921/2084 1928/2082 1926/2085
f 1907/2079 1924/2083 1923/2086
f 1924/2083 1921/2084 1918/2087
f 1924/2083 1918/2087 1923/2086
f 1907/2079 1923/2086 1920/2088
f 1907/2079 1920/2088 1903/2078
f 1920/2088 1923/2086 1915/2089
f 1915/2089 1923/2086 1918/2087
f 1920/2088 1915/2089 1910/2090
f 1918/2087 1921/2084 1914/2091
f 1920/2088 1910/2090 1913/2092
f 1920/2088 1913/2092 1903/2078
f 1910/2090 1915/2089 1875/2093
f 1910/2090 1875/2093 1913/2092
f 1915/2089 1918/2087 1896/2094
f 1915/2089 1896/2094 1875/2093
f 1918/2087 1914/2091 1882/2095
f 1918/2087 1882/2095 1896/2094
f 1890/2096 1914/2091 1921/2084
f 1914/2091 1890/2096 1882/2095
f 1890/2096 1921/2084 1911/2097
f 1896/2094 1882/2095 1804/2098
f 1804/2098 1882/2095 1890/2096
f 1896/2094 1804/2098 1875/2093
f 1804/2098 1890/2096 1864/2099
f 1875/2093 1804/2098 1866/2100
f 1873/2101 1913/2092 1875/2093
f 1873/2101 1875/2093 1866/2100
f 1866/2100 1804/2098 1831/2102
f 1831/2102 1804/2098 1682/2103
f 1682/2103 1804/2098 1673/2104
f 1866/2100 1831/2102 1861/2105
f 1861/2105 1831/2102 1846/2106
f 1866/2100 1861/2105 1898/2107
f 1866/2100 1898/2107 1873/2101
f 1898/2107 1861/2105 1869/2108
f 1682/2103 1673/2104 1409/2109
f 1898/2107 1869/2108 1888/2110
f 1682/2103 1409/2109 1399/2111
f 1409/2109 1673/2104 1412/2112
f 1873/2101 1898/2107 1894/2113
f 1399/2111 1409/2109 1328/2114
f 1399/2111 1328/2114 1332/2115
f 1409/2109 1412/2112 1301/2116
f 1409/2109 1301/2116 1328/2114
f 1332/2115 1328/2114 1214/2117
f 1214/2117 1328/2114 1301/2116
f 1301/2116 1412/2112 1329/2118
f 1329/2118 1412/2112 1377/2119
f 1301/2116 1329/2118 1201/2120
f 1301/2116 1201/2120 1136/2121
f 1301/2116 1136/2121 1214/2117
f 1136/2121 1201/2120 1092/2122
f 1136/2121 1092/2122 61/2123
f 1214/2117 1136/2121 1123/2124
f 1214/2117 1123/2124 1128/2125
f 1123/2124 1136/2121 28/2126
f 1123/2124 28/2126 1128/2125
f 1844/2127 1834/2128 1848/2129
f 1848/2129 1834/2128 1806/2130
f 1844/2127 1848/2129 1852/2131
f 1844/2127 1852/2131 1809/2132
f 1844/2127 1809/2132 1836/2133
f 1852/2131 1848/2129 1855/2134
f 1848/2129 1806/2130 1843/2135
f 1848/2129 1843/2135 1855/2134
f 1852/2131 1855/2134 1872/2136
f 1852/2131 1872/2136 1809/2132
f 1855/2134 1843/2135 1865/2137
f 1855/2134 1865/2137 1872/2136
f 1843/2135 1806/2130 1815/2138
f 1872/2136 1865/2137 1877/2139
f 1815/2138 1806/2130 1793/2140
f 1793/2140 1806/2130 1788/2141
f 1793/2140 1788/2141 1723/2142
f 1793/2140 1723/2142 1741/2143
f 1877/2139 1865/2137 1850/2144
f 1850/2144 1865/2137 1843/2135
f 1843/2135 1815/2138 1830/2145
f 1843/2135 1830/2145 1850/2144
f 1830/2145 1815/2138 1793/2140
f 1877/2139 1850/2144 1893/2146
f 1877/2139 1893/2146 1872/2136
f 1850/2144 1830/2145 1867/2147
f 1850/2144 1867/2147 1893/2146
f 1830/2145 1793/2140 1802/2148
f 1830/2145 1802/2148 1867/2147
f 1802/2148 1793/2140 1741/2143
f 1872/2136 1893/2146 1859/2149
f 1872/2136 1859/2149 1809/2132
f 1893/2146 1867/2147 1854/2150
f 1893/2146 1854/2150 1859/2149
f 1809/2132 1859/2149 1794/2151
f 1809/2132 1794/2151 1776/2152
f 1794/2151 1859/2149 1854/2150
f 1431/2153 1402/2154 1741/2143
f 1400/2155 1553/2156 1402/2154
f 1402/2154 1553/2156 1635/2157
f 1402/2154 1635/2157 1741/2143
f 1635/2157 1553/2156 1650/2158
f 1635/2157 1650/2158 1689/2159
f 1635/2157 1689/2159 1741/2143
f 1741/2143 1689/2159 1802/2148
f 1802/2148 1689/2159 1705/2160
f 1802/2148 1705/2160 1768/2161
f 1802/2148 1768/2161 1796/2162
f 1796/2162 1768/2161 1783/2163
f 1802/2148 1796/2162 1817/2164
f 1817/2164 1796/2162 1783/2163
f 1802/2148 1817/2164 1867/2147
f 1817/2164 1783/2163 1789/2165
f 1867/2147 1817/2164 1854/2150
f 1854/2150 1817/2164 1789/2165
f 1854/2150 1789/2165 1785/2166
f 1854/2150 1785/2166 1774/2167
f 1854/2150 1774/2167 1794/2151
f 1725/2168 1774/2167 1735/2169
f 1794/2151 1774/2167 1755/2170
f 1755/2170 1774/2167 1725/2168
f 1794/2151 1755/2170 1718/2171
f 1794/2151 1718/2171 1726/2172
f 1755/2170 1725/2168 1693/2173
f 1755/2170 1693/2173 1718/2171
f 1693/2173 1725/2168 1690/2174
f 1693/2173 1690/2174 1620/2175
f 1693/2173 1620/2175 1590/2176
f 1718/2171 1693/2173 1642/2177
f 1642/2177 1693/2173 1590/2176
f 1718/2171 1642/2177 1726/2172
f 1642/2177 1590/2176 1579/2178
f 1642/2177 1579/2178 1726/2172
f 4/2179 55/2180 101/2181
f 575/2182 586/2183 865/2184
f 865/2184 586/2183 600/2185
f 865/2184 600/2185 943/2186
f 865/2184 943/2186 973/2187
f 943/2186 600/2185 620/2188
f 620/2188 600/2185 554/2189
f 554/2189 600/2185 493/2190
f 973/2187 943/2186 1006/2191
f 1006/2191 943/2186 934/2192
f 973/2187 1006/2191 1028/2193
f 1028/2193 1006/2191 1038/2194
f 1038/2194 1006/2191 1043/2195
f 493/2190 600/2185 504/2196
f 504/2196 600/2185 586/2183
f 493/2190 504/2196 354/2197
f 504/2196 586/2183 491/2198
f 504/2196 491/2198 353/2199
f 504/2196 353/2199 354/2197
f 353/2199 491/2198 333/2200
f 354/2197 353/2199 234/2201
f 354/2197 234/2201 242/2202
f 353/2199 333/2200 250/2203
f 353/2199 250/2203 234/2201
f 250/2203 333/2200 268/2204
f 242/2202 234/2201 376/2205
f 250/2203 268/2204 682/2206
f 250/2203 682/2206 234/2201
f 234/2201 682/2206 376/2205
f 376/2205 682/2206 768/2207
f 376/2205 768/2207 790/2208
f 790/2208 768/2207 872/2209
f 768/2207 682/2206 747/2210
f 747/2210 682/2206 806/2211
f 872/2209 768/2207 889/2212
f 747/2210 806/2211 855/2213
f 872/2209 889/2212 894/2214
f 768/2207 747/2210 801/2215
f 894/2214 889/2212 909/2216
f 894/2214 909/2216 882/2217
f 882/2217 909/2216 884/2218
f 747/2210 855/2213 812/2219
f 812/2219 855/2213 841/2220
f 812/2219 841/2220 853/2221
f 747/2210 812/2219 809/2222
f 809/2222 812/2219 853/2221
f 747/2210 809/2222 801/2215
f 809/2222 853/2221 824/2223
f 809/2222 824/2223 801/2215
f 801/2215 824/2223 768/2207
f 768/2207 824/2223 889/2212
f 824/2223 853/2221 885/2224
f 824/2223 885/2224 889/2212
f 889/2212 885/2224 909/2216
f 909/2216 885/2224 898/2225
f 909/2216 898/2225 884/2218
f 898/2225 885/2224 886/2226
f 886/2226 885/2224 868/2227
f 886/2226 868/2227 880/2228
f 886/2226 880/2228 864/2229
f 886/2226 864/2229 875/2230
f 886/2226 875/2230 898/2225
f 875/2230 864/2229 837/2231
f 847/2232 884/2218 898/2225
f 847/2232 898/2225 875/2230
f 847/2232 875/2230 837/2231
f 884/2218 847/2232 819/2233
f 847/2232 837/2231 803/2234
f 847/2232 803/2234 800/2235
f 803/2234 837/2231 775/2236
f 1186/2237 1093/2238 4/2239
f 1891/2240 1814/2074 1900/2241
f 1900/2241 1814/2074 1903/2078
f 1891/2240 1900/2241 1906/2242
f 1891/2240 1906/2242 1904/2243
f 1904/2243 1906/2242 1888/2110
f 1888/2110 1906/2242 1898/2107
f 1898/2107 1906/2242 1909/2244
f 1909/2244 1906/2242 1900/2241
f 1898/2107 1909/2244 1894/2113
f 1900/2241 1903/2078 1916/2245
f 1900/2241 1916/2245 1909/2244
f 1916/2245 1903/2078 1913/2092
f 1894/2113 1909/2244 1905/2246
f 1905/2246 1909/2244 1916/2245
f 1905/2246 1916/2245 1913/2092
f 1894/2113 1905/2246 1873/2101
f 1873/2101 1905/2246 1913/2092
f 4/2247 1220/2248 1186/2249
f 1186/2249 1220/2248 1284/2250
f 1284/2250 1220/2248 1287/2251
f 1284/2250 1287/2251 1402/2252
f 1402/2252 1287/2251 1400/2253
f 1400/2253 1287/2251 1384/2254
f 296/2255 1128/2256 304/2257
f 304/2257 1128/2256 28/2258
f 1136/2259 61/2260 28/2258
f 28/2258 61/2260 158/2261
f 28/2258 158/2261 279/2262
f 28/2258 279/2262 304/2257
f 279/2262 158/2261 657/2263
f 657/2263 158/2261 299/2264
f 279/2262 657/2263 775/2265
f 775/2265 657/2263 803/2266
f 279/2262 775/2265 459/2267
f 279/2262 459/2267 304/2257
f 459/2267 775/2265 540/2268
f 459/2267 540/2268 304/2257
f 540/2268 775/2265 837/2269
f 540/2268 837/2269 807/2270
f 807/2270 837/2269 864/2271
f 304/2257 540/2268 769/2272
f 769/2272 540/2268 807/2270
f 807/2270 864/2271 821/2273
f 807/2270 821/2273 769/2272
f 821/2273 864/2271 880/2274
f 304/2257 769/2272 674/2275
f 304/2257 674/2275 296/2255
f 296/2255 674/2275 668/2276
f 674/2275 769/2272 823/2277
f 674/2275 823/2277 668/2276
f 823/2277 769/2272 821/2273
f 821/2273 880/2274 879/2278
f 821/2273 879/2278 823/2277
f 879/2278 880/2274 868/2279
f 668/2276 823/2277 836/2280
f 668/2276 836/2280 798/2281
f 823/2277 879/2278 857/2282
f 823/2277 857/2282 836/2280
f 879/2278 868/2279 866/2283
f 869/2284 873/2285 836/2280
f 869/2284 836/2280 846/2286
f 846/2286 836/2280 857/2282
f 869/2284 846/2286 843/2287
f 843/2287 846/2286 817/2288
f 863/2289 857/2282 879/2278
f 857/2282 863/2289 846/2286
f 863/2289 879/2278 866/2283
f 817/2288 846/2286 816/2290
f 816/2290 846/2286 863/2289
f 817/2288 816/2290 855/2291
f 816/2290 863/2289 899/2292
f 816/2290 899/2292 855/2291
f 899/2292 863/2289 866/2283
f 855/2291 899/2292 841/2293
f 899/2292 866/2283 891/2294
f 899/2292 891/2294 841/2293
f 891/2294 866/2283 868/2279
f 841/2293 891/2294 853/2295
f 891/2294 868/2279 885/2296
f 891/2294 885/2296 853/2295
f 1067/2297 1033/2298 1057/2299
f 1033/2298 1067/2297 1069/2300
f 1069/2300 1067/2297 1068/2301
f 1069/2300 1068/2301 1050/2302
f 1069/2300 1050/2302 1070/2303
f 1033/2298 1069/2300 1066/2304
f 1066/2304 1069/2300 1070/2303
f 1070/2303 1050/2302 1072/2305
f 1070/2303 1072/2305 1066/2304
f 1072/2305 1050/2302 1062/2306
f 1062/2306 1050/2302 1002/2307
f 1033/2298 1066/2304 1047/2308
f 1033/2298 1047/2308 987/2309
f 1066/2304 1072/2305 1073/2310
f 1066/2304 1073/2310 1047/2308
f 1073/2310 1072/2305 1074/2311
f 1074/2311 1072/2305 1062/2306
f 1073/2310 1074/2311 1078/2312
f 1078/2312 1074/2311 1062/2306
f 1073/2310 1078/2312 1076/2313
f 1073/2310 1076/2313 1047/2308
f 1078/2312 1062/2306 1075/2314
f 1078/2312 1075/2314 1080/2315
f 1076/2313 1078/2312 1079/2316
f 1079/2316 1078/2312 1080/2315
f 1047/2308 1076/2313 1055/2317
f 1055/2317 1076/2313 1079/2316
f 976/2318 987/2309 1047/2308
f 987/2309 976/2318 870/2059
f 1047/2308 1055/2317 982/2319
f 1047/2308 982/2319 976/2318
f 870/2059 976/2318 954/2320
f 954/2320 976/2318 982/2319
f 870/2059 954/2320 509/2055
f 1071/2321 1055/2317 1079/2316
f 1055/2317 1071/2321 982/2319
f 1081/2322 1079/2316 1080/2315
f 1081/2322 1080/2315 1075/2314
f 1071/2321 1079/2316 1077/2323
f 1077/2323 1079/2316 1081/2322
f 1081/2322 1075/2314 1059/2324
f 1059/2324 1075/2314 1062/2306
f 1077/2323 1081/2322 1061/2325
f 1061/2325 1081/2322 1059/2324
f 1071/2321 1077/2323 1052/2326
f 1052/2326 1077/2323 1061/2325
f 1059/2324 1062/2306 1013/2327
f 1013/2327 1062/2306 1002/2307
f 1013/2327 1002/2307 985/2328
f 1059/2324 1013/2327 1015/2329
f 1059/2324 1015/2329 1061/2325
f 1015/2329 1013/2327 985/2328
f 1061/2325 1015/2329 1052/2326
f 1017/2330 1071/2321 1052/2326
f 1071/2321 1017/2330 982/2319
f 1052/2326 1015/2329 1016/2331
f 1052/2326 1016/2331 1017/2330
f 1015/2329 985/2328 981/2332
f 981/2332 985/2328 966/2333
f 1016/2331 1015/2329 1001/2334
f 1001/2334 1015/2329 981/2332
f 1017/2330 1016/2331 996/2335
f 996/2335 1016/2331 1001/2334
f 980/2336 982/2319 1017/2330
f 980/2336 1017/2330 996/2335
f 996/2335 1001/2334 974/2337
f 974/2337 1001/2334 981/2332
f 996/2335 974/2337 980/2336
f 982/2319 980/2336 964/2338
f 964/2338 980/2336 974/2337
f 982/2319 964/2338 954/2320
f 974/2337 981/2332 965/2339
f 965/2339 981/2332 966/2333
f 964/2338 974/2337 929/2340
f 964/2338 929/2340 954/2320
f 974/2337 965/2339 949/2341
f 974/2337 949/2341 929/2340
f 965/2339 966/2333 944/2342
f 965/2339 944/2342 949/2341
f 944/2342 966/2333 951/2343
f 949/2341 944/2342 890/2344
f 944/2342 951/2343 850/2345
f 944/2342 850/2345 890/2344
f 949/2341 890/2344 845/2346
f 845/2346 890/2344 850/2345
f 949/2341 845/2346 929/2340
f 844/2347 954/2320 929/2340
f 844/2347 929/2340 845/2346
f 954/2320 844/2347 509/2055
f 509/2055 844/2347 543/2054
f 543/2054 844/2347 845/2346
f 845/2346 850/2345 784/2348
f 784/2348 850/2345 772/2349
f 543/2054 845/2346 751/2350
f 751/2350 845/2346 784/2348
f 543/2054 751/2350 502/2045
f 784/2348 772/2349 760/2351
f 751/2350 784/2348 752/2352
f 751/2350 752/2352 502/2045
f 752/2352 784/2348 760/2351
f 502/2045 752/2352 450/2353
f 502/2045 450/2353 132/2035
f 752/2352 760/2351 683/2354
f 683/2354 760/2351 745/2355
f 132/2035 450/2353 1102/2038
f 683/2354 745/2355 785/2356
f 785/2356 745/2355 763/2357
f 785/2356 763/2357 794/2358
f 683/2354 785/2356 612/2359
f 683/2354 612/2359 752/2352
f 752/2352 612/2359 450/2353
f 612/2359 785/2356 739/2360
f 612/2359 739/2360 510/2361
f 612/2359 510/2361 450/2353
f 510/2361 739/2360 503/2362
f 510/2361 503/2362 289/2363
f 510/2361 289/2363 450/2353
f 289/2363 503/2362 286/2364
f 289/2363 286/2364 1108/2365
f 450/2353 289/2363 146/2366
f 450/2353 146/2366 1102/2038
f 1102/2038 146/2366 76/2367
f 76/2367 146/2366 289/2363
f 1102/2038 76/2367 1166/2368
f 1166/2368 76/2367 1116/2369
f 1166/2368 1116/2369 1178/2370
f 1341/2371 1178/2370 1108/2365
f 1116/2369 76/2367 16/2372
f 1116/2369 16/2372 1178/2370
f 76/2367 289/2363 44/2373
f 76/2367 44/2373 16/2372
f 44/2373 289/2363 1108/2365
f 16/2372 44/2373 1178/2370
f 1178/2370 44/2373 1108/2365
f 1220/2374 4/2375 1088/2376
f 1220/2374 1088/2376 1234/2377
f 1234/2377 1088/2376 5/2378
f 1220/2374 1234/2377 1287/2379
f 1287/2379 1234/2377 1340/2380
f 1287/2379 1340/2380 1384/2381
f 1340/2380 1234/2377 1374/2382
f 1340/2380 1374/2382 1384/2381
f 1234/2377 5/2378 1245/2383
f 1234/2377 1245/2383 1374/2382
f 1245/2383 5/2378 1162/2384
f 1245/2383 1162/2384 1217/2385
f 1245/2383 1217/2385 1339/2386
f 1245/2383 1339/2386 1374/2382
f 1374/2382 1339/2386 1393/2387
f 1436/2388 1384/2381 1374/2382
f 1436/2388 1374/2382 1393/2387
f 1384/2381 1436/2388 1400/2389
f 1400/2389 1436/2388 1553/2390
f 1553/2390 1436/2388 1650/2391
f 1650/2391 1436/2388 1393/2387
f 1650/2391 1393/2387 1523/2392
f 1523/2392 1393/2387 1459/2393
f 1523/2392 1459/2393 1637/2394
f 1637/2394 1459/2393 1651/2395
f 1650/2391 1523/2392 1644/2396
f 1644/2396 1523/2392 1637/2394
f 1637/2394 1651/2395 1678/2397
f 1678/2397 1651/2395 1667/2398
f 1637/2394 1678/2397 1699/2399
f 1699/2399 1678/2397 1667/2398
f 1637/2394 1699/2399 1680/2400
f 1650/2391 1644/2396 1705/2401
f 1650/2391 1705/2401 1689/2402
f 1644/2396 1637/2394 1681/2403
f 1681/2403 1637/2394 1680/2400
f 1705/2401 1644/2396 1684/2404
f 1684/2404 1644/2396 1681/2403
f 1705/2401 1684/2404 1722/2405
f 1705/2401 1722/2405 1768/2406
f 1684/2404 1681/2403 1727/2407
f 1684/2404 1727/2407 1722/2405
f 1681/2403 1680/2400 1702/2408
f 1702/2408 1680/2400 1699/2399
f 1681/2403 1702/2408 1727/2407
f 1768/2406 1722/2405 1752/2409
f 1752/2409 1722/2405 1727/2407
f 1768/2406 1752/2409 1783/2410
f 1702/2408 1699/2399 1735/2411
f 1783/2410 1752/2409 1767/2412
f 1767/2412 1752/2409 1727/2407
f 1783/2410 1767/2412 1789/2413
f 1789/2413 1767/2412 1785/2414
f 1767/2412 1727/2407 1720/2415
f 1720/2415 1727/2407 1702/2408
f 1767/2412 1720/2415 1785/2414
f 1720/2415 1702/2408 1735/2411
f 1720/2415 1735/2411 1785/2414
f 1785/2414 1735/2411 1774/2416
f 1735/2411 1699/2399 1667/2398
f 1735/2411 1667/2398 1690/2417
f 1735/2411 1690/2417 1725/2418
f 1690/2417 1667/2398 1620/2419
f 1050/2420 1006/2421 1002/2422
f 1002/2422 1006/2421 934/2423
f 1002/2422 934/2423 985/2424
f 985/2424 934/2423 966/2425
f 966/2425 934/2423 617/2426
f 966/2425 617/2426 951/2427
f 943/2428 620/2429 934/2423
f 934/2423 620/2429 617/2426
f 951/2427 617/2426 618/2430
f 951/2427 618/2430 850/2431
f 617/2426 620/2429 547/2432
f 547/2432 620/2429 554/2433
f 547/2432 554/2433 493/2434
f 617/2426 547/2432 544/2435
f 617/2426 544/2435 618/2430
f 547/2432 493/2434 475/2436
f 547/2432 475/2436 544/2435
f 475/2436 493/2434 355/2437
f 355/2437 493/2434 354/2438
f 355/2437 354/2438 242/2439
f 591/2440 850/2431 618/2430
f 850/2431 591/2440 772/2441
f 561/2442 618/2430 544/2435
f 618/2430 561/2442 591/2440
f 561/2442 544/2435 389/2443
f 389/2443 544/2435 475/2436
f 591/2440 561/2442 538/2444
f 591/2440 538/2444 772/2441
f 538/2444 561/2442 383/2445
f 383/2445 561/2442 389/2443
f 772/2441 538/2444 567/2446
f 567/2446 538/2444 383/2445
f 772/2441 567/2446 760/2447
f 567/2446 383/2445 166/2448
f 760/2447 567/2446 486/2449
f 760/2447 486/2449 563/2450
f 760/2447 563/2450 745/2451
f 745/2451 563/2450 763/2452
f 486/2449 567/2446 281/2453
f 281/2453 567/2446 166/2448
f 563/2450 486/2449 263/2454
f 263/2454 486/2449 281/2453
f 763/2452 563/2450 464/2455
f 464/2455 563/2450 263/2454
f 763/2452 464/2455 623/2456
f 464/2455 263/2454 21/2457
f 464/2455 21/2457 258/2458
f 21/2457 263/2454 1105/2459
f 1105/2459 263/2454 281/2453
f 21/2457 1105/2459 1133/2460
f 1133/2460 1105/2459 1334/2461
f 1105/2459 281/2453 128/2462
f 1105/2459 128/2462 1160/2463
f 128/2462 281/2453 166/2448
f 1160/2463 128/2462 1164/2464
f 1164/2464 128/2462 166/2448
f 1164/2464 166/2448 38/2465
f 1164/2464 38/2465 1124/2466
f 38/2465 166/2448 159/2467
f 159/2467 166/2448 383/2445
f 1124/2466 38/2465 144/2468
f 144/2468 38/2465 159/2467
f 159/2467 383/2445 198/2469
f 159/2467 198/2469 144/2468
f 198/2469 383/2445 389/2443
f 1124/2466 144/2468 109/2470
f 1124/2466 109/2470 19/2471
f 1124/2466 19/2471 1150/2472
f 1150/2472 19/2471 1167/2473
f 1167/2473 19/2471 1087/2474
f 144/2468 198/2469 298/2475
f 109/2470 144/2468 331/2476
f 331/2476 144/2468 298/2475
f 19/2471 109/2470 150/2477
f 150/2477 109/2470 331/2476
f 1087/2474 19/2471 114/2478
f 114/2478 19/2471 150/2477
f 1087/2474 114/2478 83/2479
f 1087/2474 83/2479 1114/2480
f 1114/2480 83/2479 79/2481
f 61/2482 1092/2483 79/2481
f 61/2482 79/2481 299/2484
f 299/2484 79/2481 83/2479
f 61/2482 299/2484 158/2485
f 657/2486 299/2484 803/2487
f 299/2484 83/2479 396/2488
f 299/2484 396/2488 803/2487
f 396/2488 83/2479 318/2489
f 318/2489 83/2479 114/2478
f 803/2487 396/2488 609/2490
f 609/2490 396/2488 318/2489
f 803/2487 609/2490 800/2491
f 318/2489 114/2478 255/2492
f 255/2492 114/2478 150/2477
f 609/2490 318/2489 592/2493
f 592/2493 318/2489 255/2492
f 800/2491 609/2490 705/2494
f 705/2494 609/2490 730/2495
f 730/2495 609/2490 592/2493
f 800/2491 705/2494 819/2496
f 819/2496 705/2494 730/2495
f 800/2491 819/2496 847/2497
f 592/2493 255/2492 457/2498
f 457/2498 255/2492 150/2477
f 730/2495 592/2493 778/2499
f 778/2499 592/2493 457/2498
f 819/2496 730/2495 833/2500
f 819/2496 833/2500 884/2501
f 884/2501 833/2500 882/2502
f 833/2500 730/2495 815/2503
f 833/2500 815/2503 882/2502
f 815/2503 730/2495 778/2499
f 882/2502 815/2503 818/2504
f 818/2504 815/2503 778/2499
f 882/2502 818/2504 826/2505
f 882/2502 826/2505 894/2506
f 818/2504 778/2499 796/2507
f 818/2504 796/2507 826/2505
f 894/2506 826/2505 834/2508
f 894/2506 834/2508 872/2509
f 872/2509 834/2508 790/2510
f 834/2508 826/2505 813/2511
f 813/2511 826/2505 796/2507
f 790/2510 834/2508 648/2512
f 834/2508 813/2511 791/2513
f 834/2508 791/2513 648/2512
f 791/2513 813/2511 796/2507
f 749/2514 796/2507 778/2499
f 749/2514 778/2499 457/2498
f 791/2513 796/2507 721/2515
f 749/2514 457/2498 481/2516
f 481/2516 457/2498 150/2477
f 796/2507 749/2514 719/2517
f 719/2517 749/2514 481/2516
f 796/2507 719/2517 721/2515
f 481/2516 150/2477 320/2518
f 481/2516 320/2518 719/2517
f 320/2518 150/2477 331/2476
f 726/2519 791/2513 721/2515
f 791/2513 726/2519 648/2512
f 721/2515 719/2517 501/2520
f 501/2520 719/2517 320/2518
f 726/2519 721/2515 497/2521
f 726/2519 497/2521 648/2512
f 497/2521 721/2515 501/2520
f 501/2520 320/2518 314/2522
f 501/2520 314/2522 497/2521
f 429/2523 320/2518 331/2476
f 429/2523 331/2476 298/2475
f 314/2522 320/2518 479/2524
f 479/2524 320/2518 429/2523
f 314/2522 479/2524 256/2525
f 314/2522 256/2525 497/2521
f 479/2524 429/2523 421/2526
f 479/2524 421/2526 256/2525
f 429/2523 298/2475 266/2527
f 429/2523 266/2527 421/2526
f 421/2526 266/2527 256/2525
f 266/2527 298/2475 198/2469
f 497/2521 256/2525 113/2528
f 113/2528 256/2525 266/2527
f 266/2527 198/2469 210/2529
f 210/2529 198/2469 389/2443
f 113/2528 266/2527 177/2530
f 177/2530 266/2527 210/2529
f 177/2530 210/2529 206/2531
f 177/2530 206/2531 113/2528
f 206/2531 210/2529 389/2443
f 87/2532 497/2521 113/2528
f 87/2532 113/2528 206/2531
f 497/2521 87/2532 468/2533
f 497/2521 468/2533 648/2512
f 87/2532 206/2531 151/2534
f 87/2532 151/2534 468/2533
f 206/2531 389/2443 341/2535
f 206/2531 341/2535 151/2534
f 341/2535 389/2443 475/2436
f 341/2535 475/2436 355/2437
f 151/2534 341/2535 222/2536
f 222/2536 341/2535 355/2437
f 151/2534 222/2536 468/2533
f 222/2536 355/2437 242/2439
f 395/2537 648/2512 468/2533
f 395/2537 468/2533 222/2536
f 395/2537 222/2536 242/2439
f 648/2512 395/2537 790/2510
f 395/2537 242/2439 376/2538
f 395/2537 376/2538 790/2510
f 1695/2539 1818/2540 1813/2541
f 1813/2541 1818/2540 1863/2542
f 1579/2543 1590/2544 1695/2539
f 1695/2539 1590/2544 1620/2545
f 1695/2539 1620/2545 1749/2546
f 1695/2539 1749/2546 1818/2540
f 1749/2546 1620/2545 1712/2547
f 1749/2546 1712/2547 1826/2548
f 1749/2546 1826/2548 1818/2540
f 1826/2548 1712/2547 1795/2549
f 1927/2550 1863/2542 1818/2540
f 1863/2542 1927/2550 1902/2551
f 1818/2540 1826/2548 1929/2552
f 1818/2540 1929/2552 1927/2550
f 1902/2551 1927/2550 1925/2553
f 1925/2553 1927/2550 1931/2554
f 1925/2553 1931/2554 1928/2555
f 1928/2555 1931/2554 1926/2556
f 1931/2554 1927/2550 1935/2557
f 1935/2557 1927/2550 1929/2552
f 1926/2556 1931/2554 1930/2558
f 1930/2558 1931/2554 1935/2557
f 1921/2559 1926/2556 1911/2560
f 1935/2557 1929/2552 1936/2561
f 1935/2557 1936/2561 1930/2558
f 1911/2560 1926/2556 1919/2562
f 1919/2562 1926/2556 1930/2558
f 1911/2560 1919/2562 1864/2563
f 1911/2560 1864/2563 1890/2564
f 1919/2562 1930/2558 1922/2565
f 1864/2563 1919/2562 1901/2566
f 1901/2566 1919/2562 1922/2565
f 1864/2563 1901/2566 1807/2567
f 1937/2568 1930/2558 1936/2561
f 1930/2558 1937/2568 1933/2569
f 1930/2558 1933/2569 1922/2565
f 1937/2568 1936/2561 1934/2570
f 1934/2570 1936/2561 1929/2552
f 1933/2569 1937/2568 1932/2571
f 1932/2571 1937/2568 1934/2570
f 1934/2570 1929/2552 1912/2572
f 1934/2570 1912/2572 1932/2571
f 1912/2572 1929/2552 1826/2548
f 1933/2569 1932/2571 1899/2573
f 1933/2569 1899/2573 1922/2565
f 1932/2571 1912/2572 1908/2574
f 1932/2571 1908/2574 1899/2573
f 1912/2572 1826/2548 1851/2575
f 1912/2572 1851/2575 1908/2574
f 1851/2575 1826/2548 1795/2549
f 1851/2575 1795/2549 1797/2576
f 1797/2576 1795/2549 1756/2577
f 1908/2574 1851/2575 1849/2578
f 1849/2578 1851/2575 1797/2576
f 1862/2579 1899/2573 1908/2574
f 1862/2579 1908/2574 1849/2578
f 1899/2573 1862/2579 1868/2580
f 1899/2573 1868/2580 1922/2565
f 1862/2579 1849/2578 1825/2581
f 1825/2581 1849/2578 1797/2576
f 1862/2579 1825/2581 1868/2580
f 1825/2581 1797/2576 1778/2582
f 1922/2565 1868/2580 1870/2583
f 1922/2565 1870/2583 1901/2566
f 1868/2580 1825/2581 1800/2584
f 1800/2584 1825/2581 1778/2582
f 1901/2566 1870/2583 1885/2585
f 1901/2566 1885/2585 1807/2567
f 1870/2583 1868/2580 1819/2586
f 1819/2586 1868/2580 1800/2584
f 1885/2585 1870/2583 1832/2587
f 1832/2587 1870/2583 1819/2586
f 1885/2585 1832/2587 1807/2567
f 1800/2584 1778/2582 1771/2588
f 1800/2584 1771/2588 1819/2586
f 1771/2588 1778/2582 1758/2589
f 1832/2587 1819/2586 1790/2590
f 1790/2590 1819/2586 1771/2588
f 1832/2587 1790/2590 1807/2567
f 1790/2590 1771/2588 1758/2589
f 1790/2590 1758/2589 1807/2567
f 1807/2567 1758/2589 1733/2591
f 1807/2567 1733/2591 1864/2563
f 1864/2563 1733/2591 1804/2592
f 1804/2592 1733/2591 1673/2593
f 1673/2593 1733/2591 1423/2594
f 1673/2593 1423/2594 1412/2595
f 1423/2594 1733/2591 1429/2596
f 1423/2594 1429/2596 1379/2597
f 1412/2595 1423/2594 1377/2598
f 1423/2594 1379/2597 1369/2599
f 1423/2594 1369/2599 1377/2598
f 1377/2598 1369/2599 1317/2600
f 1317/2600 1369/2599 1320/2601
f 1377/2598 1317/2600 1329/2602
f 1317/2600 1320/2601 1170/2603
f 1317/2600 1170/2603 1329/2602
f 1329/2602 1170/2603 1201/2604
f 1201/2604 1170/2603 1109/2605
f 1109/2605 1170/2603 1114/2606
f 1201/2604 1109/2605 1092/2607
f 1109/2605 1114/2606 79/2608
f 1109/2605 79/2608 1092/2607
f 1620/2609 1667/2610 1612/2611
f 1620/2609 1612/2611 1712/2612
f 1612/2611 1667/2610 1605/2613
f 1605/2613 1667/2610 1632/2614
f 1632/2614 1667/2610 1651/2615
f 1612/2611 1605/2613 1669/2616
f 1712/2612 1612/2611 1728/2617
f 1728/2617 1612/2611 1669/2616
f 1712/2612 1728/2617 1756/2618
f 1712/2612 1756/2618 1795/2619
f 1756/2618 1728/2617 1731/2620
f 1731/2620 1728/2617 1669/2616
f 1756/2618 1731/2620 1797/2621
f 1631/2622 1669/2616 1605/2613
f 1631/2622 1605/2613 1632/2614
f 1731/2620 1669/2616 1652/2623
f 1652/2623 1669/2616 1631/2622
f 1797/2621 1731/2620 1753/2624
f 1797/2621 1753/2624 1778/2625
f 1753/2624 1731/2620 1721/2626
f 1721/2626 1731/2620 1652/2623
f 1778/2625 1753/2624 1738/2627
f 1738/2627 1753/2624 1721/2626
f 1778/2625 1738/2627 1758/2628
f 1738/2627 1721/2626 1686/2629
f 1738/2627 1686/2629 1758/2628
f 1686/2629 1721/2626 1652/2623
f 1758/2628 1686/2629 1733/2630
f 1733/2630 1686/2629 1429/2631
f 1429/2631 1686/2629 1434/2632
f 1686/2629 1652/2623 1440/2633
f 1686/2629 1440/2633 1434/2632
f 1429/2631 1434/2632 1379/2634
f 1440/2633 1652/2623 1542/2635
f 1542/2635 1652/2623 1631/2622
f 1434/2632 1440/2633 1371/2636
f 1379/2634 1434/2632 1360/2637
f 1360/2637 1434/2632 1371/2636
f 1371/2636 1440/2633 1405/2638
f 1405/2638 1440/2633 1542/2635
f 1360/2637 1371/2636 1313/2639
f 1313/2639 1371/2636 1405/2638
f 1379/2634 1360/2637 1318/2640
f 1318/2640 1360/2637 1313/2639
f 1313/2639 1405/2638 1164/2641
f 1313/2639 1164/2641 1124/2642
f 1313/2639 1124/2642 1150/2643
f 1313/2639 1150/2643 1318/2640
f 1164/2641 1405/2638 1335/2644
f 1335/2644 1405/2638 1542/2635
f 1164/2641 1335/2644 1160/2645
f 1160/2645 1335/2644 1334/2646
f 1160/2645 1334/2646 1105/2647
f 1335/2644 1542/2635 1532/2648
f 1335/2644 1532/2648 1334/2646
f 1334/2646 1532/2648 1425/2649
f 1334/2646 1425/2649 1133/2650
f 1133/2650 1425/2649 1299/2651
f 1425/2649 1532/2648 1582/2652
f 1582/2652 1532/2648 1629/2653
f 1532/2648 1542/2635 1623/2654
f 1532/2648 1623/2654 1629/2653
f 1623/2654 1542/2635 1631/2622
f 1629/2653 1623/2654 1636/2655
f 1629/2653 1636/2655 1641/2656
f 1623/2654 1631/2622 1630/2657
f 1630/2657 1631/2622 1632/2614
f 1636/2655 1623/2654 1496/2658
f 1496/2658 1623/2654 1630/2657
f 1636/2655 1496/2658 1559/2659
f 1636/2655 1559/2659 1588/2660
f 1496/2658 1630/2657 1596/2661
f 1596/2661 1630/2657 1632/2614
f 1496/2658 1596/2661 1559/2659
f 1588/2660 1559/2659 1449/2662
f 1449/2662 1559/2659 1596/2661
f 1588/2660 1449/2662 1396/2663
f 1596/2661 1632/2614 1458/2664
f 1596/2661 1458/2664 1449/2662
f 1458/2664 1632/2614 1459/2665
f 1459/2665 1632/2614 1651/2615
f 1449/2662 1458/2664 1390/2666
f 1390/2666 1458/2664 1459/2665
f 1396/2663 1449/2662 1341/2667
f 1396/2663 1341/2667 1108/2668
f 1341/2667 1449/2662 1390/2666
f 1178/2669 1341/2667 1166/2670
f 1166/2670 1341/2667 1390/2666
f 1166/2670 1390/2666 1102/2671
f 1102/2671 1390/2666 1131/2672
f 1217/2673 1390/2666 1459/2665
f 1390/2666 1217/2673 1131/2672
f 1131/2672 1217/2673 1162/2674
f 1217/2673 1459/2665 1393/2675
f 1217/2673 1393/2675 1339/2676
f 1320/2677 1369/2678 1379/2634
f 1320/2677 1379/2634 1318/2640
f 1320/2677 1318/2640 1191/2679
f 1320/2677 1191/2679 1226/2680
f 1320/2677 1226/2680 1170/2681
f 1191/2679 1318/2640 1174/2682
f 1174/2682 1318/2640 1150/2643
f 1174/2682 1150/2643 1167/2683
f 1174/2682 1167/2683 1223/2684
f 1174/2682 1223/2684 1191/2679
f 1223/2684 1167/2683 1087/2685
f 1216/2686 1226/2680 1191/2679
f 1226/2680 1216/2686 1170/2681
f 1216/2686 1191/2679 1223/2684
f 1216/2686 1223/2684 1087/2685
f 1170/2681 1216/2686 1114/2687
f 1114/2687 1216/2686 1087/2685
f 1108/2688 1238/2689 1396/2690
f 1396/2690 1238/2689 1462/2691
f 1396/2690 1462/2691 1588/2692
f 1238/2689 1108/2688 90/2693
f 1636/2694 1588/2692 1641/2695
f 1641/2695 1588/2692 1462/2691
f 1641/2695 1462/2691 1575/2696
f 1575/2696 1462/2691 1358/2697
f 1358/2697 1462/2691 1275/2698
f 1275/2698 1462/2691 1238/2689
f 1275/2698 1238/2689 1177/2699
f 1177/2699 1238/2689 90/2693
f 1177/2699 90/2693 98/2700
f 286/2701 90/2693 1108/2688
f 98/2700 90/2693 433/2702
f 433/2702 90/2693 286/2701
f 433/2702 286/2701 503/2703
f 433/2702 503/2703 739/2704
f 433/2702 739/2704 731/2705
f 731/2705 739/2704 794/2706
f 794/2706 739/2704 785/2707
f 199/2708 98/2709 433/2710
f 98/2709 199/2708 173/2711
f 98/2709 173/2711 131/2712
f 199/2708 433/2710 407/2713
f 173/2711 199/2708 227/2714
f 173/2711 227/2714 131/2712
f 227/2714 199/2708 407/2713
f 407/2713 433/2710 731/2715
f 131/2712 227/2714 153/2716
f 131/2712 153/2716 130/2717
f 407/2713 731/2715 606/2718
f 153/2716 227/2714 484/2719
f 606/2718 731/2715 794/2720
f 227/2714 407/2713 415/2721
f 227/2714 415/2721 484/2719
f 415/2721 407/2713 606/2718
f 623/2722 794/2720 763/2723
f 794/2720 623/2722 519/2724
f 794/2720 519/2724 606/2718
f 606/2718 519/2724 520/2725
f 415/2721 606/2718 542/2726
f 542/2726 606/2718 520/2725
f 415/2721 542/2726 484/2719
f 520/2725 519/2724 532/2727
f 520/2725 532/2727 542/2726
f 532/2727 519/2724 375/2728
f 484/2719 542/2726 737/2729
f 737/2729 542/2726 532/2727
f 532/2727 375/2728 576/2730
f 532/2727 576/2730 737/2729
f 576/2730 375/2728 244/2731
f 244/2731 375/2728 47/2732
f 576/2730 244/2731 742/2733
f 576/2730 742/2733 737/2729
f 742/2733 244/2731 245/2734
f 737/2729 742/2733 755/2735
f 737/2729 755/2735 484/2719
f 484/2719 755/2735 445/2736
f 484/2719 445/2736 153/2716
f 153/2716 445/2736 231/2737
f 445/2736 755/2735 430/2738
f 445/2736 430/2738 231/2737
f 430/2738 755/2735 581/2739
f 231/2737 430/2738 361/2740
f 361/2740 430/2738 581/2739
f 98/2741 8/2742 1177/2743
f 8/2742 98/2741 131/2744
f 8/2742 131/2744 130/2745
f 8/2742 130/2745 13/2746
f 1177/2743 8/2742 1159/2747
f 1177/2743 1159/2747 1258/2748
f 1177/2743 1258/2748 1275/2749
f 1258/2748 1159/2747 1303/2750
f 1275/2749 1258/2748 1358/2751
f 1358/2751 1258/2748 1303/2750
f 1358/2751 1303/2750 1398/2752
f 1398/2752 1303/2750 1345/2753
f 1398/2752 1345/2753 1501/2754
f 1575/2755 1358/2751 1565/2756
f 1565/2756 1358/2751 1398/2752
f 1565/2756 1398/2752 1567/2757
f 1567/2757 1398/2752 1615/2758
f 1398/2752 1501/2754 1475/2759
f 1398/2752 1475/2759 1615/2758
f 1475/2759 1501/2754 1595/2760
f 1475/2759 1595/2760 1615/2758
f 1641/2761 1575/2762 1586/2763
f 1586/2763 1575/2762 1565/2764
f 1641/2761 1586/2763 1582/2765
f 1641/2761 1582/2765 1629/2766
f 1586/2763 1565/2764 1466/2767
f 1582/2765 1586/2763 1468/2768
f 1468/2768 1586/2763 1466/2767
f 1466/2767 1565/2764 1519/2769
f 1468/2768 1466/2767 1455/2770
f 1455/2770 1466/2767 1519/2769
f 1582/2765 1468/2768 1445/2771
f 1445/2771 1468/2768 1455/2770
f 1582/2765 1445/2771 1388/2772
f 1582/2765 1388/2772 1425/2773
f 1425/2773 1388/2772 1299/2774
f 1445/2771 1455/2770 1367/2775
f 1367/2775 1455/2770 1519/2769
f 1388/2772 1445/2771 1321/2776
f 1321/2776 1445/2771 1367/2775
f 1299/2774 1388/2772 1112/2777
f 1299/2774 1112/2777 1133/2778
f 1133/2778 1112/2777 21/2779
f 21/2779 1112/2777 258/2780
f 1388/2772 1321/2776 1149/2781
f 1388/2772 1149/2781 1112/2777
f 1321/2776 1367/2775 1272/2782
f 1321/2776 1272/2782 1149/2781
f 1272/2782 1367/2775 1295/2783
f 1295/2783 1367/2775 1519/2769
f 258/2780 1112/2777 420/2784
f 258/2780 420/2784 464/2785
f 464/2785 420/2784 623/2786
f 420/2784 1112/2777 85/2787
f 85/2787 1112/2777 1149/2781
f 623/2786 420/2784 343/2788
f 343/2788 420/2784 85/2787
f 623/2786 343/2788 519/2789
f 519/2789 343/2788 375/2790
f 375/2790 343/2788 47/2791
f 47/2791 343/2788 85/2787
f 47/2791 85/2787 1149/2781
f 47/2791 1149/2781 1272/2782
f 47/2791 1272/2782 2/2792
f 2/2792 1272/2782 1295/2783
f 47/2791 2/2792 244/2793
f 244/2793 2/2792 245/2794
f 245/2794 2/2792 84/2795
f 84/2795 2/2792 1158/2796
f 2/2792 1295/2783 1254/2797
f 1158/2796 2/2792 1224/2798
f 1224/2798 2/2792 1254/2797
f 1158/2796 1224/2798 1315/2799
f 1254/2797 1295/2783 1519/2769
f 1315/2799 1224/2798 1437/2800
f 1437/2800 1224/2798 1254/2797
f 1254/2797 1519/2769 1480/2801
f 1254/2797 1480/2801 1437/2800
f 1480/2801 1519/2769 1643/2802
f 1480/2801 1643/2802 1437/2800
f 1315/2799 1437/2800 1481/2803
f 1315/2799 1481/2803 1415/2804
f 1415/2804 1481/2803 1537/2805
f 1537/2805 1481/2803 1611/2806
f 1611/2806 1481/2803 1554/2807
f 1481/2803 1437/2800 1499/2808
f 1481/2803 1499/2808 1554/2807
f 1499/2808 1437/2800 1643/2802
f 1554/2807 1499/2808 1595/2809
f 1595/2809 1499/2808 1643/2802
f 1595/2809 1643/2802 1615/2810
f 1615/2810 1643/2802 1639/2811
f 1639/2811 1643/2802 1519/2769
f 1615/2810 1639/2811 1567/2812
f 1639/2811 1519/2769 1565/2764
f 1639/2811 1565/2764 1567/2812
f 8/2813 13/2814 1159/2815
f 1159/2815 13/2814 14/2816
f 525/2817 581/2818 755/2819
f 581/2818 525/2817 511/2820
f 525/2817 755/2819 742/2821
f 511/2820 525/2817 352/2822
f 352/2822 525/2817 742/2821
f 352/2822 742/2821 245/2823
f 352/2822 245/2823 84/2824
f 231/2825 179/2826 153/2827
f 153/2827 179/2826 130/2828
f 179/2826 231/2825 200/2829
f 1159/2830 1259/2831 1303/2832
f 1303/2832 1259/2831 1345/2833
f 1259/2831 1159/2830 1188/2834
f 1345/2833 1259/2831 1316/2835
f 1316/2835 1259/2831 1188/2834
f 1188/2834 1159/2830 14/2836
f 1345/2833 1316/2835 1476/2837
f 1345/2833 1476/2837 1501/2838
f 1316/2835 1188/2834 1323/2839
f 1316/2835 1323/2839 1476/2837
f 1188/2834 14/2836 58/2840
f 1188/2834 58/2840 1323/2839
f 1501/2838 1476/2837 1578/2841
f 1501/2838 1578/2841 1595/2842
f 1595/2842 1578/2841 1554/2843
f 1554/2843 1578/2841 1546/2844
f 1554/2843 1546/2844 1611/2845
f 1611/2845 1546/2844 1609/2846
f 1546/2844 1578/2841 1566/2847
f 1546/2844 1566/2847 1609/2846
f 1566/2847 1578/2841 1476/2837
f 1609/2846 1566/2847 1456/2848
f 1566/2847 1476/2837 1484/2849
f 1566/2847 1484/2849 1456/2848
f 1484/2849 1476/2837 1323/2839
f 1484/2849 1323/2839 1456/2848
f 1456/2848 1323/2839 1268/2850
f 1268/2850 1323/2839 1200/2851
f 1200/2851 1323/2839 58/2840
f 1456/2848 1268/2850 1310/2852
f 1456/2848 1310/2852 1235/2853
f 1200/2851 58/2840 64/2854
f 1200/2851 64/2854 1268/2850
f 1235/2853 1310/2852 72/2855
f 1235/2853 72/2855 160/2856
f 1310/2852 1268/2850 1242/2857
f 1310/2852 1242/2857 1241/2858
f 1310/2852 1241/2858 1236/2859
f 1236/2859 1241/2858 1242/2857
f 1310/2852 1236/2859 72/2855
f 1236/2859 1242/2857 1268/2850
f 72/2855 1236/2859 11/2860
f 11/2860 1236/2859 1268/2850
f 72/2855 11/2860 142/2861
f 142/2861 11/2860 1268/2850
f 72/2855 142/2861 160/2856
f 142/2861 1268/2850 64/2854
f 160/2856 142/2861 391/2862
f 391/2862 142/2861 64/2854
f 160/2856 391/2862 424/2863
f 391/2862 64/2854 228/2864
f 208/2865 64/2854 58/2840
f 64/2854 208/2865 228/2864
f 208/2865 58/2840 125/2866
f 125/2866 58/2840 14/2836
f 208/2865 125/2866 192/2867
f 208/2865 192/2867 228/2864
f 125/2866 14/2836 123/2868
f 125/2866 123/2868 192/2867
f 123/2868 14/2836 13/2869
f 123/2868 13/2869 130/2870
f 123/2868 130/2870 179/2871
f 123/2868 179/2871 192/2867
f 192/2867 179/2871 200/2872
f 192/2867 200/2872 228/2864
f 228/2864 200/2872 361/2873
f 361/2873 200/2872 231/2874
f 228/2864 361/2873 425/2875
f 228/2864 425/2875 391/2862
f 425/2875 361/2873 487/2876
f 487/2876 361/2873 581/2877
f 391/2862 425/2875 553/2878
f 553/2878 425/2875 487/2876
f 391/2862 553/2878 647/2879
f 487/2876 581/2877 573/2880
f 487/2876 573/2880 553/2878
f 573/2880 581/2877 511/2881
f 573/2880 511/2881 553/2878
f 553/2878 511/2881 523/2882
f 1415/2883 1261/2884 1315/2885
f 1315/2885 1261/2884 1158/2886
f 1261/2884 1415/2883 1311/2887
f 1158/2886 1261/2884 1229/2888
f 1229/2888 1261/2884 1311/2887
f 1311/2887 1415/2883 1447/2889
f 1311/2887 1447/2889 1229/2888
f 1447/2889 1415/2883 1537/2890
f 1447/2889 1537/2890 1611/2891
f 1447/2889 1611/2891 1609/2892
f 1158/2886 1229/2888 70/2893
f 1158/2886 70/2893 84/2894
f 1229/2888 1447/2889 22/2895
f 1229/2888 22/2895 70/2893
f 84/2894 70/2893 360/2896
f 360/2896 70/2893 22/2895
f 84/2894 360/2896 352/2897
f 352/2897 360/2896 511/2898
f 511/2898 360/2896 523/2899
f 1385/2900 1447/2889 1609/2892
f 1447/2889 1385/2900 22/2895
f 1385/2900 1609/2892 1456/2901
f 360/2896 22/2895 440/2902
f 360/2896 440/2902 523/2899
f 1385/2900 1456/2901 1231/2903
f 1231/2903 1456/2901 1235/2904
f 22/2895 1385/2900 1165/2905
f 1165/2905 1385/2900 1231/2903
f 440/2902 22/2895 264/2906
f 264/2906 22/2895 1165/2905
f 523/2899 440/2902 722/2907
f 523/2899 722/2907 553/2908
f 553/2908 722/2907 647/2909
f 722/2907 440/2902 535/2910
f 722/2907 535/2910 647/2909
f 535/2910 440/2902 264/2906
f 647/2909 535/2910 391/2911
f 391/2911 535/2910 424/2912
f 424/2912 535/2910 264/2906
f 111/2913 264/2906 1165/2905
f 264/2906 111/2913 424/2912
f 111/2913 1165/2905 1231/2903
f 111/2913 1231/2903 1235/2904
f 424/2912 111/2913 160/2914
f 160/2914 111/2913 1235/2904
