# compound_bow 拉弦变体（由 tools/bow_gen_pull.py 生成）
mtllib compound_bow.mtl
o compound_bow
v 0.5003 0.9304 0.3977
v 0.5004 0.5387 0.3812
v 0.5005 0.2872 0.4208
v 0.5006 0.2156 0.4508
v 0.5006 0.5121 0.4688
v 0.5006 0.4342 0.4363
v 0.5007 0.4054 0.4083
v 0.5007 0.1627 0.4109
v 0.5008 0.5236 0.3912
v 0.5008 0.5336 0.3741
v 0.5009 0.1766 0.4258
v 0.5010 0.1797 0.3751
v 0.5010 0.3790 0.4403
v 0.5011 0.5587 0.3810
v 0.5014 0.5731 0.3971
v 0.5015 0.5582 0.3958
v 0.5015 0.6031 0.3913
v 0.5016 0.1439 0.3597
v 0.5017 0.1701 0.3591
v 0.5017 0.1691 0.4138
v 0.5017 0.5666 0.4638
v 0.5017 0.5013 0.3817
v 0.5017 0.5190 0.3758
v 0.5020 0.5495 0.3829
v 0.5024 0.1542 0.3586
v 0.5025 0.5517 0.3951
v 0.5027 0.1809 0.4382
v 0.5027 0.1613 0.3974
v 0.5027 0.3597 0.4645
v 0.5029 0.5640 0.3963
v 0.5029 0.2292 0.4688
v 0.5030 0.5075 0.3934
v 0.5030 0.5797 0.3957
v 0.5031 0.5013 0.4304
v 0.5031 0.4881 0.4241
v 0.5032 0.3378 0.4144
v 0.5033 0.5703 0.4158
v 0.5035 0.6329 0.4600
v 0.5036 0.9172 0.4486
v 0.5037 0.6462 0.4524
v 0.5038 0.5685 0.3991
v 0.5038 0.3410 0.4219
v 0.5040 0.5066 0.3841
v 0.5040 0.2045 0.4687
v 0.5041 0.1722 0.3924
v 0.5042 0.5081 0.4577
v 0.5042 0.1735 0.4063
v 0.5044 0.5724 0.4020
v 0.5046 0.2200 0.4068
v 0.5047 0.2098 0.4389
v 0.5047 0.8912 0.4782
v 0.5049 0.3584 0.4562
v 0.5049 0.4784 0.4417
v 0.5051 0.5720 0.4374
v 0.5052 0.1776 0.3728
v 0.5052 0.5850 0.4590
v 0.5054 0.5901 0.4645
v 0.5054 0.9068 0.4678
v 0.5055 0.5276 0.3806
v 0.5055 0.4982 0.4449
v 0.5055 0.3540 0.3968
v 0.5056 0.5799 0.4539
v 0.5056 0.5733 0.4531
v 0.5057 0.3379 0.4616
v 0.5057 0.5070 0.4630
v 0.5058 0.6200 0.4619
v 0.5058 0.6160 0.4025
v 0.5058 0.3791 0.4310
v 0.5058 0.2282 0.4406
v 0.5059 0.5700 0.3850
v 0.5061 0.5162 0.4350
v 0.5063 0.5258 0.3873
v 0.5063 0.5967 0.3861
v 0.5064 0.3317 0.4398
v 0.5064 0.6120 0.4550
v 0.5066 0.6409 0.4529
v 0.5066 0.1489 0.3636
v 0.5067 0.6398 0.4676
v 0.5068 0.2871 0.4142
v 0.5069 0.3739 0.4013
v 0.5070 0.1701 0.4090
v 0.5071 0.9133 0.4635
v 0.5071 0.8994 0.4783
v 0.5071 0.4339 0.4265
v 0.5072 0.4603 0.4430
v 0.5074 0.2353 0.4132
v 0.5075 0.1520 0.3712
v 0.5076 0.1213 0.3922
v 0.5078 0.5980 0.4684
v 0.5078 0.9257 0.4300
v 0.5078 0.5523 0.4012
v 0.5080 0.5180 0.3997
v 0.5080 0.5222 0.4269
v 0.5080 0.5407 0.4693
v 0.5082 0.9376 0.4045
v 0.5084 0.1616 0.3683
v 0.5086 0.3553 0.4712
v 0.5086 0.4191 0.4172
v 0.5086 0.3755 0.4509
v 0.5088 0.1469 0.3691
v 0.5088 0.5195 0.4485
v 0.5089 0.6235 0.4688
v 0.5090 0.5607 0.3927
v 0.5090 0.5567 0.3912
v 0.5090 0.5671 0.4568
v 0.5090 0.4975 0.4542
v 0.5091 0.3347 0.4213
v 0.5092 0.6610 0.4695
v 0.5093 0.5806 0.3889
v 0.5094 0.2606 0.4175
v 0.5094 0.1801 0.4217
v 0.5095 0.6116 0.4660
v 0.5096 0.5498 0.4054
v 0.5099 0.5789 0.3940
v 0.5099 0.3357 0.4295
v 0.5100 0.4248 0.4371
v 0.5102 0.1744 0.4002
v 0.5103 0.8807 0.4811
v 0.5105 0.2009 0.4588
v 0.5106 0.8958 0.4556
v 0.5107 0.6069 0.4058
v 0.5108 0.6012 0.4720
v 0.5109 0.5684 0.3920
v 0.5109 0.1309 0.4004
v 0.5109 0.5720 0.3902
v 0.5109 0.1604 0.3876
v 0.5110 0.1879 0.4280
v 0.5111 0.6404 0.4731
v 0.5112 0.4905 0.4171
v 0.5114 0.2190 0.4036
v 0.5116 0.2012 0.4148
v 0.5116 0.5213 0.4052
v 0.5117 0.5615 0.4079
v 0.5119 0.4802 0.4309
v 0.5119 0.3355 0.4701
v 0.5123 0.1727 0.3881
v 0.5123 0.3537 0.4052
v 0.5126 0.5866 0.4608
v 0.5126 0.1909 0.4368
v 0.5128 0.4796 0.4524
v 0.5129 0.1253 0.3977
v 0.5134 0.4142 0.4217
v 0.5134 0.5519 0.3963
v 0.5134 0.8903 0.4872
v 0.5135 0.9224 0.4238
v 0.5136 0.3550 0.4784
v 0.5138 0.5689 0.4449
v 0.5138 0.5142 0.3935
v 0.5139 0.2667 0.4190
v 0.5139 0.5082 0.4075
v 0.5140 0.6124 0.4721
v 0.5141 0.2097 0.4168
v 0.5141 0.6215 0.4633
v 0.5143 0.2308 0.4062
v 0.5143 0.9208 0.4568
v 0.5144 0.6321 0.4673
v 0.5145 0.1617 0.3809
v 0.5148 0.9074 0.4730
v 0.5151 0.5971 0.4633
v 0.5151 0.9151 0.4677
v 0.5152 0.5682 0.4629
v 0.5153 0.5245 0.4438
v 0.5153 0.4624 0.4521
v 0.5153 0.3763 0.4379
v 0.5154 0.6152 0.4113
v 0.5154 0.4213 0.4290
v 0.5155 0.1825 0.4180
v 0.5156 0.4651 0.4330
v 0.5157 0.5786 0.4400
v 0.5157 0.2191 0.4808
v 0.5157 0.6709 0.4637
v 0.5158 0.6053 0.4102
v 0.5158 0.5035 0.4146
v 0.5160 0.2229 0.4512
v 0.5160 0.2363 0.4211
v 0.5161 0.6189 0.4773
v 0.5162 0.3710 0.4115
v 0.5163 0.6419 0.4108
v 0.5164 0.6565 0.4629
v 0.5165 0.6643 0.4591
v 0.5165 0.3565 0.4161
v 0.5167 0.9100 0.4624
v 0.5167 0.9165 0.4392
v 0.5169 0.6308 0.4010
v 0.5169 0.2139 0.4088
v 0.5170 0.6267 0.4150
v 0.5172 0.5620 0.4043
v 0.5174 0.3512 0.4105
v 0.5174 0.3311 0.4369
v 0.5174 0.6078 0.3993
v 0.5175 0.2015 0.4558
v 0.5176 0.4990 0.4300
v 0.5179 0.3690 0.4195
v 0.5179 0.6397 0.4646
v 0.5182 0.6013 0.4785
v 0.5182 0.2463 0.4497
v 0.5183 0.8957 0.4786
v 0.5183 0.4478 0.4286
v 0.5186 0.6316 0.4795
v 0.5189 0.5231 0.3995
v 0.5189 0.5788 0.4705
v 0.5189 0.9279 0.4150
v 0.5191 0.4986 0.4037
v 0.5191 0.1286 0.3732
v 0.5192 0.3738 0.4486
v 0.5193 0.2367 0.4689
v 0.5197 0.6453 0.4208
v 0.5198 0.2360 0.4125
v 0.5198 0.9166 0.4445
v 0.5200 0.1816 0.4212
v 0.5200 0.8816 0.4944
v 0.5202 0.4779 0.4319
v 0.5205 0.8980 0.4436
v 0.5206 0.6549 0.4788
v 0.5207 0.1666 0.3990
v 0.5207 0.3271 0.4577
v 0.5209 0.1265 0.3875
v 0.5211 0.3767 0.4556
v 0.5212 0.6392 0.4826
v 0.5216 0.2048 0.4552
v 0.5217 0.9108 0.4188
v 0.5219 0.3327 0.4850
v 0.5220 0.6209 0.4209
v 0.5221 0.5067 0.4115
v 0.5222 0.6193 0.4696
v 0.5223 0.4552 0.4447
v 0.5223 0.5756 0.4376
v 0.5224 0.5029 0.4038
v 0.5224 0.1958 0.4518
v 0.5224 0.2236 0.4281
v 0.5226 0.6371 0.4217
v 0.5227 0.6160 0.4062
v 0.5227 0.9042 0.4710
v 0.5230 0.6062 0.4061
v 0.5231 0.4671 0.4493
v 0.5231 0.3488 0.4222
v 0.5232 0.8636 0.4956
v 0.5236 0.3282 0.4451
v 0.5240 0.1343 0.3780
v 0.5240 0.8869 0.4836
v 0.5240 0.4753 0.4356
v 0.5243 0.6248 0.4086
v 0.5244 0.2470 0.4430
v 0.5248 0.4864 0.4287
v 0.5249 0.5667 0.4466
v 0.5250 0.3527 0.4904
v 0.5252 0.9060 0.4775
v 0.5255 0.3687 0.4223
v 0.5256 0.3674 0.4272
v 0.5257 0.9163 0.4461
v 0.5258 0.5068 0.4667
v 0.5258 0.8960 0.4845
v 0.5259 0.6772 0.4768
v 0.5259 0.6664 0.4543
v 0.5260 0.6256 0.4882
v 0.5260 0.5178 0.4669
v 0.5262 0.2245 0.4140
v 0.5263 0.3694 0.4694
v 0.5265 0.2266 0.4452
v 0.5265 0.2047 0.4472
v 0.5265 0.9195 0.4388
v 0.5266 0.6560 0.4714
v 0.5267 0.5082 0.4209
v 0.5267 0.6314 0.4737
v 0.5268 0.5104 0.4768
v 0.5268 0.5108 0.4608
v 0.5270 0.6444 0.4277
v 0.5270 0.8639 0.4888
v 0.5270 0.5929 0.5021
v 0.5274 0.8722 0.5009
v 0.5274 0.4846 0.4380
v 0.5276 0.4597 0.4391
v 0.5277 0.6843 0.4633
v 0.5279 0.2209 0.4222
v 0.5281 0.5127 0.4251
v 0.5281 0.9127 0.4518
v 0.5283 0.1163 0.3850
v 0.5284 0.6631 0.4819
v 0.5285 0.6491 0.4147
v 0.5289 0.5843 0.5098
v 0.5293 0.2018 0.4563
v 0.5293 0.5740 0.4280
v 0.5293 0.6531 0.4859
v 0.5293 0.9178 0.4249
v 0.5293 0.8974 0.4760
v 0.5294 0.5859 0.5007
v 0.5296 0.3718 0.4575
v 0.5296 0.6363 0.4755
v 0.5296 0.3480 0.4321
v 0.5297 0.3471 0.4237
v 0.5297 0.2434 0.4368
v 0.5298 0.5000 0.4366
v 0.5299 0.6348 0.4310
v 0.5299 0.8852 0.4736
v 0.5299 0.8851 0.4908
v 0.5301 0.1239 0.3891
v 0.5301 0.2096 0.4627
v 0.5302 0.5785 0.4283
v 0.5303 0.6928 0.4766
v 0.5303 0.3420 0.4686
v 0.5303 0.9110 0.4643
v 0.5307 0.6795 0.4680
v 0.5308 0.2229 0.4369
v 0.5310 0.6416 0.4798
v 0.5311 0.8918 0.4855
v 0.5312 0.6118 0.4287
v 0.5313 0.5982 0.5113
v 0.5314 0.5669 0.4320
v 0.5316 0.6390 0.4171
v 0.5316 0.1961 0.4421
v 0.5317 0.5649 0.5041
v 0.5319 0.3649 0.4352
v 0.5321 0.5147 0.4694
v 0.5322 0.2233 0.4746
v 0.5323 0.5119 0.4186
v 0.5323 0.3272 0.4499
v 0.5325 0.1308 0.3618
v 0.5326 0.5358 0.4219
v 0.5326 0.8495 0.5054
v 0.5328 0.9080 0.4412
v 0.5329 0.6255 0.4824
v 0.5329 0.5818 0.4329
v 0.5329 0.9008 0.4563
v 0.5332 0.8760 0.4909
v 0.5332 0.1222 0.3733
v 0.5332 0.9157 0.4500
v 0.5333 0.8697 0.4767
v 0.5334 0.4953 0.4229
v 0.5336 0.5026 0.4169
v 0.5336 0.6621 0.4414
v 0.5336 0.1312 0.3760
v 0.5338 0.6930 0.4850
v 0.5339 0.2154 0.4243
v 0.5341 0.5884 0.4257
v 0.5346 0.2010 0.4495
v 0.5346 0.8881 0.4798
v 0.5346 0.6733 0.4866
v 0.5347 0.5089 0.4321
v 0.5351 0.5674 0.4658
v 0.5354 0.6507 0.4806
v 0.5355 0.6121 0.4351
v 0.5355 0.5735 0.4204
v 0.5357 0.5702 0.5096
v 0.5360 0.3228 0.4811
v 0.5362 0.9113 0.4536
v 0.5363 0.4970 0.4280
v 0.5364 0.8596 0.5099
v 0.5365 0.1971 0.4389
v 0.5366 0.3444 0.4318
v 0.5367 0.6339 0.4263
v 0.5368 0.2030 0.4382
v 0.5368 0.6144 0.5109
v 0.5368 0.5789 0.4243
v 0.5368 0.6127 0.4242
v 0.5369 0.2413 0.4601
v 0.5369 0.6688 0.4405
v 0.5372 0.5710 0.4512
v 0.5373 0.6539 0.4400
v 0.5373 0.7179 0.4712
v 0.5373 0.6337 0.4398
v 0.5374 0.8653 0.4978
v 0.5378 0.5863 0.4324
v 0.5379 0.5697 0.5038
v 0.5379 0.5578 0.4392
v 0.5379 0.3546 0.4920
v 0.5380 0.6712 0.4750
v 0.5381 0.6819 0.4527
v 0.5381 0.6203 0.4376
v 0.5381 0.6398 0.4427
v 0.5384 0.6578 0.4701
v 0.5384 0.7219 0.4770
v 0.5384 0.3645 0.4377
v 0.5385 0.5765 0.4651
v 0.5385 0.8852 0.4896
v 0.5386 0.5799 0.5162
v 0.5386 0.8939 0.4350
v 0.5389 0.5667 0.4245
v 0.5390 0.5955 0.4392
v 0.5391 0.5950 0.4983
v 0.5394 0.5968 0.5126
v 0.5394 0.8794 0.4938
v 0.5394 0.9071 0.4340
v 0.5395 0.6647 0.4324
v 0.5397 0.6524 0.5006
v 0.5399 0.9020 0.4469
v 0.5399 0.6951 0.4778
v 0.5400 0.5403 0.4214
v 0.5403 0.2183 0.4678
v 0.5404 0.2013 0.4320
v 0.5405 0.8774 0.4646
v 0.5406 0.8830 0.4848
v 0.5406 0.3597 0.4411
v 0.5406 0.8967 0.4661
v 0.5408 0.2288 0.4733
v 0.5410 0.8345 0.5131
v 0.5412 0.5136 0.4314
v 0.5413 0.3496 0.4636
v 0.5413 0.1201 0.3870
v 0.5414 0.8734 0.4874
v 0.5422 0.6221 0.4326
v 0.5423 0.9089 0.4574
v 0.5423 0.5563 0.5176
v 0.5423 0.5662 0.4931
v 0.5424 0.2117 0.4640
v 0.5425 0.6171 0.4307
v 0.5426 0.3463 0.4848
v 0.5428 0.5558 0.4387
v 0.5430 0.8578 0.5023
v 0.5432 0.3682 0.4784
v 0.5432 0.2074 0.4489
v 0.5433 0.3416 0.4393
v 0.5434 0.5094 0.4248
v 0.5435 0.1326 0.3699
v 0.5436 0.8938 0.4839
v 0.5437 0.9024 0.4601
v 0.5438 0.6548 0.4330
v 0.5438 0.6830 0.4898
v 0.5438 0.3337 0.4792
v 0.5441 0.7158 0.4630
v 0.5442 0.6467 0.4511
v 0.5442 0.8465 0.5176
v 0.5442 0.1257 0.3761
v 0.5443 0.5933 0.5074
v 0.5444 0.9021 0.4704
v 0.5444 0.5843 0.4309
v 0.5445 0.5795 0.5033
v 0.5445 0.5696 0.4988
v 0.5448 0.6198 0.4464
v 0.5450 0.6062 0.4950
v 0.5451 0.5909 0.4894
v 0.5451 0.6768 0.4574
v 0.5452 0.6759 0.4813
v 0.5453 0.5920 0.5306
v 0.5456 0.4963 0.4990
v 0.5457 0.5606 0.5161
v 0.5457 0.3407 0.4451
v 0.5458 0.6335 0.4335
v 0.5459 0.5987 0.4331
v 0.5460 0.6399 0.4357
v 0.5461 0.6118 0.4388
v 0.5462 0.5087 0.4975
v 0.5466 0.8657 0.4916
v 0.5467 0.5788 0.5230
v 0.5467 0.5628 0.4328
v 0.5467 0.6063 0.4998
v 0.5473 0.5605 0.4948
v 0.5475 0.5954 0.4476
v 0.5475 0.8487 0.5087
v 0.5476 0.3599 0.4494
v 0.5477 0.8218 0.5198
v 0.5479 0.5915 0.5257
v 0.5479 0.5894 0.5186
v 0.5480 0.4992 0.5128
v 0.5482 0.8927 0.4559
v 0.5482 0.2382 0.4446
v 0.5483 0.2211 0.4175
v 0.5483 0.8482 0.4914
v 0.5484 0.8884 0.4730
v 0.5487 0.1052 0.3943
v 0.5487 0.5690 0.4845
v 0.5488 0.6510 0.4904
v 0.5488 0.5021 0.4957
v 0.5494 0.5918 0.4980
v 0.5494 0.6643 0.4976
v 0.5495 0.6713 0.4818
v 0.5496 0.8386 0.5220
v 0.5499 0.8771 0.4747
v 0.5499 0.5796 0.4829
v 0.5500 0.5766 0.4710
v 0.5503 0.6249 0.4547
v 0.5504 0.6566 0.4625
v 0.5504 0.6858 0.4512
v 0.5504 0.6952 0.4646
v 0.5506 0.6418 0.4570
v 0.5507 0.8931 0.4442
v 0.5508 0.5052 0.5091
v 0.5508 0.1163 0.3728
v 0.5508 0.1089 0.3847
v 0.5510 0.7507 0.4891
v 0.5512 0.8943 0.4676
v 0.5513 0.6211 0.4385
v 0.5513 0.8848 0.4753
v 0.5517 0.6519 0.4557
v 0.5517 0.7343 0.4920
v 0.5517 0.3271 0.4709
v 0.5518 0.5580 0.5057
v 0.5520 0.6076 0.5293
v 0.5520 0.8424 0.5124
v 0.5521 0.8859 0.4601
v 0.5521 0.8576 0.4974
v 0.5522 0.8841 0.4843
v 0.5523 0.8808 0.4471
v 0.5524 0.7010 0.4750
v 0.5524 0.6559 0.4446
v 0.5525 0.3458 0.4764
v 0.5526 0.6861 0.4759
v 0.5526 0.6010 0.4380
v 0.5530 0.5624 0.5053
v 0.5532 0.6651 0.4476
v 0.5532 0.8109 0.5239
v 0.5533 0.1277 0.3663
v 0.5534 0.8289 0.5271
v 0.5535 0.6033 0.5246
v 0.5536 0.2292 0.4625
v 0.5536 0.3287 0.4598
v 0.5540 0.7211 0.4679
v 0.5544 0.5659 0.4845
v 0.5545 0.6080 0.5099
v 0.5545 0.5644 0.4802
v 0.5547 0.1138 0.3887
v 0.5550 0.6310 0.4423
v 0.5550 0.6107 0.5130
v 0.5551 0.5943 0.5142
v 0.5552 0.8764 0.4753
v 0.5553 0.1220 0.3751
v 0.5553 0.6691 0.4940
v 0.5554 0.6422 0.4443
v 0.5555 0.8881 0.4667
v 0.5555 0.6743 0.4704
v 0.5561 0.8043 0.5289
v 0.5562 0.8679 0.4576
v 0.5563 0.7316 0.4922
v 0.5563 0.6713 0.4590
v 0.5564 0.2232 0.4558
v 0.5565 0.5816 0.4785
v 0.5566 0.8505 0.5013
v 0.5567 0.7699 0.5377
v 0.5567 0.6094 0.4465
v 0.5570 0.5658 0.4778
v 0.5572 0.2366 0.4342
v 0.5576 0.8658 0.4823
v 0.5578 0.8188 0.5313
v 0.5579 0.2089 0.4270
v 0.5580 0.6097 0.5081
v 0.5582 0.6142 0.4972
v 0.5582 0.6547 0.4854
v 0.5583 0.6683 0.4739
v 0.5583 0.8698 0.4776
v 0.5588 0.6337 0.4606
v 0.5589 0.6612 0.5007
v 0.5591 0.6927 0.4621
v 0.5592 0.8832 0.4721
v 0.5593 0.1056 0.3833
v 0.5594 0.6109 0.5055
v 0.5596 0.5890 0.4853
v 0.5596 0.8711 0.4544
v 0.5597 0.7947 0.5318
v 0.5597 0.3536 0.4627
v 0.5597 0.8280 0.5203
v 0.5601 0.8417 0.5097
v 0.5603 0.7233 0.4788
v 0.5607 0.3535 0.4732
v 0.5608 0.5011 0.5223
v 0.5608 0.6469 0.4528
v 0.5609 0.5754 0.4831
v 0.5610 0.8119 0.5349
v 0.5613 0.6065 0.5102
v 0.5614 0.8432 0.4855
v 0.5616 0.4876 0.5270
v 0.5617 0.8666 0.4721
v 0.5617 0.6475 0.4733
v 0.5618 0.6068 0.5086
v 0.5621 0.7514 0.5429
v 0.5628 0.6069 0.5096
v 0.5630 0.5622 0.4770
v 0.5631 0.7848 0.5347
v 0.5633 0.8207 0.5246
v 0.5639 0.8798 0.4582
v 0.5639 0.1113 0.3719
v 0.5642 0.1107 0.3869
v 0.5642 0.7694 0.5092
v 0.5643 0.6080 0.5066
v 0.5644 0.8102 0.5139
v 0.5645 0.4931 0.5225
v 0.5647 0.6049 0.5170
v 0.5648 0.7684 0.5435
v 0.5648 0.8036 0.5379
v 0.5648 0.8547 0.4893
v 0.5650 0.6778 0.4681
v 0.5651 0.6874 0.4685
v 0.5654 0.6081 0.5098
v 0.5654 0.8186 0.5083
v 0.5655 0.2203 0.4408
v 0.5657 0.6100 0.5111
v 0.5659 0.8591 0.4855
v 0.5661 0.8626 0.4758
v 0.5664 0.7742 0.5379
v 0.5665 0.8601 0.4612
v 0.5668 0.7357 0.5050
v 0.5668 0.5637 0.4816
v 0.5670 0.1169 0.3756
v 0.5674 0.8722 0.4671
v 0.5674 0.8319 0.5125
v 0.5675 0.8591 0.4787
v 0.5676 0.6057 0.4760
v 0.5678 0.8096 0.5292
v 0.5678 0.7618 0.4860
v 0.5685 0.6158 0.4852
v 0.5686 0.6450 0.4597
v 0.5687 0.7333 0.4846
v 0.5690 0.6634 0.4753
v 0.5692 0.5813 0.4684
v 0.5692 0.7586 0.5509
v 0.5695 0.7747 0.5113
v 0.5695 0.6611 0.4933
v 0.5699 0.7948 0.5416
v 0.5699 0.8495 0.4925
v 0.5705 0.8255 0.5147
v 0.5706 0.6021 0.4779
v 0.5708 0.8025 0.5313
v 0.5708 0.6111 0.4845
v 0.5708 0.5958 0.4711
v 0.5709 0.7885 0.5437
v 0.5711 0.8688 0.4654
v 0.5713 0.8195 0.5202
v 0.5715 0.8535 0.4808
v 0.5716 0.8506 0.4668
v 0.5716 0.5808 0.4794
v 0.5722 0.7813 0.5545
v 0.5726 0.7521 0.5445
v 0.5727 0.7982 0.5349
v 0.5728 0.7147 0.5271
v 0.5729 0.7325 0.5163
v 0.5730 0.6738 0.4904
v 0.5731 0.4852 0.5573
v 0.5733 0.6810 0.5137
v 0.5737 0.7760 0.5569
v 0.5738 0.8609 0.4757
v 0.5739 0.5917 0.4645
v 0.5740 0.7724 0.5000
v 0.5742 0.6996 0.5259
v 0.5743 0.6628 0.4865
v 0.5744 0.7713 0.5509
v 0.5745 0.8195 0.4979
v 0.5746 0.7707 0.5200
v 0.5748 0.1063 0.3735
v 0.5748 0.5628 0.4784
v 0.5749 0.8482 0.4843
v 0.5749 0.7456 0.5473
v 0.5750 0.5914 0.4743
v 0.5750 0.7807 0.5463
v 0.5755 0.6076 0.4977
v 0.5761 0.8401 0.4976
v 0.5766 0.5613 0.4877
v 0.5766 0.8596 0.4705
v 0.5766 0.8123 0.5214
v 0.5767 0.7909 0.5342
v 0.5771 0.8436 0.4871
v 0.5772 0.8349 0.5011
v 0.5774 0.7679 0.5606
v 0.5776 0.7255 0.5591
v 0.5778 0.7501 0.4921
v 0.5778 0.8459 0.4716
v 0.5780 0.7688 0.4933
v 0.5781 0.6113 0.4988
v 0.5781 0.7013 0.5192
v 0.5786 0.7157 0.5195
v 0.5788 0.6093 0.4884
v 0.5788 0.1104 0.3650
v 0.5789 0.8521 0.4819
v 0.5789 0.7844 0.5387
v 0.5790 0.1041 0.3888
v 0.5790 0.5703 0.4720
v 0.5792 0.5846 0.4602
v 0.5794 0.7739 0.5243
v 0.5794 0.7288 0.5498
v 0.5796 0.7796 0.5226
v 0.5798 0.6006 0.4661
v 0.5799 0.5662 0.4641
v 0.5800 0.7358 0.4987
v 0.5800 0.0957 0.3842
v 0.5800 0.5788 0.4747
v 0.5800 0.4854 0.5495
v 0.5800 0.4898 0.5584
v 0.5801 0.8275 0.5043
v 0.5802 0.7510 0.5254
v 0.5803 0.7595 0.5525
v 0.5810 0.8015 0.5254
v 0.5811 0.6190 0.4724
v 0.5814 0.8451 0.4863
v 0.5816 0.7799 0.5387
v 0.5818 0.8379 0.4909
v 0.5825 0.8339 0.4768
v 0.5825 0.6035 0.4926
v 0.5831 0.7506 0.5553
v 0.5831 0.5957 0.4606
v 0.5833 0.5903 0.4863
v 0.5834 0.6799 0.5257
v 0.5839 0.7020 0.5636
v 0.5840 0.6143 0.4700
v 0.5840 0.8330 0.4939
v 0.5842 0.8482 0.4784
v 0.5844 0.7410 0.5576
v 0.5845 0.1133 0.3731
v 0.5846 0.4742 0.5684
v 0.5848 0.6273 0.4766
v 0.5851 0.7902 0.5295
v 0.5855 0.7298 0.5675
v 0.5859 0.7536 0.5464
v 0.5863 0.6824 0.5030
v 0.5865 0.7301 0.5598
v 0.5865 0.5704 0.4728
v 0.5867 0.8165 0.5095
v 0.5868 0.8270 0.4989
v 0.5870 0.5753 0.4813
v 0.5870 0.7499 0.5321
v 0.5873 0.7080 0.5418
v 0.5874 0.5794 0.4737
v 0.5875 0.6969 0.5313
v 0.5877 0.5626 0.4816
v 0.5877 0.8252 0.4814
v 0.5877 0.0970 0.3942
v 0.5879 0.7730 0.5474
v 0.5884 0.7281 0.5056
v 0.5887 0.5803 0.4683
v 0.5887 0.7806 0.5320
v 0.5889 0.8410 0.4841
v 0.5891 0.6074 0.4961
v 0.5893 0.8344 0.4916
v 0.5894 0.7447 0.5490
v 0.5894 0.1012 0.3854
v 0.5898 0.8213 0.5007
v 0.5904 0.7717 0.5057
v 0.5906 0.5881 0.4824
v 0.5908 0.8048 0.5143
v 0.5910 0.7121 0.5078
v 0.5912 0.7169 0.5358
v 0.5912 0.7815 0.5135
v 0.5916 0.7081 0.5731
v 0.5917 0.8182 0.5028
v 0.5917 0.5569 0.4786
v 0.5917 0.8157 0.4859
v 0.5920 0.5971 0.4725
v 0.5927 0.7300 0.5359
v 0.5927 0.8092 0.5114
v 0.5938 0.8317 0.4876
v 0.5939 0.0983 0.3733
v 0.5939 0.7793 0.5106
v 0.5942 0.8119 0.5048
v 0.5942 0.7322 0.5531
v 0.5944 0.5756 0.4825
v 0.5950 0.6297 0.4720
v 0.5952 0.6069 0.4778
v 0.5952 0.7531 0.5107
v 0.5960 0.0859 0.3905
v 0.5962 0.7515 0.5421
v 0.5962 0.8064 0.4902
v 0.5966 0.4808 0.5863
v 0.5969 0.7648 0.5424
v 0.5969 0.6153 0.4647
v 0.5970 0.8073 0.5054
v 0.5974 0.8249 0.4907
v 0.5974 0.8011 0.4922
v 0.5975 0.7903 0.5199
v 0.5978 0.7972 0.5151
v 0.5979 0.7816 0.5219
v 0.5981 0.6982 0.5478
v 0.5981 0.6818 0.5269
v 0.5984 0.6002 0.4731
v 0.5986 0.6939 0.5133
v 0.5989 0.1030 0.3760
v 0.5990 0.6797 0.5151
v 0.5990 0.8003 0.5099
v 0.5996 0.7757 0.5382
v 0.5997 0.6987 0.5436
v 0.6003 0.7545 0.5169
v 0.6003 0.6226 0.4828
v 0.6004 0.5764 0.4837
v 0.6004 0.8187 0.4947
v 0.6005 0.7370 0.5456
v 0.6006 0.4748 0.5861
v 0.6006 0.7177 0.5055
v 0.6008 0.4727 0.5862
v 0.6009 0.6127 0.4746
v 0.6010 0.7059 0.5020
v 0.6011 0.5954 0.4859
v 0.6011 0.0948 0.3877
v 0.6014 0.7813 0.5241
v 0.6014 0.6183 0.4960
v 0.6014 0.7944 0.4953
v 0.6015 0.7961 0.5104
v 0.6016 0.7203 0.5178
v 0.6018 0.0871 0.3840
v 0.6020 0.7093 0.5376
v 0.6021 0.4683 0.6111
v 0.6035 0.6051 0.4881
v 0.6042 0.7655 0.5369
v 0.6043 0.8090 0.4974
v 0.6044 0.7887 0.5126
v 0.6049 0.6243 0.4842
v 0.6050 0.7265 0.5611
v 0.6050 0.7809 0.4996
v 0.6053 0.7879 0.4983
v 0.6057 0.7629 0.5423
v 0.6061 0.7758 0.5005
v 0.6064 0.7843 0.5136
v 0.6067 0.7718 0.5321
v 0.6077 0.6954 0.5126
v 0.6078 0.4606 0.6111
v 0.6078 0.7387 0.5533
v 0.6079 0.4735 0.6109
v 0.6083 0.7994 0.5018
v 0.6095 0.7729 0.4901
v 0.6097 0.7610 0.5222
v 0.6099 0.7073 0.5255
v 0.6103 0.7637 0.5387
v 0.6106 0.7927 0.5040
v 0.6107 0.7503 0.5300
v 0.6109 0.0961 0.3675
v 0.6111 0.7655 0.5312
v 0.6112 0.7402 0.5499
v 0.6117 0.0912 0.3864
v 0.6122 0.1010 0.3711
v 0.6123 0.7151 0.5174
v 0.6132 0.1009 0.3754
v 0.6132 0.7862 0.5066
v 0.6137 0.7545 0.5064
v 0.6142 0.7818 0.5094
v 0.6143 0.7086 0.5629
v 0.6145 0.0885 0.3755
v 0.6147 0.7826 0.5179
v 0.6149 0.6951 0.5364
v 0.6149 0.7519 0.5228
v 0.6150 0.7543 0.4959
v 0.6150 0.7725 0.5017
v 0.6155 0.7705 0.4950
v 0.6156 0.0952 0.3778
v 0.6156 0.6994 0.5314
v 0.6161 0.7354 0.5334
v 0.6169 0.4689 0.6240
v 0.6169 0.7405 0.5100
v 0.6172 0.7629 0.5040
v 0.6172 0.7418 0.5257
v 0.6174 0.0810 0.3839
v 0.6177 0.7007 0.5573
v 0.6180 0.7732 0.5206
v 0.6184 0.7223 0.5670
v 0.6185 0.7366 0.5461
v 0.6204 0.0869 0.3877
v 0.6207 0.7612 0.5158
v 0.6210 0.4619 0.6217
v 0.6212 0.7724 0.5091
v 0.6215 0.7388 0.5410
v 0.6215 0.4521 0.6364
v 0.6216 0.7106 0.5616
v 0.6224 0.7826 0.5073
v 0.6226 0.7530 0.5166
v 0.6231 0.7307 0.5603
v 0.6239 0.7263 0.5107
v 0.6257 0.7777 0.5098
v 0.6273 0.7041 0.5189
v 0.6279 0.7036 0.5500
v 0.6285 0.7328 0.5222
v 0.6290 0.0724 0.3888
v 0.6300 0.7246 0.5397
v 0.6303 0.7659 0.5130
v 0.6305 0.7129 0.5540
v 0.6307 0.0783 0.3944
v 0.6312 0.7085 0.5453
v 0.6313 0.7296 0.5542
v 0.6314 0.4605 0.6529
v 0.6357 0.7042 0.5183
v 0.6357 0.4481 0.6741
v 0.6363 0.7322 0.5197
v 0.6382 0.4423 0.6674
v 0.6425 0.7104 0.5269
v 0.6459 0.4472 0.6674
v 0.6490 0.0835 0.3770
v 0.6504 0.0764 0.3717
v 0.6548 0.4469 0.6963
v 0.6556 0.4317 0.6998
v 0.6676 0.4288 0.7343
v 0.6786 0.4179 0.7428
v 0.6804 0.4266 0.7314
v 0.6944 0.4234 0.7695
v 0.7005 0.4092 0.7955
v 0.7076 0.4006 0.7962
v 0.7258 0.3991 0.8143
v 0.7313 0.3905 0.8524
v 0.7320 0.3857 0.8404
v 0.7347 0.3996 0.8434
v 0.7348 0.3955 0.8512
v 0.7405 0.3882 0.8447
v 0.7469 0.3814 0.8624
v 0.7479 0.3864 0.8652
v 0.5002 0.4202 0.4367
v 0.5001 0.3940 0.4110
v 0.5001 0.5313 0.4201
v 0.5000 0.9338 0.4212
v 0.4999 0.3423 0.4542
v 0.4998 0.1236 0.3890
v 0.4996 0.5735 0.3790
v 0.4994 0.6113 0.4606
v 0.4993 0.2098 0.4335
v 0.4993 0.3609 0.4467
v 0.4992 0.2294 0.4442
v 0.4992 0.5201 0.4548
v 0.4991 0.3347 0.4321
v 0.4987 0.2164 0.4440
v 0.4986 0.9134 0.4604
v 0.4985 0.1689 0.3659
v 0.4985 0.5825 0.4601
v 0.4982 0.1583 0.3963
v 0.4981 0.5098 0.3765
v 0.4980 0.3638 0.4014
v 0.4980 0.1830 0.4339
v 0.4980 0.3803 0.4351
v 0.4980 0.5738 0.4605
v 0.4980 0.6477 0.4436
v 0.4979 0.4979 0.4617
v 0.4979 0.5365 0.4647
v 0.4978 0.1547 0.3648
v 0.4978 0.1642 0.3544
v 0.4973 0.5303 0.3912
v 0.4973 0.5142 0.3805
v 0.4973 0.4855 0.4044
v 0.4972 0.3637 0.3945
v 0.4970 0.2544 0.4292
v 0.4970 0.9379 0.4062
v 0.4969 0.3978 0.4228
v 0.4969 0.4890 0.4388
v 0.4968 0.5679 0.3916
v 0.4967 0.9094 0.4696
v 0.4967 0.5499 0.3754
v 0.4967 0.3672 0.4081
v 0.4966 0.1634 0.4199
v 0.4966 0.1445 0.3941
v 0.4965 0.9225 0.4172
v 0.4965 0.5696 0.4067
v 0.4963 0.6442 0.4571
v 0.4962 0.3840 0.4143
v 0.4961 0.3826 0.4271
v 0.4961 0.5498 0.3884
v 0.4960 0.1802 0.3850
v 0.4958 0.2950 0.3999
v 0.4958 0.5829 0.3870
v 0.4954 0.1374 0.4002
v 0.4954 0.3612 0.4559
v 0.4953 0.1852 0.3646
v 0.4950 0.3383 0.4263
v 0.4946 0.5746 0.3844
v 0.4946 0.8994 0.4659
v 0.4945 0.5581 0.3867
v 0.4943 0.4681 0.4025
v 0.4943 0.5078 0.4523
v 0.4943 0.9485 0.3894
v 0.4943 0.9194 0.4508
v 0.4942 0.1680 0.4222
v 0.4940 0.3451 0.4017
v 0.4939 0.5230 0.3706
v 0.4937 0.5147 0.3847
v 0.4937 0.2735 0.3983
v 0.4936 0.4944 0.3879
v 0.4936 0.5706 0.4231
v 0.4935 0.1746 0.4121
v 0.4935 0.2353 0.4270
v 0.4934 0.4834 0.4152
v 0.4934 0.4064 0.4112
v 0.4933 0.1740 0.4274
v 0.4933 0.5373 0.3855
v 0.4932 0.3435 0.4453
v 0.4931 0.5277 0.3936
v 0.4929 0.1490 0.3541
v 0.4928 0.5063 0.3887
v 0.4928 0.4671 0.3924
v 0.4928 0.2862 0.4257
v 0.4928 0.3646 0.4031
v 0.4925 0.6354 0.4522
v 0.4924 0.5615 0.4416
v 0.4920 0.5336 0.3740
v 0.4920 0.3982 0.4254
v 0.4919 0.5368 0.3700
v 0.4918 0.3554 0.4078
v 0.4918 0.3275 0.3993
v 0.4917 0.2145 0.4081
v 0.4916 0.6357 0.4390
v 0.4915 0.4127 0.4225
v 0.4914 0.9292 0.4369
v 0.4914 0.5031 0.4423
v 0.4914 0.6172 0.4407
v 0.4911 0.5191 0.3906
v 0.4908 0.9057 0.4548
v 0.4906 0.6242 0.4400
v 0.4905 0.5798 0.4093
v 0.4905 0.5495 0.3823
v 0.4904 0.3579 0.4382
v 0.4899 0.6222 0.4488
v 0.4899 0.5027 0.4557
v 0.4894 0.4797 0.3877
v 0.4894 0.6071 0.4384
v 0.4893 0.2249 0.4229
v 0.4893 0.3637 0.4484
v 0.4893 0.2014 0.4377
v 0.4893 0.3398 0.4197
v 0.4893 0.9174 0.4617
v 0.4893 0.2034 0.3919
v 0.4893 0.2352 0.4342
v 0.4893 0.5334 0.4148
v 0.4892 0.3829 0.3960
v 0.4890 0.5214 0.3651
v 0.4890 0.1463 0.3992
v 0.4889 0.1645 0.4063
v 0.4886 0.9222 0.4474
v 0.4883 0.1321 0.4096
v 0.4882 0.5347 0.3883
v 0.4882 0.5057 0.3673
v 0.4880 0.2725 0.4206
v 0.4877 0.6172 0.4450
v 0.4876 0.2232 0.4393
v 0.4876 0.5520 0.3692
v 0.4875 0.3315 0.3921
v 0.4874 0.1684 0.3569
v 0.4873 0.3754 0.3969
v 0.4873 0.9472 0.3955
v 0.4872 0.3679 0.3923
v 0.4869 0.5427 0.3640
v 0.4869 0.5595 0.4474
v 0.4869 0.3726 0.3926
v 0.4869 0.5278 0.4385
v 0.4869 0.5572 0.4354
v 0.4868 0.5277 0.4171
v 0.4867 0.2128 0.4314
v 0.4866 0.1783 0.3886
v 0.4865 0.1550 0.3990
v 0.4864 0.3692 0.3986
v 0.4864 0.4456 0.3915
v 0.4864 0.1264 0.4067
v 0.4864 0.3457 0.4385
v 0.4863 0.2819 0.3945
v 0.4862 0.3830 0.4231
v 0.4861 0.9434 0.3826
v 0.4861 0.5246 0.4065
v 0.4860 0.5186 0.3812
v 0.4857 0.3656 0.4416
v 0.4856 0.6269 0.4475
v 0.4855 0.6445 0.4457
v 0.4855 0.9459 0.4066
v 0.4855 0.5373 0.3768
v 0.4854 0.2951 0.3950
v 0.4852 0.3719 0.4002
v 0.4852 0.5713 0.4030
v 0.4849 0.1426 0.4054
v 0.4848 0.5677 0.4332
v 0.4847 0.9350 0.4299
v 0.4847 0.6118 0.4436
v 0.4845 0.5325 0.3970
v 0.4844 0.5706 0.4161
v 0.4842 0.5790 0.4145
v 0.4842 0.9103 0.4547
v 0.4842 0.9575 0.3804
v 0.4841 0.4932 0.4308
v 0.4840 0.5305 0.3787
v 0.4840 0.6033 0.4432
v 0.4838 0.9747 0.4105
v 0.4837 0.4853 0.4190
v 0.4836 0.1521 0.3920
v 0.4835 0.9508 0.3906
v 0.4834 0.3401 0.4116
v 0.4833 0.5508 0.3714
v 0.4833 0.1611 0.4172
v 0.4831 0.1274 0.4032
v 0.4830 0.9278 0.4420
v 0.4830 0.1443 0.3690
v 0.4829 0.9604 0.4156
v 0.4828 0.2732 0.4103
v 0.4828 0.3193 0.3921
v 0.4828 0.9230 0.4285
v 0.4825 0.3698 0.4031
v 0.4824 0.2864 0.3862
v 0.4823 0.6057 0.4313
v 0.4823 0.2075 0.3953
v 0.4823 0.4541 0.3734
v 0.4822 0.3589 0.4167
v 0.4820 0.3587 0.4045
v 0.4819 0.5174 0.3617
v 0.4816 0.5230 0.3819
v 0.4814 0.4654 0.4126
v 0.4813 0.5103 0.4351
v 0.4813 0.3652 0.4121
v 0.4813 0.3675 0.4360
v 0.4813 0.5738 0.3986
v 0.4812 0.6230 0.4287
v 0.4811 0.1745 0.4269
v 0.4809 0.3881 0.3900
v 0.4808 0.1563 0.4067
v 0.4808 0.9580 0.4184
v 0.4808 0.5439 0.3651
v 0.4807 0.9891 0.4085
v 0.4803 0.9268 0.4517
v 0.4802 0.5668 0.4402
v 0.4800 0.3277 0.3900
v 0.4800 0.4435 0.3987
v 0.4799 0.5798 0.3990
v 0.4799 0.3681 0.3860
v 0.4799 0.2952 0.4112
v 0.4799 0.5595 0.4269
v 0.4799 0.2918 0.3906
v 0.4798 0.3700 0.3847
v 0.4797 0.1387 0.3994
v 0.4797 0.9375 0.4057
v 0.4797 0.5305 0.3642
v 0.4796 0.5826 0.4050
v 0.4796 0.9873 0.4154
v 0.4794 0.4765 0.3788
v 0.4792 0.3374 0.3876
v 0.4791 0.9351 0.4103
v 0.4791 0.3694 0.3820
v 0.4791 0.3484 0.4306
v 0.4790 0.4940 0.3807
v 0.4790 0.1385 0.4096
v 0.4788 0.5531 0.4385
v 0.4787 0.3732 0.3760
v 0.4786 0.5432 0.3683
v 0.4785 0.3726 0.3840
v 0.4783 0.3304 0.4106
v 0.4781 0.3817 0.4067
v 0.4780 0.1415 0.3796
v 0.4777 0.5392 0.3687
v 0.4777 0.6067 0.4377
v 0.4775 0.1734 0.3716
v 0.4775 0.3473 0.3861
v 0.4775 0.1852 0.3787
v 0.4775 0.5086 0.3833
v 0.4775 0.9328 0.4355
v 0.4774 0.9436 0.4030
v 0.4774 0.1310 0.4301
v 0.4774 0.9560 0.4174
v 0.4773 0.9698 0.4057
v 0.4772 0.9376 0.3981
v 0.4772 0.2056 0.4093
v 0.4771 0.1660 0.4371
v 0.4770 0.3139 0.3850
v 0.4770 0.5143 0.4278
v 0.4768 0.1602 0.4187
v 0.4767 0.6840 0.4059
v 0.4766 0.5112 0.3647
v 0.4765 0.9641 0.3579
v 0.4765 0.9314 0.4048
v 0.4762 0.5718 0.4218
v 0.4761 0.5097 0.4401
v 0.4761 0.1455 0.3858
v 0.4760 0.9727 0.3998
v 0.4758 0.4998 0.4386
v 0.4758 0.1523 0.3636
v 0.4756 0.5776 0.4228
v 0.4754 0.5570 0.4350
v 0.4753 0.3608 0.4075
v 0.4753 0.5591 0.3733
v 0.4749 0.5569 0.3651
v 0.4748 0.5211 0.3672
v 0.4747 0.9745 0.4160
v 0.4746 0.4303 0.3761
v 0.4746 0.2828 0.4053
v 0.4746 0.5477 0.4234
v 0.4744 0.5220 0.3685
v 0.4744 0.1446 0.4127
v 0.4743 0.3650 0.3872
v 0.4743 0.5391 0.3942
v 0.4741 0.5525 0.3626
v 0.4740 0.9165 0.4097
v 0.4740 0.1255 0.4328
v 0.4740 0.1409 0.4209
v 0.4739 0.1626 0.3666
v 0.4737 0.4653 0.3697
v 0.4736 0.5501 0.4281
v 0.4736 0.3703 0.4273
v 0.4736 0.5297 0.4160
v 0.4735 0.4238 0.3673
v 0.4735 0.3846 0.4068
v 0.4734 0.9157 0.4046
v 0.4734 0.5234 0.4215
v 0.4733 0.2168 0.3799
v 0.4733 0.2964 0.4032
v 0.4733 0.1740 0.4334
v 0.4733 0.9211 0.4433
v 0.4733 0.9547 0.4069
v 0.4733 0.5089 0.4253
v 0.4733 0.5810 0.4217
v 0.4732 0.1720 0.4205
v 0.4731 0.3063 0.3811
v 0.4729 0.9652 0.4127
v 0.4729 0.3677 0.4058
v 0.4728 0.9888 0.4136
v 0.4727 0.5185 0.4116
v 0.4727 0.5699 0.4185
v 0.4727 0.2793 0.3762
v 0.4727 0.4817 0.3827
v 0.4721 0.3199 0.4025
v 0.4721 0.4589 0.4072
v 0.4719 0.1129 0.4553
v 0.4719 0.1449 0.3811
v 0.4718 0.1228 0.4243
v 0.4718 0.3537 0.4231
v 0.4716 0.3895 0.3992
v 0.4715 0.9463 0.4174
v 0.4711 0.2893 0.4026
v 0.4711 0.1785 0.4025
v 0.4709 0.5154 0.4359
v 0.4709 0.9383 0.4285
v 0.4709 0.6171 0.4326
v 0.4708 0.4587 0.3653
v 0.4707 0.5139 0.3723
v 0.4706 0.3290 0.3998
v 0.4706 0.2720 0.3729
v 0.4705 0.2786 0.3892
v 0.4705 0.2626 0.3791
v 0.4705 0.9689 0.3641
v 0.4701 0.5474 0.4178
v 0.4701 0.3731 0.3765
v 0.4700 0.3824 0.3688
v 0.4699 0.4084 0.3729
v 0.4698 0.1130 0.4679
v 0.4698 0.1523 0.4058
v 0.4698 0.9723 0.4021
v 0.4697 0.3883 0.3748
v 0.4696 0.9408 0.4105
v 0.4696 0.9350 0.4412
v 0.4696 0.1461 0.3953
v 0.4694 0.9591 0.3896
v 0.4693 0.2877 0.3753
v 0.4692 0.2396 0.3766
v 0.4691 0.5584 0.4289
v 0.4691 0.7082 0.3742
v 0.4690 0.4382 0.4009
v 0.4688 0.8836 0.3997
v 0.4687 0.5335 0.4055
v 0.4687 0.3917 0.3656
v 0.4685 0.2152 0.3704
v 0.4684 0.1013 0.4957
v 0.4683 0.5782 0.4289
v 0.4682 0.1240 0.4192
v 0.4682 0.5065 0.4157
v 0.4681 0.9416 0.4048
v 0.4680 0.9521 0.3951
v 0.4679 0.3383 0.3964
v 0.4678 0.5355 0.3759
v 0.4677 0.4985 0.3864
v 0.4677 0.9336 0.4126
v 0.4677 0.5448 0.3478
v 0.4677 0.9634 0.3498
v 0.4677 0.5156 0.4186
v 0.4676 0.1467 0.3767
v 0.4675 0.3067 0.3742
v 0.4675 0.5852 0.4292
v 0.4673 0.1023 0.4733
v 0.4673 0.6800 0.3989
v 0.4673 0.3470 0.3965
v 0.4673 0.0934 0.5041
v 0.4673 0.4630 0.4088
v 0.4671 0.3636 0.3974
v 0.4671 0.2109 0.3924
v 0.4670 0.3947 0.3688
v 0.4669 0.5065 0.4301
v 0.4668 0.1599 0.4264
v 0.4667 0.1720 0.4267
v 0.4666 0.5370 0.4139
v 0.4665 0.5310 0.3482
v 0.4665 0.5725 0.4267
v 0.4664 0.2769 0.3853
v 0.4663 0.1726 0.3745
v 0.4663 0.5538 0.3519
v 0.4662 0.5252 0.4261
v 0.4660 0.0903 0.5223
v 0.4659 0.1286 0.4370
v 0.4659 0.5587 0.4140
v 0.4659 0.1801 0.4120
v 0.4658 0.9405 0.4369
v 0.4658 0.9558 0.3591
v 0.4657 0.1908 0.3683
v 0.4657 0.5419 0.3782
v 0.4655 0.3151 0.3733
v 0.4655 0.4899 0.4096
v 0.4655 0.5208 0.4023
v 0.4654 0.3152 0.3952
v 0.4653 0.9646 0.4035
v 0.4652 0.4092 0.3824
v 0.4651 0.1242 0.4478
v 0.4651 0.3689 0.3885
v 0.4648 0.5825 0.4145
v 0.4646 0.5138 0.3740
v 0.4644 0.0756 0.5498
v 0.4644 0.3940 0.3786
v 0.4644 0.5741 0.4123
v 0.4643 0.5521 0.4114
v 0.4643 0.9307 0.4043
v 0.4642 0.5418 0.4216
v 0.4641 0.3664 0.3991
v 0.4637 0.8736 0.3908
v 0.4636 0.2797 0.3670
v 0.4636 0.0792 0.5515
v 0.4636 0.0890 0.5083
v 0.4635 0.1159 0.4682
v 0.4632 0.5941 0.4235
v 0.4632 0.1177 0.4430
v 0.4632 0.1210 0.4567
v 0.4632 0.5193 0.4040
v 0.4630 0.9296 0.4323
v 0.4629 0.4793 0.3894
v 0.4628 0.4619 0.3688
v 0.4627 0.5626 0.3832
v 0.4626 0.1230 0.4340
v 0.4626 0.5298 0.4236
v 0.4625 0.5512 0.4219
v 0.4624 0.1850 0.3939
v 0.4623 0.1065 0.4904
v 0.4623 0.5019 0.4241
v 0.4620 0.5143 0.4050
v 0.4617 0.5099 0.3954
v 0.4616 0.3054 0.3643
v 0.4615 0.3341 0.3696
v 0.4614 0.1122 0.4783
v 0.4612 0.3075 0.3902
v 0.4612 0.1148 0.4537
v 0.4612 0.9461 0.4194
v 0.4611 0.5614 0.3546
v 0.4610 0.5326 0.3793
v 0.4610 0.1037 0.5002
v 0.4609 0.3778 0.3582
v 0.4608 0.9522 0.3994
v 0.4607 0.1546 0.3559
v 0.4607 0.0729 0.5476
v 0.4607 0.0976 0.5136
v 0.4606 0.1433 0.3857
v 0.4606 0.0867 0.5383
v 0.4605 0.2731 0.3918
v 0.4604 0.9505 0.3800
v 0.4604 0.4964 0.3970
v 0.4603 0.3982 0.3616
v 0.4601 0.4609 0.3820
v 0.4600 0.8416 0.3914
v 0.4599 0.5587 0.4191
v 0.4599 0.2299 0.3642
v 0.4599 0.9245 0.3868
v 0.4599 0.3916 0.3573
v 0.4598 0.9724 0.3879
v 0.4598 0.0906 0.5307
v 0.4597 0.1618 0.4309
v 0.4595 0.2332 0.3868
v 0.4595 0.2622 0.3880
v 0.4595 0.5381 0.3826
v 0.4591 0.5131 0.3875
v 0.4589 0.9609 0.3538
v 0.4589 0.1094 0.4671
v 0.4588 0.5094 0.3831
v 0.4587 0.4756 0.3969
v 0.4586 0.0935 0.5214
v 0.4586 0.9461 0.4297
v 0.4586 0.9744 0.3554
v 0.4583 0.9550 0.3572
v 0.4582 0.5335 0.4039
v 0.4581 0.1004 0.4899
v 0.4580 0.5271 0.4249
v 0.4580 0.0966 0.4985
v 0.4579 0.1294 0.3390
v 0.4577 0.3404 0.3654
v 0.4577 0.2849 0.3871
v 0.4575 0.4652 0.3761
v 0.4573 0.2784 0.3881
v 0.4572 0.3905 0.3857
v 0.4572 0.4980 0.4040
v 0.4571 0.5546 0.4040
v 0.4571 0.9427 0.4031
v 0.4569 0.3728 0.3618
v 0.4569 0.4671 0.3784
v 0.4567 0.3204 0.3600
v 0.4566 0.1694 0.3809
v 0.4564 0.7308 0.3645
v 0.4563 0.4079 0.3474
v 0.4563 0.1789 0.4167
v 0.4562 0.0916 0.5117
v 0.4562 0.0817 0.5355
v 0.4561 0.1735 0.3848
v 0.4561 0.3782 0.3889
v 0.4561 0.0858 0.5275
v 0.4561 0.5149 0.4128
v 0.4560 0.5708 0.4171
v 0.4560 0.3070 0.3840
v 0.4560 0.9136 0.3814
v 0.4560 0.3151 0.3832
v 0.4558 0.1439 0.3946
v 0.4557 0.7158 0.3732
v 0.4555 0.5183 0.4199
v 0.4554 0.5186 0.3528
v 0.4554 0.9539 0.4118
v 0.4554 0.1553 0.4262
v 0.4552 0.3855 0.3557
v 0.4551 0.4235 0.3881
v 0.4551 0.5592 0.3891
v 0.4551 0.1778 0.3926
v 0.4546 0.5471 0.4139
v 0.4544 0.9592 0.4003
v 0.4543 0.1354 0.4393
v 0.4543 0.5333 0.4122
v 0.4543 0.9261 0.3520
v 0.4542 0.9142 0.3887
v 0.4539 0.5656 0.3600
v 0.4539 0.9720 0.3919
v 0.4537 0.9689 0.3778
v 0.4537 0.1908 0.3754
v 0.4537 0.2772 0.3710
v 0.4537 0.1313 0.4483
v 0.4536 0.3320 0.3780
v 0.4535 0.9455 0.3813
v 0.4535 0.4052 0.3548
v 0.4535 0.3584 0.3609
v 0.4533 0.3996 0.3836
v 0.4533 0.2198 0.3835
v 0.4532 0.3696 0.3681
v 0.4530 0.1427 0.4254
v 0.4530 0.0886 0.5446
v 0.4530 0.5345 0.4171
v 0.4530 0.4335 0.3955
v 0.4527 0.4548 0.3974
v 0.4527 0.9724 0.3835
v 0.4526 0.1715 0.3938
v 0.4525 0.9383 0.4220
v 0.4525 0.7338 0.3575
v 0.4523 0.8336 0.3789
v 0.4521 0.5352 0.4088
v 0.4520 0.2095 0.3701
v 0.4518 0.5390 0.3589
v 0.4517 0.7467 0.3454
v 0.4516 0.5158 0.3834
v 0.4515 0.5214 0.4100
v 0.4515 0.9453 0.3665
v 0.4513 0.1034 0.5128
v 0.4512 0.4638 0.3921
v 0.4512 0.1187 0.4777
v 0.4512 0.5488 0.3599
v 0.4511 0.5178 0.3899
v 0.4509 0.9540 0.3636
v 0.4509 0.9523 0.4216
v 0.4508 0.7333 0.3545
v 0.4508 0.1784 0.4203
v 0.4508 0.2393 0.3685
v 0.4507 0.9686 0.3862
v 0.4507 0.3781 0.3545
v 0.4506 0.9517 0.3832
v 0.4506 0.1290 0.4364
v 0.4505 0.1121 0.4924
v 0.4503 0.5452 0.3965
v 0.4501 0.9858 0.3777
v 0.4501 0.5529 0.4051
v 0.4501 0.1211 0.4528
v 0.4500 0.5515 0.3915
v 0.4500 0.0922 0.5380
v 0.4498 0.3939 0.3849
v 0.4497 0.1089 0.5011
v 0.4497 0.1235 0.4585
v 0.4496 0.1176 0.4646
v 0.4494 0.1256 0.4447
v 0.4493 0.1452 0.3989
v 0.4493 0.0798 0.5671
v 0.4491 0.1619 0.4194
v 0.4491 0.5563 0.3895
v 0.4491 0.4287 0.3539
v 0.4491 0.5538 0.3977
v 0.4491 0.5229 0.4129
v 0.4490 0.7356 0.3473
v 0.4490 0.1303 0.4580
v 0.4490 0.1520 0.4234
v 0.4489 0.1017 0.5204
v 0.4487 0.1290 0.3524
v 0.4487 0.1257 0.4689
v 0.4486 0.2713 0.3775
v 0.4485 0.7377 0.3530
v 0.4484 0.5105 0.4084
v 0.4483 0.0839 0.5415
v 0.4483 0.4587 0.3909
v 0.4482 0.0979 0.5310
v 0.4481 0.9490 0.3908
v 0.4481 0.3404 0.3750
v 0.4480 0.0905 0.5484
v 0.4477 0.1581 0.3887
v 0.4476 0.7417 0.3468
v 0.4476 0.1145 0.4956
v 0.4475 0.3034 0.3774
v 0.4475 0.9742 0.3660
v 0.4474 0.7382 0.3534
v 0.4473 0.3109 0.3701
v 0.4473 0.0987 0.5097
v 0.4472 0.7342 0.3531
v 0.4472 0.1490 0.4244
v 0.4472 0.1038 0.4978
v 0.4471 0.0914 0.5266
v 0.4471 0.1032 0.5227
v 0.4471 0.3745 0.3541
v 0.4469 0.1084 0.4880
v 0.4468 0.1140 0.4755
v 0.4468 0.5227 0.3919
v 0.4467 0.2150 0.3767
v 0.4467 0.0838 0.5687
v 0.4467 0.9343 0.3697
v 0.4466 0.0955 0.5446
v 0.4466 0.0953 0.5193
v 0.4465 0.3831 0.3567
v 0.4464 0.8713 0.3515
v 0.4464 0.3907 0.3866
v 0.4464 0.3770 0.3820
v 0.4463 0.0885 0.5346
v 0.4461 0.3582 0.3511
v 0.4459 0.9607 0.3637
v 0.4459 0.9680 0.3826
v 0.4456 0.1602 0.4255
v 0.4454 0.3741 0.3751
v 0.4453 0.9660 0.3770
v 0.4452 0.7425 0.3480
v 0.4452 0.5648 0.3682
v 0.4451 0.1323 0.4629
v 0.4450 0.5395 0.3989
v 0.4450 0.5441 0.3645
v 0.4449 0.4017 0.3576
v 0.4448 0.3589 0.3702
v 0.4446 0.9572 0.4148
v 0.4446 0.1518 0.3930
v 0.4445 0.0754 0.5640
v 0.4441 0.1600 0.3804
v 0.4440 0.5422 0.4027
v 0.4440 0.4073 0.3493
v 0.4440 0.5128 0.3953
v 0.4437 0.9451 0.4130
v 0.4436 0.1852 0.4115
v 0.4435 0.5397 0.3958
v 0.4433 0.1366 0.3353
v 0.4432 0.1251 0.3278
v 0.4431 0.1415 0.4120
v 0.4431 0.5454 0.3966
v 0.4429 0.9808 0.3704
v 0.4426 0.5169 0.3657
v 0.4422 0.1069 0.5183
v 0.4418 0.9686 0.3892
v 0.4416 0.9640 0.3698
v 0.4415 0.0872 0.5616
v 0.4413 0.8032 0.3705
v 0.4413 0.3745 0.3586
v 0.4412 0.9139 0.3623
v 0.4411 0.3804 0.3605
v 0.4411 0.9482 0.3576
v 0.4411 0.3492 0.3570
v 0.4406 0.1371 0.3413
v 0.4406 0.9749 0.3495
v 0.4405 0.8015 0.3659
v 0.4405 0.4322 0.3626
v 0.4400 0.1616 0.4096
v 0.4399 0.9685 0.3760
v 0.4399 0.1470 0.4201
v 0.4397 0.1245 0.4723
v 0.4396 0.3924 0.3747
v 0.4394 0.4141 0.3814
v 0.4393 0.5521 0.3843
v 0.4391 0.5533 0.3382
v 0.4390 0.7870 0.3649
v 0.4389 0.8041 0.3666
v 0.4389 0.3907 0.3684
v 0.4388 0.1253 0.4607
v 0.4387 0.0807 0.5637
v 0.4387 0.1378 0.4326
v 0.4386 0.5502 0.3346
v 0.4386 0.7986 0.3658
v 0.4385 0.4055 0.3682
v 0.4385 0.8537 0.3347
v 0.4383 0.0923 0.5379
v 0.4382 0.1115 0.4940
v 0.4381 0.5599 0.3724
v 0.4379 0.5555 0.3070
v 0.4379 0.1711 0.4147
v 0.4378 0.8227 0.3603
v 0.4377 0.4342 0.3711
v 0.4377 0.3829 0.3737
v 0.4377 0.5454 0.3376
v 0.4376 0.7471 0.3355
v 0.4376 0.9671 0.3477
v 0.4376 0.1467 0.3613
v 0.4370 0.7476 0.3216
v 0.4364 0.9162 0.3727
v 0.4363 0.9594 0.3641
v 0.4363 0.3513 0.3636
v 0.4363 0.5207 0.3683
v 0.4361 0.3615 0.3595
v 0.4360 0.5551 0.3387
v 0.4359 0.9842 0.3778
v 0.4357 0.1272 0.3595
v 0.4355 0.9348 0.3661
v 0.4351 0.9452 0.3624
v 0.4351 0.1676 0.4045
v 0.4348 0.1585 0.4143
v 0.4347 0.1502 0.4057
v 0.4346 0.5608 0.2989
v 0.4344 0.8041 0.3672
v 0.4343 0.9614 0.3695
v 0.4341 0.9529 0.3829
v 0.4339 0.5442 0.3397
v 0.4336 0.7550 0.3220
v 0.4332 0.5539 0.3414
v 0.4332 0.9892 0.3614
v 0.4331 0.5646 0.3341
v 0.4327 0.9098 0.3656
v 0.4325 0.9578 0.3682
v 0.4324 0.9737 0.3783
v 0.4319 0.9441 0.3814
v 0.4315 0.9499 0.3633
v 0.4314 0.9605 0.3761
v 0.4309 0.5477 0.3427
v 0.4306 0.5302 0.3744
v 0.4303 0.9336 0.3748
v 0.4300 0.4067 0.3644
v 0.4300 0.5456 0.3770
v 0.4298 0.9522 0.3991
v 0.4291 0.1024 0.2991
v 0.4291 0.1373 0.3681
v 0.4291 0.9767 0.3575
v 0.4290 0.5657 0.3340
v 0.4290 0.1086 0.2991
v 0.4286 0.7934 0.3226
v 0.4280 0.9590 0.3554
v 0.4279 0.3866 0.3284
v 0.4277 0.5414 0.3255
v 0.4276 0.9232 0.3536
v 0.4274 0.1296 0.3727
v 0.4274 0.7796 0.3157
v 0.4272 0.5576 0.3180
v 0.4268 0.9576 0.3613
v 0.4265 0.6773 0.3508
v 0.4264 0.9492 0.3710
v 0.4257 0.9699 0.3976
v 0.4255 0.7422 0.3035
v 0.4253 0.7810 0.3140
v 0.4249 0.9229 0.3559
v 0.4242 0.9722 0.3532
v 0.4242 0.3789 0.3333
v 0.4238 0.9539 0.3878
v 0.4230 0.5653 0.2746
v 0.4227 0.9195 0.3453
v 0.4224 0.9328 0.3525
v 0.4224 0.1359 0.3544
v 0.4221 0.9563 0.4024
v 0.4219 0.9661 0.4022
v 0.4217 0.9778 0.3596
v 0.4216 0.9729 0.3879
v 0.4215 0.6378 0.3444
v 0.4214 0.8584 0.3709
v 0.4213 0.7451 0.3106
v 0.4209 0.5429 0.3065
v 0.4208 0.5623 0.2736
v 0.4206 0.9579 0.3922
v 0.4204 0.9601 0.3868
v 0.4203 0.9638 0.3523
v 0.4202 0.3907 0.3292
v 0.4194 0.5538 0.3380
v 0.4188 0.5567 0.3051
v 0.4188 0.5624 0.3086
v 0.4185 0.9747 0.3688
v 0.4185 0.9168 0.3531
v 0.4183 0.9418 0.3450
v 0.4180 0.1136 0.3005
v 0.4179 0.5589 0.3157
v 0.4175 0.7391 0.2977
v 0.4165 0.7402 0.3046
v 0.4163 0.5901 0.3335
v 0.4163 0.9824 0.3540
v 0.4161 0.7101 0.2975
v 0.4160 0.9564 0.3401
v 0.4157 0.1019 0.3079
v 0.4157 0.5529 0.3078
v 0.4155 0.7356 0.3064
v 0.4154 0.9644 0.3970
v 0.4152 0.9669 0.3679
v 0.4149 0.5764 0.3072
v 0.4145 0.9144 0.3799
v 0.4139 0.9687 0.3377
v 0.4138 0.5868 0.3349
v 0.4137 0.8945 0.3794
v 0.4135 0.9556 0.3467
v 0.4134 0.9468 0.3363
v 0.4129 0.7153 0.2939
v 0.4128 0.5928 0.3292
v 0.4125 0.7136 0.2922
v 0.4124 0.6867 0.2925
v 0.4124 0.9373 0.3464
v 0.4121 0.1136 0.3031
v 0.4119 0.9314 0.3349
v 0.4118 0.6873 0.2976
v 0.4114 0.5571 0.3271
v 0.4108 0.7075 0.3002
v 0.4107 0.5571 0.3069
v 0.4107 0.1217 0.3543
v 0.4104 0.5891 0.3307
v 0.4103 0.5943 0.3314
v 0.4101 0.5990 0.3257
v 0.4094 0.5537 0.3266
v 0.4090 0.5540 0.3228
v 0.4083 0.3896 0.3031
v 0.4081 0.8578 0.3666
v 0.4078 0.5625 0.2823
v 0.4078 0.5660 0.2837
v 0.4078 0.5800 0.2853
v 0.4075 0.7408 0.2967
v 0.4069 0.7188 0.2971
v 0.4067 0.5589 0.3214
v 0.4062 0.7085 0.2859
v 0.4061 0.6868 0.2939
v 0.4061 0.5978 0.3264
v 0.4058 0.1053 0.3263
v 0.4057 0.5673 0.2847
v 0.4056 0.5455 0.2814
v 0.4055 0.6521 0.2889
v 0.4055 0.6587 0.2851
v 0.4053 0.5566 0.3235
v 0.4052 0.9619 0.3429
v 0.4052 0.9420 0.3323
v 0.4050 0.5799 0.2875
v 0.4044 0.5209 0.3192
v 0.4041 0.8190 0.3615
v 0.4041 0.5552 0.3210
v 0.4038 0.3892 0.3144
v 0.4036 0.5665 0.2760
v 0.4033 0.9375 0.3409
v 0.4032 0.0894 0.2637
v 0.4030 0.5358 0.3166
v 0.4027 0.6564 0.2879
v 0.4026 0.5450 0.2827
v 0.4025 0.0801 0.2666
v 0.4024 0.1163 0.3229
v 0.4024 0.8348 0.3635
v 0.4023 0.7096 0.2927
v 0.4018 0.5689 0.2851
v 0.4017 0.5584 0.2767
v 0.4010 0.5574 0.2828
v 0.4008 0.1152 0.3372
v 0.4006 0.5854 0.3370
v 0.3996 0.5732 0.3364
v 0.3994 0.6079 0.2777
v 0.3992 0.5182 0.3149
v 0.3986 0.0874 0.2760
v 0.3984 0.5032 0.3087
v 0.3983 0.5803 0.3441
v 0.3981 0.4771 0.3083
v 0.3979 0.5653 0.2641
v 0.3974 0.4848 0.3117
v 0.3971 0.6246 0.3295
v 0.3969 0.6162 0.2786
v 0.3965 0.3996 0.2942
v 0.3963 0.5655 0.2835
v 0.3961 0.5617 0.2845
v 0.3955 0.7787 0.3517
v 0.3945 0.5576 0.2679
v 0.3940 0.1147 0.3216
v 0.3934 0.5869 0.2761
v 0.3934 0.5701 0.2713
v 0.3932 0.6308 0.3261
v 0.3922 0.4380 0.3001
v 0.3921 0.4633 0.3004
v 0.3920 0.0932 0.2565
v 0.3920 0.5869 0.3433
v 0.3920 0.5728 0.2681
v 0.3918 0.1040 0.3351
v 0.3918 0.4722 0.3045
v 0.3912 0.5713 0.2625
v 0.3906 0.0887 0.2563
v 0.3904 0.5564 0.2678
v 0.3903 0.4428 0.3032
v 0.3900 0.5822 0.3514
v 0.3895 0.0783 0.2901
v 0.3892 0.5565 0.2619
v 0.3892 0.0716 0.2571
v 0.3888 0.5720 0.2702
v 0.3883 0.4169 0.2954
v 0.3883 0.0731 0.2760
v 0.3882 0.1019 0.2525
v 0.3882 0.0987 0.2694
v 0.3877 0.5634 0.2918
v 0.3876 0.1045 0.2646
v 0.3875 0.6543 0.3298
v 0.3874 0.1032 0.2773
v 0.3871 0.7249 0.3414
v 0.3869 0.5634 0.2737
v 0.3865 0.3974 0.2911
v 0.3864 0.5564 0.2648
v 0.3863 0.4274 0.2924
v 0.3862 0.0802 0.2495
v 0.3862 0.7325 0.3390
v 0.3857 0.3939 0.2904
v 0.3854 0.3919 0.2842
v 0.3853 0.6491 0.3300
v 0.3843 0.0917 0.2481
v 0.3835 0.4217 0.2939
v 0.3833 0.3959 0.2875
v 0.3833 0.3987 0.2940
v 0.3832 0.5163 0.2567
v 0.3831 0.5679 0.2671
v 0.3828 0.3947 0.2882
v 0.3828 0.1016 0.2716
v 0.3822 0.3976 0.2859
v 0.3822 0.3958 0.2853
v 0.3822 0.5264 0.2555
v 0.3821 0.5848 0.3494
v 0.3814 0.0834 0.2630
v 0.3809 0.3954 0.2899
v 0.3808 0.5198 0.2588
v 0.3807 0.6821 0.3293
v 0.3805 0.5851 0.3404
v 0.3797 0.5803 0.3380
v 0.3793 0.4979 0.2501
v 0.3791 0.5796 0.3478
v 0.3787 0.5821 0.3529
v 0.3786 0.3619 0.2861
v 0.3785 0.6815 0.3304
v 0.3784 0.0679 0.2720
v 0.3781 0.3634 0.2818
v 0.3773 0.5924 0.3159
v 0.3769 0.5837 0.3408
v 0.3762 0.0920 0.2505
v 0.3762 0.3802 0.2828
v 0.3761 0.0901 0.2762
v 0.3759 0.0865 0.2983
v 0.3758 0.5802 0.3418
v 0.3755 0.0980 0.2517
v 0.3754 0.4847 0.2510
v 0.3750 0.1033 0.2529
v 0.3749 0.4008 0.2561
v 0.3743 0.6432 0.3210
v 0.3743 0.1046 0.2881
v 0.3742 0.4114 0.2479
v 0.3739 0.5815 0.3435
v 0.3737 0.3569 0.2801
v 0.3737 0.0769 0.2269
v 0.3736 0.5822 0.3468
v 0.3734 0.5805 0.3439
v 0.3734 0.3423 0.2782
v 0.3733 0.0895 0.2547
v 0.3732 0.4619 0.2447
v 0.3732 0.4881 0.2478
v 0.3730 0.3177 0.2752
v 0.3730 0.5796 0.3455
v 0.3729 0.1020 0.2804
v 0.3728 0.3935 0.2438
v 0.3725 0.4711 0.2432
v 0.3724 0.3436 0.2737
v 0.3722 0.0708 0.2884
v 0.3720 0.4066 0.2585
v 0.3720 0.0970 0.2842
v 0.3717 0.1056 0.2628
v 0.3704 0.5829 0.3443
v 0.3704 0.1012 0.2897
v 0.3703 0.0770 0.2510
v 0.3703 0.5850 0.3362
v 0.3697 0.3963 0.2586
v 0.3696 0.6283 0.3206
v 0.3694 0.3212 0.2758
v 0.3686 0.0683 0.2576
v 0.3677 0.4338 0.2372
v 0.3677 0.4428 0.2430
v 0.3677 0.4578 0.2422
v 0.3675 0.0944 0.2586
v 0.3674 0.0852 0.2863
v 0.3671 0.5937 0.3131
v 0.3670 0.0686 0.2180
v 0.3661 0.5810 0.3385
v 0.3660 0.2940 0.2673
v 0.3659 0.2915 0.2708
v 0.3658 0.0798 0.3025
v 0.3658 0.0696 0.2841
v 0.3655 0.3099 0.2681
v 0.3654 0.4029 0.2625
v 0.3650 0.1057 0.2730
v 0.3649 0.5837 0.3225
v 0.3645 0.4127 0.2363
v 0.3645 0.4054 0.2288
v 0.3644 0.2702 0.2626
v 0.3643 0.0877 0.2992
v 0.3640 0.0939 0.2534
v 0.3640 0.5942 0.3096
v 0.3638 0.0881 0.3012
v 0.3636 0.0837 0.2819
v 0.3630 0.2628 0.2642
v 0.3627 0.0874 0.2996
v 0.3623 0.5926 0.3157
v 0.3622 0.5931 0.3028
v 0.3617 0.0846 0.2924
v 0.3615 0.0867 0.2983
v 0.3615 0.0862 0.2963
v 0.3606 0.4151 0.2363
v 0.3604 0.3891 0.2523
v 0.3603 0.0817 0.2821
v 0.3602 0.3928 0.2310
v 0.3602 0.2849 0.2594
v 0.3599 0.0927 0.2935
v 0.3597 0.4157 0.2336
v 0.3597 0.0856 0.2964
v 0.3593 0.1062 0.2854
v 0.3584 0.2304 0.2555
v 0.3583 0.2556 0.2607
v 0.3582 0.0956 0.2673
v 0.3576 0.5496 0.2995
v 0.3574 0.0961 0.2940
v 0.3566 0.0887 0.2993
v 0.3564 0.4064 0.2628
v 0.3554 0.0916 0.2716
v 0.3548 0.2525 0.2549
v 0.3548 0.2293 0.2533
v 0.3545 0.2214 0.2554
v 0.3543 0.0809 0.2812
v 0.3541 0.5730 0.3098
v 0.3526 0.0840 0.2939
v 0.3520 0.2423 0.2485
v 0.3514 0.0698 0.2814
v 0.3512 0.3914 0.2313
v 0.3507 0.0983 0.2769
v 0.3507 0.0774 0.2724
v 0.3503 0.1976 0.2487
v 0.3502 0.0881 0.2827
v 0.3501 0.0795 0.2777
v 0.3493 0.4115 0.2102
v 0.3493 0.3954 0.2156
v 0.3493 0.0818 0.2873
v 0.3486 0.4147 0.2407
v 0.3482 0.0999 0.2723
v 0.3477 0.2100 0.2408
v 0.3475 0.3182 0.2151
v 0.3468 0.0959 0.2844
v 0.3457 0.3942 0.2412
v 0.3453 0.0664 0.2012
v 0.3453 0.0764 0.2210
v 0.3447 0.2076 0.2438
v 0.3447 0.1977 0.2383
v 0.3438 0.4064 0.2454
v 0.3437 0.1569 0.2381
v 0.3432 0.4180 0.2217
v 0.3429 0.1487 0.2394
v 0.3429 0.0561 0.1879
v 0.3425 0.0723 0.2070
v 0.3416 0.2086 0.2398
v 0.3409 0.2139 0.2352
v 0.3394 0.3992 0.2336
v 0.3386 0.1435 0.2319
v 0.3386 0.2119 0.2341
v 0.3363 0.4086 0.2156
v 0.3361 0.1326 0.2329
v 0.3355 0.0960 0.2263
v 0.3345 0.3940 0.2180
v 0.3339 0.0973 0.2303
v 0.3320 0.1008 0.2265
v 0.3317 0.0670 0.2127
v 0.3316 0.4093 0.2266
v 0.3316 0.0741 0.2711
v 0.3315 0.0488 0.2039
v 0.3295 0.0589 0.2172
v 0.3293 0.0671 0.2177
v 0.3293 0.0639 0.2213
v 0.3288 0.0770 0.2393
v 0.3285 0.0658 0.2391
v 0.3281 0.2105 0.1910
v 0.3281 0.0559 0.1993
v 0.3278 0.2023 0.1924
v 0.3275 0.2702 0.2427
v 0.3275 0.0488 0.2157
v 0.3268 0.0694 0.2200
v 0.3266 0.3434 0.2543
v 0.3264 0.1290 0.2271
v 0.3263 0.0722 0.2122
v 0.3256 0.1560 0.1972
v 0.3250 0.0557 0.1668
v 0.3249 0.0539 0.2059
v 0.3248 0.0573 0.1516
v 0.3246 0.2645 0.2392
v 0.3228 0.0480 0.1630
v 0.3226 0.1570 0.1975
v 0.3213 0.0435 0.1523
v 0.3208 0.0645 0.2187
v 0.3205 0.0626 0.1769
v 0.3201 0.0577 0.1915
v 0.3192 0.0786 0.2030
v 0.3188 0.0529 0.1892
v 0.3186 0.0898 0.2016
v 0.3186 0.0570 0.1574
v 0.3185 0.0290 0.2004
v 0.3185 0.0503 0.2122
v 0.3181 0.0765 0.2019
v 0.3181 0.0743 0.2362
v 0.3178 0.0399 0.2049
v 0.3164 0.0547 0.1913
v 0.3164 0.0445 0.2012
v 0.3159 0.1295 0.1751
v 0.3153 0.0864 0.2082
v 0.3149 0.0807 0.2086
v 0.3145 0.0637 0.1839
v 0.3134 0.0799 0.1965
v 0.3134 0.2777 0.2388
v 0.3118 0.0315 0.1949
v 0.3116 0.0188 0.2005
v 0.3113 0.0766 0.2034
v 0.3111 0.0256 0.2046
v 0.3109 0.0530 0.1530
v 0.3108 0.0460 0.1787
v 0.3104 0.0678 0.2363
v 0.3099 0.0447 0.1539
v 0.3096 0.0454 0.2011
v 0.3093 0.0601 0.1824
v 0.3089 0.0194 0.1884
v 0.3089 0.0685 0.2443
v 0.3087 0.0593 0.1566
v 0.3083 0.0907 0.1945
v 0.3082 0.0834 0.1988
v 0.3069 0.0385 0.1990
v 0.3062 0.0276 0.1985
v 0.3061 0.1020 0.1938
v 0.3032 0.0552 0.1856
v 0.3031 0.0589 0.1569
v 0.3028 0.2157 0.2241
v 0.3023 0.0730 0.1853
v 0.3020 0.0523 0.1707
v 0.3019 0.0596 0.2368
v 0.3013 0.0638 0.1894
v 0.3002 0.0568 0.1906
v 0.2994 0.1046 0.1784
v 0.2993 0.0416 0.1660
v 0.2990 0.2174 0.2264
v 0.2986 0.0484 0.1811
v 0.2968 0.0578 0.1635
v 0.2966 0.0737 0.1672
v 0.2966 0.0182 0.1899
v 0.2962 0.0139 0.1739
v 0.2960 0.0108 0.1825
v 0.2959 0.0489 0.1443
v 0.2955 0.0238 0.1769
v 0.2944 0.0990 0.1764
v 0.2937 0.0492 0.1980
v 0.2934 0.1714 0.2192
v 0.2933 0.0462 0.1830
v 0.2929 0.1061 0.1866
v 0.2923 0.0197 0.1808
v 0.2923 0.0986 0.1811
v 0.2921 0.0796 0.1720
v 0.2919 0.0575 0.1926
v 0.2901 0.0440 0.1496
v 0.2898 0.0766 0.1811
v 0.2896 0.0658 0.1608
v 0.2893 0.1414 0.2114
v 0.2881 0.1544 0.2102
v 0.2875 0.0480 0.1690
v 0.2870 0.0198 0.1686
v 0.2857 0.0995 0.1673
v 0.2851 0.0479 0.1735
v 0.2851 0.0604 0.1880
v 0.2842 0.0723 0.1850
v 0.2841 0.0972 0.1723
v 0.2835 0.0721 0.1642
v 0.2830 0.1089 0.1693
v 0.2830 0.0481 0.1707
v 0.2821 0.1032 0.2011
v 0.2819 0.0727 0.1705
v 0.2813 0.0590 0.1620
v 0.2802 0.1204 0.2049
v 0.2798 0.0168 0.1707
v 0.2796 0.0431 0.1831
v 0.2794 0.1070 0.2046
v 0.2794 0.0607 0.1866
v 0.2792 0.0517 0.1779
v 0.2782 0.0225 0.1551
v 0.2780 0.0578 0.1802
v 0.2773 0.0167 0.1601
v 0.2769 0.0422 0.1570
v 0.2767 0.0565 0.2071
v 0.2764 0.0625 0.1643
v 0.2761 0.0675 0.1737
v 0.2753 0.0606 0.1996
v 0.2750 0.0930 0.1533
v 0.2750 0.0493 0.2072
v 0.2746 0.0828 0.1529
v 0.2730 0.0600 0.1941
v 0.2707 0.0269 0.1473
v 0.2705 0.0587 0.1887
v 0.2689 0.0933 0.1584
v 0.2682 0.0327 0.1560
v 0.2678 0.0452 0.2076
v 0.2676 0.0470 0.1941
v 0.2672 0.0932 0.1432
v 0.2670 0.0555 0.1895
v 0.2668 0.0842 0.1445
v 0.2667 0.0872 0.1530
v 0.2660 0.0454 0.1449
v 0.2659 0.0929 0.1481
v 0.2650 0.0717 0.1426
v 0.2650 0.0504 0.1734
v 0.2643 0.0441 0.1499
v 0.2615 0.0576 0.2049
v 0.2610 0.0425 0.1776
v 0.2605 0.0557 0.1363
v 0.2603 0.0359 0.1428
v 0.2602 0.0314 0.1479
v 0.2601 0.0928 0.1348
v 0.2600 0.0820 0.1368
v 0.2599 0.0709 0.1467
v 0.2562 0.0928 0.1451
v 0.2562 0.0532 0.1407
v 0.2550 0.0826 0.1444
v 0.2521 0.0855 0.1367
v 0.4436 0.9699 0.3761
v 0.4491 0.9699 0.3828
v 0.4425 0.8755 0.3555
v 0.4370 0.8755 0.3488
v 0.4370 0.8755 0.3488
v 0.4425 0.8755 0.3555
v 0.4359 0.7810 0.3282
v 0.4304 0.7810 0.3215
v 0.4304 0.7810 0.3215
v 0.4359 0.7810 0.3282
v 0.4293 0.6866 0.3009
v 0.4238 0.6866 0.2942
v 0.4238 0.6866 0.2942
v 0.4293 0.6866 0.3009
v 0.4227 0.5921 0.2737
v 0.4172 0.5921 0.2669
v 0.4172 0.5921 0.2669
v 0.4227 0.5921 0.2737
v 0.4161 0.4977 0.2464
v 0.4106 0.4977 0.2396
v 0.4106 0.4977 0.2396
v 0.4161 0.4977 0.2464
v 0.3921 0.4033 0.2333
v 0.3866 0.4033 0.2266
v 0.3866 0.4033 0.2266
v 0.3921 0.4033 0.2333
v 0.3680 0.3088 0.2202
v 0.3625 0.3088 0.2135
v 0.3625 0.3088 0.2135
v 0.3680 0.3088 0.2202
v 0.3440 0.2144 0.2072
v 0.3385 0.2144 0.2005
v 0.3385 0.2144 0.2005
v 0.3440 0.2144 0.2072
v 0.3200 0.1199 0.1941
v 0.3145 0.1199 0.1874
v 0.3145 0.1199 0.1874
v 0.3200 0.1199 0.1941
v 0.2960 0.0255 0.1811
v 0.2904 0.0255 0.1743
v 0.4498 0.9699 0.3767
v 0.4430 0.9699 0.3822
v 0.4364 0.8755 0.3549
v 0.4431 0.8755 0.3494
v 0.4431 0.8755 0.3494
v 0.4364 0.8755 0.3549
v 0.4298 0.7810 0.3276
v 0.4365 0.7810 0.3221
v 0.4365 0.7810 0.3221
v 0.4298 0.7810 0.3276
v 0.4232 0.6866 0.3003
v 0.4299 0.6866 0.2948
v 0.4299 0.6866 0.2948
v 0.4232 0.6866 0.3003
v 0.4166 0.5921 0.2730
v 0.4233 0.5921 0.2675
v 0.4233 0.5921 0.2675
v 0.4166 0.5921 0.2730
v 0.4100 0.4977 0.2457
v 0.4167 0.4977 0.2402
v 0.4167 0.4977 0.2402
v 0.4100 0.4977 0.2457
v 0.3859 0.4033 0.2327
v 0.3927 0.4033 0.2272
v 0.3927 0.4033 0.2272
v 0.3859 0.4033 0.2327
v 0.3619 0.3088 0.2196
v 0.3687 0.3088 0.2141
v 0.3687 0.3088 0.2141
v 0.3619 0.3088 0.2196
v 0.3379 0.2144 0.2066
v 0.3446 0.2144 0.2011
v 0.3446 0.2144 0.2011
v 0.3379 0.2144 0.2066
v 0.3139 0.1199 0.1935
v 0.3206 0.1199 0.1880
v 0.3206 0.1199 0.1880
v 0.3139 0.1199 0.1935
v 0.2898 0.0255 0.1805
v 0.2966 0.0255 0.1750
vt 0.9849 0.9622
vt 0.9832 0.9548
vt 0.9773 0.9568
vt 0.9951 0.9573
vt 0.9841 0.9666
vt 0.3679 0.8157
vt 0.3594 0.8120
vt 0.3601 0.8198
vt 0.3550 0.8169
vt 0.3433 0.8206
vt 0.3323 0.8176
vt 0.2996 0.8284
vt 0.3042 0.8215
vt 0.3289 0.8127
vt 0.3547 0.8076
vt 0.3594 0.8086
vt 0.3582 0.8030
vt 0.3418 0.8005
vt 0.3162 0.8069
vt 0.2986 0.7993
vt 0.2974 0.8154
vt 0.2788 0.8086
vt 0.2646 0.8020
vt 0.2830 0.8215
vt 0.2673 0.8271
vt 0.2661 0.8223
vt 0.2495 0.8237
vt 0.2673 0.8171
vt 0.2561 0.8108
vt 0.2336 0.8181
vt 0.2366 0.8237
vt 0.2146 0.8257
vt 0.2061 0.8198
vt 0.2087 0.8147
vt 0.2417 0.8057
vt 0.2485 0.7986
vt 0.2356 0.8025
vt 0.2332 0.8120
vt 0.2397 0.8101
vt 0.2219 0.8120
vt 0.2039 0.8120
vt 0.2234 0.8081
vt 0.2234 0.8071
vt 0.2134 0.8044
vt 0.1790 0.8118
vt 0.1965 0.7871
vt 0.1570 0.8132
vt 0.1841 0.8210
vt 0.1641 0.7949
vt 0.2012 0.8303
vt 0.1631 0.8289
vt 0.1604 0.8418
vt 0.1533 0.8245
vt 0.1416 0.7993
vt 0.1404 0.7839
vt 0.1375 0.7935
vt 0.1445 0.8186
vt 0.1108 0.8130
vt 0.1431 0.8318
vt 0.1379 0.8113
vt 0.1250 0.8142
vt 0.1016 0.8225
vt 0.1108 0.8379
vt 0.1338 0.8237
vt 0.1250 0.8264
vt 0.1230 0.8401
vt 0.1326 0.8354
vt 0.1394 0.8477
vt 0.1318 0.8538
vt 0.1233 0.8606
vt 0.1499 0.8677
vt 0.1436 0.8823
vt 0.1736 0.8608
vt 0.1982 0.8508
vt 0.2219 0.8455
vt 0.2109 0.8599
vt 0.2368 0.8689
vt 0.2305 0.8882
vt 0.1851 0.8679
vt 0.2129 0.8804
vt 0.2061 0.9021
vt 0.2307 0.9050
vt 0.1624 0.9006
vt 0.1296 0.9099
vt 0.1833 0.8967
vt 0.2029 0.8948
vt 0.1987 0.8792
vt 0.1895 0.8904
vt 0.6836 0.1785
vt 0.6831 0.1753
vt 0.6792 0.1816
vt 0.6965 0.1721
vt 0.6970 0.1863
vt 0.6958 0.1890
vt 0.6970 0.1675
vt 0.6926 0.1919
vt 0.6992 0.2185
vt 0.6890 0.2021
vt 0.6907 0.2080
vt 0.6919 0.2202
vt 0.6890 0.2158
vt 0.6858 0.2100
vt 0.6782 0.1741
vt 0.6638 0.1646
vt 0.6819 0.1699
vt 0.7112 0.1497
vt 0.6799 0.5183
vt 0.6880 0.5088
vt 0.6707 0.5117
vt 0.6919 0.4944
vt 0.6992 0.5112
vt 0.7219 0.5110
vt 0.6821 0.5342
vt 0.6892 0.5276
vt 0.6719 0.5266
vt 0.6545 0.5320
vt 0.6726 0.5537
vt 0.7039 0.5198
vt 0.6897 0.5381
vt 0.7102 0.5330
vt 0.7241 0.5217
vt 0.7058 0.5552
vt 0.7332 0.5510
vt 0.6772 0.5642
vt 0.6555 0.5698
vt 0.6550 0.5803
vt 0.7034 0.5676
vt 0.6968 0.5750
vt 0.7324 0.5767
vt 0.6001 0.0447
vt 0.6028 0.0339
vt 0.5977 0.0352
vt 0.5979 0.0298
vt 0.6091 0.0378
vt 0.6072 0.0281
vt 0.5996 0.0269
vt 0.5996 0.0220
vt 0.6101 0.0090
vt 0.6125 0.0327
vt 0.6184 0.0413
vt 0.6208 0.0388
vt 0.8335 0.7654
vt 0.8367 0.7798
vt 0.8413 0.7676
vt 0.8433 0.7920
vt 0.8215 0.7759
vt 0.8198 0.7632
vt 0.8101 0.7771
vt 0.8235 0.7876
vt 0.8220 0.7988
vt 0.8459 0.8242
vt 0.8035 0.7871
vt 0.8215 0.8235
vt 0.8240 0.8401
vt 0.8152 0.8245
vt 0.8101 0.8286
vt 0.8105 0.8044
vt 0.7983 0.8083
vt 0.7983 0.7927
vt 0.7881 0.7878
vt 0.7922 0.7986
vt 0.7871 0.8027
vt 0.7861 0.7915
vt 0.7720 0.7878
vt 0.7786 0.7949
vt 0.0410 0.6799
vt 0.0344 0.7026
vt 0.0400 0.7021
vt 0.0376 0.6660
vt 0.0232 0.6467
vt 0.0603 0.6614
vt 0.0552 0.6716
vt 0.1033 0.6670
vt 0.0771 0.6604
vt 0.1050 0.6497
vt 0.0457 0.6562
vt 0.0637 0.6553
vt 0.0525 0.6487
vt 0.0947 0.6460
vt 0.0349 0.6414
vt 0.0229 0.6299
vt 0.0171 0.6299
vt 0.0234 0.6072
vt 0.0173 0.5989
vt 0.0269 0.6160
vt 0.0476 0.5859
vt 0.0244 0.5742
vt 0.0300 0.6265
vt 0.0432 0.6052
vt 0.0352 0.6147
vt 0.0420 0.6277
vt 0.0562 0.5938
vt 0.0525 0.6265
vt 0.0537 0.6104
vt 0.1187 0.5681
vt 0.1145 0.5862
vt 0.0920 0.6025
vt 0.0581 0.6387
vt 0.0725 0.6072
vt 0.0627 0.6228
vt 0.0664 0.6326
vt 0.0894 0.6184
vt 0.0974 0.6165
vt 0.0710 0.6409
vt 0.0776 0.6309
vt 0.0864 0.6367
vt 0.4636 0.5149
vt 0.4771 0.5312
vt 0.4949 0.5261
vt 0.4866 0.5090
vt 0.4585 0.5222
vt 0.4517 0.5022
vt 0.4382 0.5173
vt 0.4875 0.4971
vt 0.4419 0.5095
vt 0.4541 0.5344
vt 0.4858 0.4924
vt 0.4609 0.4922
vt 0.4509 0.4944
vt 0.4231 0.4937
vt 0.4167 0.5017
vt 0.4006 0.4927
vt 0.3914 0.4971
vt 0.4119 0.5056
vt 0.3850 0.4998
vt 0.4153 0.5127
vt 0.3945 0.5117
vt 0.4338 0.5249
vt 0.4404 0.5312
vt 0.4106 0.5168
vt 0.3948 0.5188
vt 0.4116 0.5288
vt 0.7554 0.1362
vt 0.7747 0.1448
vt 0.7583 0.1318
vt 0.7688 0.1338
vt 0.7744 0.1355
vt 0.7825 0.1553
vt 0.7783 0.1584
vt 0.7952 0.1655
vt 0.7900 0.1550
vt 0.7844 0.1316
vt 0.7766 0.1301
vt 0.7847 0.1421
vt 0.7903 0.1365
vt 0.7952 0.1433
vt 0.7917 0.1477
vt 0.7966 0.1545
vt 0.8066 0.1660
vt 0.8025 0.1455
vt 0.8047 0.1587
vt 0.8018 0.1521
vt 0.3591 0.7812
vt 0.3545 0.7969
vt 0.3669 0.7852
vt 0.3701 0.7708
vt 0.3501 0.7854
vt 0.3396 0.7942
vt 0.3528 0.7659
vt 0.3696 0.7625
vt 0.3384 0.7729
vt 0.3406 0.7869
vt 0.3293 0.7944
vt 0.3210 0.7507
vt 0.3728 0.7300
vt 0.3271 0.7744
vt 0.3245 0.7842
vt 0.3132 0.7944
vt 0.3184 0.7668
vt 0.3125 0.7820
vt 0.2966 0.7925
vt 0.3083 0.7661
vt 0.2917 0.7700
vt 0.2876 0.7815
vt 0.2830 0.7949
vt 0.2759 0.7639
vt 0.2769 0.7822
vt 0.2598 0.7935
vt 0.2671 0.7478
vt 0.2632 0.7646
vt 0.2605 0.7798
vt 0.2473 0.7637
vt 0.2463 0.7800
vt 0.2366 0.7932
vt 0.2312 0.7803
vt 0.2205 0.7939
vt 0.2324 0.7639
vt 0.2246 0.7747
vt 0.2214 0.7668
vt 0.1992 0.7708
vt 0.1970 0.7815
vt 0.2095 0.7559
vt 0.2317 0.7463
vt 0.2808 0.7112
vt 0.2349 0.7170
vt 0.3010 0.6965
vt 0.2874 0.6975
vt 0.3032 0.7129
vt 0.3167 0.6975
vt 0.3276 0.7385
vt 0.3223 0.7131
vt 0.3271 0.6948
vt 0.3618 0.7087
vt 0.3330 0.7090
vt 0.3396 0.6912
vt 0.3464 0.7095
vt 0.3572 0.6948
vt 0.4111 0.0071
vt 0.4075 0.0129
vt 0.4182 0.0029
vt 0.4065 0.0000
vt 0.4014 0.0049
vt 0.4158 0.0081
vt 0.3975 0.0073
vt 0.4080 0.0193
vt 0.4104 0.0251
vt 0.4060 0.0215
vt 0.4072 0.0273
vt 0.4011 0.0156
vt 0.3889 0.0042
vt 0.3950 0.0134
vt 0.3911 0.0161
vt 0.8008 0.2717
vt 0.7908 0.2786
vt 0.7834 0.2913
vt 0.7898 0.2656
vt 0.7905 0.2524
vt 0.8044 0.2520
vt 0.8120 0.2639
vt 0.8162 0.2642
vt 0.8308 0.2676
vt 0.8367 0.2617
vt 0.8455 0.2676
vt 0.7454 0.0100
vt 0.7622 0.0144
vt 0.7793 0.0100
vt 0.3416 0.6602
vt 0.3577 0.6592
vt 0.3533 0.6538
vt 0.3633 0.6292
vt 0.3728 0.6628
vt 0.3718 0.6675
vt 0.3528 0.6294
vt 0.3364 0.6187
vt 0.3403 0.6309
vt 0.3308 0.6213
vt 0.3403 0.6438
vt 0.3162 0.6631
vt 0.3293 0.6431
vt 0.3184 0.6570
vt 0.3218 0.6382
vt 0.2949 0.6248
vt 0.3025 0.6184
vt 0.3035 0.6301
vt 0.2847 0.6294
vt 0.3054 0.6489
vt 0.2986 0.6384
vt 0.2827 0.6340
vt 0.3018 0.6506
vt 0.2905 0.6589
vt 0.2957 0.6685
vt 0.2913 0.6926
vt 0.2788 0.6926
vt 0.2842 0.6716
vt 0.2725 0.6812
vt 0.2551 0.6846
vt 0.2671 0.6699
vt 0.2607 0.6511
vt 0.2693 0.6372
vt 0.2539 0.6206
vt 0.2385 0.6519
vt 0.2375 0.6826
vt 0.2549 0.6348
vt 0.2437 0.6396
vt 0.2468 0.6270
vt 0.2388 0.6194
vt 0.2288 0.6331
vt 0.2241 0.6235
vt 0.2310 0.6614
vt 0.2200 0.6577
vt 0.2202 0.6738
vt 0.2190 0.6477
vt 0.2102 0.6458
vt 0.2104 0.6208
vt 0.2117 0.6541
vt 0.2073 0.6526
vt 0.1951 0.6597
vt 0.2102 0.6633
vt 0.2002 0.6660
vt 0.2007 0.6855
vt 0.1294 0.9282
vt 0.1184 0.9253
vt 0.0769 0.9485
vt 0.1013 0.9216
vt 0.0713 0.9434
vt 0.0474 0.9272
vt 0.0505 0.9443
vt 0.0439 0.9526
vt 0.0854 0.9082
vt 0.1028 0.9087
vt 0.0601 0.9124
vt 0.0732 0.9028
vt 0.0605 0.8918
vt 0.0403 0.9138
vt 0.0491 0.8679
vt 0.0378 0.9297
vt 0.0398 0.9543
vt 0.0398 0.8586
vt 0.0244 0.9329
vt 0.0247 0.9507
vt 0.0173 0.9297
vt 0.0239 0.9001
vt 0.0171 0.8696
vt 0.0239 0.8601
vt 0.6506 0.1807
vt 0.6592 0.1924
vt 0.6562 0.1746
vt 0.6699 0.1819
vt 0.6045 0.1799
vt 0.6343 0.1895
vt 0.6433 0.1946
vt 0.6545 0.2073
vt 0.6499 0.2168
vt 0.6619 0.2017
vt 0.6614 0.2200
vt 0.6619 0.2034
vt 0.6655 0.2083
vt 0.6577 0.2100
vt 0.6619 0.2122
vt 0.6606 0.2129
vt 0.6597 0.2139
vt 0.2112 0.2446
vt 0.2134 0.2329
vt 0.1814 0.2273
vt 0.1926 0.2095
vt 0.2327 0.2488
vt 0.2122 0.2224
vt 0.2495 0.2537
vt 0.2573 0.2239
vt 0.2461 0.2080
vt 0.2588 0.2087
vt 0.2703 0.1943
vt 0.2512 0.1943
vt 0.2087 0.2051
vt 0.2234 0.1892
vt 0.2271 0.2012
vt 0.2280 0.2114
vt 0.7900 0.0608
vt 0.7842 0.0618
vt 0.7871 0.0659
vt 0.7847 0.0718
vt 0.7961 0.0542
vt 0.7800 0.0671
vt 0.7766 0.0608
vt 0.7749 0.0676
vt 0.7783 0.0747
vt 0.7695 0.0715
vt 0.7678 0.0635
vt 0.7678 0.0591
vt 0.7664 0.0469
vt 0.7629 0.0557
vt 0.7812 0.0422
vt 0.7510 0.0422
vt 0.4744 0.3059
vt 0.4761 0.3167
vt 0.4792 0.3069
vt 0.4900 0.3098
vt 0.4939 0.3247
vt 0.4602 0.3113
vt 0.4497 0.3054
vt 0.4622 0.3176
vt 0.4758 0.3228
vt 0.4480 0.3213
vt 0.4502 0.3269
vt 0.4480 0.3123
vt 0.4324 0.3081
vt 0.4314 0.3145
vt 0.4360 0.3215
vt 0.4316 0.3274
vt 0.4482 0.2971
vt 0.4312 0.2947
vt 0.4109 0.2954
vt 0.4143 0.3059
vt 0.4094 0.3074
vt 0.4087 0.3284
vt 0.7751 0.2249
vt 0.7610 0.2417
vt 0.7744 0.2302
vt 0.7629 0.2356
vt 0.7683 0.2275
vt 0.7595 0.2317
vt 0.7568 0.2405
vt 0.7529 0.2644
vt 0.7615 0.2637
vt 0.7502 0.2573
vt 0.7498 0.2502
vt 0.7383 0.2478
vt 0.7351 0.2529
vt 0.7498 0.2673
vt 0.7505 0.2957
vt 0.7466 0.2642
vt 0.7427 0.2595
vt 0.7317 0.2556
vt 0.9028 0.6650
vt 0.8901 0.6245
vt 0.8857 0.6409
vt 0.8972 0.6104
vt 0.9153 0.6592
vt 0.9089 0.6157
vt 0.9241 0.6572
vt 0.9243 0.6270
vt 0.6321 0.5935
vt 0.6323 0.6072
vt 0.6511 0.6016
vt 0.6458 0.6257
vt 0.6533 0.6543
vt 0.6287 0.6296
vt 0.6426 0.6514
vt 0.6462 0.6851
vt 0.6272 0.6536
vt 0.7476 0.4658
vt 0.7202 0.4768
vt 0.7417 0.4844
vt 0.7644 0.4761
vt 0.7244 0.4954
vt 0.7625 0.4907
vt 0.7708 0.4783
vt 0.7817 0.5071
vt 0.7500 0.5005
vt 0.7686 0.5015
vt 0.7820 0.5166
vt 0.7634 0.5347
vt 0.7336 0.5078
vt 0.7224 0.5007
vt 0.7195 0.5024
vt 0.7117 0.4956
vt 0.7095 0.4905
vt 0.7058 0.4941
vt 0.7041 0.4934
vt 0.7375 0.5256
vt 0.7522 0.5310
vt 0.7441 0.5491
vt 0.7627 0.5459
vt 0.1919 0.9141
vt 0.2048 0.9277
vt 0.1929 0.9058
vt 0.1846 0.9165
vt 0.1807 0.9067
vt 0.1689 0.9221
vt 0.1514 0.9204
vt 0.1614 0.9163
vt 0.1538 0.9277
vt 0.1736 0.9368
vt 0.1873 0.9236
vt 0.1978 0.9329
vt 0.1584 0.9370
vt 0.1389 0.9170
vt 0.1606 0.9451
vt 0.1614 0.9622
vt 0.1772 0.9534
vt 0.1882 0.9346
vt 0.2039 0.9458
vt 0.2207 0.9092
vt 0.1914 0.9419
vt 0.1938 0.9519
vt 0.1777 0.9644
vt 0.1638 0.9775
vt 0.1946 0.9583
vt 0.2085 0.9653
vt 0.1782 0.9758
vt 0.1772 0.9905
vt 0.1604 0.9939
vt 0.1860 0.9785
vt 0.1943 0.9783
vt 0.1960 0.9675
vt 0.2078 0.9771
vt 0.2249 0.9724
vt 0.2627 0.9517
vt 0.2549 0.9705
vt 0.2554 0.9817
vt 0.2542 0.9927
vt 0.5332 0.8530
vt 0.5381 0.8262
vt 0.4978 0.8469
vt 0.4756 0.8352
vt 0.4492 0.8518
vt 0.5217 0.8738
vt 0.5361 0.8765
vt 0.5186 0.8552
vt 0.5002 0.8542
vt 0.5017 0.8730
vt 0.4873 0.8665
vt 0.4775 0.8762
vt 0.4609 0.8640
vt 0.4500 0.8738
vt 0.4436 0.8665
vt 0.4302 0.8547
vt 0.2900 0.0225
vt 0.2876 0.0215
vt 0.2871 0.0242
vt 0.2698 0.0264
vt 0.2903 0.0320
vt 0.2712 0.0212
vt 0.2859 0.0176
vt 0.2878 0.0144
vt 0.2883 0.0151
vt 0.2869 0.0051
vt 0.2747 0.0039
vt 0.2700 0.0022
vt 0.9875 0.2808
vt 0.9890 0.2849
vt 0.9888 0.2815
vt 0.9827 0.2808
vt 0.9856 0.2866
vt 0.9805 0.2842
vt 0.9834 0.2891
vt 0.1870 0.1975
vt 0.1956 0.1890
vt 0.1702 0.1704
vt 0.1648 0.1960
vt 0.1548 0.1765
vt 0.1770 0.2173
vt 0.1558 0.2051
vt 0.1633 0.2158
vt 0.1760 0.2468
vt 0.1489 0.2383
vt 0.0835 0.3892
vt 0.0718 0.3918
vt 0.0779 0.3992
vt 0.0574 0.3987
vt 0.0896 0.4136
vt 0.1001 0.4026
vt 0.1240 0.4248
vt 0.1296 0.4163
vt 0.0625 0.4229
vt 0.0505 0.4124
vt 0.0393 0.4226
vt 0.0344 0.4163
vt 0.0508 0.3987
vt 0.0396 0.4041
vt 0.0408 0.3911
vt 0.9919 0.0024
vt 0.9824 0.0051
vt 0.9915 0.0071
vt 0.9678 0.0166
vt 0.9761 0.0059
vt 0.9600 0.0098
vt 0.9648 0.0020
vt 0.0215 0.9797
vt 0.0120 0.9797
vt 0.0208 0.9851
vt 0.0117 0.9846
vt 0.0183 0.9917
vt 0.0081 0.9912
vt 0.0093 0.9958
vt 0.4695 0.4016
vt 0.4797 0.3916
vt 0.4717 0.3884
vt 0.4958 0.3896
vt 0.4773 0.4038
vt 0.4792 0.4204
vt 0.4888 0.4036
vt 0.4866 0.4099
vt 0.4932 0.4207
vt 0.4807 0.4363
vt 0.4995 0.4321
vt 0.5117 0.4358
vt 0.5149 0.4216
vt 0.4990 0.4119
vt 0.4968 0.4036
vt 0.5071 0.3892
vt 0.5066 0.4050
vt 0.5132 0.3945
vt 0.5273 0.3896
vt 0.5164 0.4133
vt 0.5173 0.4031
vt 0.5325 0.4202
vt 0.5276 0.4360
vt 0.5432 0.4456
vt 0.5474 0.4390
vt 0.5508 0.4258
vt 0.5383 0.4146
vt 0.5234 0.4033
vt 0.5659 0.4124
vt 0.5354 0.3943
vt 0.5320 0.4031
vt 0.5476 0.3882
vt 0.5457 0.3940
vt 0.5559 0.3921
vt 0.5569 0.3870
vt 0.9194 0.3115
vt 0.9424 0.3257
vt 0.9575 0.2966
vt 0.9517 0.3374
vt 0.9563 0.3442
vt 0.9353 0.3330
vt 0.9211 0.3259
vt 0.9155 0.3210
vt 0.9216 0.3438
vt 0.9333 0.3442
vt 0.9292 0.3547
vt 0.8247 0.9119
vt 0.8394 0.9128
vt 0.8386 0.8940
vt 0.8093 0.8909
vt 0.8152 0.9150
vt 0.8252 0.8955
vt 0.8306 0.8694
vt 0.8142 0.8716
vt 0.8416 0.8630
vt 0.8423 0.8445
vt 0.8303 0.8472
vt 0.7974 0.8738
vt 0.8115 0.8428
vt 0.8049 0.8674
vt 0.6011 0.9543
vt 0.6069 0.9932
vt 0.6208 0.9790
vt 0.5769 0.9761
vt 0.6184 0.9565
vt 0.6172 0.9473
vt 0.5701 0.9495
vt 0.5710 0.9155
vt 0.6194 0.9280
vt 0.5959 0.8967
vt 0.6172 0.9062
vt 0.9670 0.4229
vt 0.9851 0.4255
vt 0.9783 0.4058
vt 0.9570 0.4143
vt 0.9846 0.4453
vt 0.9500 0.4294
vt 0.9590 0.4397
vt 0.9563 0.4456
vt 0.1506 0.1992
vt 0.1450 0.1738
vt 0.1404 0.1829
vt 0.1321 0.1746
vt 0.1277 0.1570
vt 0.1104 0.1714
vt 0.1575 0.1523
vt 0.1375 0.1458
vt 0.1580 0.1448
vt 0.1592 0.1284
vt 0.1389 0.1301
vt 0.7449 0.8149
vt 0.7429 0.8484
vt 0.7532 0.8340
vt 0.7295 0.8008
vt 0.7317 0.8145
vt 0.7373 0.7905
vt 0.7632 0.8276
vt 0.7515 0.8435
vt 0.7629 0.8386
vt 0.7783 0.8262
vt 0.7578 0.8164
vt 0.7590 0.8074
vt 0.7781 0.8049
vt 0.7642 0.8010
vt 0.7593 0.7852
vt 0.7664 0.7834
vt 0.7390 0.7744
vt 0.7310 0.7688
vt 0.5364 0.0535
vt 0.5559 0.0593
vt 0.5549 0.0432
vt 0.5244 0.0435
vt 0.5200 0.0593
vt 0.5645 0.0503
vt 0.5640 0.0591
vt 0.5312 0.0664
vt 0.5508 0.0667
vt 0.3630 0.2002
vt 0.3516 0.1697
vt 0.3450 0.2004
vt 0.3677 0.1780
vt 0.3806 0.1619
vt 0.3413 0.1907
vt 0.3694 0.1462
vt 0.3286 0.1875
vt 0.3362 0.1746
vt 0.3564 0.1372
vt 0.3657 0.1326
vt 0.3328 0.1492
vt 0.3394 0.1282
vt 0.3347 0.1614
vt 0.3218 0.1726
vt 0.3123 0.1636
vt 0.8276 0.2891
vt 0.7898 0.2971
vt 0.8230 0.3052
vt 0.8284 0.2795
vt 0.8542 0.2700
vt 0.8464 0.2920
vt 0.8342 0.3025
vt 0.8293 0.3147
vt 0.8389 0.3176
vt 0.8445 0.3101
vt 0.8560 0.3005
vt 0.8557 0.3193
vt 0.1064 0.5090
vt 0.0771 0.5159
vt 0.0947 0.5203
vt 0.0808 0.5349
vt 0.0938 0.5342
vt 0.1138 0.5203
vt 0.1223 0.5098
vt 0.1367 0.4978
vt 0.1079 0.5310
vt 0.1028 0.5386
vt 0.1133 0.5381
vt 0.1235 0.5317
vt 0.1335 0.5176
vt 0.1479 0.5032
vt 0.1228 0.5454
vt 0.1326 0.5459
vt 0.1389 0.5405
vt 0.1492 0.5278
vt 0.1511 0.5112
vt 0.1624 0.5251
vt 0.1782 0.5479
vt 0.1685 0.5146
vt 0.1868 0.5142
vt 0.1936 0.5078
vt 0.1597 0.5051
vt 0.1738 0.4944
vt 0.4363 0.7581
vt 0.4551 0.7681
vt 0.4419 0.7441
vt 0.4446 0.7898
vt 0.4316 0.7881
vt 0.4314 0.7666
vt 0.4202 0.7798
vt 0.4075 0.7737
vt 0.4146 0.7957
vt 0.4558 0.7930
vt 0.4551 0.8176
vt 0.4775 0.8098
vt 0.4756 0.7891
vt 0.4827 0.8079
vt 0.4878 0.8274
vt 0.4988 0.8242
vt 0.4863 0.7893
vt 0.4817 0.7651
vt 0.4917 0.7603
vt 0.4714 0.7561
vt 0.4585 0.7380
vt 0.4429 0.7202
vt 0.4663 0.7183
vt 0.4827 0.7334
vt 0.4780 0.7141
vt 0.4915 0.7327
vt 0.4976 0.7556
vt 0.4910 0.7139
vt 0.5000 0.7322
vt 0.0859 0.0317
vt 0.1025 0.0298
vt 0.0898 0.0117
vt 0.1060 0.0090
vt 0.1123 0.0410
vt 0.1094 0.0266
vt 0.1189 0.0122
vt 0.1257 0.0132
vt 0.8601 0.4482
vt 0.8650 0.4292
vt 0.8486 0.4282
vt 0.8718 0.4622
vt 0.8560 0.4629
vt 0.8623 0.4690
vt 0.8662 0.4753
vt 0.8560 0.4773
vt 0.8528 0.4663
vt 0.8401 0.4417
vt 0.8364 0.4304
vt 0.8413 0.4253
vt 0.8240 0.4214
vt 0.8325 0.4475
vt 0.6755 0.9482
vt 0.6755 0.9648
vt 0.6802 0.9453
vt 0.6575 0.9399
vt 0.6841 0.9534
vt 0.6484 0.9543
vt 0.6477 0.9666
vt 0.6294 0.9360
vt 0.6257 0.9504
vt 0.6389 0.9365
vt 0.6360 0.9250
vt 0.6272 0.9219
vt 0.6470 0.9285
vt 0.6436 0.9116
vt 0.6382 0.8962
vt 0.6638 0.9382
vt 0.6616 0.9180
vt 0.6702 0.9329
vt 0.6812 0.9253
vt 0.6877 0.9272
vt 0.6914 0.9404
vt 0.7007 0.9119
vt 0.6851 0.9106
vt 0.6750 0.9067
vt 0.6821 0.8979
vt 0.6792 0.8850
vt 0.6711 0.8865
vt 0.6709 0.8933
vt 0.6594 0.8901
vt 0.6418 0.8853
vt 0.6326 0.8894
vt 0.6355 0.8728
vt 0.6279 0.8652
vt 0.6211 0.8860
vt 0.7637 0.6565
vt 0.7607 0.6477
vt 0.7615 0.6592
vt 0.7585 0.6526
vt 0.7502 0.6523
vt 0.7505 0.6462
vt 0.7705 0.6567
vt 0.7546 0.6394
vt 0.7615 0.6331
vt 0.7661 0.6392
vt 0.7524 0.6238
vt 0.7512 0.6343
vt 0.7615 0.6143
vt 0.7517 0.6152
vt 0.7441 0.6101
vt 0.7664 0.6021
vt 0.7734 0.6294
vt 0.7732 0.5989
vt 0.7598 0.5950
vt 0.7373 0.6003
vt 0.7344 0.6042
vt 0.7256 0.5876
vt 0.7507 0.5818
vt 0.7573 0.5845
vt 0.9148 0.1306
vt 0.9167 0.1492
vt 0.9236 0.1423
vt 0.9241 0.1165
vt 0.9082 0.1152
vt 0.9172 0.1082
vt 0.9019 0.0991
vt 0.8879 0.1021
vt 0.9250 0.0898
vt 0.4351 0.5498
vt 0.4294 0.5527
vt 0.4412 0.5552
vt 0.4033 0.5403
vt 0.3950 0.5269
vt 0.4197 0.5598
vt 0.4319 0.6326
vt 0.4390 0.5962
vt 0.4402 0.5620
vt 0.4414 0.5796
vt 0.4573 0.5615
vt 0.4709 0.5481
vt 0.4868 0.5352
vt 0.4404 0.5449
vt 0.5007 0.5334
vt 0.1802 0.1260
vt 0.1677 0.1362
vt 0.1638 0.1514
vt 0.1646 0.1311
vt 0.1755 0.1191
vt 0.1609 0.1011
vt 0.1694 0.1038
vt 0.1853 0.1079
vt 0.1985 0.0916
vt 0.2004 0.1108
vt 0.2122 0.1213
vt 0.2053 0.1016
vt 0.7749 0.3323
vt 0.7729 0.3242
vt 0.7478 0.3291
vt 0.7778 0.3367
vt 0.7825 0.3318
vt 0.7351 0.3477
vt 0.7498 0.3562
vt 0.7087 0.3765
vt 0.7747 0.3511
vt 0.7402 0.3767
vt 0.7451 0.3857
vt 0.7710 0.3621
vt 0.7542 0.3904
vt 0.7810 0.3743
vt 0.7661 0.3933
vt 0.4226 0.6367
vt 0.4080 0.6348
vt 0.4092 0.6528
vt 0.4258 0.6567
vt 0.4109 0.6750
vt 0.3979 0.6340
vt 0.3955 0.6223
vt 0.3740 0.6313
vt 0.3823 0.6360
vt 0.3762 0.6541
vt 0.3918 0.6511
vt 0.3931 0.6746
vt 0.3987 0.6951
vt 0.4280 0.6917
vt 0.4070 0.7463
vt 0.4270 0.7185
vt 0.3909 0.7461
vt 0.3994 0.7930
vt 0.3896 0.6990
vt 0.3823 0.6904
vt 0.3774 0.7490
vt 0.3948 0.4456
vt 0.4146 0.4187
vt 0.3635 0.4375
vt 0.3699 0.4197
vt 0.4375 0.4399
vt 0.4229 0.4482
vt 0.4651 0.4097
vt 0.4426 0.4468
vt 0.4331 0.3997
vt 0.3809 0.4033
vt 0.4329 0.4626
vt 0.4436 0.4600
vt 0.4441 0.4695
vt 0.4333 0.4736
vt 0.4429 0.4788
vt 0.4504 0.4871
vt 0.8030 0.9478
vt 0.8315 0.9929
vt 0.8228 0.9639
vt 0.7915 0.9392
vt 0.6331 0.1145
vt 0.6365 0.1284
vt 0.6448 0.1260
vt 0.6545 0.1289
vt 0.6392 0.1184
vt 0.6548 0.1160
vt 0.6660 0.1196
vt 0.6626 0.1443
vt 0.6472 0.1531
vt 0.6497 0.1716
vt 0.6711 0.1301
vt 0.6750 0.1265
vt 0.6802 0.1357
vt 0.6682 0.1536
vt 0.6978 0.1348
vt 0.6953 0.1475
vt 0.5591 0.4873
vt 0.5762 0.5024
vt 0.5815 0.4827
vt 0.5652 0.4983
vt 0.5698 0.5161
vt 0.5642 0.5081
vt 0.5566 0.4941
vt 0.5564 0.5112
vt 0.5613 0.5291
vt 0.5493 0.5090
vt 0.5525 0.5000
vt 0.5498 0.4878
vt 0.5554 0.4824
vt 0.5256 0.4758
vt 0.5559 0.4756
vt 0.5266 0.4680
vt 0.5176 0.4629
vt 0.5100 0.4629
vt 0.5188 0.4492
vt 0.5073 0.4434
vt 0.5479 0.4500
vt 0.5676 0.4719
vt 0.5872 0.4617
vt 0.5654 0.4565
vt 0.5618 0.4460
vt 0.5806 0.4475
vt 0.5752 0.4353
vt 0.8096 0.9299
vt 0.7964 0.9128
vt 0.7915 0.9265
vt 0.8176 0.9448
vt 0.8088 0.9146
vt 0.8025 0.9019
vt 0.7927 0.8782
vt 0.9080 0.5669
vt 0.9216 0.5723
vt 0.9165 0.5608
vt 0.9253 0.5537
vt 0.9297 0.5803
vt 0.9412 0.5276
vt 0.9434 0.5935
vt 0.8191 0.1660
vt 0.8179 0.1743
vt 0.8274 0.1636
vt 0.8123 0.1912
vt 0.8125 0.1746
vt 0.8076 0.1707
vt 0.8057 0.1753
vt 0.8057 0.1897
vt 0.8274 0.2109
vt 0.8430 0.1772
vt 0.8450 0.2258
vt 0.8127 0.2036
vt 0.7886 0.1860
vt 0.7712 0.1821
vt 0.8176 0.2297
vt 0.8308 0.2329
vt 0.8235 0.2397
vt 0.8062 0.2412
vt 0.7974 0.2417
vt 0.8000 0.2078
vt 0.2739 0.0339
vt 0.3008 0.0459
vt 0.2959 0.0403
vt 0.2849 0.0474
vt 0.3184 0.0427
vt 0.3010 0.0610
vt 0.3186 0.0339
vt 0.3123 0.0339
vt 0.3079 0.0325
vt 0.2991 0.0349
vt 0.2957 0.0317
vt 0.2937 0.0598
vt 0.2847 0.0583
vt 0.2844 0.0623
vt 0.2900 0.0654
vt 0.2952 0.0684
vt 0.2991 0.0706
vt 0.2917 0.0735
vt 0.8389 0.0493
vt 0.8174 0.0554
vt 0.8181 0.0842
vt 0.8259 0.0835
vt 0.8535 0.0562
vt 0.8362 0.0884
vt 0.8459 0.0981
vt 0.8647 0.0767
vt 0.8635 0.0549
vt 0.7207 0.4143
vt 0.7014 0.4460
vt 0.7007 0.4697
vt 0.7212 0.3811
vt 0.6902 0.4368
vt 0.7185 0.4700
vt 0.7412 0.4170
vt 0.7402 0.4463
vt 0.7419 0.4565
vt 0.7715 0.8743
vt 0.7668 0.9050
vt 0.7788 0.8853
vt 0.7898 0.8699
vt 0.7910 0.8420
vt 0.7891 0.8281
vt 0.7632 0.8479
vt 0.1472 0.4182
vt 0.1345 0.4202
vt 0.1331 0.4348
vt 0.1519 0.3999
vt 0.1318 0.4514
vt 0.1584 0.4988
vt 0.1558 0.4836
vt 0.1289 0.4585
vt 0.1211 0.4404
vt 0.1089 0.4268
vt 0.1116 0.4438
vt 0.0886 0.4204
vt 0.6470 0.3655
vt 0.6377 0.3606
vt 0.6274 0.3718
vt 0.6294 0.3801
vt 0.6414 0.3833
vt 0.6143 0.3765
vt 0.6340 0.4001
vt 0.6201 0.3965
vt 0.6033 0.3784
vt 0.5837 0.3728
vt 0.6233 0.4019
vt 0.6172 0.4060
vt 0.6335 0.4297
vt 0.6475 0.4026
vt 0.6392 0.4463
vt 0.0120 0.5757
vt 0.0308 0.5610
vt 0.0134 0.5637
vt 0.0315 0.5503
vt 0.0591 0.5632
vt 0.0691 0.5535
vt 0.0339 0.5405
vt 0.0354 0.5305
vt 0.0249 0.5266
vt 0.0854 0.5518
vt 0.9604 0.1382
vt 0.9414 0.1379
vt 0.9331 0.1770
vt 0.7212 0.2527
vt 0.7283 0.2329
vt 0.7312 0.2166
vt 0.7329 0.2258
vt 0.7241 0.2158
vt 0.7786 0.2070
vt 0.7803 0.2175
vt 0.7688 0.2002
vt 0.7251 0.2034
vt 0.7683 0.1877
vt 0.7173 0.2061
vt 0.7217 0.1946
vt 0.7134 0.1924
vt 0.7183 0.1860
vt 0.7051 0.2004
vt 0.7078 0.1802
vt 0.4956 0.3645
vt 0.5222 0.3682
vt 0.5010 0.3589
vt 0.4873 0.3589
vt 0.4873 0.3713
vt 0.4692 0.3750
vt 0.4895 0.3489
vt 0.5186 0.3503
vt 0.4946 0.3464
vt 0.4951 0.3396
vt 0.4873 0.3301
vt 0.4817 0.3333
vt 0.4741 0.3374
vt 0.4626 0.3555
vt 0.4619 0.3416
vt 0.4597 0.3679
vt 0.4602 0.3882
vt 0.4519 0.3840
vt 0.4446 0.3777
vt 0.4482 0.3633
vt 0.4482 0.3508
vt 0.4500 0.3340
vt 0.4426 0.3398
vt 0.4409 0.3508
vt 0.4351 0.3369
vt 0.4197 0.3291
vt 0.3357 0.0518
vt 0.3416 0.0713
vt 0.3469 0.0417
vt 0.3665 0.0515
vt 0.3730 0.0452
vt 0.3828 0.0552
vt 0.3784 0.0593
vt 0.3677 0.0630
vt 0.8494 0.9824
vt 0.8442 0.9736
vt 0.8435 0.9919
vt 0.4001 0.8884
vt 0.4209 0.9143
vt 0.4023 0.8838
vt 0.4028 0.8962
vt 0.3877 0.8765
vt 0.3975 0.8682
vt 0.4141 0.8914
vt 0.4099 0.8752
vt 0.4121 0.8691
vt 0.4146 0.8582
vt 0.3804 0.8647
vt 0.3623 0.8757
vt 0.4270 0.8289
vt 0.4246 0.8472
vt 0.3479 0.8708
vt 0.4016 0.8501
vt 0.4058 0.8340
vt 0.4221 0.8181
vt 0.4202 0.8120
vt 0.3821 0.8486
vt 0.3606 0.8325
vt 0.3962 0.7974
vt 0.3140 0.8601
vt 0.3040 0.8765
vt 0.2737 0.8638
vt 0.6343 0.2446
vt 0.6343 0.2244
vt 0.6243 0.2275
vt 0.6255 0.2554
vt 0.6135 0.2300
vt 0.6145 0.2583
vt 0.6084 0.2488
vt 0.6006 0.2322
vt 0.6018 0.2581
vt 0.6226 0.2812
vt 0.6343 0.2937
vt 0.6294 0.2988
vt 0.6194 0.2971
vt 0.6152 0.2808
vt 0.6074 0.2800
vt 0.6084 0.2991
vt 0.6001 0.2800
vt 0.5938 0.2615
vt 0.5864 0.2827
vt 0.5942 0.2480
vt 0.5889 0.2310
vt 0.5852 0.2488
vt 0.5774 0.2288
vt 0.5854 0.2610
vt 0.5769 0.2622
vt 0.5781 0.2832
vt 0.5769 0.2468
vt 0.5696 0.2825
vt 0.5586 0.2776
vt 0.5593 0.2585
vt 0.5681 0.2451
vt 0.5654 0.2234
vt 0.5535 0.2334
vt 0.5190 0.5554
vt 0.5032 0.5042
vt 0.5156 0.5544
vt 0.5149 0.5659
vt 0.5229 0.5691
vt 0.5312 0.5579
vt 0.5349 0.5508
vt 0.5383 0.5671
vt 0.5325 0.5793
vt 0.5229 0.5864
vt 0.5317 0.5972
vt 0.5115 0.5903
vt 0.5271 0.6069
vt 0.5188 0.6062
vt 0.5134 0.6057
vt 0.5168 0.6121
vt 0.5088 0.5994
vt 0.5046 0.6042
vt 0.1626 0.4563
vt 0.2097 0.4739
vt 0.2129 0.4617
vt 0.2080 0.4521
vt 0.2185 0.4512
vt 0.2681 0.4773
vt 0.2676 0.4609
vt 0.2695 0.4541
vt 0.2158 0.4844
vt 0.2668 0.4858
vt 0.2178 0.4976
vt 0.2690 0.4963
vt 0.9822 0.5308
vt 0.9575 0.5193
vt 0.9509 0.5498
vt 0.9766 0.5479
vt 0.9492 0.5400
vt 0.9460 0.5261
vt 0.9512 0.5071
vt 0.9619 0.5105
vt 0.2781 0.4036
vt 0.3279 0.4111
vt 0.2993 0.3997
vt 0.3755 0.4004
vt 0.5835 0.8032
vt 0.5698 0.8196
vt 0.5789 0.9016
vt 0.8245 0.5222
vt 0.8291 0.5093
vt 0.8147 0.5154
vt 0.8159 0.4954
vt 0.8013 0.5107
vt 0.8269 0.5007
vt 0.8008 0.4868
vt 0.7910 0.5146
vt 0.8018 0.4663
vt 0.7766 0.4739
vt 0.8145 0.4746
vt 0.8149 0.4648
vt 0.8384 0.4912
vt 0.8396 0.5142
vt 0.8513 0.4819
vt 0.8267 0.4893
vt 0.8267 0.4768
vt 0.8276 0.4634
vt 0.8381 0.4771
vt 0.8403 0.4519
vt 0.3286 0.9946
vt 0.3279 0.9824
vt 0.3240 0.9856
vt 0.3359 0.9929
vt 0.3354 0.9832
vt 0.3408 0.9836
vt 0.3413 0.9949
vt 0.5881 0.5432
vt 0.5837 0.5244
vt 0.5723 0.5298
vt 0.5837 0.5046
vt 0.5977 0.5056
vt 0.5862 0.5544
vt 0.5933 0.5259
vt 0.5989 0.5552
vt 0.6035 0.5222
vt 0.6118 0.5049
vt 0.6069 0.5430
vt 0.6143 0.5193
vt 0.6223 0.5215
vt 0.6255 0.4983
vt 0.6150 0.5515
vt 0.6292 0.5205
vt 0.6411 0.5010
vt 0.6221 0.5437
vt 0.6289 0.5476
vt 0.6399 0.5215
vt 0.6531 0.5176
vt 0.6426 0.5532
vt 0.6370 0.5417
vt 0.6289 0.5718
vt 0.6450 0.5732
vt 0.6494 0.5913
vt 0.6362 0.5889
vt 0.6277 0.5894
vt 0.6226 0.5828
vt 0.6187 0.5701
vt 0.6096 0.5720
vt 0.6108 0.5896
vt 0.6038 0.5723
vt 0.5925 0.5740
vt 0.5854 0.5779
vt 0.5798 0.5569
vt 0.5813 0.5818
vt 0.8635 0.5020
vt 0.8652 0.4883
vt 0.8552 0.4956
vt 0.8701 0.5127
vt 0.8511 0.5168
vt 0.8818 0.5374
vt 0.8665 0.5439
vt 0.8477 0.5300
vt 0.8384 0.5215
vt 0.8237 0.5298
vt 0.8201 0.5396
vt 0.8350 0.5405
vt 0.6506 0.7947
vt 0.6440 0.7483
vt 0.6355 0.7661
vt 0.6628 0.7739
vt 0.6294 0.7805
vt 0.6399 0.8079
vt 0.6240 0.7925
vt 0.6133 0.7837
vt 0.6086 0.7903
vt 0.6179 0.8035
vt 0.5950 0.7935
vt 0.5801 0.7913
vt 0.6306 0.8123
vt 0.6182 0.8167
vt 0.6313 0.8352
vt 0.6375 0.8342
vt 0.6323 0.8601
vt 0.6460 0.8298
vt 0.6521 0.8315
vt 0.6624 0.8438
vt 0.8870 0.4043
vt 0.8992 0.4150
vt 0.8896 0.3911
vt 0.8918 0.4231
vt 0.9111 0.4243
vt 0.8792 0.4138
vt 0.9055 0.4412
vt 0.8755 0.4270
vt 0.8499 0.4185
vt 0.8904 0.4397
vt 0.9080 0.4475
vt 0.8984 0.4502
vt 0.8857 0.4651
vt 0.8843 0.4519
vt 0.0576 0.0684
vt 0.0339 0.0723
vt 0.0359 0.0796
vt 0.0637 0.0742
vt 0.0259 0.0723
vt 0.0264 0.0640
vt 0.0120 0.0630
vt 0.0273 0.1001
vt 0.0144 0.1001
vt 0.8430 0.5466
vt 0.8408 0.5547
vt 0.8528 0.5559
vt 0.8342 0.5466
vt 0.8313 0.5544
vt 0.8452 0.5730
vt 0.8679 0.5603
vt 0.8369 0.5676
vt 0.8159 0.5522
vt 0.8250 0.5664
vt 0.8569 0.5806
vt 0.8350 0.5725
vt 0.8284 0.5764
vt 0.8396 0.5806
vt 0.8271 0.5903
vt 0.8337 0.6052
vt 0.8513 0.5886
vt 0.8640 0.5947
vt 0.8584 0.5981
vt 0.8457 0.5903
vt 0.8447 0.5996
vt 0.8376 0.6089
vt 0.8442 0.6108
vt 0.8496 0.6064
vt 0.2195 0.1606
vt 0.2068 0.1775
vt 0.2351 0.1758
vt 0.2256 0.1831
vt 0.2644 0.1826
vt 0.2578 0.1768
vt 0.2747 0.1897
vt 0.9221 0.7253
vt 0.9348 0.7202
vt 0.9177 0.7151
vt 0.9148 0.7292
vt 0.9058 0.7087
vt 0.9224 0.7031
vt 0.9128 0.6963
vt 0.9172 0.6941
vt 0.9285 0.6985
vt 0.9126 0.6763
vt 0.9346 0.6941
vt 0.8623 0.1863
vt 0.8743 0.1875
vt 0.8767 0.1804
vt 0.8655 0.2029
vt 0.8574 0.2209
vt 0.8496 0.2163
vt 0.8616 0.2378
vt 0.8665 0.2266
vt 0.8706 0.2090
vt 0.8862 0.1948
vt 0.8752 0.2170
vt 0.8748 0.2295
vt 0.8706 0.2363
vt 0.8896 0.1904
vt 0.8928 0.1863
vt 0.8816 0.2297
vt 0.8911 0.2114
vt 0.8945 0.2168
vt 0.8828 0.2446
vt 0.8855 0.2314
vt 0.8870 0.2402
vt 0.5254 0.5374
vt 0.5349 0.5208
vt 0.5232 0.5129
vt 0.5171 0.5159
vt 0.5107 0.5020
vt 0.5173 0.4922
vt 0.5359 0.5068
vt 0.5413 0.5012
vt 0.5312 0.4854
vt 0.5083 0.4846
vt 0.5002 0.4924
vt 0.4851 0.4854
vt 0.4739 0.4644
vt 0.5068 0.4700
vt 0.4597 0.4519
vt 0.4739 0.4783
vt 0.4744 0.4861
vt 0.4578 0.4871
vt 0.7544 0.0779
vt 0.7466 0.0491
vt 0.7468 0.0781
vt 0.7644 0.0764
vt 0.7417 0.0850
vt 0.7314 0.0911
vt 0.7432 0.0896
vt 0.7634 0.0923
vt 0.7761 0.0864
vt 0.7844 0.0830
vt 0.3357 0.2415
vt 0.3103 0.2429
vt 0.3093 0.2539
vt 0.3345 0.2297
vt 0.3013 0.2334
vt 0.3438 0.2471
vt 0.3411 0.2231
vt 0.3386 0.2183
vt 0.3142 0.2239
vt 0.3518 0.2129
vt 0.3745 0.2175
vt 0.3604 0.2231
vt 0.3772 0.2332
vt 0.3547 0.2305
vt 0.3574 0.2358
vt 0.3784 0.2390
vt 0.3552 0.2532
vt 0.3821 0.2458
vt 0.3354 0.2546
vt 0.3164 0.2612
vt 0.3389 0.2644
vt 0.3164 0.2710
vt 0.3313 0.2742
vt 0.3501 0.2683
vt 0.3633 0.2590
vt 0.3638 0.2659
vt 0.3857 0.2551
vt 0.9998 0.5276
vt 0.9966 0.5168
vt 0.9832 0.5161
vt 0.9834 0.5244
vt 0.9685 0.5154
vt 0.9915 0.5132
vt 1.0000 0.5127
vt 0.4448 0.0325
vt 0.4170 0.0430
vt 0.4421 0.0471
vt 0.4248 0.0498
vt 0.4075 0.0549
vt 0.4438 0.0576
vt 0.4260 0.0608
vt 0.0754 0.3538
vt 0.0779 0.3684
vt 0.0898 0.3562
vt 0.1091 0.3516
vt 0.0623 0.3462
vt 0.1033 0.3408
vt 0.1218 0.3545
vt 0.1260 0.3682
vt 0.1379 0.3538
vt 0.1255 0.3813
vt 0.0723 0.3777
vt 0.1106 0.3926
vt 0.1355 0.3787
vt 0.1377 0.4070
vt 0.1414 0.3604
vt 0.1426 0.3550
vt 0.1455 0.3608
vt 0.1533 0.3521
vt 0.1548 0.3569
vt 0.1572 0.3472
vt 0.9597 0.1960
vt 0.9546 0.1765
vt 0.9417 0.1995
vt 0.9404 0.1785
vt 0.9602 0.1516
vt 0.9968 0.9045
vt 0.9998 0.8909
vt 0.9841 0.8933
vt 0.9836 0.8743
vt 0.9844 0.9053
vt 0.3779 0.0139
vt 0.3713 0.0129
vt 0.3818 0.0205
vt 0.3608 0.0142
vt 0.3572 0.0195
vt 0.3740 0.0078
vt 0.3794 0.0088
vt 0.6113 0.7314
vt 0.6177 0.6892
vt 0.6038 0.6899
vt 0.6201 0.7314
vt 0.5977 0.7229
vt 0.5925 0.7803
vt 0.5942 0.7058
vt 0.5933 0.6982
vt 0.0723 0.8118
vt 0.0999 0.7517
vt 0.0845 0.7715
vt 0.0916 0.7329
vt 0.0857 0.7141
vt 0.0681 0.7178
vt 0.0801 0.6855
vt 0.0916 0.6943
vt 0.1033 0.7292
vt 0.1062 0.6997
vt 0.0989 0.6726
vt 0.1211 0.7400
vt 0.1262 0.7573
vt 0.1143 0.7205
vt 0.1204 0.6917
vt 0.1345 0.7317
vt 0.7568 0.8665
vt 0.7358 0.9004
vt 0.7473 0.9055
vt 0.7371 0.9160
vt 0.7488 0.9248
vt 0.7285 0.9136
vt 0.7197 0.9058
vt 0.7202 0.9224
vt 0.7300 0.9351
vt 0.7136 0.9446
vt 0.7192 0.9478
vt 0.7415 0.9287
vt 0.7400 0.9387
vt 0.7517 0.9377
vt 0.7588 0.9331
vt 0.7227 0.1292
vt 0.7288 0.1885
vt 0.7339 0.1711
vt 0.7200 0.1785
vt 0.4343 0.6643
vt 0.4368 0.6716
vt 0.4419 0.6655
vt 0.4465 0.6694
vt 0.4429 0.6592
vt 0.4285 0.6826
vt 0.4316 0.6519
vt 0.4617 0.6584
vt 0.4495 0.6726
vt 0.4502 0.6863
vt 0.4788 0.6541
vt 0.4761 0.6357
vt 0.4890 0.6348
vt 0.4751 0.6802
vt 0.4658 0.6992
vt 0.4915 0.6411
vt 0.5015 0.6084
vt 0.4834 0.6987
vt 0.4890 0.6643
vt 0.4854 0.6895
vt 0.4856 0.6807
vt 0.5022 0.6938
vt 0.5054 0.6995
vt 0.4934 0.6721
vt 0.5103 0.6704
vt 0.5195 0.6309
vt 0.5178 0.6682
vt 0.5117 0.7021
vt 0.5098 0.7192
vt 0.5222 0.7134
vt 0.5024 0.6755
vt 0.4976 0.6868
vt 0.5076 0.9351
vt 0.4897 0.8818
vt 0.4878 0.9609
vt 0.4949 0.9666
vt 0.4712 0.9546
vt 0.4678 0.8940
vt 0.4951 0.9761
vt 0.4680 0.9866
vt 0.5061 0.9927
vt 0.4697 0.9729
vt 0.4521 0.9587
vt 0.4561 0.9685
vt 0.4507 0.8860
vt 0.4517 0.9839
vt 0.4363 0.9336
vt 0.4417 0.8750
vt 0.4346 0.9622
vt 0.4094 0.9749
vt 0.3960 0.9941
vt 0.5366 0.1357
vt 0.5295 0.1279
vt 0.5110 0.1279
vt 0.5195 0.1504
vt 0.5630 0.1372
vt 0.5757 0.1282
vt 0.8940 0.7419
vt 0.8784 0.7412
vt 0.8984 0.7502
vt 0.9048 0.7412
vt 0.9126 0.7510
vt 0.9062 0.7808
vt 0.9268 0.7336
vt 0.9150 0.7864
vt 0.9268 0.7881
vt 0.0364 0.3828
vt 0.0459 0.3774
vt 0.0388 0.3606
vt 0.0132 0.3726
vt 0.0229 0.3884
vt 0.0225 0.4136
vt 0.0132 0.4524
vt 0.2432 0.1140
vt 0.2378 0.0955
vt 0.2344 0.1060
vt 0.2188 0.0918
vt 0.2168 0.1025
vt 0.2429 0.0837
vt 0.2231 0.0808
vt 0.2146 0.0791
vt 0.2288 0.0735
vt 0.2231 0.0723
vt 0.2439 0.0747
vt 0.2261 0.0630
vt 0.2424 0.0632
vt 0.9644 0.6458
vt 0.9575 0.6467
vt 0.9602 0.6526
vt 0.9526 0.6394
vt 0.9480 0.6455
vt 0.9546 0.6321
vt 0.9697 0.6438
vt 0.9734 0.6399
vt 0.9841 0.6514
vt 0.9548 0.6226
vt 0.9746 0.6284
vt 0.9839 0.6265
vt 0.9712 0.6152
vt 0.9753 0.6223
vt 0.9800 0.6226
vt 0.1072 0.9038
vt 0.1145 0.9111
vt 0.1111 0.8989
vt 0.1116 0.8682
vt 0.1248 0.8882
vt 0.0901 0.8594
vt 0.0933 0.8459
vt 0.0801 0.8625
vt 0.0903 0.8948
vt 0.0706 0.8694
vt 0.0688 0.8777
vt 0.0637 0.8638
vt 0.0635 0.8723
vt 0.0708 0.8555
vt 0.0759 0.8389
vt 0.0972 0.8303
vt 0.0496 0.8528
vt 0.0679 0.8479
vt 0.0923 0.8267
vt 0.0671 0.8240
vt 0.0637 0.8340
vt 0.0879 0.8223
vt 0.0852 0.8091
vt 0.0908 0.8057
vt 0.0945 0.7847
vt 0.5107 0.2075
vt 0.5530 0.2175
vt 0.5103 0.1921
vt 0.5320 0.2185
vt 0.4834 0.2200
vt 0.5293 0.8811
vt 0.5181 0.9443
vt 0.5442 0.8833
vt 0.5142 0.9250
vt 0.5093 0.9036
vt 0.5288 0.9443
vt 0.5078 0.9849
vt 0.5522 0.9045
vt 0.5371 0.9602
vt 0.5613 0.9185
vt 0.5435 0.9790
vt 0.5657 0.9402
vt 0.5659 0.9597
vt 0.1318 0.3167
vt 0.1628 0.2976
vt 0.1316 0.3101
vt 0.0859 0.3062
vt 0.1003 0.2988
vt 0.0847 0.3003
vt 0.1487 0.3208
vt 0.1643 0.3132
vt 0.1479 0.3359
vt 0.1367 0.3362
vt 0.1711 0.3306
vt 0.3259 0.5103
vt 0.3369 0.5317
vt 0.3450 0.4854
vt 0.3555 0.4976
vt 0.3667 0.4722
vt 0.3755 0.4822
vt 0.3411 0.5447
vt 0.3752 0.4751
vt 0.3997 0.4827
vt 0.3999 0.4766
vt 0.3955 0.4873
vt 0.3796 0.4954
vt 0.4236 0.4878
vt 0.4250 0.4785
vt 0.4211 0.4709
vt 0.9072 0.5156
vt 0.9023 0.4648
vt 0.8960 0.4631
vt 0.9109 0.4568
vt 0.6487 0.2495
vt 0.7166 0.2249
vt 0.6387 0.2415
vt 0.6392 0.2246
vt 0.2573 0.4224
vt 0.2336 0.4238
vt 0.2756 0.4299
vt 0.2344 0.4114
vt 0.2461 0.4045
vt 0.2109 0.4124
vt 0.2188 0.4272
vt 0.1792 0.4072
vt 0.5703 0.7158
vt 0.5764 0.7378
vt 0.5771 0.7097
vt 0.5869 0.7070
vt 0.5881 0.7395
vt 0.5801 0.7629
vt 0.5708 0.7627
vt 0.5706 0.8086
vt 0.9592 0.0195
vt 0.9561 0.0229
vt 0.9656 0.0378
vt 0.9695 0.0247
vt 0.9736 0.0281
vt 0.9600 0.0459
vt 0.9646 0.0454
vt 0.9722 0.0471
vt 0.9771 0.0383
vt 0.9746 0.0559
vt 0.9861 0.0374
vt 0.9802 0.0210
vt 0.9910 0.0220
vt 0.9919 0.0371
vt 0.8645 0.6023
vt 0.8728 0.6128
vt 0.8748 0.6025
vt 0.8855 0.6035
vt 0.8821 0.6184
vt 0.8638 0.6165
vt 0.8560 0.6116
vt 0.8706 0.6248
vt 0.8818 0.6309
vt 0.8601 0.6277
vt 0.8694 0.6338
vt 0.8806 0.6509
vt 0.8496 0.6335
vt 0.8398 0.6216
vt 0.8369 0.6306
vt 0.8491 0.6523
vt 0.8677 0.6594
vt 0.8477 0.6663
vt 0.8796 0.6594
vt 0.8855 0.6604
vt 0.5493 0.6260
vt 0.5388 0.6570
vt 0.5544 0.6528
vt 0.5532 0.6023
vt 0.5625 0.6277
vt 0.5654 0.6619
vt 0.5430 0.6802
vt 0.5178 0.6968
vt 0.5588 0.6787
vt 0.5569 0.6853
vt 0.5493 0.6887
vt 0.5427 0.7065
vt 0.5884 0.7026
vt 0.5776 0.6873
vt 0.5815 0.6814
vt 0.5869 0.6704
vt 0.7136 0.9001
vt 0.7263 0.8972
vt 0.7168 0.8911
vt 0.6758 0.8755
vt 0.6755 0.8616
vt 0.6843 0.8574
vt 0.7246 0.8772
vt 0.6868 0.8479
vt 0.6809 0.8523
vt 0.6711 0.8687
vt 0.6697 0.8733
vt 0.6536 0.8618
vt 0.6699 0.8501
vt 0.6575 0.8706
vt 0.6680 0.8794
vt 0.6438 0.8767
vt 0.9189 0.9253
vt 0.9116 0.9243
vt 0.9133 0.9299
vt 0.9114 0.8845
vt 0.9189 0.8762
vt 0.9021 0.9233
vt 0.9053 0.9319
vt 0.8962 0.8853
vt 0.8923 0.9277
vt 0.8894 0.9155
vt 0.8882 0.8779
vt 0.8865 0.9258
vt 0.8821 0.9255
vt 0.5044 0.8035
vt 0.5156 0.8101
vt 0.5044 0.7241
vt 0.5247 0.7607
vt 0.5356 0.8215
vt 0.5376 0.8064
vt 0.5369 0.7678
vt 0.5498 0.8035
vt 0.5447 0.7158
vt 0.9817 0.5105
vt 0.9854 0.5015
vt 0.9600 0.5027
vt 0.9814 0.4915
vt 0.9497 0.4919
vt 0.7776 0.4048
vt 0.7639 0.3979
vt 0.7776 0.4487
vt 0.7488 0.4170
vt 0.7424 0.4058
vt 0.7654 0.4502
vt 0.7507 0.4341
vt 0.7852 0.4470
vt 0.7900 0.4622
vt 0.7849 0.4092
vt 0.7820 0.3867
vt 0.8044 0.4370
vt 0.8088 0.4551
vt 0.8086 0.3933
vt 0.8057 0.3833
vt 0.7971 0.4092
vt 0.8130 0.4243
vt 0.8167 0.3997
vt 0.8123 0.4094
vt 0.3918 0.9426
vt 0.3984 0.9556
vt 0.4287 0.9292
vt 0.4285 0.9390
vt 0.3987 0.9773
vt 0.3901 0.9631
vt 0.3406 0.9541
vt 0.3401 0.9385
vt 0.3367 0.9441
vt 0.3357 0.9531
vt 0.3181 0.9487
vt 0.3184 0.9443
vt 0.3093 0.9358
vt 0.3313 0.9375
vt 0.3254 0.9324
vt 0.7112 0.0581
vt 0.6797 0.0806
vt 0.7085 0.0869
vt 0.6628 0.0884
vt 0.6965 0.0588
vt 0.6794 0.0710
vt 0.6323 0.0120
vt 0.6348 0.0066
vt 0.6252 0.0127
vt 0.6436 0.0220
vt 0.6436 0.0073
vt 0.6543 0.0142
vt 0.6384 0.0022
vt 0.6787 0.7864
vt 0.6829 0.7971
vt 0.6865 0.7839
vt 0.6677 0.8098
vt 0.6838 0.8142
vt 0.6917 0.8167
vt 0.6963 0.8008
vt 0.6987 0.7847
vt 0.6965 0.7571
vt 0.6877 0.7571
vt 0.6746 0.7695
vt 0.6597 0.7588
vt 0.6724 0.7383
vt 0.6975 0.7358
vt 0.6816 0.7405
vt 0.6921 0.7266
vt 0.9233 0.0291
vt 0.9448 0.0286
vt 0.9424 0.0012
vt 0.9236 0.0032
vt 0.9526 0.0154
vt 0.9556 0.0032
vt 0.5195 0.0110
vt 0.5176 0.0168
vt 0.5203 0.0166
vt 0.5149 0.0232
vt 0.5254 0.0210
vt 0.5234 0.0305
vt 0.5195 0.0344
vt 0.5254 0.0391
vt 0.6826 0.2810
vt 0.6716 0.2935
vt 0.6858 0.2922
vt 0.6807 0.2727
vt 0.6736 0.2739
vt 0.6943 0.2776
vt 0.6926 0.2903
vt 0.6787 0.3020
vt 0.6841 0.2996
vt 0.6880 0.3074
vt 0.6995 0.2996
vt 0.7002 0.2886
vt 0.6938 0.2998
vt 0.6899 0.3132
vt 0.6729 0.3098
vt 0.6807 0.3193
vt 0.6968 0.3208
vt 0.7034 0.3142
vt 0.7085 0.3325
vt 0.7156 0.3271
vt 0.7100 0.3394
vt 0.7141 0.3423
vt 0.7231 0.3513
vt 0.7266 0.3110
vt 0.7224 0.2720
vt 0.7349 0.2808
vt 0.7419 0.2676
vt 0.7297 0.3040
vt 0.7388 0.3044
vt 0.7351 0.3076
vt 0.7332 0.3103
vt 0.7368 0.3181
vt 0.7410 0.3127
vt 0.3311 0.4500
vt 0.3206 0.4346
vt 0.3118 0.4631
vt 0.3372 0.4771
vt 0.3484 0.4636
vt 0.3179 0.4871
vt 0.3464 0.4509
vt 0.3765 0.4648
vt 0.3640 0.4438
vt 0.3521 0.4421
vt 0.2998 0.4744
vt 0.2976 0.4663
vt 0.2908 0.4451
vt 0.2776 0.4773
vt 0.2859 0.4907
vt 0.2817 0.4629
vt 0.2764 0.4514
vt 0.2793 0.4373
vt 0.2681 0.4443
vt 0.2898 0.4331
vt 0.2810 0.4253
vt 0.7810 0.9124
vt 0.7695 0.9111
vt 0.7786 0.9277
vt 0.7878 0.8992
vt 0.7646 0.9263
vt 0.7620 0.9441
vt 0.7729 0.9519
vt 0.7534 0.9512
vt 0.7844 0.9546
vt 0.7776 0.9629
vt 0.7634 0.9751
vt 0.7874 0.9761
vt 0.7207 0.0132
vt 0.7397 0.0059
vt 0.7256 0.0078
vt 0.7239 0.0002
vt 0.5984 0.0779
vt 0.6179 0.0764
vt 0.5967 0.0745
vt 0.6079 0.0845
vt 0.5969 0.0698
vt 0.6108 0.0681
vt 0.5679 0.0630
vt 0.5786 0.0728
vt 0.8611 0.9583
vt 0.8494 0.9702
vt 0.8582 0.9685
vt 0.8792 0.9607
vt 0.8630 0.9780
vt 0.8672 0.9880
vt 0.8809 0.9875
vt 0.8765 0.9753
vt 0.8794 0.9500
vt 0.8577 0.9526
vt 0.8838 0.9521
vt 0.8848 0.9482
vt 0.8501 0.9404
vt 0.8782 0.9436
vt 0.8574 0.9338
vt 0.8538 0.9294
vt 0.8708 0.9365
vt 0.8772 0.9282
vt 0.8770 0.0459
vt 0.8821 0.0378
vt 0.8667 0.0354
vt 0.8884 0.0381
vt 0.8916 0.0315
vt 0.8945 0.0417
vt 0.8879 0.0454
vt 0.8928 0.0569
vt 0.9153 0.0442
vt 0.8870 0.0664
vt 0.8738 0.0508
vt 0.8806 0.0686
vt 0.8613 0.0435
vt 0.8713 0.0527
vt 0.8098 0.9763
vt 0.7913 0.9509
vt 0.8042 0.9814
vt 0.8093 0.9897
vt 0.7886 0.9939
vt 0.7891 0.9863
vt 0.7954 0.9780
vt 0.6653 0.4092
vt 0.6731 0.4192
vt 0.6680 0.4009
vt 0.6758 0.4099
vt 0.6833 0.4158
vt 0.6821 0.4060
vt 0.6638 0.3772
vt 0.6785 0.3945
vt 0.6750 0.3904
vt 0.6880 0.4082
vt 0.6772 0.3779
vt 0.6929 0.3833
vt 0.6992 0.4062
vt 0.6841 0.3757
vt 0.6917 0.3591
vt 0.6882 0.3550
vt 0.6733 0.3672
vt 0.6594 0.3645
vt 0.7004 0.3469
vt 0.6846 0.3403
vt 0.6982 0.3308
vt 0.6790 0.3484
vt 0.6184 0.3328
vt 0.6125 0.3411
vt 0.6682 0.3596
vt 0.3838 0.9871
vt 0.3777 0.9868
vt 0.3809 0.9995
vt 0.3699 1.0000
vt 0.3691 0.9863
vt 0.2205 0.0098
vt 0.2119 0.0244
vt 0.2209 0.0312
vt 0.2224 0.5359
vt 0.2048 0.4944
vt 0.1902 0.5349
vt 0.2241 0.5122
vt 0.2341 0.5330
vt 0.2227 0.5452
vt 0.2427 0.5127
vt 0.2324 0.5542
vt 0.2529 0.5212
vt 0.2878 0.4956
vt 0.3083 0.4958
vt 0.2627 0.5381
vt 0.3188 0.5120
vt 0.2273 0.5605
vt 0.2441 0.5999
vt 0.2500 0.5908
vt 0.3108 0.5337
vt 0.2573 0.5618
vt 0.2598 0.5867
vt 0.2715 0.5723
vt 0.3174 0.5427
vt 0.3228 0.5327
vt 0.3196 0.5488
vt 0.3315 0.5408
vt 0.9839 0.1362
vt 0.9805 0.1589
vt 0.9851 0.1575
vt 0.9756 0.1538
vt 0.9836 0.1194
vt 0.3306 0.0586
vt 0.3203 0.0552
vt 0.3210 0.0637
vt 0.3301 0.0669
vt 0.3105 0.0566
vt 0.3127 0.0493
vt 0.3088 0.0735
vt 0.3154 0.0747
vt 0.3240 0.0752
vt 0.3062 0.0962
vt 0.3042 0.0781
vt 0.9661 0.9805
vt 0.9597 0.9849
vt 0.9565 0.9956
vt 0.9546 0.9795
vt 0.9546 0.9688
vt 0.9463 0.9626
vt 0.9500 0.9561
vt 0.9644 0.9685
vt 0.9709 0.9746
vt 0.9763 0.9858
vt 0.9810 0.9797
vt 0.9771 0.9688
vt 0.9683 0.9541
vt 0.9373 0.0859
vt 0.9373 0.1333
vt 0.9553 0.1331
vt 0.0225 0.7803
vt 0.0142 0.7776
vt 0.0127 0.7825
vt 0.7991 0.7407
vt 0.8069 0.7451
vt 0.8013 0.7354
vt 0.7854 0.7490
vt 0.7939 0.7583
vt 0.7769 0.7339
vt 0.7600 0.7588
vt 0.7683 0.7405
vt 0.7512 0.7480
vt 0.7334 0.7397
vt 0.7444 0.7327
vt 0.7554 0.7297
vt 0.7437 0.7183
vt 0.7883 0.7693
vt 0.7583 0.7668
vt 0.8027 0.7766
vt 0.7712 0.7788
vt 0.7986 0.7803
vt 0.7847 0.7180
vt 0.7615 0.7090
vt 0.7913 0.7048
vt 0.7891 0.7234
vt 0.8049 0.7212
vt 0.7983 0.7166
vt 0.7930 0.7104
vt 0.7952 0.7029
vt 0.8049 0.7031
vt 0.0437 0.7273
vt 0.0381 0.7095
vt 0.0354 0.7217
vt 0.0356 0.7297
vt 0.0486 0.7249
vt 0.0442 0.7087
vt 0.0591 0.7231
vt 0.0488 0.7407
vt 0.0349 0.7534
vt 0.0552 0.7715
vt 0.0569 0.7822
vt 0.0608 0.7832
vt 0.0332 0.7708
vt 0.0303 0.7678
vt 0.0327 0.7766
vt 0.0215 0.7732
vt 0.0251 0.7563
vt 0.0156 0.7571
vt 0.0195 0.7505
vt 0.0461 0.7834
vt 0.0247 0.7900
vt 0.0569 0.8049
vt 0.0696 0.8000
vt 0.0129 0.8296
vt 0.0591 0.8230
vt 0.8792 0.6948
vt 0.8506 0.7280
vt 0.8855 0.7014
vt 0.8579 0.6987
vt 0.8828 0.6721
vt 0.8538 0.6760
vt 0.8796 0.6648
vt 0.7439 0.9773
vt 0.7400 0.9648
vt 0.7373 0.9783
vt 0.7439 0.9839
vt 0.0864 0.0823
vt 0.0710 0.0691
vt 0.0693 0.0918
vt 0.0752 0.0642
vt 0.0781 0.0632
vt 0.0779 0.0991
vt 0.0984 0.0989
vt 0.1143 0.0901
vt 0.1074 0.0815
vt 0.1206 0.0769
vt 0.6851 0.8352
vt 0.6992 0.8372
vt 0.7043 0.8296
vt 0.7102 0.8352
vt 0.7136 0.8313
vt 0.7205 0.8376
vt 0.7175 0.8523
vt 0.7246 0.8513
vt 0.7219 0.8667
vt 0.7234 0.8101
vt 0.7322 0.8328
vt 0.7095 0.8206
vt 0.7273 0.7798
vt 0.6990 0.8228
vt 0.7085 0.7969
vt 0.7046 0.7915
vt 0.6406 0.2063
vt 0.6233 0.1953
vt 0.6145 0.2048
vt 0.5940 0.1890
vt 0.6284 0.2192
vt 0.6121 0.2229
vt 0.5752 0.2212
vt 0.5874 0.2021
vt 0.5667 0.2158
vt 0.5662 0.2097
vt 0.5659 0.2021
vt 0.5808 0.1931
vt 0.5940 0.1719
vt 0.5713 0.1858
vt 0.5857 0.1638
vt 0.5771 0.1746
vt 0.7898 0.5923
vt 0.7766 0.5862
vt 0.7781 0.5972
vt 0.8203 0.5820
vt 0.8071 0.5969
vt 0.8154 0.5645
vt 0.7852 0.5793
vt 0.7717 0.5791
vt 0.8044 0.5520
vt 0.7747 0.5676
vt 0.7642 0.5769
vt 0.7893 0.5471
vt 0.7476 0.5627
vt 0.7817 0.5415
vt 0.8154 0.5381
vt 0.8152 0.5464
vt 0.8115 0.5300
vt 0.7988 0.5234
vt 0.8088 0.5210
vt 0.9917 0.5564
vt 0.9822 0.5608
vt 0.9978 0.5640
vt 0.9771 0.5718
vt 0.9648 0.5552
vt 0.9590 0.2148
vt 0.9556 0.2019
vt 0.9517 0.2085
vt 0.9487 0.2197
vt 0.9473 0.2061
vt 0.9509 0.2498
vt 0.9595 0.2412
vt 0.9392 0.2419
vt 0.9380 0.2197
vt 0.5002 0.3381
vt 0.5168 0.3140
vt 0.5017 0.3076
vt 0.5283 0.2781
vt 0.5225 0.2639
vt 0.5029 0.2847
vt 0.5115 0.2681
vt 0.5071 0.2639
vt 0.5159 0.2505
vt 0.4939 0.2751
vt 0.5007 0.2581
vt 0.4678 0.2898
vt 0.4814 0.2717
vt 0.4731 0.2759
vt 0.4714 0.2590
vt 0.4529 0.2737
vt 0.4331 0.2900
vt 0.4609 0.2656
vt 0.7078 0.9146
vt 0.6912 0.9590
vt 0.7090 0.9597
vt 0.7178 0.9832
vt 0.7156 0.9685
vt 0.6953 0.9719
vt 0.6826 0.9756
vt 0.6816 0.9863
vt 0.6567 0.9910
vt 0.6914 0.9858
vt 0.7156 0.9958
vt 0.7329 0.9956
vt 0.7063 0.7368
vt 0.7119 0.7288
vt 0.7085 0.7222
vt 0.7104 0.7380
vt 0.7170 0.7363
vt 0.7256 0.7273
vt 0.7190 0.7410
vt 0.7261 0.7222
vt 0.7239 0.7419
vt 0.7292 0.7375
vt 0.7268 0.7439
vt 0.7253 0.7542
vt 0.7214 0.7434
vt 0.7195 0.7461
vt 0.7227 0.7471
vt 0.7192 0.7561
vt 0.7183 0.7461
vt 0.7180 0.7576
vt 0.7114 0.7053
vt 0.7219 0.6985
vt 0.7312 0.7146
vt 0.7397 0.7070
vt 0.7363 0.6914
vt 0.7295 0.6904
vt 0.7212 0.6890
vt 0.7175 0.6919
vt 0.7080 0.6746
vt 0.7026 0.6980
vt 0.6914 0.6919
vt 0.7090 0.6814
vt 0.7122 0.6909
vt 0.7017 0.6858
vt 0.9495 0.9922
vt 0.9429 0.9783
vt 0.9417 0.9915
vt 0.9495 0.9795
vt 0.9390 0.9636
vt 0.9331 0.9634
vt 0.9434 0.9458
vt 0.9373 0.9370
vt 0.9246 0.9468
vt 0.9229 0.9646
vt 0.9128 0.9832
vt 0.9272 0.9607
vt 0.9229 0.9507
vt 0.2424 0.3789
vt 0.2417 0.3933
vt 0.2444 0.3892
vt 0.2588 0.4104
vt 0.2695 0.4102
vt 0.2761 0.3896
vt 0.2852 0.3708
vt 0.2881 0.3574
vt 0.2458 0.3562
vt 0.2402 0.3655
vt 0.2349 0.3684
vt 0.2368 0.3623
vt 0.2307 0.3772
vt 0.2327 0.3657
vt 0.2200 0.3633
vt 0.2202 0.3667
vt 0.2190 0.3691
vt 0.2090 0.3599
vt 0.2156 0.3735
vt 0.2131 0.3652
vt 0.1960 0.3635
vt 0.4456 0.0273
vt 0.4412 0.0110
vt 0.4309 0.0293
vt 0.4204 0.0139
vt 0.4165 0.0293
vt 0.4155 0.0371
vt 0.5547 0.3066
vt 0.5562 0.3193
vt 0.5676 0.2908
vt 0.5439 0.3376
vt 0.5515 0.3389
vt 0.5381 0.3333
vt 0.5583 0.3572
vt 0.5227 0.3396
vt 0.5522 0.3635
vt 0.5588 0.3677
vt 0.5652 0.3667
vt 0.5647 0.3765
vt 0.5415 0.3672
vt 0.5239 0.3589
vt 0.5171 0.3264
vt 0.5190 0.3423
vt 0.5112 0.3347
vt 0.1467 0.3721
vt 0.1594 0.3914
vt 0.1770 0.3892
vt 0.1587 0.4033
vt 0.1731 0.4028
vt 0.1572 0.4319
vt 0.1672 0.4358
vt 0.1895 0.3850
vt 0.1897 0.3950
vt 0.1631 0.3662
vt 0.1897 0.3767
vt 0.2014 0.3918
vt 0.2134 0.3892
vt 0.2371 0.3831
vt 0.0642 0.1404
vt 0.0723 0.1318
vt 0.0581 0.1345
vt 0.0745 0.1355
vt 0.0715 0.1223
vt 0.0583 0.1252
vt 0.0676 0.1187
vt 0.0688 0.1155
vt 0.0791 0.1274
vt 0.0750 0.1096
vt 0.1008 0.1274
vt 0.0942 0.1084
vt 0.0728 0.1035
vt 0.0952 0.1162
vt 0.1052 0.1184
vt 0.1040 0.1038
vt 0.1169 0.1138
vt 0.1133 0.1343
vt 0.3110 0.4211
vt 0.3647 0.4165
vt 0.2681 0.4199
vt 0.2397 0.9932
vt 0.2278 0.9824
vt 0.2314 0.9897
vt 0.2275 0.9971
vt 0.1799 0.3467
vt 0.1909 0.3379
vt 0.1753 0.3362
vt 0.1943 0.3511
vt 0.1951 0.3591
vt 0.2131 0.3528
vt 0.2114 0.3401
vt 0.2034 0.3298
vt 0.2341 0.3503
vt 0.2312 0.3601
vt 0.2046 0.3193
vt 0.1758 0.3120
vt 0.2463 0.3389
vt 0.2468 0.3521
vt 0.1765 0.3000
vt 0.2273 0.3176
vt 0.2542 0.3354
vt 0.2603 0.3274
vt 0.1931 0.3032
vt 0.1821 0.2878
vt 0.1987 0.2913
vt 0.2087 0.3086
vt 0.2273 0.3027
vt 0.2627 0.3093
vt 0.2246 0.2874
vt 0.2395 0.2893
vt 0.2600 0.3027
vt 0.9929 0.3459
vt 0.9775 0.3472
vt 0.9841 0.3557
vt 0.9600 0.3562
vt 0.9766 0.3386
vt 0.9712 0.3469
vt 0.9619 0.3403
vt 0.8318 0.1279
vt 0.8606 0.1631
vt 0.8428 0.1282
vt 0.8516 0.1838
vt 0.8857 0.1733
vt 0.8796 0.1333
vt 0.9958 0.9482
vt 1.0000 0.9495
vt 0.9958 0.9412
vt 0.9675 0.9495
vt 0.9795 0.9368
vt 0.9883 0.9336
vt 0.9817 0.9316
vt 0.9902 0.9236
vt 0.1150 0.6060
vt 0.1013 0.6125
vt 0.1062 0.6189
vt 0.1228 0.6211
vt 0.1013 0.6389
vt 0.1233 0.6377
vt 0.1328 0.6099
vt 0.1409 0.6299
vt 0.1123 0.6458
vt 0.1284 0.6423
vt 0.1125 0.6582
vt 0.1267 0.6545
vt 0.1123 0.6731
vt 0.1248 0.6648
vt 0.1409 0.6604
vt 0.1458 0.6467
vt 0.1602 0.6558
vt 0.1675 0.6296
vt 0.1636 0.6589
vt 0.1709 0.6396
vt 0.1792 0.6309
vt 0.1794 0.6326
vt 0.1589 0.6169
vt 0.1743 0.6218
vt 0.1892 0.6255
vt 0.1443 0.5999
vt 0.1260 0.5857
vt 0.1572 0.6018
vt 0.1494 0.5945
vt 0.1760 0.6113
vt 0.2000 0.6113
vt 0.1997 0.6235
vt 0.2048 0.6204
vt 0.2043 0.6157
vt 0.2151 0.6143
vt 0.1616 0.5964
vt 0.1541 0.5869
vt 0.1475 0.5874
vt 0.1604 0.5906
vt 0.1665 0.5823
vt 0.1707 0.5818
vt 0.1768 0.6035
vt 0.1711 0.5942
vt 0.1763 0.5864
vt 0.1917 0.5830
vt 0.1848 0.5913
vt 0.1892 0.5994
vt 0.1938 0.6045
vt 0.1963 0.5969
vt 0.2090 0.6003
vt 0.2212 0.5977
vt 0.2354 0.5950
vt 0.2383 0.6033
vt 0.6443 0.0754
vt 0.6370 0.0903
vt 0.6514 0.0920
vt 0.6531 0.0798
vt 0.6553 0.0847
vt 0.6643 0.0803
vt 0.6619 0.0742
vt 0.6484 0.0662
vt 0.6426 0.0715
vt 0.6624 0.0632
vt 0.6506 0.0505
vt 0.6633 0.0503
vt 0.8892 0.9343
vt 0.9062 0.9868
vt 0.9170 0.9395
vt 0.8154 0.3877
vt 0.8230 0.3955
vt 0.8286 0.3813
vt 0.8333 0.4060
vt 0.8210 0.4094
vt 0.8474 0.4128
vt 0.8623 0.4104
vt 0.8765 0.4060
vt 0.8774 0.3921
vt 0.8384 0.3669
vt 0.8735 0.3628
vt 0.8533 0.3567
vt 0.8401 0.3486
vt 0.8293 0.3440
vt 0.8264 0.3579
vt 0.2612 0.8657
vt 0.2434 0.8408
vt 0.2505 0.8608
vt 0.2695 0.8784
vt 0.2480 0.8660
vt 0.2537 0.8735
vt 0.2522 0.8740
vt 0.2549 0.8804
vt 0.2642 0.8845
vt 0.2747 0.8845
vt 0.2749 0.8779
vt 0.2615 0.8987
vt 0.2556 0.9041
vt 0.2834 0.8748
vt 0.2729 0.8721
vt 0.2874 0.8809
vt 0.2712 0.8870
vt 0.2710 0.8965
vt 0.2659 0.9038
vt 0.2449 0.9146
vt 0.2766 0.8933
vt 0.2615 0.9109
vt 0.2798 0.9021
vt 0.2761 0.9097
vt 0.2622 0.9141
vt 0.2815 0.9087
vt 0.3098 0.8813
vt 0.3069 0.8894
vt 0.3442 0.8772
vt 0.2903 0.9058
vt 0.3394 0.8914
vt 0.3364 0.9058
vt 0.3074 0.9172
vt 0.3389 0.9126
vt 0.3149 0.9246
vt 0.3481 0.9175
vt 0.3215 0.9280
vt 0.3481 0.8992
vt 0.3550 0.8958
vt 0.3516 0.9192
vt 0.3669 0.9033
vt 0.4441 0.1401
vt 0.4448 0.1433
vt 0.4617 0.1401
vt 0.4446 0.1353
vt 0.4614 0.1282
vt 0.4473 0.1482
vt 0.4858 0.1353
vt 0.4731 0.1411
vt 0.4631 0.1475
vt 0.5098 0.1401
vt 0.4814 0.1467
vt 0.3232 0.0496
vt 0.3289 0.0479
vt 0.3245 0.0396
vt 0.3325 0.0439
vt 0.3293 0.0322
vt 0.3379 0.0371
vt 0.3501 0.0234
vt 0.3335 0.0193
vt 0.3232 0.0266
vt 0.3240 0.0161
vt 0.3123 0.0190
vt 0.3184 0.0286
vt 0.7832 0.2708
vt 0.7693 0.2646
vt 0.7708 0.2937
vt 0.7854 0.2441
vt 0.7583 0.2783
vt 0.7773 0.2939
vt 0.7571 0.3105
vt 0.7844 0.3105
vt 0.7795 0.3206
vt 0.3379 0.3887
vt 0.3569 0.3843
vt 0.3601 0.3762
vt 0.3718 0.3806
vt 0.3645 0.3882
vt 0.3721 0.3943
vt 0.3911 0.3975
vt 0.3848 0.3694
vt 0.3708 0.3667
vt 0.3582 0.3586
vt 0.4001 0.3857
vt 0.3730 0.3538
vt 0.3567 0.3528
vt 0.3887 0.3599
vt 0.3701 0.3376
vt 0.4050 0.3667
vt 0.4163 0.3884
vt 0.4065 0.3528
vt 0.4294 0.3857
vt 0.4297 0.3557
vt 0.4395 0.3623
vt 0.9341 0.7395
vt 0.9712 0.7654
vt 0.9585 0.7441
vt 0.9412 0.7598
vt 0.9326 0.7285
vt 0.9480 0.7273
vt 0.9368 0.7571
vt 0.9314 0.7654
vt 0.9331 0.7466
vt 0.9622 0.7310
vt 0.9612 0.7258
vt 0.9519 0.7231
vt 0.9697 0.7251
vt 0.9661 0.7207
vt 0.9541 0.0957
vt 0.9585 0.0896
vt 0.9529 0.0825
vt 0.9517 0.0894
vt 0.9646 0.0962
vt 0.9648 0.0881
vt 0.9563 0.0801
vt 0.9607 0.0793
vt 0.9529 0.0754
vt 0.9294 0.0793
vt 0.9590 0.0664
vt 0.9326 0.0623
vt 0.9653 0.0513
vt 0.1345 0.2244
vt 0.1047 0.2080
vt 0.0830 0.2100
vt 0.0818 0.2175
vt 0.1233 0.2319
vt 0.0652 0.2043
vt 0.0745 0.1890
vt 0.0623 0.1865
vt 0.0684 0.1824
vt 0.0623 0.2329
vt 0.0815 0.2266
vt 0.1121 0.2395
vt 0.0657 0.2415
vt 0.0642 0.2427
vt 0.2581 0.1035
vt 0.2590 0.0769
vt 0.2493 0.1111
vt 0.2656 0.0791
vt 0.2729 0.0876
vt 0.2759 0.0630
vt 0.2822 0.0908
vt 0.2756 0.0928
vt 0.2839 0.0945
vt 0.2910 0.0923
vt 0.2959 0.0913
vt 0.9700 0.5894
vt 0.9480 0.5974
vt 0.9717 0.5945
vt 0.9531 0.5825
vt 0.9648 0.5811
vt 0.9539 0.5767
vt 0.9482 0.5825
vt 0.9707 0.5715
vt 0.9487 0.5571
vt 0.9722 0.5640
vt 0.0366 0.9956
vt 0.0513 0.9849
vt 0.0310 0.9841
vt 0.0583 0.9937
vt 0.0657 0.9827
vt 0.0872 0.9956
vt 0.8279 0.7598
vt 0.8416 0.7585
vt 0.8416 0.7168
vt 0.8337 0.6870
vt 0.0498 0.4756
vt 0.0132 0.4756
vt 0.0457 0.4897
vt 0.6252 0.4619
vt 0.6367 0.4526
vt 0.6267 0.4524
vt 0.6187 0.4617
vt 0.6350 0.4690
vt 0.6423 0.4519
vt 0.6292 0.4827
vt 0.6199 0.4861
vt 0.6084 0.4636
vt 0.6091 0.4907
vt 0.6455 0.4800
vt 0.6599 0.4692
vt 0.6624 0.4890
vt 0.6614 0.4412
vt 0.6729 0.4695
vt 0.6736 0.4907
vt 0.6958 0.4788
vt 0.6733 0.4468
vt 0.6890 0.4443
vt 0.6794 0.4678
vt 0.1868 0.0146
vt 0.1785 0.0186
vt 0.1702 0.0300
vt 0.1965 0.0181
vt 0.1978 0.0151
vt 0.1785 0.0012
vt 0.1741 0.0071
vt 0.8958 0.8259
vt 0.8833 0.8340
vt 0.8889 0.8340
vt 0.8826 0.8201
vt 0.9060 0.8215
vt 0.8914 0.8445
vt 0.9045 0.8364
vt 0.8872 0.8508
vt 0.9048 0.8459
vt 0.9099 0.8320
vt 0.9270 0.8357
vt 0.9075 0.8115
vt 0.9209 0.8472
vt 0.9158 0.8589
vt 0.9250 0.8569
vt 0.9045 0.8538
vt 0.8967 0.8550
vt 0.8833 0.8577
vt 0.8723 0.8584
vt 0.8733 0.8533
vt 0.9658 0.6104
vt 0.9785 0.6077
vt 0.9900 0.5840
vt 0.9854 0.6035
vt 0.9893 0.5942
vt 0.9958 0.5928
vt 0.9810 0.6123
vt 0.9932 0.6040
vt 0.9939 0.6147
vt 0.9958 0.6199
vt 0.9998 0.6069
vt 0.8945 0.6863
vt 0.8906 0.6948
vt 0.8918 0.7078
vt 0.8950 0.6948
vt 0.8962 0.6841
vt 0.8994 0.6846
vt 0.9031 0.6926
vt 0.8958 0.7109
vt 0.9004 0.7092
vt 0.8828 0.7183
vt 0.8816 0.7136
vt 0.8979 0.7288
vt 0.9050 0.7227
vt 0.8701 0.7310
vt 0.8987 0.7341
vt 0.8655 0.7278
vt 0.4868 0.0771
vt 0.4954 0.0850
vt 0.5188 0.0850
vt 0.4656 0.0833
vt 0.9065 0.4124
vt 0.9141 0.4148
vt 0.9114 0.3867
vt 0.9255 0.4146
vt 0.9033 0.3892
vt 0.8984 0.3916
vt 0.8872 0.3843
vt 0.8811 0.3752
vt 0.9177 0.3711
vt 0.9250 0.3726
vt 0.9238 0.3875
vt 0.9348 0.3730
vt 0.9297 0.3928
vt 0.9336 0.4182
vt 0.6250 0.0288
vt 0.6406 0.0393
vt 0.6321 0.0244
vt 0.6267 0.0208
vt 0.6431 0.0288
vt 0.6526 0.0276
vt 0.6582 0.0227
vt 0.6514 0.0369
vt 0.6528 0.0444
vt 0.6411 0.0459
vt 0.6614 0.0452
vt 0.9270 0.0598
vt 0.9243 0.0532
vt 0.8926 0.0713
vt 0.8977 0.0625
vt 0.8889 0.0962
vt 0.9229 0.0835
vt 0.0447 0.1172
vt 0.0142 0.1172
vt 0.0164 0.1248
vt 0.0144 0.9402
vt 0.0132 0.9746
vt 0.0183 0.9751
vt 0.0222 0.9705
vt 0.0610 0.4570
vt 0.0659 0.4531
vt 0.0544 0.4351
vt 0.0396 0.4358
vt 0.0488 0.4392
vt 0.0320 0.4368
vt 0.0615 0.4614
vt 0.0217 0.4385
vt 0.0374 0.4553
vt 0.0688 0.4651
vt 0.0632 0.4719
vt 0.0417 0.4680
vt 0.0503 0.4949
vt 0.0742 0.4758
vt 0.0757 0.4502
vt 0.0940 0.4363
vt 0.0754 0.4604
vt 0.0828 0.4565
vt 0.0823 0.4648
vt 0.0886 0.4541
vt 0.0957 0.4658
vt 0.1067 0.4504
vt 0.0918 0.4839
vt 0.0847 0.4875
vt 0.1035 0.4783
vt 0.1042 0.4929
vt 0.1123 0.4697
vt 0.1248 0.4641
vt 0.1218 0.4756
vt 0.2930 0.9910
vt 0.2930 0.9756
vt 0.2864 0.9971
vt 0.2827 0.9866
vt 0.2859 0.9783
vt 0.0166 0.7434
vt 0.0002 0.7468
vt 0.0015 0.7537
vt 0.0088 0.7329
vt 0.0059 0.7239
vt 0.0222 0.7327
vt 0.0303 0.7451
vt 0.4297 0.0764
vt 0.4399 0.0708
vt 0.4365 0.0657
vt 0.4412 0.0789
vt 0.4531 0.0767
vt 0.4631 0.0710
vt 0.4399 0.0891
vt 0.4636 0.0752
vt 0.4546 0.0894
vt 0.4375 0.1177
vt 0.4163 0.1104
vt 0.4280 0.0923
vt 0.4285 0.0825
vt 0.4207 0.0710
vt 0.4119 0.0632
vt 0.4114 0.0742
vt 0.4055 0.0803
vt 0.3950 0.0715
vt 0.4075 0.0671
vt 0.3555 0.0684
vt 0.2964 0.0039
vt 0.3032 0.0110
vt 0.3054 0.0120
vt 0.3086 0.0125
vt 0.3137 0.0098
vt 0.3206 0.0115
vt 0.3042 0.0137
vt 0.3059 0.0176
vt 0.3003 0.0273
vt 0.3071 0.0183
vt 0.3882 0.2373
vt 0.3914 0.2334
vt 0.3813 0.2217
vt 0.3899 0.2405
vt 0.3967 0.2429
vt 0.3923 0.2483
vt 0.4055 0.2397
vt 0.4009 0.2332
vt 0.4050 0.2500
vt 0.4238 0.2380
vt 0.4019 0.2581
vt 0.4155 0.2583
vt 0.4072 0.2708
vt 0.4009 0.2678
vt 0.4172 0.2693
vt 0.4041 0.2854
vt 0.3992 0.2798
vt 0.4121 0.2834
vt 0.4189 0.2776
vt 0.4055 0.2920
vt 0.9788 0.6797
vt 0.9785 0.6714
vt 0.9702 0.6787
vt 0.9805 0.6877
vt 0.9556 0.6719
vt 0.9849 0.6606
vt 0.9744 0.6902
vt 0.9836 0.6978
vt 0.9585 0.6858
vt 0.9492 0.6790
vt 0.9497 0.6758
vt 0.6765 0.6973
vt 0.6689 0.7080
vt 0.6685 0.7222
vt 0.6914 0.7178
vt 0.7007 0.7222
vt 0.6831 0.6919
vt 0.6802 0.6934
vt 0.6758 0.6843
vt 0.6758 0.6711
vt 0.6726 0.6445
vt 0.6692 0.6379
vt 0.6335 0.9856
vt 0.6431 0.9756
vt 0.6296 0.9780
vt 0.6436 0.9888
vt 0.6370 0.9685
vt 0.6250 0.9724
vt 0.6260 0.9590
vt 0.1187 0.1995
vt 0.1455 0.2192
vt 0.1482 0.2122
vt 0.1233 0.1953
vt 0.1492 0.2068
vt 0.1252 0.1848
vt 0.1133 0.1829
vt 0.1099 0.1880
vt 0.0981 0.1733
vt 0.1067 0.1985
vt 0.1147 0.2058
vt 0.0859 0.1807
vt 0.0891 0.2029
vt 0.9700 0.0850
vt 0.9727 0.0986
vt 0.9907 0.0859
vt 0.9968 0.1138
vt 0.9736 0.1138
vt 0.9607 0.1077
vt 0.7385 0.1787
vt 0.7456 0.1746
vt 0.7485 0.1709
vt 0.7434 0.1399
vt 0.7568 0.1782
vt 0.7664 0.1560
vt 0.7737 0.1638
vt 0.8010 0.1768
vt 0.2388 0.0251
vt 0.2263 0.0366
vt 0.2322 0.0381
vt 0.2314 0.0254
vt 0.2454 0.0312
vt 0.2319 0.0183
vt 0.2258 0.0120
vt 0.2332 0.0132
vt 0.2593 0.0330
vt 0.2544 0.0378
vt 0.2004 0.0828
vt 0.2102 0.0974
vt 0.2104 0.0803
vt 0.2097 0.0544
vt 0.1982 0.0723
vt 0.1870 0.0879
vt 0.2090 0.0500
vt 0.1895 0.0742
vt 0.2012 0.0552
vt 0.0149 0.0500
vt 0.0374 0.0435
vt 0.0149 0.0322
vt 0.0344 0.0244
vt 0.0479 0.0239
vt 0.0510 0.0391
vt 0.0381 0.0635
vt 0.0500 0.0527
vt 0.0420 0.0520
vt 0.9597 0.4006
vt 0.9695 0.4014
vt 0.9622 0.3804
vt 0.9541 0.3838
vt 0.9539 0.3633
vt 0.9700 0.3828
vt 0.9614 0.3647
vt 0.9697 0.3669
vt 0.9773 0.3777
vt 0.9724 0.3652
vt 0.6094 0.1440
vt 0.5737 0.1472
vt 0.6377 0.1462
vt 0.6848 0.0459
vt 0.6719 0.0410
vt 0.6687 0.0530
vt 0.6790 0.0559
vt 0.6936 0.0530
vt 0.7000 0.0513
vt 0.7097 0.0376
vt 0.6917 0.0342
vt 0.7095 0.0264
vt 0.6868 0.0288
vt 0.6814 0.0256
vt 0.6682 0.0337
vt 0.9937 0.1306
vt 0.9895 0.1543
vt 0.9971 0.1306
vt 0.9932 0.1182
vt 0.9893 0.1279
vt 0.4941 0.0195
vt 0.4966 0.0100
vt 0.4883 0.0173
vt 0.4998 0.0146
vt 0.5020 0.0071
vt 0.5007 0.0293
vt 0.4956 0.0339
vt 0.8904 0.7651
vt 0.8801 0.7551
vt 0.8843 0.8000
vt 0.8762 0.7876
vt 0.9023 0.7874
vt 0.8840 0.8137
vt 0.9045 0.2878
vt 0.9062 0.2834
vt 0.8972 0.2817
vt 0.8970 0.2908
vt 0.8955 0.2974
vt 0.9009 0.2925
vt 0.8882 0.2993
vt 0.8823 0.2678
vt 0.8950 0.2695
vt 0.8918 0.2590
vt 0.8772 0.2795
vt 0.8804 0.3206
vt 0.3633 0.2720
vt 0.3743 0.2781
vt 0.3770 0.2690
vt 0.3613 0.2827
vt 0.3782 0.2847
vt 0.3862 0.2966
vt 0.3933 0.3127
vt 0.3789 0.3093
vt 0.3899 0.3157
vt 0.3809 0.3220
vt 0.3699 0.3093
vt 0.3486 0.2883
vt 0.3638 0.3176
vt 0.3411 0.2869
vt 0.3716 0.3201
vt 0.3862 0.3259
vt 0.3848 0.3374
vt 0.3962 0.3403
vt 0.3911 0.3271
vt 0.3914 0.3452
vt 0.3950 0.3508
vt 0.6013 0.8042
vt 0.5994 0.8066
vt 0.5957 0.8267
vt 0.6052 0.8264
vt 0.6064 0.8066
vt 0.6113 0.8093
vt 0.6038 0.8547
vt 0.5942 0.8564
vt 0.6013 0.8730
vt 0.5935 0.8816
vt 0.6086 0.8765
vt 0.6086 0.8533
vt 0.6133 0.8357
vt 0.6157 0.8838
vt 0.6189 0.9004
vt 0.6199 0.8547
vt 0.0085 0.9072
vt 0.0085 0.8804
vt 0.0002 0.8850
vt 0.5227 0.2239
vt 0.4744 0.2258
vt 0.5208 0.2351
vt 0.5549 0.2234
vt 0.0139 0.8372
vt 0.0156 0.8389
vt 0.0400 0.8340
vt 0.0166 0.8530
vt 0.0100 0.8401
vt 0.3108 0.1016
vt 0.2839 0.1003
vt 0.2866 0.1106
vt 0.2981 0.1221
vt 0.2891 0.1182
vt 0.3169 0.1099
vt 0.3083 0.1250
vt 0.3220 0.0796
vt 0.3267 0.0847
vt 0.3335 0.0898
vt 0.3389 0.0911
vt 0.3247 0.1182
vt 0.3423 0.0957
vt 0.3467 0.0981
vt 0.3340 0.1245
vt 0.3518 0.1001
vt 0.9482 0.3787
vt 0.9404 0.3901
vt 0.9495 0.4158
vt 0.9495 0.3665
vt 0.0046 0.7075
vt 0.0042 0.7041
vt 0.0005 0.7041
vt 0.0037 0.6902
vt 0.0002 0.7092
vt 0.0015 0.7109
vt 0.0015 0.7192
vt 0.0032 0.6765
vt 0.0000 0.6726
vt 0.0049 0.6858
vt 0.0046 0.6577
vt 0.2014 0.0239
vt 0.2056 0.0288
vt 0.2048 0.0146
vt 0.1785 0.0344
vt 0.2078 0.0361
vt 0.2151 0.0352
vt 0.3997 0.0625
vt 0.3994 0.0549
vt 0.3923 0.0613
vt 0.3933 0.0342
vt 0.3799 0.0347
vt 0.3997 0.0334
vt 0.4011 0.0256
vt 0.3828 0.0259
vt 0.3616 0.0247
vt 0.3689 0.0347
vt 0.3755 0.0396
vt 0.1313 0.0540
vt 0.1201 0.0630
vt 0.1404 0.0796
vt 0.1501 0.0652
vt 0.1411 0.0471
vt 0.1628 0.0605
vt 0.1628 0.0811
vt 0.1538 0.0408
vt 0.1831 0.0537
vt 0.1719 0.0549
vt 0.1648 0.0415
vt 0.9321 0.7063
vt 0.9590 0.6965
vt 0.9436 0.6938
vt 0.9573 0.7065
vt 0.9734 0.6997
vt 0.0012 0.4788
vt 0.0034 0.4971
vt 0.0066 0.4978
vt 0.0015 0.4949
vt 0.0002 0.5054
vt 0.0027 0.5010
vt 0.0032 0.5015
vt 0.5164 0.0784
vt 0.5413 0.0718
vt 0.4883 0.0701
vt 0.8740 0.3164
vt 0.8735 0.2944
vt 0.8696 0.3130
vt 0.8682 0.3286
vt 0.8723 0.3367
vt 0.8655 0.3181
vt 0.8672 0.3135
vt 0.8645 0.3191
vt 0.8652 0.3481
vt 0.8708 0.3560
vt 0.8669 0.3545
vt 0.8767 0.3508
vt 0.7126 0.0125
vt 0.7065 0.0168
vt 0.7141 0.0164
vt 0.7024 0.0146
vt 0.7090 0.0020
vt 0.7041 0.0029
vt 0.6858 0.0076
vt 0.6814 0.0024
vt 0.6868 0.0210
vt 0.6912 0.0234
vt 0.0093 0.7041
vt 0.0229 0.6968
vt 0.0215 0.6946
vt 0.0239 0.7058
vt 0.0269 0.6931
vt 0.0093 0.7175
vt 0.0146 0.7197
vt 0.0320 0.7122
vt 0.0225 0.7253
vt 0.0034 0.6421
vt 0.0005 0.6252
vt 0.0015 0.6533
vt 0.5093 0.0559
vt 0.5132 0.0388
vt 0.5049 0.0549
vt 0.5183 0.0435
vt 0.5134 0.0588
vt 0.5054 0.0371
vt 0.5071 0.0195
vt 0.4993 0.0532
vt 0.4998 0.0386
vt 0.6082 0.0928
vt 0.5513 0.0928
vt 0.5923 0.0959
vt 0.9729 0.1836
vt 0.9700 0.1726
vt 0.9709 0.2141
vt 0.2903 0.3035
vt 0.2671 0.3137
vt 0.2937 0.3135
vt 0.2795 0.3215
vt 0.2952 0.3176
vt 0.3196 0.3157
vt 0.3196 0.3115
vt 0.3213 0.3032
vt 0.3440 0.3137
vt 0.3496 0.3091
vt 0.3499 0.3147
vt 0.3455 0.3169
vt 0.3530 0.3186
vt 0.0002 0.5659
vt 0.0054 0.5544
vt 0.0015 0.5437
vt 0.0012 0.5383
vt 0.4568 0.0225
vt 0.4619 0.0205
vt 0.4568 0.0049
vt 0.4690 0.0051
vt 0.4658 0.0000
vt 0.4692 0.0186
vt 0.4763 0.0068
vt 0.4751 0.0020
vt 0.7156 0.0701
vt 0.7192 0.0747
vt 0.7195 0.0630
vt 0.7263 0.0642
vt 0.7136 0.0405
vt 0.7332 0.0806
vt 0.7170 0.0852
vt 0.9973 0.0801
vt 0.9988 0.0969
vt 0.9998 0.0752
vt 0.9983 0.0752
vt 0.4900 0.0322
vt 0.4792 0.0168
vt 0.4824 0.0291
vt 0.4666 0.0344
vt 0.4675 0.0449
vt 0.4568 0.0459
vt 0.0444 0.8474
vt 0.0251 0.8433
vt 0.0210 0.8533
vt 0.0381 0.8540
vt 0.0396 0.8418
vt 0.0605 0.8425
vt 0.8625 0.7976
vt 0.8503 0.8142
vt 0.8647 0.7993
vt 0.8547 0.8254
vt 0.8516 0.8394
vt 0.8530 0.8403
vt 0.8567 0.8430
vt 0.8650 0.8152
vt 0.8691 0.7996
vt 0.8721 0.8005
vt 0.8718 0.8174
vt 0.8745 0.8000
vt 0.8689 0.8325
vt 0.8582 0.8589
vt 0.8779 0.8018
vt 0.8760 0.8408
vt 0.8770 0.8201
vt 0.5420 0.0134
vt 0.5320 0.0220
vt 0.5476 0.0164
vt 0.5479 0.0393
vt 0.5537 0.0247
vt 0.5593 0.0132
vt 0.5659 0.0195
vt 0.5554 0.0359
vt 0.5625 0.0271
vt 0.5664 0.0417
vt 0.0208 0.1365
vt 0.0239 0.1338
vt 0.0159 0.1387
vt 0.0269 0.1299
vt 0.0273 0.1357
vt 0.6484 0.9827
vt 0.6514 0.9880
vt 0.6479 0.9734
vt 0.6521 0.9707
vt 0.5388 0.0068
vt 0.5447 0.0071
vt 0.5400 0.0017
vt 0.5459 0.0046
vt 0.5356 0.0046
vt 0.5291 0.0154
vt 0.5288 0.0002
vt 0.9749 0.8123
vt 0.9719 0.8145
vt 0.9749 0.8149
vt 0.9670 0.8218
vt 0.9746 0.8213
vt 0.9756 0.8313
vt 0.9697 0.8403
vt 0.9763 0.8508
vt 0.9636 0.8401
vt 0.9680 0.8550
vt 0.9868 0.4866
vt 0.9834 0.4827
vt 0.9819 0.4844
vt 0.9778 0.4866
vt 0.8831 0.1074
vt 0.8870 0.1206
vt 0.8977 0.1206
vt 0.8691 0.1062
vt 0.8838 0.0974
vt 0.8569 0.0986
vt 0.8594 0.1055
vt 0.8545 0.1118
vt 0.8396 0.1150
vt 0.8442 0.1230
vt 0.8521 0.1182
vt 0.8643 0.1199
vt 0.8762 0.1238
vt 0.9810 0.2034
vt 0.9810 0.1636
vt 0.9778 0.1985
vt 0.3667 0.1191
vt 0.3567 0.1208
vt 0.3582 0.1284
vt 0.3547 0.1274
vt 0.3706 0.1250
vt 0.3738 0.1191
vt 0.3682 0.1133
vt 0.3777 0.1262
vt 0.3875 0.1057
vt 0.3887 0.0957
vt 0.4180 0.1208
vt 0.3918 0.0981
vt 0.3975 0.0996
vt 0.3943 0.0967
vt 0.3953 0.0918
vt 0.1355 0.0063
vt 0.1379 0.0081
vt 0.1409 0.0039
vt 0.1340 0.0032
vt 0.1340 0.0000
vt 0.1399 0.0081
vt 0.1423 0.0081
vt 0.1423 0.0085
vt 0.1406 0.0137
vt 0.1353 0.0129
vt 0.1343 0.0154
vt 0.9492 0.2864
vt 0.9448 0.2866
vt 0.9497 0.2888
vt 0.9507 0.2913
vt 0.9712 0.2900
vt 0.9751 0.2847
vt 0.9612 0.2805
vt 0.9792 0.2646
vt 0.9653 0.2739
vt 0.9780 0.2634
vt 0.9729 0.2563
vt 0.9492 0.2786
vt 0.9487 0.2756
vt 0.9441 0.2625
vt 0.9607 0.2632
vt 0.9709 0.2546
vt 0.9646 0.2480
vt 0.9871 0.7222
vt 0.9849 0.7200
vt 0.9827 0.7231
vt 0.9832 0.7212
vt 0.9836 0.7195
vt 0.9829 0.7205
vt 0.9766 0.7219
vt 0.9817 0.7251
vt 0.9756 0.7263
vt 0.9822 0.7261
vt 0.8931 0.5349
vt 0.9043 0.5608
vt 0.8997 0.5339
vt 0.9082 0.5305
vt 0.8936 0.5022
vt 0.0007 0.9702
vt 0.0049 0.9812
vt 0.0071 0.9751
vt 0.0054 0.9695
vt 0.0051 0.9641
vt 0.0002 0.9651
vt 0.0071 0.9651
vt 0.0073 0.9617
vt 0.3555 0.9924
vt 0.3608 0.9927
vt 0.3621 0.9861
vt 0.3562 0.9846
vt 0.3518 0.9927
vt 0.3486 0.9854
vt 0.3486 0.9924
vt 0.3464 0.9915
vt 0.2700 0.1077
vt 0.2595 0.1196
vt 0.2705 0.1143
vt 0.2537 0.1294
vt 0.2441 0.1208
vt 0.2505 0.1306
vt 0.2529 0.1543
vt 0.2510 0.1602
vt 0.2451 0.1282
vt 0.2488 0.1628
vt 0.2168 0.1094
vt 0.2156 0.1138
vt 0.2429 0.1296
vt 0.2444 0.1304
vt 0.5325 0.0964
vt 0.5061 0.0989
vt 0.5627 0.0991
vt 0.0076 0.5735
vt 0.0032 0.5703
vt 0.0071 0.5979
vt 0.0032 0.5979
vt 0.6621 0.0989
vt 0.6360 0.0964
vt 0.6045 0.0991
vt 0.0833 0.0161
vt 0.0815 0.0137
vt 0.0496 0.0098
vt 0.0811 0.0098
vt 0.0786 0.0195
vt 0.8474 0.0415
vt 0.8491 0.0295
vt 0.8171 0.0339
vt 0.8103 0.0500
vt 0.8235 0.0249
vt 0.8110 0.0227
vt 0.8181 0.0198
vt 0.7461 0.6252
vt 0.7432 0.6213
vt 0.7356 0.6257
vt 0.7195 0.6221
vt 0.7422 0.6169
vt 0.7290 0.6335
vt 0.7161 0.6377
vt 0.7261 0.6484
vt 0.7466 0.6301
vt 0.7163 0.6394
vt 0.7039 0.6421
vt 0.7383 0.6531
vt 0.6973 0.6350
vt 0.7014 0.6472
vt 0.7061 0.6533
vt 0.7078 0.6609
vt 0.7124 0.6621
vt 0.7124 0.6699
vt 0.7341 0.6570
vt 0.7158 0.6194
vt 0.7146 0.6101
vt 0.7212 0.6079
vt 0.7188 0.6082
vt 0.7146 0.5884
vt 0.7136 0.5957
vt 0.7136 0.6099
vt 0.7112 0.5840
vt 0.7102 0.6072
vt 0.9792 0.3613
vt 0.9822 0.3738
vt 0.9912 0.3838
vt 0.9814 0.3823
vt 0.9819 0.3862
vt 0.9768 0.4004
vt 0.9985 0.3870
vt 0.6665 0.0928
vt 0.6675 0.0950
vt 0.7241 0.0933
vt 0.9465 0.5010
vt 0.9436 0.4951
vt 0.9419 0.4988
vt 0.9392 0.5234
vt 0.9407 0.4917
vt 0.9399 0.4724
vt 0.3896 0.1389
vt 0.3923 0.1411
vt 0.4089 0.1404
vt 0.3740 0.1418
vt 0.4089 0.1426
vt 0.4399 0.1409
vt 0.7844 0.0142
vt 0.8132 0.0112
vt 0.7837 0.0117
vt 0.8176 0.0142
vt 0.9893 0.0544
vt 0.9919 0.0591
vt 0.9910 0.0413
vt 0.9905 0.0776
vt 0.3914 0.2095
vt 0.3850 0.1646
vt 0.3875 0.1880
vt 0.3838 0.2117
vt 0.3831 0.2136
vt 0.3901 0.2117
vt 0.4099 0.2300
vt 0.3804 0.2168
vt 0.7502 0.0964
vt 0.7156 0.0986
vt 0.7344 0.0989
vt 0.7734 0.0994
vt 0.9966 0.2505
vt 0.9966 0.2158
vt 0.9944 0.2373
vt 0.0012 0.4426
vt 0.0051 0.4233
vt 0.0029 0.4207
vt 0.0032 0.4441
vt 0.0066 0.4453
vt 0.9968 0.1509
vt 0.9941 0.1606
vt 0.9949 0.1865
vt 0.9758 0.2507
vt 0.9768 0.2078
vt 0.9727 0.2422
vt 0.9790 0.2505
vt 0.5667 0.6140
vt 0.5718 0.6565
vt 0.5708 0.6047
vt 0.5564 0.5823
vt 0.5605 0.6055
vt 0.5618 0.5757
vt 0.5740 0.6050
vt 0.5747 0.5823
vt 0.5706 0.5789
vt 0.5576 0.5706
vt 0.5593 0.5779
vt 0.5635 0.5725
vt 0.5708 0.5566
vt 0.5752 0.5718
vt 0.5754 0.5542
vt 0.9814 0.8562
vt 0.9885 0.8503
vt 0.9856 0.8264
vt 0.9807 0.8250
vt 0.9915 0.8298
vt 0.9937 0.8530
vt 0.9995 0.8250
vt 0.9985 0.8186
vt 0.9985 0.7856
vt 0.9966 0.7957
vt 0.9595 0.8464
vt 0.9595 0.8240
vt 0.9558 0.8491
vt 0.9592 0.8708
vt 0.9927 0.7708
vt 0.9868 0.7939
vt 0.9966 0.7727
vt 0.9856 0.8040
vt 0.9890 0.7710
vt 0.8606 0.0151
vt 0.8943 0.0151
vt 0.8613 0.0122
vt 0.8516 0.0244
vt 0.8738 0.0239
vt 0.8647 0.0195
vt 0.8350 0.0205
vt 0.9399 0.2766
vt 0.9380 0.2493
vt 0.9382 0.2717
vt 0.9385 0.2979
vt 0.9792 0.3032
vt 0.9780 0.2915
vt 0.9766 0.3135
vt 0.9778 0.3345
vt 0.2043 0.0442
vt 0.2241 0.0420
vt 0.1958 0.0403
vt 0.1782 0.0427
vt 0.0259 0.0190
vt 0.0576 0.0188
vt 0.0325 0.0137
vt 0.0300 0.0103
vt 0.8667 0.2827
vt 0.8638 0.3020
vt 0.8687 0.2900
vt 0.8726 0.2729
vt 0.8647 0.2871
vt 0.8708 0.2620
vt 0.8633 0.2668
vt 0.8682 0.2515
vt 0.8589 0.2654
vt 0.8586 0.2761
vt 0.8655 0.2422
vt 0.8687 0.2502
vt 0.8589 0.2510
vt 0.4880 0.2400
vt 0.5076 0.2405
vt 0.4907 0.2375
vt 0.4688 0.2361
vt 0.4773 0.2390
vt 0.4678 0.2383
vt 0.4658 0.2388
vt 0.4668 0.2334
vt 0.4795 0.2322
vt 0.4509 0.2351
vt 0.4509 0.2388
vt 0.4612 0.2283
vt 0.4478 0.2295
vt 0.4285 0.2383
vt 0.4404 0.2417
vt 0.4302 0.2332
vt 0.4424 0.2317
vt 0.4485 0.2249
vt 0.8025 0.0720
vt 0.8062 0.0767
vt 0.8057 0.0500
vt 0.8059 0.0801
vt 0.7986 0.0942
vt 0.7915 0.0923
vt 0.8066 0.0808
vt 0.8098 0.0830
vt 0.5918 0.0083
vt 0.5798 0.0010
vt 0.5767 0.0071
vt 0.5962 0.0022
vt 0.6001 0.0078
vt 0.5974 0.0015
vt 0.5964 0.0142
vt 0.5750 0.0166
vt 0.5916 0.0215
vt 0.5933 0.0215
vt 0.5740 0.0232
vt 0.9548 0.4810
vt 0.9500 0.4722
vt 0.9487 0.4795
vt 0.9492 0.4805
vt 0.9490 0.4812
vt 0.9490 0.4827
vt 0.9473 0.4834
vt 0.9485 0.4819
vt 0.9492 0.4844
vt 0.9507 0.4841
vt 0.9500 0.4863
vt 0.9492 0.4854
vt 0.9487 0.4858
vt 0.9482 0.4868
vt 0.9580 0.4663
vt 0.9580 0.4551
vt 0.9666 0.4656
vt 0.9673 0.4561
vt 0.9646 0.4500
vt 0.9819 0.4558
vt 0.9763 0.4604
vt 0.9812 0.4705
vt 0.9714 0.4700
vt 0.9709 0.4858
vt 0.9636 0.4766
vt 0.9668 0.4795
vt 0.5134 0.0049
vt 0.5063 0.0005
vt 0.5061 0.0073
vt 0.5110 0.0120
vt 0.5137 0.0115
vt 0.5083 0.0151
vt 0.4470 0.2004
vt 0.4727 0.2100
vt 0.4714 0.2056
vt 0.4446 0.2031
vt 0.4392 0.1648
vt 0.4751 0.2141
vt 0.4666 0.2156
vt 0.4683 0.2200
vt 0.4407 0.2100
vt 0.4287 0.2073
vt 0.4617 0.2227
vt 0.4421 0.2144
vt 0.4194 0.2327
vt 0.9104 0.6086
vt 0.9346 0.6221
vt 0.9373 0.6196
vt 0.9292 0.6260
vt 0.9290 0.6240
vt 0.9343 0.6265
vt 0.9387 0.6284
vt 0.9338 0.6311
vt 0.9326 0.6282
vt 0.9304 0.6387
vt 0.9385 0.6348
vt 0.9460 0.6233
vt 0.9470 0.6301
vt 0.9460 0.6372
vt 0.9397 0.6423
vt 0.9482 0.6169
vt 0.9377 0.6165
vt 0.9514 0.6111
vt 0.9536 0.6116
vt 0.9556 0.6123
vt 0.9565 0.6089
vt 0.2209 0.9868
vt 0.2227 0.9797
vt 0.2021 0.9839
vt 0.2021 0.9907
vt 0.2229 0.9917
vt 0.0063 0.5081
vt 0.0000 0.5298
vt 0.0068 0.5327
vt 0.0059 0.5352
vt 0.3381 0.0056
vt 0.3457 0.0042
vt 0.3337 0.0027
vt 0.3359 0.0073
vt 0.3396 0.0081
vt 0.3376 0.0078
vt 0.3462 0.0112
vt 0.3347 0.0127
vt 0.3550 0.0061
vt 0.3503 0.0020
vt 0.3545 0.0051
vt 0.3552 0.0012
vt 0.3479 0.0117
vt 0.3513 0.0125
vt 0.3533 0.0181
vt 0.3467 0.0159
vt 0.3459 0.0137
vt 0.0002 0.4138
vt 0.0027 0.4160
vt 0.0027 0.3918
vt 0.5613 0.9856
vt 0.5586 0.9863
vt 0.5764 0.9917
vt 0.5632 0.9849
vt 0.5684 0.9756
vt 0.5684 0.9661
vt 0.5671 0.9700
vt 0.5627 0.9729
vt 0.5625 0.9775
vt 0.5583 0.9785
vt 0.5476 0.9866
vt 0.7561 0.0251
vt 0.7512 0.0374
vt 0.7588 0.0269
vt 0.7539 0.0261
vt 0.7468 0.0220
vt 0.7498 0.0310
vt 0.7461 0.0322
vt 0.7432 0.0369
vt 0.7437 0.0317
vt 0.7380 0.0242
vt 0.7385 0.0337
vt 0.7378 0.0176
vt 0.7424 0.0149
vt 0.7380 0.0139
vt 0.7295 0.0166
vt 0.7312 0.0242
vt 0.7212 0.0195
vt 0.7312 0.0344
vt 0.7258 0.0264
vt 0.7192 0.0283
vt 0.7271 0.0317
vt 0.7227 0.0332
vt 0.7268 0.0371
vt 0.7273 0.0454
vt 0.7422 0.0447
vt 0.7339 0.0508
vt 0.7217 0.0422
vt 0.7219 0.0364
vt 0.7180 0.0322
vt 0.7144 0.0269
vt 0.7136 0.0317
vt 0.8938 0.9741
vt 0.8892 0.9561
vt 0.8918 0.9714
vt 0.8948 0.9719
vt 0.8936 0.9749
vt 0.8962 0.9758
vt 0.8926 0.9753
vt 0.8948 0.9792
vt 0.8923 0.9790
vt 0.8899 0.9910
vt 0.8982 0.9817
vt 0.0002 0.3589
vt 0.0034 0.3552
vt 0.0012 0.3357
vt 0.9551 0.9041
vt 0.9570 0.9219
vt 0.9583 0.9050
vt 0.9553 0.8801
vt 0.9583 0.8755
vt 0.0044 0.9500
vt 0.0085 0.9458
vt 0.0042 0.9453
vt 0.0088 0.9377
vt 0.0000 0.9363
vt 0.0005 0.9558
vt 0.0046 0.9575
vt 0.8508 0.0142
vt 0.8259 0.0127
vt 0.8237 0.0151
vt 0.8560 0.0115
vt 0.8223 0.0093
vt 0.0007 0.9243
vt 0.0022 0.9099
vt 0.0005 0.9099
vt 0.0056 0.9319
vt 0.0083 0.9153
vt 0.7683 0.9954
vt 0.7812 0.9978
vt 0.7805 0.9795
vt 0.7681 0.9797
vt 0.7593 0.9810
vt 0.7607 0.9976
vt 0.7659 0.9978
vt 0.4600 0.9895
vt 0.4541 0.9927
vt 0.4631 0.9927
vt 0.4626 0.9797
vt 0.4644 0.0261
vt 0.4524 0.0339
vt 0.4500 0.0391
vt 0.4502 0.0098
vt 0.0366 0.1086
vt 0.0349 0.1035
vt 0.0117 0.1118
vt 0.0415 0.1011
vt 0.0447 0.1118
vt 0.0542 0.1040
vt 0.0498 0.0996
vt 0.0549 0.1128
vt 0.0654 0.1096
vt 0.0679 0.1013
vt 0.1785 0.2620
vt 0.2278 0.2598
vt 0.2180 0.2517
vt 0.1819 0.2512
vt 0.1479 0.2573
vt 0.1799 0.2703
vt 0.2034 0.2698
vt 0.0020 0.3218
vt 0.0078 0.3354
vt 0.0037 0.3130
vt 0.0076 0.3130
vt 0.9790 0.8689
vt 0.9741 0.8772
vt 0.9783 0.9070
vt 0.9768 0.8682
vt 0.9729 0.8645
vt 0.9695 0.8696
vt 0.9685 0.8748
vt 0.9629 0.8762
vt 0.2581 0.0449
vt 0.2373 0.0425
vt 0.2285 0.0439
vt 0.9768 0.7163
vt 0.9646 0.7136
vt 0.9629 0.7156
vt 0.9851 0.7078
vt 0.9741 0.7070
vt 0.9539 0.7148
vt 0.0723 0.0530
vt 0.0999 0.0532
vt 0.0837 0.0508
vt 0.0740 0.0547
vt 0.0713 0.0500
vt 0.0654 0.0579
vt 0.0649 0.0525
vt 0.0574 0.0544
vt 0.0696 0.0466
vt 0.0562 0.0503
vt 0.0649 0.0466
vt 0.0608 0.0413
vt 0.0696 0.0439
vt 0.0554 0.0435
vt 0.4966 0.0649
vt 0.5093 0.0635
vt 0.4797 0.0632
vt 0.4788 0.0654
vt 0.4561 0.0637
vt 0.6106 0.4128
vt 0.6013 0.4534
vt 0.6208 0.4111
vt 0.5959 0.4463
vt 0.6038 0.4995
vt 0.5850 0.4417
vt 0.6008 0.4009
vt 0.5759 0.4172
vt 0.2649 0.0300
vt 0.2573 0.0122
vt 0.2539 0.0146
vt 0.2461 0.0090
vt 0.2622 0.0107
vt 0.2534 0.0054
vt 0.2656 0.0044
vt 0.5286 0.9946
vt 0.5381 0.9890
vt 0.5310 0.9692
vt 0.5220 0.9734
vt 0.5291 0.9583
vt 0.2742 0.0442
vt 0.9983 0.0657
vt 0.9968 0.0496
vt 0.9963 0.0703
vt 0.9998 0.0618
vt 0.7402 0.9438
vt 0.7390 0.9456
vt 0.7529 0.9688
vt 0.7566 0.9678
vt 0.7478 0.9658
vt 0.7373 0.9458
vt 0.7505 0.9932
vt 0.9700 0.1270
vt 0.9700 0.1599
vt 0.9714 0.1450
vt 0.9722 0.1204
vt 0.9756 0.9922
vt 0.9961 0.9905
vt 0.9956 0.9854
vt 0.9805 0.9961
vt 0.9656 0.9941
vt 0.6641 0.0178
vt 0.6624 0.0332
vt 0.6660 0.0234
vt 0.6689 0.0068
vt 0.6726 0.0088
vt 0.6702 0.0212
vt 0.6772 0.0085
vt 0.6758 0.0222
vt 0.6790 0.0110
vt 0.5833 0.0278
vt 0.5908 0.0354
vt 0.5898 0.0298
vt 0.5759 0.0317
vt 0.5747 0.0432
vt 0.5730 0.0408
vt 0.5815 0.0471
vt 0.5737 0.0447
vt 0.5737 0.0554
vt 0.5830 0.0598
vt 0.5879 0.0481
vt 0.5947 0.0508
vt 0.5916 0.0566
vt 0.5991 0.0562
vt 0.5974 0.0645
vt 0.9031 0.0020
vt 0.8918 0.0000
vt 0.9006 0.0132
vt 0.9084 0.0142
vt 0.9126 0.0002
vt 0.9131 0.0115
vt 0.9143 0.0212
vt 0.3088 0.9858
vt 0.3003 0.9736
vt 0.2976 0.9741
vt 0.3049 0.9880
vt 0.3071 0.9795
vt 0.3184 0.9910
vt 0.3184 0.9856
vt 0.3142 0.9780
vt 0.0154 0.2981
vt 0.0151 0.3020
vt 0.0242 0.2932
vt 0.0112 0.2964
vt 0.8169 0.6323
vt 0.8203 0.5916
vt 0.8145 0.6355
vt 0.8201 0.6643
vt 0.8186 0.6653
vt 0.8259 0.7046
vt 0.8298 0.6748
vt 0.8250 0.6643
vt 0.8320 0.6321
vt 0.8354 0.6707
vt 0.0024 0.3875
vt 0.0024 0.3635
vt 0.0002 0.3809
vt 0.0085 0.8501
vt 0.0024 0.8682
vt 0.0015 0.8767
vt 0.0000 0.8479
vt 0.0044 0.8484
vt 0.9966 0.0437
vt 0.9985 0.0449
vt 0.9978 0.0259
vt 0.9702 0.9241
vt 0.9680 0.9009
vt 0.9648 0.8989
vt 0.9731 0.9138
vt 0.9709 0.9297
vt 0.9790 0.9116
vt 0.9666 0.9407
vt 0.1682 0.0078
vt 0.1467 0.0083
vt 0.1614 0.0110
vt 0.1548 0.0110
vt 0.1682 0.0215
vt 0.0413 0.2129
vt 0.0579 0.2361
vt 0.0566 0.1973
vt 0.0439 0.1663
vt 0.0298 0.2136
vt 0.8323 0.9651
vt 0.8423 0.9255
vt 0.8271 0.9177
vt 0.8223 0.9412
vt 0.8408 0.9631
vt 0.8359 0.9868
vt 0.5901 0.0833
vt 0.5703 0.0786
vt 0.5378 0.0815
vt 0.5630 0.0671
vt 0.5488 0.0852
vt 0.0359 0.1628
vt 0.0337 0.1638
vt 0.0305 0.1855
vt 0.0342 0.1577
vt 0.0393 0.1621
vt 0.0317 0.1262
vt 0.0076 0.6304
vt 0.0076 0.6028
vt 0.0061 0.6262
vt 0.0078 0.4512
vt 0.0049 0.4678
vt 0.0071 0.4763
vt 0.0051 0.4497
vt 0.8865 0.0264
vt 0.8796 0.0210
vt 0.8794 0.0271
vt 0.8782 0.0217
vt 0.9160 0.0266
vt 0.1121 0.0488
vt 0.1121 0.0466
vt 0.0996 0.0457
vt 0.0837 0.0413
vt 0.1104 0.0522
vt 0.1167 0.0557
vt 0.1296 0.0466
vt 0.1250 0.0405
vt 0.0554 0.9592
vt 0.0564 0.9641
vt 0.0588 0.9612
vt 0.0579 0.9651
vt 0.0930 0.9592
vt 0.9409 0.4685
vt 0.9458 0.4675
vt 0.9392 0.4297
vt 0.9441 0.4182
vt 0.5527 0.1504
vt 0.5947 0.1309
vt 0.5435 0.1523
vt 0.6082 0.1545
vt 0.8860 0.3611
vt 0.8875 0.3699
vt 0.9131 0.3457
vt 0.9092 0.3167
vt 0.8782 0.3345
vt 0.8967 0.3091
vt 0.0190 0.1428
vt 0.0225 0.1541
vt 0.0293 0.1543
vt 0.0266 0.1443
vt 0.2866 0.2080
vt 0.3167 0.1829
vt 0.3020 0.1853
vt 0.2898 0.2126
vt 0.3198 0.1936
vt 0.3235 0.1782
vt 0.3123 0.2073
vt 0.3225 0.2100
vt 0.2957 0.2153
vt 0.2983 0.2234
vt 0.2817 0.2407
vt 0.2993 0.2263
vt 0.9905 0.1919
vt 0.9905 0.2268
vt 0.9929 0.1914
vt 0.0159 0.0037
vt 0.0061 0.0000
vt 0.0063 0.0085
vt 0.0127 0.0122
vt 0.0081 0.0181
vt 0.0188 0.0183
vt 0.0237 0.0083
vt 0.0283 0.0010
vt 0.4797 0.0525
vt 0.4519 0.0520
vt 0.4551 0.0571
vt 0.4807 0.0569
vt 0.4783 0.0493
vt 0.4854 0.0588
vt 0.4839 0.0508
vt 0.4834 0.0444
vt 0.4949 0.0574
vt 0.4929 0.0383
vt 0.4731 0.1052
vt 0.4429 0.1062
vt 0.4724 0.1082
vt 0.4824 0.0920
vt 0.5059 0.0908
vt 0.4885 0.1067
vt 0.4790 0.1111
vt 0.4736 0.1152
vt 0.4800 0.1274
vt 0.4863 0.1279
vt 0.4929 0.1304
vt 0.4980 0.1106
vt 0.5007 0.1021
vt 0.2854 0.1443
vt 0.2664 0.1279
vt 0.2639 0.1294
vt 0.3052 0.1409
vt 0.3032 0.1292
vt 0.3181 0.1482
vt 0.2952 0.1514
vt 0.3267 0.1450
vt 0.3286 0.1411
vt 0.3235 0.1294
vt 0.8149 0.3093
vt 0.7954 0.3530
vt 0.8208 0.3567
vt 0.7898 0.3464
vt 0.7896 0.3608
vt 0.8137 0.3816
vt 0.1167 0.9644
vt 0.1562 0.9609
vt 0.1006 0.9600
vt 0.7830 0.0364
vt 0.7742 0.0344
vt 0.7690 0.0371
vt 0.7786 0.0198
vt 0.7729 0.0232
vt 0.7837 0.0254
vt 0.7898 0.0291
vt 0.8018 0.0461
vt 0.1050 0.9863
vt 0.1169 0.9688
vt 0.0369 0.9700
vt 0.1296 0.9727
vt 0.1289 0.9939
vt 0.1453 0.9817
vt 0.1570 0.9658
vt 0.1523 0.9900
vt 0.9143 0.3096
vt 0.9143 0.2551
vt 0.9104 0.3105
vt 0.5034 0.3811
vt 0.5032 0.3835
vt 0.5605 0.3816
vt 0.0498 0.5293
vt 0.0625 0.5239
vt 0.0525 0.5159
vt 0.0652 0.5024
vt 0.0684 0.5120
vt 0.1260 0.4954
vt 0.0354 0.5103
vt 0.0430 0.4985
vt 0.0149 0.5129
vt 0.0210 0.4941
vt 0.6265 0.0881
vt 0.6274 0.0688
vt 0.6235 0.0715
vt 0.6191 0.0544
vt 0.6055 0.0488
vt 0.6309 0.0408
vt 0.6367 0.0596
vt 0.6306 0.0781
vt 0.6309 0.0803
vt 0.6338 0.0840
vt 0.9456 0.6545
vt 0.9358 0.6602
vt 0.9404 0.6616
vt 0.9329 0.6687
vt 0.9028 0.6716
vt 0.9243 0.6721
vt 0.9429 0.6731
vt 0.9355 0.6787
vt 0.9453 0.6865
vt 0.9470 0.6631
vt 0.9456 0.6572
vt 0.9526 0.6580
vt 0.9519 0.6528
vt 0.9646 0.7698
vt 0.9646 0.8140
vt 0.9692 0.7781
vt 0.8904 0.1609
vt 0.8943 0.1794
vt 0.9062 0.1716
vt 0.9070 0.1875
vt 0.9116 0.1797
vt 0.9250 0.1804
vt 0.8901 0.1501
vt 0.9053 0.1587
vt 0.8948 0.1348
vt 0.9094 0.1321
vt 0.8860 0.1399
vt 0.9270 0.0471
vt 0.9556 0.0420
vt 0.9146 0.0334
vt 0.9460 0.0342
vt 0.0220 0.1604
vt 0.0220 0.2280
vt 0.0271 0.1936
vt 0.7769 0.0925
vt 0.7878 0.1013
vt 0.7979 0.1028
vt 0.7817 0.1025
vt 0.7922 0.1265
vt 0.8098 0.1289
vt 0.8081 0.1414
vt 0.8159 0.1250
vt 0.8079 0.0959
vt 0.8269 0.0935
vt 0.8284 0.1216
vt 0.8232 0.1377
vt 0.8345 0.0959
vt 0.8354 0.1201
vt 0.1479 0.7651
vt 0.1350 0.7556
vt 0.1016 0.8118
vt 0.1499 0.7588
vt 0.1392 0.7500
vt 0.1514 0.7490
vt 0.1401 0.7000
vt 0.1575 0.7625
vt 0.1453 0.6753
vt 0.1582 0.7498
vt 0.1509 0.6929
vt 0.4834 0.1897
vt 0.4758 0.1741
vt 0.4451 0.1672
vt 0.4817 0.1985
vt 0.5037 0.2034
vt 0.4971 0.1841
vt 0.4868 0.1692
vt 0.4780 0.1619
vt 0.4966 0.1675
vt 0.5120 0.1775
vt 0.5027 0.1606
vt 0.5242 0.1748
vt 0.4187 0.2183
vt 0.4138 0.1614
vt 0.4146 0.2290
vt 0.4199 0.1838
vt 0.3752 0.1313
vt 0.3711 0.1333
vt 0.4370 0.1304
vt 0.1692 0.0864
vt 0.1250 0.0842
vt 0.1221 0.0916
vt 0.1760 0.0952
vt 0.1729 0.0837
vt 0.9158 0.5852
vt 0.9080 0.5793
vt 0.8965 0.5837
vt 0.9192 0.5942
vt 0.8975 0.5881
vt 0.8999 0.5776
vt 0.8994 0.5659
vt 0.8789 0.5894
vt 0.8821 0.5969
vt 0.8975 0.5933
vt 0.8755 0.5823
vt 0.8645 0.5798
vt 0.8760 0.5654
vt 0.0181 0.2371
vt 0.0254 0.2471
vt 0.0415 0.2256
vt 0.0576 0.2490
vt 0.0430 0.2600
vt 0.0186 0.2561
vt 0.0261 0.2710
vt 0.0237 0.2815
vt 0.0667 0.2542
vt 0.0872 0.2439
vt 0.0452 0.2722
vt 0.0261 0.2891
vt 0.0479 0.3618
vt 0.0505 0.3394
vt 0.0437 0.3542
vt 0.0271 0.3159
vt 0.0168 0.3528
vt 0.0171 0.3198
vt 0.0510 0.3220
vt 0.0261 0.3005
vt 0.0681 0.3352
vt 0.0562 0.3425
vt 0.0571 0.3030
vt 0.0674 0.3074
vt 0.0383 0.2925
vt 0.0776 0.2866
vt 0.0557 0.2852
vt 0.0520 0.2749
vt 0.6909 0.6321
vt 0.6782 0.6389
vt 0.6978 0.6758
vt 0.6765 0.6045
vt 0.6648 0.6191
vt 0.6848 0.6067
vt 0.7007 0.6077
vt 0.6892 0.6006
vt 0.6760 0.5950
vt 0.6646 0.5869
vt 0.4729 0.3818
vt 0.5750 0.2952
vt 0.5947 0.3159
vt 0.6055 0.3137
vt 0.6003 0.3013
vt 0.6064 0.3081
vt 0.6018 0.3301
vt 0.5974 0.3540
vt 0.6389 0.3250
vt 0.6335 0.3054
vt 0.6440 0.3081
vt 0.6497 0.3262
vt 0.6484 0.2876
vt 0.6580 0.2920
vt 0.6580 0.3010
vt 0.6594 0.3062
vt 0.6626 0.3164
vt 0.6702 0.3210
vt 0.6760 0.3291
vt 0.9258 0.8081
vt 0.9221 0.7952
vt 0.9089 0.8030
vt 0.9541 0.7878
vt 0.9541 0.7993
vt 0.9399 0.8225
vt 0.9602 0.8186
vt 0.9246 0.8191
vt 0.9395 0.8411
vt 0.0435 0.1467
vt 0.0503 0.1519
vt 0.0508 0.1360
vt 0.0598 0.1584
vt 0.0583 0.1475
vt 0.0574 0.1829
vt 0.1055 0.1379
vt 0.0662 0.1724
vt 0.1079 0.1572
vt 0.1052 0.1633
vt 0.1658 0.0312
vt 0.1589 0.0237
vt 0.1392 0.0386
vt 0.1362 0.0276
vt 0.1511 0.0168
vt 0.1375 0.0210
vt 0.1353 0.0381
vt 0.1353 0.0430
vt 0.1414 0.2917
vt 0.1045 0.2847
vt 0.1240 0.2959
vt 0.1289 0.2747
vt 0.0645 0.2742
vt 0.0745 0.2705
vt 0.0742 0.2603
vt 0.0896 0.2556
vt 0.1125 0.2615
vt 0.0918 0.2505
vt 0.1250 0.2668
vt 0.1155 0.2529
vt 0.1313 0.2461
vt 0.1348 0.2327
vt 0.1406 0.2324
vt 0.8977 0.1926
vt 0.9072 0.2126
vt 0.9106 0.1997
vt 0.9143 0.2117
vt 0.8987 0.2434
vt 0.9067 0.2429
vt 0.9229 0.2456
vt 0.9341 0.2205
vt 0.9229 0.1921
vt 0.3826 0.9822
vt 0.3213 0.9666
vt 0.3318 0.9773
vt 0.3005 0.9673
vt 0.3127 0.9521
vt 0.2974 0.9600
vt 0.2930 0.9443
vt 0.2810 0.9729
vt 0.2805 0.9570
vt 0.2639 0.9648
vt 0.2600 0.9878
vt 0.2295 0.2715
vt 0.2507 0.2771
vt 0.2600 0.2666
vt 0.2354 0.2588
vt 0.2651 0.2573
vt 0.2842 0.2817
vt 0.2954 0.2524
vt 0.2812 0.2461
vt 0.2769 0.2649
vt 0.3071 0.2615
vt 0.2898 0.2749
vt 0.3101 0.2729
vt 0.3208 0.2900
vt 0.2891 0.2944
vt 0.2751 0.2915
vt 0.2615 0.2952
vt 0.2732 0.3040
vt 0.8555 0.9248
vt 0.8762 0.9119
vt 0.8733 0.9031
vt 0.8560 0.9060
vt 0.8479 0.8770
vt 0.8699 0.8713
vt 0.8530 0.8638
vt 0.8804 0.8989
vt 0.8752 0.8635
vt 0.8789 0.8762
vt 0.8799 0.8662
vt 0.1921 0.1489
vt 0.1863 0.1309
vt 0.1804 0.1394
vt 0.1821 0.1570
vt 0.1819 0.1711
vt 0.2009 0.1406
vt 0.2019 0.1709
vt 0.2112 0.1536
vt 0.2329 0.1323
vt 0.2190 0.1536
vt 0.2407 0.1355
vt 0.3335 0.5830
vt 0.2788 0.5750
vt 0.3025 0.5869
vt 0.3555 0.5913
vt 0.3667 0.5750
vt 0.3682 0.5850
vt 0.3694 0.5947
vt 0.3650 0.6055
vt 0.3713 0.6042
vt 0.3779 0.5854
vt 0.3833 0.5999
vt 0.3828 0.6187
vt 0.3926 0.6160
vt 0.4148 0.6216
vt 0.3928 0.5847
vt 0.3970 0.5525
vt 0.3738 0.5618
vt 0.4014 0.5618
vt 0.4150 0.5530
vt 0.3992 0.5835
vt 0.9912 0.7307
vt 0.9868 0.7346
vt 0.9988 0.7498
vt 0.9946 0.7646
vt 0.9788 0.7673
vt 0.9668 0.7383
vt 0.8521 0.7520
vt 0.8660 0.7375
vt 0.8508 0.7327
vt 0.8630 0.7671
vt 0.8726 0.7651
vt 0.8738 0.7363
vt 0.8704 0.7949
vt 0.5701 0.3438
vt 0.5701 0.4307
vt 0.5767 0.3428
vt 0.0000 0.0000
vt 1.0000 0.0000
vt 1.0000 1.0000
vt 0.0000 1.0000
vt 0.0000 0.0000
vt 1.0000 0.0000
vt 1.0000 1.0000
vt 0.0000 1.0000
vt 0.0000 0.0000
vt 1.0000 0.0000
vt 1.0000 1.0000
vt 0.0000 1.0000
vt 0.0000 0.0000
vt 1.0000 0.0000
vt 1.0000 1.0000
vt 0.0000 1.0000
vt 0.0000 0.0000
vt 1.0000 0.0000
vt 1.0000 1.0000
vt 0.0000 1.0000
vt 0.0000 0.0000
vt 1.0000 0.0000
vt 1.0000 1.0000
vt 0.0000 1.0000
vt 0.0000 0.0000
vt 1.0000 0.0000
vt 1.0000 1.0000
vt 0.0000 1.0000
vt 0.0000 0.0000
vt 1.0000 0.0000
vt 1.0000 1.0000
vt 0.0000 1.0000
vt 0.0000 0.0000
vt 1.0000 0.0000
vt 1.0000 1.0000
vt 0.0000 1.0000
vt 0.0000 0.0000
vt 1.0000 0.0000
vt 1.0000 1.0000
vt 0.0000 1.0000
vt 0.0000 0.0000
vt 1.0000 0.0000
vt 1.0000 1.0000
vt 0.0000 1.0000
vt 0.0000 0.0000
vt 1.0000 0.0000
vt 1.0000 1.0000
vt 0.0000 1.0000
vt 0.0000 0.0000
vt 1.0000 0.0000
vt 1.0000 1.0000
vt 0.0000 1.0000
vt 0.0000 0.0000
vt 1.0000 0.0000
vt 1.0000 1.0000
vt 0.0000 1.0000
vt 0.0000 0.0000
vt 1.0000 0.0000
vt 1.0000 1.0000
vt 0.0000 1.0000
vt 0.0000 0.0000
vt 1.0000 0.0000
vt 1.0000 1.0000
vt 0.0000 1.0000
vt 0.0000 0.0000
vt 1.0000 0.0000
vt 1.0000 1.0000
vt 0.0000 1.0000
vt 0.0000 0.0000
vt 1.0000 0.0000
vt 1.0000 1.0000
vt 0.0000 1.0000
vt 0.0000 0.0000
vt 1.0000 0.0000
vt 1.0000 1.0000
vt 0.0000 1.0000
vt 0.0000 0.0000
vt 1.0000 0.0000
vt 1.0000 1.0000
vt 0.0000 1.0000
usemtl mat
f 885/1 882/2 879/3
f 882/2 885/1 883/4
f 885/1 879/3 884/5
f 885/1 884/5 883/4
f 884/6 879/7 883/8
f 883/8 879/7 880/9
f 883/8 880/9 878/10
f 878/10 880/9 877/11
f 877/11 880/9 879/7
f 878/10 877/11 874/12
f 874/12 877/11 873/13
f 877/11 879/7 876/14
f 877/11 876/14 873/13
f 876/14 879/7 881/15
f 881/15 879/7 882/16
f 881/15 882/16 883/17
f 881/15 883/17 878/18
f 881/15 878/18 875/19
f 881/15 875/19 876/14
f 875/19 878/18 874/20
f 872/21 873/13 876/14
f 872/21 876/14 875/19
f 875/19 874/20 870/22
f 875/19 870/22 872/21
f 870/22 874/20 867/23
f 873/13 872/21 871/24
f 873/13 871/24 874/12
f 874/12 871/24 867/25
f 867/25 871/24 865/26
f 867/25 865/26 844/27
f 871/24 872/21 863/28
f 871/24 863/28 865/26
f 863/28 872/21 870/22
f 865/26 863/28 844/27
f 861/29 870/22 867/23
f 870/22 861/29 863/28
f 844/27 863/28 785/30
f 785/30 863/28 861/29
f 844/27 785/30 799/31
f 799/31 785/30 695/32
f 695/32 785/30 625/33
f 625/33 785/30 674/34
f 861/29 867/23 841/35
f 841/35 867/23 844/36
f 841/35 844/36 799/37
f 785/30 861/29 801/38
f 785/30 801/38 674/34
f 861/29 841/35 830/39
f 861/29 830/39 801/38
f 674/34 801/38 748/40
f 748/40 801/38 830/39
f 674/34 748/40 673/41
f 748/40 830/39 771/42
f 748/40 771/42 673/41
f 771/42 830/39 841/35
f 673/41 771/42 773/43
f 773/43 771/42 841/35
f 773/43 841/35 799/37
f 673/41 773/43 695/44
f 695/44 773/43 799/37
f 729/45 819/46 698/47
f 819/46 729/45 689/48
f 698/47 819/46 791/49
f 819/46 689/48 757/50
f 689/48 729/45 651/51
f 651/51 729/45 698/47
f 757/50 689/48 666/52
f 666/52 689/48 651/51
f 651/51 698/47 701/53
f 651/51 701/53 666/52
f 698/47 791/49 800/54
f 800/54 791/49 838/55
f 800/54 838/55 811/56
f 701/53 698/47 740/57
f 740/57 698/47 800/54
f 800/54 811/56 749/58
f 701/53 740/57 693/59
f 701/53 693/59 666/52
f 740/57 800/54 770/60
f 770/60 800/54 746/61
f 770/60 746/61 740/57
f 746/61 800/54 749/58
f 713/62 650/63 749/58
f 740/57 746/61 720/64
f 740/57 720/64 693/59
f 746/61 749/58 699/65
f 746/61 699/65 720/64
f 749/58 650/63 677/66
f 749/58 677/66 699/65
f 720/64 699/65 685/67
f 720/64 685/67 693/59
f 685/67 699/65 677/66
f 693/59 685/67 639/68
f 639/68 685/67 677/66
f 693/59 639/68 666/52
f 639/68 677/66 620/69
f 620/69 677/66 563/70
f 639/68 620/69 706/71
f 706/71 620/69 563/70
f 639/68 706/71 666/52
f 706/71 563/70 676/72
f 666/52 706/71 734/73
f 666/52 734/73 757/50
f 757/50 734/73 784/74
f 757/50 784/74 822/75
f 822/75 784/74 765/76
f 765/76 784/74 734/73
f 822/75 765/76 758/77
f 758/77 765/76 688/78
f 727/79 734/73 706/71
f 734/73 727/79 765/76
f 727/79 706/71 676/72
f 688/78 765/76 709/80
f 709/80 765/76 727/79
f 688/78 709/80 656/81
f 688/78 656/81 626/82
f 623/83 676/72 571/84
f 676/72 623/83 727/79
f 727/79 623/83 657/85
f 656/81 709/80 631/86
f 656/81 631/86 657/85
f 707/87 709/80 727/79
f 709/80 707/87 631/86
f 727/79 657/85 622/88
f 727/79 622/88 707/87
f 622/88 657/85 631/86
f 622/88 631/86 707/87
f 1453/89 1492/90 1516/91
f 1492/90 1453/89 1473/92
f 1473/92 1453/89 1290/93
f 1290/93 1453/89 1281/94
f 1281/94 1453/89 1516/91
f 1492/90 1473/92 1494/95
f 1281/94 1516/91 1321/96
f 1281/94 1321/96 1291/97
f 1321/96 1516/91 1371/98
f 1321/96 1371/98 1291/97
f 1291/97 1371/98 1374/99
f 1291/97 1374/99 1370/100
f 1370/100 1374/99 1346/101
f 1346/101 1374/99 1336/102
f 1556/103 1516/91 1492/90
f 1516/91 1556/103 1562/104
f 1562/104 1556/103 1533/105
f 1533/105 1556/103 1492/90
f 1533/105 1492/90 1494/95
f 1533/105 1494/95 1530/106
f 845/107 837/108 819/109
f 819/109 837/108 791/110
f 791/110 837/108 848/111
f 848/111 837/108 845/107
f 791/110 848/111 838/112
f 845/107 819/109 852/113
f 848/111 845/107 857/114
f 857/114 845/107 852/113
f 852/113 819/109 835/115
f 835/115 819/109 757/116
f 835/115 757/116 822/117
f 835/115 822/117 852/113
f 860/118 838/112 848/111
f 860/118 848/111 857/114
f 857/114 852/113 859/119
f 857/114 859/119 860/118
f 859/119 852/113 822/117
f 838/112 860/118 855/120
f 855/120 860/118 859/119
f 838/112 855/120 843/121
f 843/121 855/120 866/122
f 866/122 855/120 859/119
f 843/121 866/122 864/123
f 859/119 822/117 828/124
f 859/119 828/124 866/122
f 828/124 822/117 758/125
f 828/124 758/125 762/126
f 866/122 828/124 862/127
f 866/122 862/127 864/123
f 862/127 828/124 851/128
f 864/123 862/127 849/129
f 849/129 862/127 851/128
f 1290/130 1410/131 1473/132
f 1473/132 1410/131 1446/133
f 1410/131 1290/130 1324/134
f 1446/133 1410/131 1468/135
f 1468/135 1410/131 1324/134
f 1446/133 1468/135 1500/136
f 1500/136 1468/135 1562/137
f 1562/137 1468/135 1516/138
f 1516/138 1468/135 1371/139
f 1371/139 1468/135 1324/134
f 1371/139 1324/134 1446/140
f 1371/139 1446/140 1500/141
f 650/142 603/143 677/144
f 677/144 603/143 563/145
f 603/143 650/142 633/146
f 633/146 650/142 713/147
f 633/146 713/147 627/148
f 603/143 633/146 576/149
f 603/143 576/149 563/145
f 576/149 633/146 627/148
f 563/145 576/149 527/150
f 527/150 576/149 627/148
f 563/145 527/150 676/151
f 527/150 627/148 619/152
f 676/151 527/150 635/153
f 676/151 635/153 571/154
f 571/154 635/153 665/155
f 571/154 665/155 667/156
f 635/153 527/150 587/157
f 635/153 587/157 665/155
f 665/155 587/157 667/156
f 587/157 527/150 619/152
f 667/156 587/157 566/158
f 587/157 619/152 641/159
f 641/159 619/152 681/160
f 566/158 587/157 613/161
f 613/161 587/157 641/159
f 566/158 613/161 606/162
f 641/159 681/160 661/163
f 641/159 661/163 613/161
f 613/161 661/163 606/162
f 661/163 681/160 697/164
f 606/162 661/163 647/165
f 647/165 661/163 697/164
f 713/166 619/167 627/168
f 619/167 713/166 764/169
f 619/167 764/169 821/170
f 764/169 713/166 787/171
f 787/171 713/166 749/172
f 787/171 749/172 811/173
f 787/171 811/173 794/174
f 794/174 811/173 838/175
f 794/174 838/175 787/171
f 821/170 764/169 797/176
f 797/176 764/169 787/171
f 787/171 838/175 806/177
f 787/171 806/177 810/178
f 810/178 806/177 838/175
f 787/171 810/178 797/176
f 810/178 838/175 843/179
f 821/170 797/176 836/180
f 836/180 797/176 810/178
f 821/170 836/180 850/181
f 821/170 850/181 846/182
f 846/182 850/181 826/183
f 846/182 826/183 803/184
f 826/183 850/181 825/185
f 744/186 723/187 803/184
f 850/181 836/180 842/188
f 850/181 842/188 825/185
f 744/186 803/184 824/189
f 824/189 803/184 826/183
f 826/183 825/185 832/190
f 832/190 825/185 842/188
f 826/183 832/190 824/189
f 842/188 836/180 856/191
f 842/188 856/191 832/190
f 832/190 856/191 824/189
f 856/191 836/180 810/178
f 766/192 744/186 824/189
f 824/189 856/191 840/193
f 840/193 856/191 810/178
f 766/192 824/189 817/194
f 817/194 824/189 840/193
f 828/195 766/192 851/196
f 851/196 766/192 849/197
f 840/193 810/178 804/198
f 766/192 817/194 831/199
f 766/192 831/199 849/197
f 817/194 840/193 847/200
f 817/194 847/200 831/199
f 840/193 804/198 823/201
f 840/193 823/201 847/200
f 849/197 831/199 853/202
f 853/202 831/199 847/200
f 849/197 853/202 864/203
f 864/203 853/202 843/179
f 808/204 804/198 810/178
f 804/198 808/204 823/201
f 808/204 810/178 843/179
f 833/205 847/200 823/201
f 833/205 823/201 808/204
f 847/200 833/205 853/202
f 808/204 843/179 829/206
f 808/204 829/206 833/205
f 829/206 843/179 853/202
f 829/206 853/202 833/205
f 559/207 673/208 695/209
f 559/207 695/209 625/210
f 673/208 559/207 574/211
f 559/207 625/210 453/212
f 673/208 574/211 462/213
f 453/212 625/210 674/214
f 574/211 559/207 434/215
f 434/215 559/207 453/212
f 574/211 434/215 462/213
f 673/208 462/213 553/216
f 673/217 553/218 674/214
f 674/214 553/218 476/219
f 674/214 476/219 453/212
f 453/212 476/219 265/220
f 453/212 265/220 251/221
f 453/212 251/221 434/215
f 251/221 265/220 101/222
f 251/221 101/222 71/223
f 434/215 251/221 266/224
f 266/224 251/221 71/223
f 434/215 266/224 462/213
f 266/224 71/223 93/225
f 266/224 93/225 313/226
f 266/224 313/226 462/213
f 313/226 93/225 162/227
f 462/213 313/226 441/228
f 462/213 441/228 553/216
f 553/216 441/228 476/229
f 441/228 313/226 256/230
f 256/230 313/226 162/227
f 441/228 256/230 476/229
f 256/230 162/227 101/231
f 476/229 256/230 265/232
f 265/232 256/230 101/231
f 1281/233 1263/234 1290/235
f 1290/235 1263/234 1324/236
f 1324/236 1263/234 1336/237
f 1263/234 1281/233 1248/238
f 1248/238 1281/233 1291/239
f 1248/238 1291/239 1245/240
f 1248/238 1245/240 1229/241
f 1248/238 1229/241 1263/234
f 1263/234 1229/241 1336/237
f 1462/242 1346/243 1336/237
f 1462/242 1336/237 1322/244
f 1322/244 1336/237 1229/241
f 1370/245 1322/244 1353/246
f 1353/246 1322/244 1317/247
f 1317/247 1322/244 1229/241
f 1317/247 1229/241 1305/248
f 1305/248 1229/241 1212/249
f 1317/247 1305/248 1440/250
f 1305/248 1212/249 1311/251
f 1440/250 1305/248 1351/252
f 1351/252 1305/248 1311/251
f 621/253 577/254 606/255
f 621/253 606/255 647/256
f 577/254 621/253 610/257
f 577/254 610/257 556/258
f 621/253 647/256 678/259
f 678/259 647/256 697/260
f 610/257 621/253 646/261
f 646/261 621/253 678/259
f 556/258 610/257 596/262
f 596/262 610/257 646/261
f 556/258 596/262 532/263
f 678/259 697/260 582/264
f 678/259 582/264 646/261
f 582/264 697/260 667/265
f 596/262 646/261 615/266
f 532/263 596/262 567/267
f 567/267 596/262 615/266
f 532/263 567/267 502/268
f 615/266 646/261 608/269
f 615/266 608/269 567/267
f 608/269 646/261 582/264
f 502/268 567/267 549/270
f 502/268 549/270 466/271
f 567/267 608/269 593/272
f 567/267 593/272 549/270
f 593/272 608/269 582/264
f 549/270 593/272 550/273
f 466/271 549/270 488/274
f 488/274 549/270 550/273
f 466/271 488/274 421/275
f 550/273 593/272 526/276
f 550/273 526/276 488/274
f 526/276 593/272 582/264
f 421/275 488/274 448/277
f 448/277 488/274 526/276
f 421/275 448/277 347/278
f 526/276 582/264 457/279
f 448/277 526/276 490/280
f 490/280 526/276 457/279
f 448/277 490/280 408/281
f 448/277 408/281 347/278
f 408/281 490/280 442/282
f 442/282 490/280 457/279
f 347/278 408/281 361/283
f 361/283 408/281 442/282
f 347/278 361/283 270/284
f 270/284 361/283 324/285
f 270/284 324/285 211/286
f 361/283 442/282 399/287
f 361/283 399/287 324/285
f 399/287 442/282 457/279
f 324/285 399/287 381/288
f 381/288 399/287 391/289
f 381/288 391/289 482/290
f 381/288 482/290 514/291
f 399/287 457/279 294/292
f 294/292 457/279 327/293
f 327/293 457/279 395/294
f 327/293 395/294 268/295
f 502/296 466/297 395/294
f 502/296 395/294 450/298
f 450/298 395/294 457/279
f 502/296 450/298 532/299
f 450/298 457/279 573/300
f 573/300 457/279 582/264
f 532/299 450/298 500/301
f 500/301 450/298 573/300
f 573/300 582/264 667/265
f 532/299 500/301 556/302
f 573/300 667/265 566/303
f 556/302 500/301 520/304
f 556/302 520/304 577/305
f 500/301 573/300 547/306
f 547/306 573/300 566/303
f 500/301 547/306 520/304
f 520/304 547/306 577/305
f 547/306 566/303 606/307
f 547/306 606/307 577/305
f 1446/308 1470/309 1473/310
f 1470/309 1446/308 1324/311
f 1470/309 1324/311 1336/312
f 1473/310 1470/309 1494/313
f 1470/309 1336/312 1374/314
f 1494/313 1470/309 1486/315
f 1494/313 1486/315 1530/316
f 1486/315 1470/309 1462/317
f 1486/315 1462/317 1426/318
f 1462/317 1470/309 1485/319
f 1485/319 1470/309 1374/314
f 1485/319 1374/314 1371/320
f 1485/319 1371/320 1500/321
f 1485/319 1500/321 1562/322
f 716/323 681/324 619/325
f 681/324 716/323 697/326
f 697/326 716/323 667/327
f 667/327 716/323 728/328
f 728/328 716/323 756/329
f 756/329 716/323 778/330
f 778/330 716/323 619/325
f 778/330 619/325 821/331
f 778/330 821/331 818/332
f 818/332 821/331 846/333
f 1530/334 1562/335 1533/336
f 443/337 451/338 433/339
f 433/339 451/338 380/340
f 380/340 451/338 487/341
f 487/341 451/338 503/342
f 503/342 451/338 443/337
f 433/339 380/340 307/343
f 307/343 380/340 269/344
f 307/343 269/344 280/345
f 307/343 280/345 433/339
f 280/345 269/344 286/346
f 433/339 280/345 375/347
f 433/339 375/347 443/337
f 375/347 280/345 286/346
f 435/348 503/342 443/337
f 443/337 375/347 343/349
f 343/349 375/347 286/346
f 443/337 343/349 402/350
f 443/337 402/350 435/348
f 343/349 286/346 311/351
f 343/349 311/351 402/350
f 460/352 286/346 468/353
f 286/346 460/352 403/354
f 286/346 403/354 311/351
f 403/354 460/352 509/355
f 402/350 311/351 486/356
f 486/356 311/351 403/354
f 402/350 486/356 435/348
f 403/354 509/355 446/357
f 403/354 446/357 486/356
f 446/357 509/355 507/358
f 486/356 446/357 498/359
f 486/356 498/359 435/348
f 498/359 446/357 507/358
f 435/348 498/359 427/360
f 427/360 498/359 507/358
f 435/348 427/360 363/361
f 435/348 363/361 452/362
f 452/362 363/361 513/363
f 363/361 427/360 426/364
f 363/361 426/364 513/363
f 513/363 426/364 423/365
f 513/363 423/365 445/366
f 423/365 426/364 463/367
f 423/365 463/367 445/366
f 426/364 427/360 545/368
f 426/364 545/368 463/367
f 463/367 545/368 445/366
f 545/368 427/360 507/358
f 545/368 507/358 555/369
f 555/369 507/358 663/370
f 445/366 545/368 609/371
f 445/366 609/371 535/372
f 545/368 555/369 618/373
f 618/373 555/369 663/370
f 545/368 618/373 640/374
f 545/368 640/374 609/371
f 618/373 663/370 672/375
f 618/373 672/375 640/374
f 672/375 663/370 705/376
f 640/374 672/375 687/377
f 687/377 672/375 705/376
f 640/374 687/377 609/371
f 687/377 705/376 724/378
f 611/379 535/372 609/371
f 535/372 611/379 658/380
f 658/380 611/379 609/371
f 535/372 658/380 598/381
f 609/371 687/377 684/382
f 684/382 687/377 724/378
f 609/371 684/382 658/380
f 684/382 724/378 718/383
f 718/383 724/378 776/384
f 684/382 718/383 642/385
f 684/382 642/385 658/380
f 642/385 718/383 655/386
f 658/380 642/385 544/387
f 658/380 544/387 655/388
f 658/380 655/388 598/381
f 598/381 655/388 718/389
f 598/381 718/389 690/390
f 828/391 805/392 766/393
f 766/393 805/392 782/394
f 766/393 782/394 744/395
f 744/395 782/394 654/396
f 744/395 654/396 723/397
f 723/397 654/396 738/398
f 714/399 782/394 726/400
f 782/394 714/399 652/401
f 782/394 652/401 654/396
f 652/401 714/399 670/402
f 652/401 670/402 600/403
f 652/401 600/403 654/396
f 654/396 600/403 597/404
f 597/404 600/403 506/405
f 630/406 738/398 654/396
f 630/406 654/396 597/404
f 738/398 630/406 728/407
f 597/404 506/405 419/408
f 728/407 630/406 604/409
f 604/409 630/406 597/404
f 728/407 604/409 667/410
f 667/410 604/409 571/411
f 604/409 597/404 479/412
f 604/409 479/412 571/411
f 479/412 597/404 419/408
f 571/411 479/412 371/413
f 479/412 419/408 359/414
f 479/412 359/414 371/413
f 503/415 575/416 487/417
f 487/417 575/416 512/418
f 435/419 452/420 503/415
f 503/415 452/420 513/421
f 503/415 513/421 575/416
f 575/416 513/421 508/422
f 508/422 513/421 445/423
f 575/416 508/422 562/424
f 508/422 445/423 535/425
f 562/424 508/422 557/426
f 557/426 508/422 584/427
f 508/422 535/425 534/428
f 508/422 534/428 584/427
f 584/427 534/428 564/429
f 564/429 534/428 557/430
f 557/430 534/428 562/431
f 762/432 760/433 828/434
f 828/434 760/433 805/435
f 760/433 762/432 700/436
f 805/435 760/433 798/437
f 626/438 656/439 700/436
f 700/436 656/439 726/440
f 700/436 726/440 760/433
f 726/440 656/439 657/441
f 726/440 657/441 623/442
f 726/440 623/442 714/443
f 805/435 798/437 814/444
f 805/435 814/444 782/445
f 772/446 726/440 782/445
f 772/446 782/445 814/444
f 726/440 772/446 775/447
f 775/447 772/446 814/444
f 775/447 814/444 798/437
f 726/440 775/447 760/433
f 760/433 775/447 798/437
f 1485/448 1495/449 1462/450
f 1462/450 1495/449 1346/451
f 1495/449 1485/448 1562/452
f 1346/451 1495/449 1370/453
f 1495/449 1562/452 1481/454
f 1495/449 1481/454 1370/453
f 1370/453 1481/454 1426/455
f 1370/453 1426/455 1322/456
f 1322/456 1426/455 1462/457
f 1426/455 1481/454 1448/458
f 1448/458 1481/454 1484/459
f 1481/454 1562/452 1563/460
f 1481/454 1563/460 1484/459
f 1484/459 1563/460 1488/461
f 1563/460 1562/452 1530/462
f 1563/460 1530/462 1547/463
f 778/464 754/465 756/466
f 756/466 754/465 728/467
f 728/467 754/465 725/468
f 754/465 778/464 796/469
f 796/469 778/464 818/470
f 754/465 796/469 789/471
f 754/465 789/471 755/472
f 789/471 796/469 807/473
f 789/471 807/473 802/474
f 796/469 818/470 816/475
f 796/469 816/475 807/473
f 816/475 818/470 795/476
f 807/473 816/475 792/477
f 792/477 816/475 795/476
f 807/473 792/477 793/478
f 793/478 792/477 780/479
f 795/476 818/470 846/480
f 795/476 846/480 803/481
f 795/476 803/481 723/482
f 795/476 723/482 738/483
f 795/476 738/483 792/477
f 792/477 738/483 728/484
f 792/477 728/484 753/485
f 1486/486 1476/487 1530/488
f 1448/489 1486/486 1426/490
f 1486/486 1448/489 1476/487
f 1476/487 1448/489 1317/491
f 1476/487 1317/491 1440/492
f 1530/488 1476/487 1509/493
f 1530/488 1509/493 1547/494
f 1476/487 1440/492 1464/495
f 1476/487 1464/495 1509/493
f 1464/495 1440/492 1428/496
f 1464/495 1428/496 1311/497
f 1464/495 1311/497 1292/498
f 1509/493 1464/495 1460/499
f 1509/493 1460/499 1483/500
f 1460/499 1464/495 1449/501
f 1449/501 1464/495 1450/502
f 1450/502 1464/495 1292/498
f 1450/502 1292/498 1343/503
f 540/504 688/505 626/506
f 688/505 540/504 758/507
f 758/507 540/504 605/508
f 758/507 605/508 762/509
f 762/509 605/508 632/510
f 762/509 632/510 700/511
f 466/512 421/513 395/514
f 395/514 421/513 319/515
f 395/514 319/515 268/516
f 319/515 421/513 347/517
f 268/516 319/515 237/518
f 237/518 319/515 347/517
f 268/516 237/518 118/519
f 237/518 347/517 270/520
f 237/518 270/520 118/519
f 380/521 487/522 352/523
f 380/521 352/523 269/524
f 352/523 487/522 512/525
f 269/524 352/523 379/526
f 269/524 379/526 286/527
f 286/527 379/526 468/528
f 379/526 352/523 429/529
f 468/528 379/526 430/530
f 430/530 379/526 429/529
f 468/528 430/530 525/531
f 525/531 430/530 612/532
f 612/532 430/530 429/529
f 429/529 352/523 535/533
f 535/533 352/523 512/525
f 535/533 512/525 534/534
f 534/534 512/525 544/535
f 544/535 512/525 584/536
f 584/536 512/525 575/537
f 584/536 575/537 557/538
f 557/538 575/537 564/539
f 429/529 535/533 598/540
f 429/529 598/540 595/541
f 429/529 595/541 612/532
f 595/541 598/540 690/542
f 612/532 595/541 668/543
f 668/543 595/541 690/542
f 755/544 725/545 754/546
f 725/545 755/544 781/547
f 781/547 755/544 789/548
f 781/547 789/548 802/549
f 793/550 802/549 807/551
f 802/549 793/550 780/552
f 781/547 802/549 788/553
f 788/553 802/549 780/552
f 725/545 781/547 763/554
f 763/554 781/547 788/553
f 725/545 763/554 735/555
f 788/553 780/552 753/556
f 753/556 780/552 792/557
f 788/553 753/556 747/558
f 747/558 753/556 732/559
f 788/553 747/558 769/560
f 769/560 747/558 732/559
f 763/554 788/553 751/561
f 763/554 751/561 735/555
f 751/561 788/553 769/560
f 703/562 725/545 735/555
f 703/562 735/555 751/561
f 725/545 703/562 728/563
f 751/561 769/560 739/564
f 751/561 739/564 703/562
f 739/564 769/560 730/565
f 739/564 730/565 703/562
f 752/566 769/560 732/559
f 769/560 752/566 730/565
f 752/566 732/559 711/567
f 703/562 730/565 722/568
f 722/568 730/565 752/566
f 675/569 728/563 703/562
f 675/569 703/562 722/568
f 722/568 752/566 736/570
f 736/570 752/566 711/567
f 736/570 711/567 717/571
f 717/571 711/567 683/572
f 736/570 717/571 719/573
f 719/573 717/571 691/574
f 722/568 736/570 704/575
f 704/575 736/570 719/573
f 704/575 719/573 691/574
f 722/568 704/575 675/569
f 704/575 691/574 649/576
f 704/575 649/576 675/569
f 675/569 649/576 634/577
f 675/569 634/577 728/563
f 728/563 634/577 753/578
f 753/578 634/577 732/579
f 732/579 634/577 711/580
f 711/580 634/577 683/581
f 623/582 571/583 484/584
f 484/584 571/583 371/585
f 484/584 371/585 386/586
f 670/587 714/588 623/582
f 670/587 623/582 589/589
f 589/589 623/582 484/584
f 670/587 589/589 522/590
f 522/590 589/589 484/584
f 670/587 522/590 600/591
f 600/591 522/590 551/592
f 551/592 522/590 484/584
f 600/591 551/592 506/593
f 551/592 484/584 493/594
f 551/592 493/594 506/593
f 493/594 484/584 386/586
f 506/593 493/594 473/595
f 473/595 493/594 496/596
f 496/596 493/594 386/586
f 496/596 386/586 417/597
f 564/598 581/599 584/600
f 655/601 544/602 584/600
f 655/601 584/600 642/603
f 642/603 584/600 581/599
f 642/603 581/599 572/604
f 642/603 572/604 564/605
f 564/605 572/604 562/606
f 642/603 564/605 575/607
f 642/603 575/607 562/608
f 642/603 562/608 544/609
f 562/610 581/611 564/612
f 581/611 562/610 534/613
f 581/611 534/613 572/614
f 572/614 534/613 544/615
f 572/614 544/615 562/616
f 516/617 540/618 626/619
f 516/617 626/619 624/620
f 624/620 626/619 700/621
f 516/617 624/620 537/622
f 624/620 700/621 632/623
f 537/622 624/620 601/624
f 601/624 624/620 632/623
f 537/622 601/624 499/625
f 601/624 632/623 599/626
f 601/624 599/626 499/625
f 540/627 516/628 464/629
f 464/629 516/628 465/630
f 540/627 464/629 384/631
f 540/627 384/631 461/632
f 461/632 384/631 255/633
f 461/632 255/633 321/634
f 384/631 464/629 278/635
f 278/635 464/629 465/630
f 278/635 465/630 366/636
f 278/635 366/636 302/637
f 302/637 366/636 253/638
f 366/636 465/630 432/639
f 253/638 366/636 337/640
f 337/640 366/636 432/639
f 337/640 432/639 417/641
f 1370/642 1353/643 1291/644
f 1291/644 1353/643 1245/645
f 1245/645 1353/643 1351/646
f 1245/645 1351/646 1343/647
f 1343/647 1351/646 1311/648
f 1317/649 1448/650 1353/651
f 1353/651 1448/650 1484/652
f 1353/651 1484/652 1351/653
f 1351/653 1484/652 1488/654
f 1351/653 1488/654 1440/655
f 691/656 643/657 649/658
f 649/658 643/657 607/659
f 643/657 691/656 682/660
f 682/660 691/656 717/661
f 607/659 643/657 648/662
f 648/662 643/657 682/660
f 682/660 717/661 680/663
f 682/660 680/663 648/662
f 680/663 717/661 692/664
f 680/663 692/664 648/662
f 692/664 717/661 683/665
f 692/664 683/665 653/666
f 653/666 683/665 617/667
f 692/664 653/666 645/668
f 645/668 653/666 617/667
f 648/662 692/664 660/669
f 660/669 692/664 645/668
f 638/670 607/659 648/662
f 638/670 648/662 660/669
f 607/659 638/670 578/671
f 638/670 660/669 616/672
f 616/672 660/669 645/668
f 578/671 638/670 585/673
f 585/673 638/670 616/672
f 578/671 585/673 531/674
f 616/672 645/668 628/675
f 585/673 616/672 594/676
f 594/676 616/672 628/675
f 585/673 594/676 531/674
f 628/675 645/668 614/677
f 628/675 614/677 594/676
f 588/678 645/668 617/667
f 645/668 588/678 614/677
f 588/678 617/667 521/679
f 588/678 521/679 546/680
f 588/678 546/680 568/681
f 588/678 568/681 614/677
f 614/677 568/681 592/682
f 586/683 594/676 614/677
f 594/676 586/683 531/674
f 586/683 614/677 592/682
f 592/682 568/681 489/684
f 531/674 586/683 538/685
f 586/683 592/682 560/686
f 586/683 560/686 538/685
f 538/685 560/686 592/682
f 531/674 538/685 467/687
f 592/682 489/684 514/688
f 592/682 514/688 538/685
f 538/685 514/688 467/687
f 514/688 489/684 542/689
f 467/687 514/688 482/690
f 779/691 696/692 718/693
f 718/693 696/692 679/694
f 718/693 679/694 690/695
f 696/692 779/691 742/696
f 696/692 742/696 679/694
f 742/696 779/691 767/697
f 767/697 779/691 790/698
f 767/697 790/698 774/699
f 742/696 767/697 750/700
f 750/700 767/697 774/699
f 742/696 750/700 679/694
f 679/694 750/700 690/695
f 750/700 774/699 743/701
f 750/700 743/701 690/695
f 605/702 540/703 461/704
f 561/705 632/706 605/702
f 605/702 461/704 536/707
f 605/702 536/707 561/705
f 536/707 461/704 370/708
f 561/705 536/707 471/709
f 370/708 461/704 262/710
f 471/709 536/707 370/708
f 370/708 262/710 180/711
f 370/708 180/711 254/712
f 370/708 254/712 471/709
f 561/705 471/709 474/713
f 471/709 254/712 330/714
f 474/713 471/709 483/715
f 483/715 471/709 330/714
f 558/716 634/717 649/718
f 634/717 558/716 683/719
f 558/716 649/718 607/720
f 558/716 607/720 578/721
f 683/719 558/716 617/722
f 617/722 558/716 521/723
f 558/716 578/721 531/724
f 521/723 558/716 390/725
f 390/725 558/716 531/724
f 390/725 531/724 467/726
f 786/727 779/728 718/729
f 786/727 718/729 776/730
f 779/728 786/727 790/731
f 786/727 776/730 743/732
f 786/727 743/732 790/731
f 790/731 743/732 759/733
f 790/731 759/733 774/734
f 774/734 759/733 743/732
f 384/735 278/736 283/737
f 283/737 278/736 214/738
f 214/738 278/736 108/739
f 214/738 108/739 128/740
f 108/739 278/736 302/741
f 108/739 302/741 171/742
f 171/742 302/741 273/743
f 171/742 273/743 367/744
f 171/742 367/744 254/745
f 219/746 384/747 283/748
f 214/749 128/750 219/746
f 214/749 219/746 262/751
f 219/746 283/748 340/752
f 340/752 283/748 214/753
f 340/752 214/753 262/754
f 340/752 262/754 461/755
f 219/746 340/752 304/756
f 340/752 461/755 288/757
f 340/752 288/757 304/756
f 304/756 288/757 219/746
f 219/746 288/757 262/751
f 288/757 461/755 321/758
f 288/757 321/758 264/759
f 288/757 264/759 194/760
f 288/757 194/760 262/751
f 194/760 264/759 156/761
f 262/751 194/760 179/762
f 262/751 179/762 180/763
f 491/764 374/765 381/766
f 491/764 381/766 514/767
f 491/764 514/767 542/768
f 491/764 542/768 374/765
f 381/766 374/765 324/769
f 324/769 374/765 295/770
f 374/765 542/768 482/771
f 374/765 482/771 391/772
f 246/773 344/774 365/775
f 344/774 246/773 222/776
f 344/774 222/776 135/777
f 365/775 344/774 406/778
f 344/774 135/777 216/779
f 300/780 406/778 418/781
f 418/781 406/778 344/774
f 344/774 216/779 316/782
f 316/782 216/779 238/783
f 344/774 316/782 505/784
f 505/784 316/782 436/785
f 418/781 344/774 485/786
f 485/786 344/774 505/784
f 418/781 485/786 495/787
f 485/786 505/784 552/788
f 485/786 552/788 495/787
f 255/789 384/790 219/791
f 321/792 255/789 195/793
f 195/793 255/789 176/794
f 255/789 219/791 199/795
f 255/789 199/795 176/794
f 199/795 219/791 128/796
f 199/795 128/796 156/797
f 199/795 156/797 264/798
f 199/795 264/798 176/794
f 176/794 264/798 225/799
f 225/799 264/798 321/800
f 118/801 270/802 211/803
f 324/804 295/805 211/803
f 118/801 211/803 144/806
f 144/806 211/803 295/805
f 118/801 144/806 51/807
f 118/801 51/807 942/808
f 144/806 295/805 240/809
f 240/809 295/805 305/810
f 240/809 305/810 252/811
f 240/809 252/811 197/812
f 240/809 197/812 144/806
f 942/808 51/807 83/813
f 83/813 51/807 144/806
f 83/813 144/806 197/812
f 942/808 83/813 923/814
f 285/815 233/816 197/812
f 197/812 233/816 247/817
f 197/812 247/817 83/813
f 83/813 247/817 158/818
f 923/814 83/813 58/819
f 58/819 83/813 158/818
f 58/819 158/818 160/820
f 160/820 158/818 345/821
f 58/819 160/820 182/822
f 182/822 160/820 276/823
f 182/822 276/823 345/824
f 58/819 182/822 82/825
f 82/825 182/822 39/826
f 365/827 409/828 246/829
f 409/828 365/827 552/830
f 552/830 365/827 495/831
f 495/831 365/827 406/832
f 495/831 406/832 397/833
f 397/833 406/832 300/834
f 495/831 397/833 418/835
f 418/835 397/833 300/834
f 409/828 552/830 548/836
f 548/836 552/830 505/837
f 548/836 505/837 436/838
f 409/828 548/836 449/839
f 449/839 548/836 436/838
f 449/839 436/838 411/840
f 411/840 436/838 316/841
f 411/840 316/841 238/842
f 411/840 238/842 392/843
f 411/840 392/843 449/839
f 449/839 392/843 287/844
f 449/839 287/844 409/828
f 287/844 392/843 218/845
f 409/828 287/844 258/846
f 409/828 258/846 246/829
f 246/829 258/846 146/847
f 246/829 146/847 222/848
f 222/848 146/847 135/849
f 135/849 146/847 258/846
f 258/846 287/844 97/850
f 258/846 97/850 135/849
f 97/850 287/844 218/845
f 135/849 97/850 64/851
f 97/850 218/845 29/852
f 97/850 29/852 64/851
f 29/852 218/845 205/853
f 64/851 29/852 890/854
f 29/852 205/853 52/855
f 29/852 52/855 890/854
f 417/856 332/857 337/858
f 337/858 332/857 253/859
f 332/857 417/856 386/860
f 253/859 332/857 299/861
f 299/861 332/857 386/860
f 253/859 299/861 302/862
f 302/862 299/861 386/860
f 302/862 386/860 273/863
f 414/864 305/865 295/866
f 305/865 414/864 480/867
f 414/864 295/866 458/868
f 480/867 414/864 518/869
f 518/869 414/864 458/868
f 480/867 518/869 489/870
f 489/870 518/869 542/871
f 542/871 518/869 482/872
f 482/872 518/869 458/868
f 458/868 295/866 336/873
f 336/873 295/866 391/874
f 391/874 295/866 374/875
f 336/873 391/874 399/876
f 336/873 399/876 294/877
f 768/878 776/879 741/880
f 776/879 768/878 715/881
f 715/881 768/878 741/880
f 741/880 776/879 724/882
f 776/879 715/881 733/883
f 776/879 733/883 743/884
f 743/884 733/883 668/885
f 743/884 668/885 690/886
f 733/883 715/881 686/887
f 733/883 686/887 668/885
f 668/885 686/887 629/888
f 668/885 629/888 612/889
f 686/887 715/881 664/890
f 686/887 664/890 629/888
f 612/889 629/888 602/891
f 602/891 629/888 664/890
f 612/889 602/891 525/892
f 664/890 715/881 708/893
f 708/893 715/881 741/880
f 602/891 664/890 669/894
f 669/894 664/890 708/893
f 708/893 741/880 702/895
f 708/893 702/895 669/894
f 702/895 741/880 731/896
f 702/895 731/896 669/894
f 731/896 741/880 710/897
f 710/897 741/880 724/882
f 710/897 724/882 705/898
f 710/897 705/898 663/899
f 731/896 710/897 644/900
f 644/900 710/897 663/899
f 669/894 731/896 637/901
f 637/901 731/896 644/900
f 644/900 663/899 590/902
f 644/900 590/902 637/901
f 590/902 663/899 507/903
f 590/902 507/903 509/904
f 590/902 509/904 565/905
f 590/902 565/905 637/901
f 637/901 565/905 669/894
f 669/894 565/905 602/891
f 602/891 565/905 525/892
f 525/892 565/905 529/906
f 525/892 529/906 469/907
f 525/892 469/907 468/908
f 468/908 469/907 373/909
f 468/908 373/909 339/910
f 468/908 339/910 460/911
f 1488/912 1489/913 1440/914
f 1440/914 1489/913 1428/915
f 1428/915 1489/913 1311/916
f 1311/916 1489/913 1343/917
f 1489/913 1488/912 1563/918
f 1343/917 1489/913 1450/919
f 1489/913 1563/918 1555/920
f 1489/913 1555/920 1450/919
f 1555/920 1563/918 1547/921
f 1450/919 1555/920 1451/922
f 1450/919 1451/922 1449/923
f 1451/922 1555/920 1557/924
f 1557/924 1555/920 1547/921
f 1451/922 1557/924 1439/925
f 1439/925 1557/924 1301/926
f 1557/924 1547/921 1546/927
f 1546/927 1547/921 1509/928
f 1546/927 1509/928 1483/929
f 1557/924 1546/927 1526/930
f 1557/924 1526/930 1301/926
f 1301/926 1526/930 1231/931
f 1301/926 1231/931 1192/932
f 1192/932 1231/931 1061/933
f 1061/933 1231/931 1380/934
f 1380/934 1231/931 1526/930
f 1380/934 1526/930 1452/935
f 496/936 417/937 432/938
f 496/936 432/938 580/939
f 496/936 580/939 473/940
f 473/940 580/939 541/941
f 473/940 541/941 472/942
f 473/940 472/942 431/943
f 472/942 541/941 579/944
f 305/945 336/946 252/947
f 458/948 305/945 480/949
f 305/945 458/948 336/946
f 294/950 39/951 336/946
f 336/946 39/951 182/952
f 336/946 182/952 285/953
f 285/953 182/952 233/954
f 336/946 285/953 252/947
f 252/947 285/953 393/955
f 252/947 393/955 424/956
f 252/947 424/956 415/957
f 252/947 415/957 197/958
f 415/957 424/956 454/959
f 537/960 465/961 516/962
f 465/961 537/960 432/963
f 432/963 537/960 519/964
f 432/963 519/964 580/965
f 580/965 519/964 579/966
f 579/966 519/964 523/967
f 579/966 523/967 472/968
f 472/968 523/967 431/969
f 431/969 523/967 519/964
f 431/969 519/964 537/960
f 431/969 537/960 499/970
f 431/969 499/970 367/971
f 509/972 460/973 339/974
f 509/972 339/974 529/975
f 509/972 529/975 565/976
f 529/975 339/974 245/977
f 529/975 245/977 357/978
f 357/978 245/977 37/979
f 529/975 357/978 469/980
f 357/978 37/979 227/981
f 357/978 227/981 469/980
f 469/980 227/981 169/982
f 469/980 169/982 373/983
f 373/983 169/982 147/984
f 373/983 147/984 339/985
f 339/985 147/984 245/986
f 170/987 314/988 206/989
f 170/987 206/989 31/990
f 31/990 206/989 174/991
f 206/989 314/988 394/992
f 394/992 314/988 388/993
f 394/992 388/993 524/994
f 394/992 524/994 504/995
f 504/995 524/994 455/996
f 394/992 504/995 355/997
f 355/997 504/995 455/996
f 394/992 355/997 206/989
f 355/997 455/996 259/998
f 355/997 259/998 206/989
f 206/989 259/998 174/991
f 174/991 259/998 196/999
f 174/991 196/999 69/1000
f 69/1000 196/999 966/1001
f 69/1000 966/1001 918/1002
f 966/1001 196/999 3/1003
f 966/1001 3/1003 1115/1004
f 196/999 259/998 243/1005
f 196/999 243/1005 3/1003
f 243/1005 259/998 291/1006
f 3/1003 243/1005 79/1007
f 79/1007 243/1005 291/1006
f 118/1008 120/1009 268/1010
f 268/1010 120/1009 327/1011
f 120/1009 118/1008 982/1012
f 982/1012 118/1008 942/1013
f 120/1009 982/1012 1067/1014
f 982/1012 942/1013 1049/1015
f 120/1009 1067/1014 39/1016
f 120/1009 39/1016 327/1011
f 327/1011 39/1016 294/1017
f 1049/1015 942/1013 923/1018
f 1049/1015 923/1018 995/1019
f 995/1019 923/1018 900/1020
f 900/1020 923/1018 58/1021
f 900/1020 58/1021 82/1022
f 900/1020 82/1022 155/1023
f 201/1024 321/1025 195/1026
f 321/1025 201/1024 161/1027
f 195/1028 176/1029 151/1030
f 151/1030 176/1029 112/1031
f 151/1030 112/1031 225/1032
f 225/1032 112/1031 75/1033
f 75/1033 112/1031 159/1034
f 112/1031 176/1029 893/1035
f 893/1035 176/1029 66/1036
f 893/1035 66/1036 987/1037
f 159/1034 112/1031 89/1038
f 89/1038 112/1031 893/1035
f 159/1034 89/1038 122/1039
f 122/1039 89/1038 57/1040
f 57/1040 89/1038 893/1035
f 57/1040 893/1035 75/1041
f 57/1040 75/1041 138/1042
f 138/1042 75/1041 159/1043
f 220/1044 314/1045 170/1046
f 314/1045 220/1044 297/1047
f 314/1045 297/1047 388/1048
f 388/1048 297/1047 404/1049
f 297/1047 220/1044 281/1050
f 297/1047 281/1050 404/1049
f 388/1048 404/1049 410/1051
f 410/1051 404/1049 281/1050
f 388/1048 410/1051 524/1052
f 524/1052 410/1051 351/1053
f 351/1053 410/1051 335/1054
f 335/1054 410/1051 281/1050
f 335/1054 281/1050 229/1055
f 229/1055 281/1050 191/1056
f 191/1056 281/1050 220/1044
f 229/1055 191/1056 27/1057
f 191/1056 220/1044 119/1058
f 119/1058 220/1044 170/1046
f 27/1057 191/1056 906/1059
f 906/1059 191/1056 119/1058
f 27/1057 906/1059 959/1060
f 27/1057 959/1060 948/1061
f 959/1060 906/1059 1083/1062
f 959/1060 1083/1062 948/1061
f 948/1061 1083/1062 1131/1063
f 1083/1062 906/1059 119/1058
f 1083/1062 119/1058 993/1064
f 44/1065 119/1058 170/1046
f 44/1065 170/1046 31/1066
f 993/1064 119/1058 4/1067
f 4/1067 119/1058 44/1065
f 4/1067 44/1065 31/1066
f 993/1064 4/1067 50/1068
f 4/1067 31/1066 174/1069
f 4/1067 174/1069 50/1068
f 50/1068 174/1069 69/1070
f 301/1071 158/1072 247/1073
f 301/1071 247/1073 401/1074
f 158/1072 301/1071 233/1075
f 158/1072 233/1075 182/1076
f 158/1072 182/1076 345/1077
f 195/1078 151/1079 122/1080
f 122/1080 151/1079 159/1081
f 159/1081 151/1079 225/1082
f 159/1081 225/1082 161/1083
f 161/1083 225/1082 321/1084
f 482/1085 458/1086 467/1087
f 467/1087 458/1086 393/1088
f 393/1088 458/1086 480/1089
f 489/1090 454/1091 480/1089
f 480/1089 454/1091 393/1088
f 393/1088 454/1091 424/1092
f 467/1087 393/1088 323/1093
f 467/1087 323/1093 390/1094
f 390/1094 323/1093 183/1095
f 323/1093 393/1088 415/1096
f 415/1096 393/1088 285/1097
f 415/1096 285/1097 197/1098
f 323/1093 415/1096 301/1099
f 323/1093 301/1099 276/1100
f 276/1100 301/1099 345/1101
f 301/1099 415/1096 233/1102
f 233/1102 415/1096 247/1103
f 247/1103 415/1096 401/1104
f 1229/1105 1190/1106 1212/1107
f 1190/1106 1229/1105 1245/1108
f 1212/1107 1190/1106 1161/1109
f 1190/1106 1245/1108 1294/1110
f 1212/1107 1161/1109 1264/1111
f 1212/1107 1264/1111 1277/1112
f 1212/1107 1277/1112 1295/1113
f 1212/1107 1295/1113 1292/1114
f 1212/1107 1292/1114 1311/1115
f 1294/1110 1245/1108 1313/1116
f 1313/1116 1245/1108 1343/1117
f 1313/1116 1343/1117 1292/1118
f 1313/1116 1292/1118 1295/1119
f 1294/1110 1313/1116 1444/1120
f 1444/1120 1313/1116 1295/1119
f 1294/1110 1444/1120 1451/1121
f 1444/1120 1295/1119 1449/1122
f 1444/1120 1449/1122 1451/1121
f 273/1123 386/1124 371/1125
f 273/1123 371/1125 359/1126
f 273/1123 359/1126 367/1127
f 367/1127 359/1126 419/1128
f 367/1127 419/1128 506/1129
f 367/1127 506/1129 473/1130
f 367/1127 473/1130 431/1131
f 94/1132 201/1133 195/1134
f 201/1133 94/1132 65/1135
f 201/1133 65/1135 161/1136
f 94/1132 195/1134 122/1137
f 94/1132 122/1137 911/1138
f 911/1138 122/1137 21/1139
f 21/1139 122/1137 908/1140
f 599/1141 632/1142 561/1143
f 599/1141 561/1143 539/1144
f 599/1141 539/1144 528/1145
f 599/1141 528/1145 497/1146
f 599/1141 497/1146 511/1147
f 176/1148 156/1149 102/1150
f 156/1149 176/1148 225/1151
f 176/1148 102/1150 66/1152
f 983/1153 987/1154 66/1152
f 983/1153 66/1152 75/1155
f 66/1152 102/1150 153/1156
f 66/1152 153/1156 75/1155
f 153/1156 102/1150 38/1157
f 75/1155 153/1156 225/1158
f 153/1156 38/1157 76/1159
f 153/1156 76/1159 225/1158
f 102/1160 156/1161 128/1162
f 102/1160 128/1162 78/1163
f 102/1160 78/1163 38/1164
f 78/1163 128/1162 194/1165
f 38/1164 78/1163 930/1166
f 78/1163 194/1165 76/1167
f 78/1163 76/1167 930/1166
f 76/1167 194/1165 156/1168
f 76/1167 156/1168 225/1169
f 930/1166 76/1167 40/1170
f 40/1170 76/1167 909/1171
f 930/1166 40/1170 108/1172
f 930/1166 108/1172 1036/1173
f 1036/1173 108/1172 171/1174
f 128/1175 108/1176 194/1177
f 194/1177 108/1176 179/1178
f 179/1178 108/1176 40/1179
f 179/1178 40/1179 909/1180
f 179/1178 909/1180 180/1181
f 180/1181 909/1180 171/1182
f 180/1181 171/1182 254/1183
f 171/1182 909/1180 1036/1184
f 94/1185 911/1186 5/1187
f 122/1188 57/1189 902/1190
f 902/1190 57/1189 56/1191
f 122/1188 902/1190 908/1192
f 902/1190 56/1191 1045/1193
f 1045/1193 56/1191 990/1194
f 902/1190 1045/1193 1053/1195
f 908/1192 902/1190 62/1196
f 62/1196 902/1190 1053/1195
f 62/1196 1053/1195 990/1197
f 908/1192 62/1196 63/1198
f 62/1196 990/1197 56/1199
f 63/1198 62/1196 138/1200
f 138/1200 62/1196 56/1199
f 138/1200 56/1199 57/1201
f 63/1198 138/1200 161/1202
f 161/1202 138/1200 159/1203
f 65/1204 94/1205 5/1206
f 65/1204 5/1206 910/1207
f 65/1204 910/1207 106/1208
f 106/1208 910/1207 140/1209
f 910/1207 5/1206 988/1210
f 988/1210 5/1206 911/1211
f 988/1210 911/1211 945/1212
f 988/1210 945/1212 979/1213
f 988/1210 979/1213 1078/1214
f 988/1210 1078/1214 1140/1215
f 988/1210 1140/1215 1143/1216
f 988/1210 1143/1216 910/1207
f 910/1207 1143/1216 921/1217
f 910/1207 921/1217 140/1209
f 921/1217 1143/1216 1051/1218
f 140/1209 921/1217 53/1219
f 140/1209 53/1219 163/1220
f 163/1220 53/1219 85/1221
f 85/1221 53/1219 168/1222
f 168/1222 53/1219 134/1223
f 134/1223 53/1219 921/1217
f 921/1217 1051/1218 35/1224
f 921/1217 35/1224 134/1223
f 35/1224 1051/1218 1055/1225
f 35/1224 1055/1225 957/1226
f 134/1223 35/1224 129/1227
f 35/1224 957/1226 916/1228
f 35/1224 916/1228 129/1227
f 129/1227 916/1228 953/1229
f 539/1230 561/1231 470/1232
f 470/1232 561/1231 474/1233
f 470/1232 474/1233 420/1234
f 420/1234 474/1233 517/1235
f 517/1235 474/1233 554/1236
f 554/1236 474/1233 483/1237
f 580/1238 579/1239 541/1240
f 326/1241 160/1242 345/1243
f 160/1242 326/1241 276/1244
f 326/1241 345/1243 320/1245
f 320/1245 345/1243 385/1246
f 385/1246 345/1243 301/1247
f 385/1246 301/1247 401/1248
f 385/1246 401/1248 415/1249
f 385/1246 415/1249 454/1250
f 320/1245 385/1246 382/1251
f 320/1245 382/1251 284/1252
f 385/1246 454/1250 568/1253
f 568/1253 454/1250 489/1254
f 284/1252 382/1251 221/1255
f 385/1246 568/1253 475/1256
f 385/1246 475/1256 382/1251
f 475/1256 568/1253 492/1257
f 492/1257 568/1253 546/1258
f 492/1257 546/1258 521/1259
f 475/1256 492/1257 376/1260
f 475/1256 376/1260 382/1251
f 376/1260 492/1257 521/1259
f 382/1251 376/1260 221/1255
f 376/1260 521/1259 213/1261
f 376/1260 213/1261 221/1255
f 213/1261 521/1259 390/1262
f 221/1255 213/1261 928/1263
f 221/1255 928/1263 1/1264
f 1/1264 928/1263 1129/1265
f 216/1266 135/1267 64/1268
f 216/1266 64/1268 238/1269
f 238/1269 64/1268 890/1270
f 238/1269 890/1270 189/1271
f 189/1271 890/1270 74/1272
f 74/1272 890/1270 961/1273
f 74/1272 961/1273 115/1274
f 74/1272 115/1274 189/1271
f 238/1269 189/1271 349/1275
f 238/1269 349/1275 392/1276
f 392/1276 349/1275 372/1277
f 372/1277 349/1275 312/1278
f 349/1275 189/1271 289/1279
f 349/1275 289/1279 312/1278
f 289/1279 189/1271 290/1280
f 289/1279 290/1280 312/1278
f 290/1280 189/1271 115/1274
f 312/1278 290/1280 249/1281
f 249/1281 290/1280 236/1282
f 236/1282 290/1280 115/1274
f 236/1282 115/1274 107/1283
f 236/1282 107/1283 181/1284
f 898/1285 115/1274 961/1273
f 115/1274 898/1285 107/1283
f 898/1285 961/1273 1028/1286
f 898/1285 1028/1286 940/1287
f 898/1285 940/1287 107/1283
f 940/1287 1028/1286 1108/1288
f 181/1284 107/1283 42/1289
f 42/1289 107/1283 940/1287
f 181/1284 42/1289 36/1290
f 36/1290 42/1289 940/1287
f 181/1284 36/1290 188/1291
f 940/1287 1108/1288 994/1292
f 940/1287 994/1292 36/1290
f 188/1291 36/1290 137/1293
f 137/1293 36/1290 61/1294
f 61/1294 36/1290 949/1295
f 994/1292 1108/1288 1058/1296
f 994/1292 1058/1296 36/1290
f 36/1290 1058/1296 949/1295
f 1058/1296 1108/1288 1193/1297
f 1058/1296 1193/1297 949/1295
f 949/1295 1193/1297 1073/1298
f 46/1299 161/1300 65/1301
f 46/1299 65/1301 106/1302
f 46/1299 106/1302 60/1303
f 945/1304 897/1305 46/1299
f 945/1304 46/1299 60/1303
f 945/1304 60/1303 979/1306
f 979/1306 60/1303 34/1307
f 34/1307 60/1303 192/1308
f 34/1307 192/1308 173/1309
f 60/1303 106/1302 292/1310
f 60/1303 292/1310 192/1308
f 192/1308 292/1310 173/1309
f 173/1309 292/1310 224/1311
f 224/1311 292/1310 263/1312
f 263/1312 292/1310 275/1313
f 263/1312 275/1313 315/1314
f 275/1313 292/1310 338/1315
f 338/1315 292/1310 396/1316
f 897/1317 21/1318 105/1319
f 897/1317 105/1319 161/1320
f 161/1320 105/1319 63/1321
f 105/1319 21/1318 1258/1322
f 63/1321 105/1319 1139/1323
f 1139/1323 105/1319 1258/1322
f 63/1321 1139/1323 1145/1324
f 1258/1322 21/1318 908/1325
f 1258/1322 908/1325 1230/1326
f 1230/1326 908/1325 63/1327
f 1230/1326 63/1327 1145/1328
f 82/1329 39/1330 250/1331
f 82/1329 250/1331 155/1332
f 250/1331 39/1330 209/1333
f 209/1333 39/1330 155/1334
f 155/1334 39/1330 900/1335
f 900/1335 39/1330 947/1336
f 945/1337 911/1338 897/1339
f 897/1339 911/1338 21/1340
f 46/1341 897/1342 161/1343
f 900/1344 947/1345 995/1346
f 995/1346 947/1345 1089/1347
f 995/1346 1089/1347 1049/1348
f 1089/1347 947/1345 1003/1349
f 1049/1348 1089/1347 1175/1350
f 1049/1348 1175/1350 982/1351
f 982/1351 1175/1350 1297/1352
f 982/1351 1297/1352 1067/1353
f 1297/1352 1175/1350 1217/1354
f 1217/1354 1175/1350 1089/1347
f 1297/1352 1217/1354 1267/1355
f 978/1356 1003/1349 947/1345
f 978/1356 947/1345 39/1357
f 978/1356 39/1357 1067/1358
f 1062/1359 1089/1347 1003/1349
f 1089/1347 1062/1359 1217/1354
f 1062/1359 1003/1349 978/1356
f 1124/1360 1267/1355 1217/1354
f 1124/1360 1217/1354 1062/1359
f 1267/1355 1124/1360 1199/1361
f 978/1356 1067/1358 1044/1362
f 978/1356 1044/1362 1062/1359
f 1062/1359 1044/1362 1124/1360
f 1124/1360 1044/1362 1199/1361
f 1044/1362 1067/1358 1195/1363
f 1044/1362 1195/1363 1199/1361
f 1295/1364 1460/1365 1449/1366
f 1460/1365 1295/1364 1277/1367
f 1460/1365 1277/1367 1401/1368
f 1401/1368 1277/1367 1451/1369
f 1451/1369 1277/1367 1294/1370
f 99/1371 938/1372 52/1373
f 52/1373 938/1372 890/1374
f 890/1374 938/1372 961/1375
f 99/1371 52/1373 205/1376
f 938/1372 99/1371 895/1377
f 938/1372 895/1377 961/1375
f 99/1371 205/1376 164/1378
f 99/1371 164/1378 895/1377
f 961/1375 895/1377 992/1379
f 961/1375 992/1379 1028/1380
f 992/1379 895/1377 13/1381
f 13/1381 895/1377 164/1378
f 1028/1380 992/1379 986/1382
f 986/1382 992/1379 13/1381
f 1028/1380 986/1382 1034/1383
f 1028/1380 1034/1383 1108/1384
f 986/1382 13/1381 68/1385
f 986/1382 68/1385 1034/1383
f 68/1385 13/1381 164/1378
f 1108/1384 1034/1383 1080/1386
f 1108/1384 1080/1386 1193/1387
f 1080/1386 1034/1383 907/1388
f 907/1388 1034/1383 68/1385
f 1080/1386 907/1388 932/1389
f 932/1389 907/1388 68/1385
f 1193/1387 1080/1386 1166/1390
f 1166/1390 1080/1386 932/1389
f 1193/1387 1166/1390 1073/1391
f 1073/1391 1166/1390 931/1392
f 1166/1390 932/1389 1030/1393
f 1166/1390 1030/1393 931/1392
f 931/1392 1030/1393 932/1389
f 931/1392 932/1389 177/1394
f 177/1394 932/1389 68/1385
f 931/1392 177/1394 80/1395
f 61/1396 80/1395 137/1397
f 137/1397 80/1395 177/1394
f 137/1397 177/1394 188/1398
f 188/1398 177/1394 181/1399
f 177/1394 68/1385 193/1400
f 177/1394 193/1400 181/1399
f 193/1400 68/1385 248/1401
f 193/1400 248/1401 181/1399
f 181/1399 248/1401 236/1402
f 248/1401 68/1385 164/1378
f 236/1402 248/1401 249/1403
f 249/1403 248/1401 164/1378
f 249/1403 164/1378 312/1404
f 312/1404 164/1378 205/1376
f 312/1404 205/1376 372/1405
f 372/1405 205/1376 218/1406
f 372/1405 218/1406 392/1407
f 968/1408 38/1409 930/1410
f 968/1408 930/1410 1035/1411
f 1035/1411 930/1410 1036/1412
f 1035/1411 1036/1412 1200/1413
f 1200/1413 1036/1412 1082/1414
f 1082/1414 1036/1412 976/1415
f 976/1415 1036/1412 909/1416
f 976/1415 909/1416 76/1417
f 976/1415 76/1417 38/1418
f 976/1415 38/1418 968/1419
f 447/1420 539/1421 470/1422
f 539/1421 447/1420 528/1423
f 447/1420 470/1422 428/1424
f 447/1420 428/1424 378/1425
f 378/1425 428/1424 440/1426
f 440/1426 428/1424 341/1427
f 440/1426 341/1427 405/1428
f 440/1426 405/1428 497/1429
f 497/1429 405/1428 481/1430
f 497/1429 481/1430 511/1431
f 440/1426 497/1429 438/1432
f 440/1426 438/1432 378/1425
f 438/1432 497/1429 425/1433
f 438/1432 425/1433 354/1434
f 438/1432 354/1434 405/1435
f 438/1432 405/1435 378/1425
f 405/1435 354/1434 242/1436
f 378/1425 405/1435 341/1437
f 378/1425 341/1437 306/1438
f 306/1438 341/1437 223/1439
f 554/1440 499/1441 599/1442
f 499/1441 554/1440 494/1443
f 499/1441 494/1443 416/1444
f 494/1443 554/1440 483/1445
f 416/1444 494/1443 439/1446
f 494/1443 483/1445 420/1447
f 420/1447 483/1445 330/1448
f 494/1443 420/1447 517/1449
f 494/1443 517/1449 439/1446
f 439/1446 517/1449 437/1450
f 437/1450 517/1449 511/1451
f 511/1451 517/1449 599/1452
f 599/1452 517/1449 554/1453
f 893/1454 987/1455 1008/1456
f 893/1454 1008/1456 75/1457
f 1008/1456 987/1455 1035/1458
f 1035/1458 987/1455 983/1459
f 1035/1458 983/1459 968/1460
f 1008/1456 1035/1458 1119/1461
f 1119/1461 1035/1458 1200/1462
f 163/1463 235/1464 140/1465
f 235/1464 163/1463 226/1466
f 235/1464 226/1466 272/1467
f 140/1465 235/1464 271/1468
f 140/1465 271/1468 106/1469
f 235/1464 272/1467 241/1470
f 235/1464 241/1470 271/1468
f 241/1470 272/1467 198/1471
f 241/1470 198/1471 168/1472
f 106/1469 271/1468 292/1473
f 241/1470 168/1472 212/1474
f 241/1470 212/1474 271/1468
f 212/1474 168/1472 134/1475
f 212/1474 134/1475 244/1476
f 212/1474 244/1476 271/1468
f 244/1476 134/1475 129/1477
f 244/1476 129/1477 203/1478
f 346/1479 292/1473 271/1468
f 346/1479 271/1468 244/1476
f 292/1473 346/1479 396/1480
f 396/1480 346/1479 412/1481
f 346/1479 244/1476 328/1482
f 328/1482 244/1476 203/1478
f 412/1481 346/1479 329/1483
f 329/1483 346/1479 328/1482
f 329/1483 328/1482 203/1478
f 329/1483 203/1478 228/1484
f 329/1483 228/1484 224/1485
f 329/1483 224/1485 315/1486
f 254/1487 367/1488 330/1489
f 330/1489 367/1488 356/1490
f 330/1489 356/1490 207/1491
f 330/1489 207/1491 267/1492
f 207/1491 356/1490 178/1493
f 209/1494 155/1495 261/1496
f 209/1494 261/1496 183/1497
f 183/1497 261/1496 320/1498
f 261/1496 155/1495 250/1499
f 261/1496 250/1499 320/1498
f 320/1498 250/1499 326/1500
f 326/1500 250/1499 276/1501
f 276/1501 250/1499 209/1502
f 276/1501 209/1502 323/1503
f 323/1503 209/1502 183/1504
f 229/1505 260/1506 335/1507
f 260/1506 229/1505 139/1508
f 139/1508 229/1505 11/1509
f 11/1509 229/1505 27/1510
f 11/1509 27/1510 948/1511
f 139/1508 11/1509 955/1512
f 955/1512 11/1509 948/1511
f 260/1506 139/1508 127/1513
f 127/1513 139/1508 955/1512
f 310/1514 335/1507 260/1506
f 310/1514 260/1506 127/1513
f 127/1513 955/1512 111/1515
f 127/1513 111/1515 310/1514
f 955/1512 948/1511 20/1516
f 955/1512 20/1516 111/1515
f 111/1515 20/1516 310/1514
f 20/1516 948/1511 926/1517
f 348/1518 335/1507 310/1514
f 335/1507 348/1518 351/1519
f 310/1514 20/1516 81/1520
f 81/1520 20/1516 926/1517
f 348/1518 310/1514 210/1521
f 348/1518 210/1521 351/1519
f 210/1521 310/1514 81/1520
f 351/1519 210/1521 167/1522
f 167/1522 210/1521 81/1520
f 81/1520 926/1517 215/1523
f 167/1522 81/1520 47/1524
f 81/1520 215/1523 117/1525
f 81/1520 117/1525 47/1524
f 470/1526 420/1527 369/1528
f 470/1526 369/1528 360/1529
f 360/1529 369/1528 293/1530
f 293/1530 369/1528 267/1531
f 267/1531 369/1528 439/1532
f 267/1531 439/1532 437/1533
f 267/1531 437/1533 309/1534
f 293/1530 267/1531 207/1535
f 293/1530 207/1535 231/1536
f 231/1536 207/1535 186/1537
f 186/1537 207/1535 67/1538
f 67/1538 207/1535 178/1539
f 67/1538 178/1539 17/1540
f 186/1537 67/1538 165/1541
f 186/1537 165/1541 223/1542
f 223/1542 165/1541 306/1543
f 980/1544 75/1545 1008/1546
f 75/1545 980/1544 983/1547
f 980/1544 1008/1546 1045/1548
f 1045/1548 1008/1546 1053/1549
f 980/1544 1045/1548 990/1550
f 980/1544 990/1550 1082/1551
f 980/1544 1082/1551 983/1547
f 983/1547 1082/1551 976/1552
f 983/1547 976/1552 968/1553
f 116/1554 226/1555 163/1556
f 226/1555 116/1554 166/1557
f 226/1555 166/1557 272/1558
f 116/1554 163/1556 886/1559
f 272/1558 166/1557 142/1560
f 98/1561 198/1562 272/1558
f 98/1561 272/1558 142/1560
f 98/1561 142/1560 7/1563
f 7/1563 142/1560 999/1564
f 999/1564 142/1560 887/1565
f 999/1564 887/1565 1116/1566
f 142/1560 166/1557 920/1567
f 142/1560 920/1567 887/1565
f 887/1565 920/1567 1116/1566
f 920/1567 166/1557 116/1554
f 1116/1566 920/1567 971/1568
f 971/1568 920/1567 116/1554
f 971/1568 116/1554 886/1559
f 1116/1566 971/1568 1169/1569
f 1169/1569 971/1568 886/1559
f 1169/1569 886/1559 977/1570
f 1169/1569 977/1570 1194/1571
f 977/1570 886/1559 6/1572
f 6/1572 886/1559 163/1556
f 6/1572 163/1556 85/1573
f 6/1572 85/1573 84/1574
f 6/1572 84/1574 977/1570
f 84/1574 85/1573 168/1575
f 84/1574 168/1575 198/1576
f 84/1574 198/1576 98/1577
f 977/1570 84/1574 958/1578
f 958/1578 84/1574 98/1577
f 977/1570 958/1578 1194/1571
f 958/1578 98/1577 7/1579
f 1194/1571 958/1578 1084/1580
f 1084/1580 958/1578 7/1579
f 1190/1581 1294/1582 1192/1583
f 1190/1581 1192/1583 1161/1584
f 1161/1584 1192/1583 1004/1585
f 1192/1583 1294/1582 1301/1586
f 1301/1586 1294/1582 1277/1587
f 420/1588 330/1589 369/1590
f 369/1590 330/1589 358/1591
f 358/1591 330/1589 267/1592
f 369/1590 358/1591 439/1593
f 358/1591 267/1592 416/1594
f 358/1591 416/1594 439/1593
f 147/1595 169/1596 54/1597
f 147/1595 54/1597 954/1598
f 147/1595 954/1598 245/1599
f 245/1599 954/1598 37/1600
f 954/1598 54/1597 1047/1601
f 1047/1601 54/1597 1048/1602
f 1048/1602 54/1597 169/1596
f 1047/1601 1048/1602 1185/1603
f 1048/1602 169/1596 984/1604
f 984/1604 169/1596 227/1605
f 984/1604 227/1605 37/1606
f 1048/1602 984/1604 1102/1607
f 1102/1607 984/1604 936/1608
f 1185/1603 1048/1602 1145/1609
f 1145/1609 1048/1602 1102/1607
f 1185/1603 1145/1609 1139/1610
f 1145/1609 1102/1607 1178/1611
f 1145/1609 1178/1611 1230/1612
f 1230/1612 1178/1611 1244/1613
f 1230/1612 1244/1613 1258/1614
f 583/1615 530/1616 524/1617
f 524/1617 530/1616 455/1618
f 455/1618 530/1616 456/1619
f 428/1620 470/1621 511/1622
f 511/1622 470/1621 360/1623
f 428/1620 511/1622 481/1624
f 1401/1625 1392/1626 1460/1627
f 1460/1627 1392/1626 1409/1628
f 1460/1627 1409/1628 1483/1629
f 1392/1626 1401/1625 1439/1630
f 1439/1630 1401/1625 1451/1631
f 364/1632 447/1633 378/1634
f 447/1633 364/1632 407/1635
f 364/1632 378/1634 308/1636
f 364/1632 308/1636 275/1637
f 308/1636 378/1634 322/1638
f 322/1638 378/1634 362/1639
f 390/1640 183/1641 213/1642
f 213/1642 183/1641 90/1643
f 213/1642 90/1643 889/1644
f 213/1642 889/1644 928/1645
f 928/1645 889/1644 1037/1646
f 1037/1646 889/1644 919/1647
f 889/1644 90/1643 145/1648
f 889/1644 145/1648 919/1647
f 145/1648 90/1643 183/1641
f 919/1647 145/1648 95/1649
f 919/1647 95/1649 946/1650
f 145/1648 183/1641 284/1651
f 284/1651 183/1641 320/1652
f 95/1649 145/1648 202/1653
f 202/1653 145/1648 284/1651
f 95/1649 202/1653 1/1654
f 202/1653 284/1651 221/1655
f 202/1653 221/1655 1/1654
f 1019/1656 969/1657 1017/1658
f 1017/1658 969/1657 1090/1659
f 1017/1658 1090/1659 1111/1660
f 1090/1659 969/1657 1043/1661
f 1043/1661 969/1657 1020/1662
f 1043/1661 1020/1662 1096/1663
f 1043/1661 1096/1663 1222/1664
f 1043/1661 1222/1664 1090/1659
f 1222/1664 1096/1663 1265/1665
f 1222/1664 1265/1665 1331/1666
f 1090/1659 1222/1664 1146/1667
f 1090/1659 1146/1667 1111/1660
f 1146/1667 1222/1664 1165/1668
f 1146/1667 1165/1668 1096/1669
f 1146/1667 1096/1669 1111/1660
f 1111/1660 1096/1669 1020/1670
f 407/1671 528/1672 447/1673
f 528/1672 407/1671 497/1674
f 899/1675 896/1676 1009/1677
f 1009/1677 896/1676 997/1678
f 899/1675 1009/1677 1022/1679
f 1022/1679 1009/1677 997/1678
f 896/1676 899/1675 69/1680
f 896/1676 69/1680 997/1678
f 899/1675 1022/1679 894/1681
f 899/1675 894/1681 69/1680
f 894/1681 1022/1679 991/1682
f 991/1682 1022/1679 997/1678
f 997/1678 69/1680 956/1683
f 997/1678 956/1683 991/1682
f 956/1683 69/1680 918/1684
f 991/1682 956/1683 975/1685
f 991/1682 975/1685 1130/1686
f 1130/1686 975/1685 1071/1687
f 975/1685 956/1683 86/1688
f 86/1688 956/1683 110/1689
f 1071/1687 975/1685 996/1690
f 1071/1687 996/1690 1228/1691
f 86/1688 110/1689 175/1692
f 975/1685 86/1688 49/1693
f 975/1685 49/1693 996/1690
f 86/1688 175/1692 208/1694
f 49/1693 86/1688 154/1695
f 154/1695 86/1688 208/1694
f 208/1694 175/1692 274/1696
f 208/1694 274/1696 154/1695
f 274/1696 175/1692 230/1697
f 49/1693 154/1695 130/1698
f 152/1699 996/1690 49/1693
f 152/1699 49/1693 130/1698
f 996/1690 152/1699 1023/1700
f 1023/1700 152/1699 131/1701
f 274/1696 230/1697 152/1699
f 131/1701 152/1699 303/1702
f 303/1702 152/1699 230/1697
f 303/1702 230/1697 291/1703
f 303/1702 291/1703 259/1704
f 152/1699 130/1698 185/1705
f 152/1699 185/1705 274/1696
f 185/1705 130/1698 154/1695
f 257/1706 154/1695 274/1696
f 154/1695 257/1706 185/1705
f 185/1705 257/1706 274/1696
f 1019/1707 1017/1708 1140/1709
f 1019/1707 1140/1709 1078/1710
f 1140/1709 1017/1708 1198/1711
f 1198/1711 1017/1708 1111/1712
f 1140/1709 1198/1711 1143/1713
f 1306/1714 1051/1715 1143/1713
f 1306/1714 1143/1713 1253/1716
f 1253/1716 1143/1713 1198/1711
f 1198/1711 1111/1712 1133/1717
f 1198/1711 1133/1717 1253/1716
f 1253/1716 1133/1717 1177/1718
f 1133/1717 1111/1712 1020/1719
f 1177/1718 1133/1717 1232/1720
f 1133/1717 1020/1719 1019/1721
f 1019/1721 1020/1719 969/1722
f 1133/1717 1019/1721 1078/1723
f 1133/1717 1078/1723 979/1724
f 1133/1717 979/1724 1232/1720
f 1232/1720 979/1724 34/1725
f 383/1726 356/1727 367/1728
f 383/1726 367/1728 499/1729
f 383/1726 499/1729 279/1730
f 383/1726 279/1730 356/1727
f 356/1727 279/1730 178/1731
f 1053/1732 1008/1733 1119/1734
f 1053/1732 1119/1734 990/1735
f 990/1735 1119/1734 1070/1736
f 1070/1736 1119/1734 1244/1737
f 990/1735 1070/1736 1082/1738
f 1070/1736 1244/1737 1178/1739
f 1082/1738 1070/1736 1279/1740
f 1279/1740 1070/1736 1178/1739
f 303/1741 259/1742 455/1743
f 303/1741 455/1743 456/1744
f 303/1741 456/1744 333/1745
f 303/1741 333/1745 131/1746
f 131/1746 333/1745 1023/1747
f 511/1748 360/1749 437/1750
f 437/1750 360/1749 428/1751
f 437/1750 428/1751 481/1752
f 428/1751 360/1749 293/1753
f 428/1751 293/1753 368/1754
f 428/1751 368/1754 341/1755
f 368/1754 293/1753 400/1756
f 368/1754 400/1756 405/1757
f 400/1756 293/1753 350/1758
f 405/1757 400/1756 481/1759
f 481/1759 400/1756 350/1758
f 481/1759 350/1758 437/1760
f 1264/1761 1301/1762 1277/1763
f 1301/1762 1264/1761 1392/1764
f 1301/1762 1392/1764 1439/1765
f 1392/1764 1264/1761 1409/1766
f 1409/1766 1264/1761 1161/1767
f 1409/1766 1161/1767 1126/1768
f 1126/1768 1161/1767 1004/1769
f 1409/1766 1126/1768 1461/1770
f 1461/1770 1126/1768 1162/1771
f 1162/1771 1126/1768 1042/1772
f 1461/1770 1162/1771 1213/1773
f 1213/1773 1162/1771 1156/1774
f 1156/1774 1162/1771 1110/1775
f 50/1776 69/1777 894/1778
f 1130/1779 894/1778 991/1780
f 894/1778 1130/1779 1197/1781
f 894/1778 1197/1781 50/1776
f 1197/1781 1130/1779 1304/1782
f 50/1776 1197/1781 1266/1783
f 50/1776 1266/1783 993/1784
f 993/1784 1266/1783 1179/1785
f 993/1784 1179/1785 1083/1786
f 1083/1786 1179/1785 1255/1787
f 1255/1787 1179/1785 1266/1783
f 1083/1786 1255/1787 1174/1788
f 1255/1787 1266/1783 1369/1789
f 1369/1789 1266/1783 1197/1781
f 1369/1789 1197/1781 1304/1782
f 1369/1789 1304/1782 1522/1790
f 1522/1790 1304/1782 1372/1791
f 1254/1792 1369/1789 1434/1793
f 1434/1793 1369/1789 1522/1790
f 1522/1790 1372/1791 1389/1794
f 1434/1793 1522/1790 1585/1795
f 1434/1793 1585/1795 1566/1796
f 1585/1795 1522/1790 1415/1797
f 1415/1797 1522/1790 1389/1794
f 1585/1795 1415/1797 1474/1798
f 1474/1798 1415/1797 1517/1799
f 1517/1799 1415/1797 1389/1794
f 1517/1799 1389/1794 1573/1800
f 444/1801 497/1802 407/1803
f 497/1802 444/1801 425/1804
f 425/1804 444/1801 387/1805
f 162/1806 998/1807 101/1808
f 998/1807 162/1806 888/1809
f 888/1809 162/1806 93/1810
f 101/1808 998/1807 1021/1811
f 1021/1811 998/1807 1158/1812
f 101/1808 1021/1811 71/1813
f 71/1813 1021/1811 1032/1814
f 71/1813 1032/1814 93/1815
f 93/1815 1032/1814 1046/1816
f 93/1815 1046/1816 888/1817
f 888/1817 1046/1816 998/1818
f 389/1819 524/1820 351/1821
f 389/1819 351/1821 117/1822
f 117/1822 351/1821 167/1823
f 117/1822 167/1823 47/1824
f 524/1820 389/1819 533/1825
f 524/1820 533/1825 583/1826
f 533/1825 389/1819 456/1827
f 533/1825 456/1827 583/1826
f 456/1827 389/1819 333/1828
f 583/1826 456/1827 530/1829
f 1119/1830 1200/1831 1244/1832
f 1244/1832 1200/1831 1293/1833
f 1244/1832 1293/1833 1376/1834
f 1293/1833 1200/1831 1279/1835
f 1293/1833 1279/1835 1376/1834
f 1279/1835 1200/1831 1082/1836
f 1376/1834 1279/1835 1283/1837
f 1283/1837 1279/1835 1093/1838
f 1283/1837 1093/1838 1081/1839
f 1093/1838 1279/1835 1102/1840
f 1102/1840 1279/1835 1178/1841
f 1093/1838 1102/1840 936/1842
f 1093/1838 936/1842 941/1843
f 1093/1838 941/1843 1081/1839
f 1081/1839 941/1843 922/1844
f 396/1845 407/1846 364/1847
f 407/1846 396/1845 444/1848
f 396/1849 364/1850 338/1851
f 338/1851 364/1850 275/1852
f 416/1853 279/1854 499/1855
f 279/1854 416/1853 309/1856
f 309/1856 416/1853 267/1857
f 279/1854 309/1856 184/1858
f 279/1854 184/1858 178/1859
f 178/1859 184/1858 17/1860
f 378/1861 306/1862 362/1863
f 362/1863 306/1862 425/1864
f 425/1864 306/1862 354/1865
f 354/1865 306/1862 232/1866
f 232/1866 306/1862 165/1867
f 232/1866 165/1867 322/1868
f 926/1869 948/1870 1131/1871
f 926/1869 1131/1871 1060/1872
f 1060/1872 1131/1871 1134/1873
f 1083/1874 1174/1875 1131/1871
f 1131/1871 1174/1875 1255/1876
f 1131/1871 1255/1876 1254/1877
f 1131/1871 1254/1877 1134/1873
f 1254/1877 1255/1876 1369/1878
f 1134/1873 1254/1877 1385/1879
f 1134/1873 1385/1879 1085/1880
f 1085/1880 1385/1879 1213/1881
f 1213/1881 1385/1879 1461/1882
f 1199/1883 1347/1884 1267/1885
f 1267/1885 1347/1884 1297/1886
f 1297/1886 1347/1884 1416/1887
f 1347/1884 1199/1883 1314/1888
f 1314/1888 1199/1883 1195/1889
f 1416/1887 1347/1884 1432/1890
f 1432/1890 1347/1884 1314/1888
f 1416/1887 1432/1890 1521/1891
f 1314/1888 1195/1889 1384/1892
f 1314/1888 1384/1892 1432/1890
f 1521/1891 1432/1890 1514/1893
f 1514/1893 1432/1890 1384/1892
f 1521/1891 1514/1893 1608/1894
f 1384/1892 1195/1889 1391/1895
f 1391/1895 1195/1889 1362/1896
f 1391/1895 1362/1896 1471/1897
f 1384/1892 1391/1895 1531/1898
f 1514/1893 1384/1892 1625/1899
f 1625/1899 1384/1892 1531/1898
f 1514/1893 1625/1899 1608/1894
f 1625/1899 1531/1898 1599/1900
f 1608/1894 1625/1899 1636/1901
f 1608/1894 1636/1901 1645/1902
f 918/1903 966/1904 1007/1905
f 956/1906 918/1903 110/1907
f 110/1907 918/1903 1007/1905
f 110/1907 1007/1905 1065/1908
f 1007/1905 966/1904 1095/1909
f 1095/1909 966/1904 1188/1910
f 1065/1908 1007/1905 1153/1911
f 1153/1911 1007/1905 1095/1909
f 1153/1911 1095/1909 1196/1912
f 1196/1912 1095/1909 1173/1913
f 1196/1912 1173/1913 1274/1914
f 1153/1911 1196/1912 1358/1915
f 1153/1911 1358/1915 1205/1916
f 1065/1908 1153/1911 1325/1917
f 1325/1917 1153/1911 1205/1916
f 1325/1917 1205/1916 1358/1915
f 1065/1908 1325/1917 1339/1918
f 1339/1918 1325/1917 1358/1915
f 308/1919 322/1920 282/1921
f 308/1919 282/1921 48/1922
f 48/1922 282/1921 33/1923
f 33/1923 282/1921 114/1924
f 114/1924 282/1921 342/1925
f 114/1924 342/1925 125/1926
f 114/1924 125/1926 109/1927
f 114/1924 109/1927 33/1923
f 48/1922 33/1923 15/1928
f 48/1922 15/1928 41/1929
f 15/1928 33/1923 984/1930
f 984/1930 33/1923 936/1931
f 41/1929 15/1928 929/1932
f 929/1932 15/1928 984/1930
f 41/1929 929/1932 30/1933
f 929/1932 984/1930 37/1934
f 322/1935 298/1936 282/1937
f 298/1936 322/1935 172/1938
f 172/1938 322/1935 165/1939
f 282/1937 298/1936 353/1940
f 353/1940 298/1936 172/1938
f 282/1937 353/1940 342/1941
f 353/1940 172/1938 234/1942
f 342/1941 353/1940 425/1943
f 353/1940 234/1942 334/1944
f 353/1940 334/1944 425/1943
f 334/1944 234/1942 232/1945
f 425/1943 334/1944 362/1946
f 334/1944 232/1945 322/1947
f 334/1944 322/1947 362/1946
f 396/1948 412/1949 444/1950
f 444/1950 412/1949 387/1951
f 387/1951 412/1949 329/1952
f 387/1951 329/1952 315/1953
f 387/1951 315/1953 318/1954
f 318/1954 315/1953 275/1955
f 318/1954 275/1955 308/1956
f 341/1957 368/1958 223/1959
f 223/1959 368/1958 405/1960
f 223/1959 405/1960 242/1961
f 1165/1962 1222/1963 1262/1964
f 1262/1964 1222/1963 1303/1965
f 1303/1965 1222/1963 1331/1966
f 1262/1964 1303/1965 1302/1967
f 1302/1967 1303/1965 1286/1968
f 1165/1962 1262/1964 1171/1969
f 1171/1969 1262/1964 1241/1970
f 1165/1962 1171/1969 1154/1971
f 1165/1962 1154/1971 1096/1972
f 1154/1971 1171/1969 1167/1973
f 1167/1973 1171/1969 1184/1974
f 1096/1972 1154/1971 1284/1975
f 1096/1972 1284/1975 1265/1976
f 1154/1971 1167/1973 1208/1977
f 1154/1971 1208/1977 1284/1975
f 1208/1977 1167/1973 1256/1978
f 1284/1975 1208/1977 1303/1979
f 1208/1977 1256/1978 1286/1980
f 1208/1977 1286/1980 1303/1979
f 308/1981 377/1982 318/1983
f 318/1983 377/1982 387/1984
f 387/1984 377/1982 425/1985
f 425/1985 377/1982 342/1986
f 342/1986 377/1982 125/1987
f 125/1987 377/1982 308/1981
f 125/1987 308/1981 48/1988
f 125/1987 48/1988 41/1989
f 125/1987 41/1989 123/1990
f 123/1990 41/1989 187/1991
f 187/1991 41/1989 133/1992
f 133/1992 41/1989 113/1993
f 113/1993 41/1989 30/1994
f 113/1993 30/1994 16/1995
f 230/1996 149/1997 291/1998
f 291/1998 149/1997 79/1999
f 149/1997 230/1996 175/2000
f 149/1997 175/2000 110/2001
f 1337/2002 1385/2003 1254/2004
f 1337/2002 1254/2004 1434/2005
f 1337/2002 1434/2005 1385/2003
f 1385/2003 1434/2005 1504/2006
f 1504/2006 1434/2005 1566/2007
f 1385/2003 1504/2006 1461/2008
f 1139/2009 1258/2010 1185/2011
f 1244/2012 1376/2013 1258/2010
f 1258/2010 1376/2013 1331/2014
f 1258/2010 1331/2014 1265/2015
f 1258/2010 1265/2015 1185/2011
f 1185/2011 1265/2015 1283/2016
f 1185/2011 1283/2016 1081/2017
f 1185/2011 1081/2017 1041/2018
f 1185/2011 1041/2018 1047/2019
f 1047/2019 1041/2018 954/2020
f 954/2020 1041/2018 37/2021
f 1041/2018 1081/2017 922/2022
f 37/2021 1041/2018 929/2023
f 929/2023 1041/2018 922/2022
f 929/2023 922/2022 30/2024
f 1067/2025 1297/2026 1362/2027
f 1067/2025 1362/2027 1195/2028
f 1362/2027 1297/2026 1416/2029
f 1362/2027 1416/2029 1521/2030
f 1409/2031 1461/2032 1483/2033
f 1483/2033 1461/2032 1504/2034
f 1483/2033 1504/2034 1546/2035
f 1546/2035 1504/2034 1586/2036
f 1586/2036 1504/2034 1544/2037
f 1586/2036 1544/2037 1566/2038
f 1241/2039 1262/2040 1382/2041
f 1184/2042 1171/2043 1241/2039
f 1184/2042 1241/2039 1307/2044
f 1307/2044 1241/2039 1375/2045
f 1375/2045 1241/2039 1382/2041
f 1382/2041 1262/2040 1302/2046
f 1382/2041 1302/2046 1352/2047
f 1352/2047 1302/2046 1411/2048
f 1375/2045 1382/2041 1424/2049
f 1375/2045 1424/2049 1467/2050
f 1382/2041 1352/2047 1458/2051
f 1458/2051 1352/2047 1411/2048
f 1382/2041 1458/2051 1424/2049
f 1411/2048 1302/2046 1393/2052
f 1411/2048 1393/2052 1458/2051
f 1458/2051 1393/2052 1424/2049
f 1393/2052 1302/2046 1286/2053
f 1393/2052 1286/2053 1256/2054
f 1393/2052 1256/2054 1350/2055
f 1393/2052 1350/2055 1419/2056
f 1393/2052 1419/2056 1424/2049
f 1419/2056 1350/2055 1284/2057
f 1419/2056 1284/2057 1390/2058
f 1419/2056 1390/2058 1424/2049
f 1390/2058 1284/2057 1303/2059
f 1390/2058 1303/2059 1331/2060
f 1390/2058 1331/2060 1376/2061
f 1390/2058 1376/2061 1518/2062
f 1390/2058 1518/2062 1424/2049
f 1424/2049 1518/2062 1467/2050
f 1467/2050 1518/2062 1520/2063
f 1430/2064 1344/2065 1520/2063
f 1430/2064 1520/2063 1510/2066
f 1510/2066 1520/2063 1518/2062
f 1430/2064 1510/2066 1441/2067
f 1441/2067 1510/2066 1523/2068
f 1523/2068 1510/2066 1527/2069
f 1527/2069 1510/2066 1518/2062
f 1527/2069 1518/2062 1443/2070
f 1527/2069 1443/2070 1457/2071
f 1055/2072 1051/2073 1272/2074
f 1055/2072 1272/2074 1249/2075
f 1055/2072 1249/2075 1077/2076
f 1249/2075 1272/2074 1345/2077
f 1055/2072 1077/2076 957/2078
f 957/2078 1077/2076 1092/2079
f 957/2078 1092/2079 944/2080
f 957/2078 944/2080 916/2081
f 1345/2077 1272/2074 1327/2082
f 1360/2083 1272/2074 1051/2073
f 1272/2074 1360/2083 1327/2082
f 1360/2083 1051/2073 1306/2084
f 1327/2082 1360/2083 1520/2085
f 1327/2082 1520/2085 1344/2086
f 1520/2085 1360/2083 1467/2087
f 1467/2087 1360/2083 1306/2084
f 1467/2087 1306/2084 1375/2088
f 1375/2088 1306/2084 1232/2089
f 1375/2088 1232/2089 1307/2090
f 1232/2089 1306/2084 1253/2091
f 1232/2089 1253/2091 1177/2092
f 350/2093 293/2094 309/2095
f 350/2093 309/2095 437/2096
f 309/2095 293/2094 231/2097
f 309/2095 231/2097 186/2098
f 309/2095 186/2098 242/2099
f 242/2099 186/2098 223/2100
f 309/2095 242/2099 184/2101
f 184/2101 242/2099 232/2102
f 232/2102 242/2099 354/2103
f 184/2101 232/2102 190/2104
f 1504/2105 1566/2106 1454/2107
f 1454/2107 1566/2106 1544/2108
f 1454/2107 1544/2108 1504/2105
f 1064/2109 1103/2110 1086/2111
f 1103/2110 1064/2109 1054/2112
f 1086/2111 1103/2110 1127/2113
f 1127/2113 1103/2110 1151/2114
f 1086/2111 1127/2113 1160/2115
f 1086/2111 1160/2115 1106/2116
f 1127/2117 1151/2118 1181/2119
f 1127/2117 1181/2119 1216/2120
f 1181/2119 1151/2118 1275/2121
f 1275/2121 1151/2118 1391/2122
f 1275/2121 1391/2122 1471/2123
f 1275/2121 1471/2123 1319/2124
f 1275/2121 1319/2124 1181/2119
f 1181/2119 1319/2124 1216/2120
f 1127/2117 1216/2120 1100/2125
f 1127/2117 1100/2125 1064/2126
f 1100/2125 1216/2120 1106/2127
f 1100/2125 1106/2127 1138/2128
f 1064/2126 1100/2125 1054/2129
f 1100/2125 1138/2128 1125/2130
f 1100/2125 1125/2130 1054/2129
f 1054/2129 1125/2130 1128/2131
f 1054/2129 1128/2131 1142/2132
f 1128/2131 1125/2130 1176/2133
f 1128/2131 1176/2133 1234/2134
f 1234/2134 1176/2133 1125/2130
f 1004/2135 1042/2136 1126/2137
f 1001/2138 1056/2139 1042/2136
f 1056/2139 1001/2138 927/2140
f 1001/2138 1042/2136 937/2141
f 1001/2138 937/2141 927/2140
f 937/2141 1042/2136 1004/2135
f 927/2140 937/2141 124/2142
f 124/2142 937/2141 1004/2135
f 927/2140 124/2142 87/2143
f 124/2142 1004/2135 88/2144
f 88/2144 1004/2135 1027/2145
f 88/2144 1027/2145 891/2146
f 1027/2145 1004/2135 1192/2147
f 891/2146 1027/2145 1061/2148
f 1061/2148 1027/2145 1192/2147
f 1073/2149 931/2150 1079/2151
f 1073/2149 1079/2151 1182/2152
f 1182/2152 1079/2151 973/2153
f 973/2153 1079/2151 1074/2154
f 1074/2154 1079/2151 1068/2155
f 926/2156 1060/2157 8/2158
f 8/2158 1060/2157 1002/2159
f 1002/2159 1060/2157 1085/2160
f 1002/2159 1085/2160 1024/2161
f 1002/2159 1024/2161 8/2158
f 926/2156 8/2158 215/2162
f 8/2158 1024/2161 903/2163
f 215/2162 8/2158 28/2164
f 28/2164 8/2158 903/2163
f 903/2163 1024/2161 1056/2165
f 215/2162 28/2164 126/2166
f 126/2166 28/2164 903/2163
f 903/2163 1056/2165 87/2167
f 87/2167 1056/2165 927/2168
f 903/2163 87/2167 126/2166
f 126/2166 87/2167 157/2169
f 157/2169 87/2167 55/2170
f 157/2169 55/2170 126/2166
f 126/2166 55/2170 12/2171
f 136/2172 215/2162 126/2166
f 136/2172 126/2166 12/2171
f 215/2162 136/2172 117/2173
f 12/2171 55/2170 939/2174
f 12/2171 939/2174 1023/2175
f 1023/2175 939/2174 1122/2176
f 12/2171 1023/2175 934/2177
f 934/2177 1023/2175 333/2178
f 389/2179 117/2173 333/2178
f 12/2171 934/2177 45/2180
f 45/2180 934/2177 333/2178
f 12/2171 45/2180 136/2172
f 45/2180 333/2178 117/2173
f 45/2180 117/2173 136/2172
f 1103/2181 1183/2182 1151/2183
f 1151/2183 1183/2182 1054/2184
f 1054/2184 1183/2182 1088/2185
f 224/2186 263/2187 315/2188
f 173/2189 964/2190 34/2191
f 964/2190 173/2189 32/2192
f 32/2192 173/2189 150/2193
f 150/2193 173/2189 224/2194
f 32/2192 150/2193 92/2195
f 150/2193 224/2194 228/2196
f 92/2195 150/2193 132/2197
f 92/2195 132/2197 113/2198
f 113/2198 132/2197 133/2199
f 132/2197 150/2193 200/2200
f 132/2197 200/2200 133/2199
f 200/2200 150/2193 228/2196
f 133/2199 200/2200 187/2201
f 203/2202 22/2203 228/2196
f 228/2196 22/2203 43/2204
f 187/2201 200/2200 143/2205
f 228/2196 43/2204 148/2206
f 228/2196 148/2206 200/2200
f 200/2200 148/2206 143/2205
f 148/2206 43/2204 32/2207
f 148/2206 32/2207 92/2208
f 148/2206 92/2208 143/2205
f 143/2205 92/2208 91/2209
f 143/2205 91/2209 104/2210
f 91/2209 92/2208 113/2211
f 104/2210 91/2209 26/2212
f 26/2212 91/2209 113/2211
f 1106/2213 1064/2214 1086/2215
f 1064/2214 1106/2213 1127/2216
f 1127/2216 1106/2213 1160/2217
f 1546/2218 1586/2219 1587/2220
f 1546/2218 1587/2220 1526/2221
f 1587/2220 1586/2219 1585/2222
f 1585/2222 1586/2219 1566/2223
f 1587/2220 1585/2222 1474/2224
f 1526/2221 1587/2220 1515/2225
f 1515/2225 1587/2220 1474/2224
f 1526/2221 1515/2225 1452/2226
f 1515/2225 1474/2224 1610/2227
f 1610/2227 1474/2224 1517/2228
f 1042/2229 1110/2230 1162/2231
f 1110/2230 1042/2229 1156/2232
f 1156/2232 1042/2229 1213/2233
f 1085/2234 1213/2233 1024/2235
f 1024/2235 1213/2233 1218/2236
f 1218/2236 1213/2233 1042/2229
f 1218/2236 1042/2229 1099/2237
f 1099/2237 1042/2229 1056/2238
f 1099/2237 1056/2238 1141/2239
f 1099/2237 1141/2239 1061/2240
f 1099/2237 1061/2240 1218/2236
f 1218/2236 1061/2240 1380/2241
f 3/2242 974/2243 1115/2244
f 1085/2245 1060/2246 1134/2247
f 1189/2248 1077/2249 1249/2250
f 1077/2249 1189/2248 1224/2251
f 1077/2249 1224/2251 1092/2252
f 1189/2248 1249/2250 1412/2253
f 1092/2252 1224/2251 1276/2254
f 1224/2251 1189/2248 1387/2255
f 1387/2255 1189/2248 1412/2253
f 1276/2254 1224/2251 1406/2256
f 1406/2256 1224/2251 1387/2255
f 1406/2256 1387/2255 1554/2257
f 1554/2257 1387/2255 1560/2258
f 1560/2258 1387/2255 1549/2259
f 1549/2259 1387/2255 1412/2253
f 1560/2258 1549/2259 1606/2260
f 1026/2261 1092/2252 1276/2254
f 1026/2261 1276/2254 1211/2262
f 1092/2252 1026/2261 944/2263
f 1026/2261 1211/2262 1152/2264
f 944/2263 1026/2261 965/2265
f 965/2265 1026/2261 1152/2264
f 1606/2260 1549/2259 1469/2266
f 1469/2266 1549/2259 1412/2253
f 1606/2260 1469/2266 1568/2267
f 1568/2267 1469/2266 1357/2268
f 1469/2266 1412/2253 1413/2269
f 1469/2266 1413/2269 1357/2268
f 1413/2269 1412/2253 1249/2250
f 1413/2269 1249/2250 1345/2270
f 1413/2269 1345/2270 1427/2271
f 1357/2268 1413/2269 1329/2272
f 1329/2272 1413/2269 1427/2271
f 1357/2268 1329/2272 1364/2273
f 1364/2273 1329/2272 1427/2271
f 1364/2273 1427/2271 1298/2274
f 1361/2275 1283/2276 1265/2277
f 1361/2275 1265/2277 1284/2278
f 1283/2276 1361/2275 1443/2279
f 1283/2276 1443/2279 1376/2280
f 1376/2280 1443/2279 1518/2281
f 1443/2279 1361/2275 1441/2282
f 1441/2282 1361/2275 1284/2278
f 1441/2282 1284/2278 1350/2283
f 1441/2282 1350/2283 1430/2284
f 1341/2285 1344/2286 1430/2284
f 1430/2284 1350/2283 1296/2287
f 1296/2287 1350/2283 1273/2288
f 1430/2284 1296/2287 1307/2289
f 1296/2287 1273/2288 1184/2290
f 1296/2287 1184/2290 1307/2289
f 1184/2290 1273/2288 1226/2291
f 1226/2291 1273/2288 1350/2283
f 1184/2290 1226/2291 1167/2292
f 1226/2291 1350/2283 1256/2293
f 1226/2291 1256/2293 1167/2292
f 1430/2284 1307/2289 1308/2294
f 1430/2284 1308/2294 1341/2285
f 1308/2294 1307/2289 1232/2295
f 1341/2285 1308/2294 1123/2296
f 1123/2296 1308/2294 1232/2295
f 1341/2285 1123/2296 1202/2297
f 1123/2296 1232/2295 34/2298
f 1202/2297 1123/2296 964/2299
f 964/2299 1123/2296 34/2298
f 79/2300 974/2301 3/2302
f 974/2301 79/2300 935/2303
f 935/2303 79/2300 149/2304
f 935/2303 149/2304 952/2305
f 952/2305 149/2304 110/2306
f 1103/2307 1054/2308 1088/2309
f 1103/2307 1088/2309 1183/2310
f 925/2311 1079/2312 931/2313
f 1079/2312 925/2311 1068/2314
f 1068/2314 925/2311 1040/2315
f 925/2311 931/2313 80/2316
f 925/2311 80/2316 61/2317
f 925/2311 61/2317 949/2318
f 925/2311 949/2318 973/2319
f 973/2319 949/2318 1073/2320
f 1160/2321 1106/2322 1238/2323
f 1238/2323 1106/2322 1216/2324
f 1238/2323 1216/2324 1233/2325
f 1233/2325 1216/2324 1125/2326
f 1125/2326 1216/2324 1319/2327
f 1125/2326 1319/2327 1234/2328
f 1234/2328 1319/2327 1471/2329
f 1233/2325 1125/2326 1333/2330
f 1333/2330 1125/2326 1138/2331
f 1238/2323 1233/2325 1285/2332
f 1285/2332 1233/2325 1333/2330
f 1285/2332 1333/2330 1575/2333
f 1238/2323 1285/2332 1138/2334
f 1285/2332 1575/2333 1395/2335
f 1285/2332 1395/2335 1138/2334
f 1138/2334 1395/2335 1378/2336
f 928/2337 1037/2338 1129/2339
f 1129/2339 1037/2338 1219/2340
f 1/2341 1129/2339 1031/2342
f 1031/2342 1129/2339 1268/2343
f 1268/2343 1129/2339 1326/2344
f 1326/2344 1129/2339 1219/2340
f 1268/2343 1326/2344 1431/2345
f 1431/2345 1326/2344 1425/2346
f 1425/2346 1326/2344 1493/2347
f 1326/2344 1219/2340 1403/2348
f 1326/2344 1403/2348 1493/2347
f 1403/2348 1219/2340 1142/2349
f 1493/2347 1403/2348 1471/2350
f 1403/2348 1142/2349 1128/2351
f 1471/2350 1403/2348 1234/2352
f 1234/2352 1403/2348 1128/2351
f 67/2353 172/2354 165/2355
f 936/2356 67/2353 17/2357
f 67/2353 936/2356 33/2358
f 172/2354 67/2353 121/2359
f 121/2359 67/2353 33/2358
f 172/2354 121/2359 234/2360
f 121/2359 33/2358 109/2361
f 234/2360 121/2359 190/2362
f 190/2362 121/2359 109/2361
f 234/2360 190/2362 232/2363
f 190/2362 109/2361 73/2364
f 190/2362 73/2364 184/2365
f 184/2365 73/2364 17/2366
f 73/2364 109/2361 70/2367
f 70/2367 109/2361 125/2368
f 73/2364 70/2367 892/2369
f 73/2364 892/2369 17/2366
f 17/2366 892/2369 936/2370
f 936/2370 892/2369 941/2371
f 1073/2372 1147/2373 973/2374
f 973/2374 1147/2373 1182/2375
f 1147/2373 1073/2372 1287/2376
f 1160/2377 1238/2378 1138/2379
f 1160/2377 1138/2379 1170/2380
f 1170/2380 1138/2379 1106/2381
f 1160/2377 1170/2380 1288/2382
f 1160/2377 1288/2382 1225/2383
f 1288/2382 1170/2380 1225/2384
f 1225/2384 1170/2380 1106/2381
f 1225/2384 1106/2381 1160/2385
f 110/2386 1065/2387 952/2388
f 952/2388 1065/2387 1206/2389
f 952/2388 1206/2389 1204/2390
f 952/2388 1204/2390 1029/2391
f 1029/2391 1204/2390 1259/2392
f 1259/2392 1204/2390 1186/2393
f 1259/2392 1186/2393 1029/2391
f 1186/2393 1204/2390 1289/2394
f 952/2388 1029/2391 1069/2395
f 1069/2395 1029/2391 1186/2393
f 1069/2395 1186/2393 1289/2394
f 1069/2395 1289/2394 1220/2396
f 952/2388 1069/2395 935/2397
f 1069/2395 1220/2396 1097/2398
f 1069/2395 1097/2398 1039/2399
f 1069/2395 1039/2399 935/2397
f 1039/2399 1097/2398 1180/2400
f 935/2397 1039/2399 1095/2401
f 935/2397 1095/2401 1066/2402
f 1095/2401 1039/2399 1173/2403
f 966/2404 1115/2405 1188/2406
f 1188/2406 1115/2405 1379/2407
f 1188/2406 1379/2407 1274/2408
f 1379/2407 1115/2405 1203/2409
f 1203/2409 1115/2405 1235/2410
f 1203/2409 1235/2410 1105/2411
f 1105/2411 1235/2410 1310/2412
f 1203/2409 1105/2411 1091/2413
f 1203/2409 1091/2413 1379/2407
f 1379/2407 1091/2413 1271/2414
f 1379/2407 1271/2414 1402/2415
f 1073/2416 1182/2417 1287/2418
f 1074/2419 1068/2420 1182/2417
f 1182/2417 1068/2420 1116/2421
f 1116/2421 1068/2420 1025/2422
f 1182/2417 1116/2421 1169/2423
f 1116/2421 1025/2422 1013/2424
f 1116/2421 1013/2424 999/2425
f 999/2425 1013/2424 1018/2426
f 1018/2426 1013/2424 925/2427
f 925/2427 1013/2424 1040/2428
f 1040/2428 1013/2424 1025/2422
f 1040/2428 1025/2422 1018/2429
f 1040/2428 1018/2429 1068/2430
f 1068/2430 1018/2429 967/2431
f 1018/2429 1025/2422 1015/2432
f 1018/2429 1015/2432 905/2433
f 1373/2434 1182/2417 1169/2423
f 1182/2417 1373/2434 1287/2418
f 1373/2434 1169/2423 1359/2435
f 1359/2435 1169/2423 1194/2436
f 1359/2435 1194/2436 1084/2437
f 1359/2435 1084/2437 1215/2438
f 1359/2435 1215/2438 1282/2439
f 1359/2435 1282/2439 1406/2440
f 1359/2435 1406/2440 1447/2441
f 1359/2435 1447/2441 1373/2434
f 1447/2441 1406/2440 1554/2442
f 1499/2443 1287/2418 1373/2434
f 1499/2443 1373/2434 1447/2441
f 1287/2418 1499/2443 1505/2444
f 1447/2441 1554/2442 1548/2445
f 1499/2443 1447/2441 1498/2446
f 1498/2446 1447/2441 1548/2445
f 1505/2444 1499/2443 1569/2447
f 1569/2447 1499/2443 1498/2446
f 1505/2444 1569/2447 1554/2442
f 1569/2447 1498/2446 1548/2445
f 1569/2447 1548/2445 1554/2442
f 1054/2448 1214/2449 1151/2450
f 1214/2449 1054/2448 1142/2451
f 1214/2449 1142/2451 1335/2452
f 1214/2449 1335/2452 1397/2453
f 1214/2449 1397/2453 1151/2450
f 1397/2453 1335/2452 1442/2454
f 1397/2453 1442/2454 1581/2455
f 1397/2453 1581/2455 1545/2456
f 1151/2450 1397/2453 1531/2457
f 1151/2450 1531/2457 1391/2458
f 1531/2457 1397/2453 1436/2459
f 1436/2459 1397/2453 1545/2456
f 1436/2459 1545/2456 1506/2460
f 1074/2461 1182/2462 1147/2463
f 1247/2464 1235/2465 1147/2463
f 1147/2463 1235/2465 1115/2466
f 1147/2463 1115/2466 1074/2461
f 1074/2461 1115/2466 974/2467
f 1011/2468 1015/2469 974/2467
f 974/2467 1015/2469 1025/2470
f 974/2467 1025/2470 1074/2461
f 1074/2461 1025/2470 967/2471
f 967/2471 1025/2470 1068/2472
f 1074/2461 967/2471 973/2473
f 905/2474 1015/2475 967/2471
f 967/2471 1015/2475 917/2476
f 967/2471 917/2476 973/2473
f 973/2473 917/2476 905/2477
f 905/2477 917/2476 1018/2478
f 973/2473 905/2477 925/2479
f 925/2479 905/2477 967/2480
f 925/2479 967/2480 1018/2481
f 1362/2482 1521/2483 1471/2484
f 1471/2484 1521/2483 1608/2485
f 1471/2484 1608/2485 1591/2486
f 1471/2484 1591/2486 1600/2487
f 1046/2488 1158/2489 998/2490
f 1158/2489 1046/2488 1270/2491
f 1158/2489 1270/2491 1340/2492
f 1270/2491 1046/2488 1236/2493
f 1340/2492 1270/2491 1445/2494
f 1270/2491 1236/2493 1113/2495
f 1445/2494 1270/2491 1388/2496
f 1388/2496 1270/2491 1113/2495
f 1445/2494 1388/2496 1457/2497
f 1445/2494 1457/2497 1441/2498
f 1441/2498 1457/2497 1443/2499
f 1388/2496 1113/2495 1300/2500
f 1300/2500 1113/2495 1148/2501
f 1155/2502 1113/2495 1236/2493
f 1113/2495 1155/2502 1087/2503
f 1087/2503 1155/2502 1101/2504
f 1095/2505 1188/2506 1066/2507
f 1066/2507 1188/2506 1274/2508
f 1066/2507 1274/2508 1132/2509
f 1132/2509 1274/2508 1173/2510
f 1132/2509 1173/2510 1039/2511
f 1066/2507 1132/2509 1011/2512
f 1011/2512 1132/2509 1091/2513
f 1066/2507 1011/2512 935/2514
f 935/2514 1011/2512 974/2515
f 1011/2512 1091/2513 1105/2516
f 1011/2512 1105/2516 1121/2517
f 1011/2512 1121/2517 1094/2518
f 1147/2519 1250/2520 1247/2521
f 1250/2520 1147/2519 1287/2522
f 1247/2521 1250/2520 1157/2523
f 1247/2521 1157/2523 1121/2524
f 1121/2524 1157/2523 1094/2525
f 1094/2525 1157/2523 1107/2526
f 1250/2520 1287/2522 1278/2527
f 1250/2520 1278/2527 1157/2523
f 1107/2526 1157/2523 1209/2528
f 1278/2527 1287/2522 1505/2529
f 1209/2528 1157/2523 1363/2530
f 1209/2528 1363/2530 1112/2531
f 1157/2523 1278/2527 1408/2532
f 1408/2532 1278/2527 1505/2529
f 1157/2523 1408/2532 1363/2530
f 1363/2530 1408/2532 1513/2533
f 1513/2533 1408/2532 1505/2529
f 1363/2530 1513/2533 1405/2534
f 1513/2533 1505/2529 1577/2535
f 1577/2535 1505/2529 1554/2536
f 1225/2537 1330/2538 1160/2539
f 1636/2540 1625/2541 1637/2542
f 1637/2542 1625/2541 1666/2543
f 1637/2542 1666/2543 1636/2540
f 1071/2544 1251/2545 1130/2546
f 1251/2545 1071/2544 1172/2547
f 1172/2547 1071/2544 1228/2548
f 1172/2547 1228/2548 1221/2549
f 1251/2545 1172/2547 1338/2550
f 1338/2550 1172/2547 1221/2549
f 1130/2546 1251/2545 1407/2551
f 1407/2551 1251/2545 1338/2550
f 1338/2550 1221/2549 1339/2552
f 1338/2550 1339/2552 1407/2551
f 1339/2552 1221/2549 1206/2553
f 1130/2546 1407/2551 1491/2554
f 1130/2546 1491/2554 1304/2555
f 1407/2551 1339/2552 1465/2556
f 1465/2556 1339/2552 1358/2557
f 1407/2551 1465/2556 1491/2554
f 1304/2555 1491/2554 1372/2558
f 1491/2554 1465/2556 1435/2559
f 1435/2559 1465/2556 1400/2560
f 1435/2559 1400/2560 1289/2561
f 1372/2558 1491/2554 1399/2562
f 1372/2558 1399/2562 1260/2563
f 1260/2563 1399/2562 1269/2564
f 1399/2562 1491/2554 1420/2565
f 1420/2565 1491/2554 1435/2559
f 1399/2562 1420/2565 1269/2564
f 1435/2559 1289/2561 1332/2566
f 1435/2559 1332/2566 1420/2565
f 1420/2565 1332/2566 1269/2564
f 1332/2566 1289/2561 1204/2567
f 1269/2564 1332/2566 1228/2568
f 1228/2568 1332/2566 1204/2567
f 1228/2568 1204/2567 1221/2569
f 1221/2569 1204/2567 1206/2570
f 919/2571 1014/2572 1037/2573
f 1037/2573 1014/2572 1219/2574
f 1014/2572 919/2571 946/2575
f 1219/2574 1014/2572 1057/2576
f 1057/2576 1014/2572 946/2575
f 1219/2574 1057/2576 1050/2577
f 1050/2577 1057/2576 946/2575
f 1135/2578 1381/2579 1246/2580
f 1381/2579 1135/2578 1367/2581
f 1246/2580 1381/2579 1459/2582
f 1246/2580 1459/2582 1223/2583
f 141/2584 124/2585 88/2586
f 141/2584 88/2586 459/2587
f 459/2587 88/2586 277/2588
f 277/2588 88/2586 217/2589
f 277/2588 217/2589 296/2590
f 296/2590 217/2589 141/2591
f 916/2592 944/2593 965/2594
f 916/2592 965/2594 989/2595
f 989/2595 965/2594 1072/2596
f 989/2595 1072/2596 1104/2597
f 916/2592 989/2595 953/2598
f 989/2595 1104/2597 1109/2599
f 989/2595 1109/2599 953/2598
f 1164/2600 1187/2601 1104/2597
f 1104/2597 1187/2601 1109/2599
f 1364/2602 1298/2603 1187/2601
f 1427/2604 1345/2605 1298/2603
f 1298/2603 1345/2605 1327/2606
f 1298/2603 1327/2606 1187/2601
f 1187/2601 1327/2606 1237/2607
f 1187/2601 1237/2607 1109/2599
f 1237/2607 1327/2606 1344/2608
f 1109/2599 1237/2607 1136/2609
f 1136/2609 1237/2607 1344/2608
f 1341/2610 1202/2611 1344/2608
f 1344/2608 1202/2611 1136/2609
f 1136/2609 1202/2611 1150/2612
f 1150/2612 1202/2611 1155/2613
f 1109/2599 1136/2609 1006/2614
f 1109/2599 1006/2614 953/2598
f 1136/2609 1150/2612 1075/2615
f 1136/2609 1075/2615 1006/2614
f 1075/2615 1150/2612 1101/2616
f 953/2598 1006/2614 22/2617
f 953/2598 22/2617 203/2618
f 22/2617 1006/2614 904/2619
f 22/2617 904/2619 43/2620
f 1006/2614 1075/2615 1000/2621
f 1006/2614 1000/2621 904/2619
f 1075/2615 1101/2616 1016/2622
f 1075/2615 1016/2622 1000/2621
f 1016/2622 1101/2616 1118/2623
f 1113/2624 1087/2625 1118/2623
f 1118/2623 1087/2625 1016/2622
f 1016/2622 1087/2625 1159/2626
f 904/2619 1000/2621 915/2627
f 904/2619 915/2627 43/2620
f 964/2628 32/2629 43/2620
f 964/2628 43/2620 915/2627
f 964/2628 915/2627 951/2630
f 951/2630 915/2627 9/2631
f 9/2631 915/2627 72/2632
f 915/2627 1000/2621 950/2633
f 72/2632 915/2627 23/2634
f 23/2634 915/2627 950/2633
f 72/2632 23/2634 59/2635
f 72/2632 59/2635 2/2636
f 59/2635 23/2634 10/2637
f 59/2635 10/2637 2/2636
f 10/2637 23/2634 950/2633
f 2/2636 10/2637 970/2638
f 970/2638 10/2637 950/2633
f 972/2639 950/2633 1000/2621
f 950/2633 972/2639 970/2638
f 970/2638 972/2639 1038/2640
f 1038/2640 972/2639 924/2641
f 972/2639 1000/2621 1016/2622
f 972/2639 1016/2622 924/2641
f 924/2641 1016/2622 14/2642
f 14/2642 1016/2622 70/2643
f 70/2643 1016/2622 892/2644
f 123/2645 187/2646 143/2647
f 123/2645 143/2647 103/2648
f 103/2648 143/2647 104/2649
f 103/2648 104/2649 16/2650
f 103/2648 16/2650 30/2651
f 123/2645 103/2648 70/2652
f 70/2652 103/2648 30/2651
f 123/2645 70/2652 125/2653
f 70/2652 30/2651 922/2654
f 70/2652 922/2654 14/2655
f 14/2655 922/2654 943/2656
f 129/2657 953/2658 203/2659
f 113/2660 16/2661 26/2662
f 933/2663 16/2661 943/2664
f 16/2661 933/2663 26/2662
f 26/2662 933/2663 960/2665
f 26/2662 960/2665 914/2666
f 26/2662 914/2666 9/2667
f 26/2662 9/2667 72/2668
f 26/2662 72/2668 104/2669
f 104/2669 72/2668 2/2670
f 104/2669 2/2670 24/2671
f 104/2669 24/2671 14/2672
f 104/2669 14/2672 943/2673
f 104/2669 943/2673 16/2674
f 1084/2675 7/2676 999/2677
f 1084/2675 999/2677 1215/2678
f 1215/2678 999/2677 1018/2679
f 1215/2678 1018/2679 1114/2680
f 1098/2681 1112/2682 1114/2680
f 1215/2678 1114/2680 1210/2683
f 1210/2683 1114/2680 1112/2682
f 1215/2678 1210/2683 1252/2684
f 1215/2678 1252/2684 1282/2685
f 1210/2683 1112/2682 1318/2686
f 1318/2686 1112/2682 1363/2687
f 1276/2688 1406/2689 1282/2685
f 1276/2688 1282/2685 1211/2690
f 1211/2690 1282/2685 1252/2684
f 1252/2684 1210/2683 1227/2691
f 1227/2691 1210/2683 1334/2692
f 1227/2691 1334/2692 1252/2684
f 1334/2692 1210/2683 1318/2686
f 1386/2693 1318/2686 1363/2687
f 1318/2686 1386/2693 1334/2692
f 1386/2693 1363/2687 1405/2694
f 1252/2684 1334/2692 1328/2695
f 1252/2684 1328/2695 1211/2690
f 1328/2695 1334/2692 1386/2693
f 1386/2693 1405/2694 1437/2696
f 1211/2690 1328/2695 1404/2697
f 1404/2697 1328/2695 1386/2693
f 1386/2693 1437/2696 1512/2698
f 1386/2693 1512/2698 1404/2697
f 1512/2698 1437/2696 1496/2699
f 1404/2697 1512/2698 1519/2700
f 1211/2690 1404/2697 1152/2701
f 1152/2701 1404/2697 1168/2702
f 1152/2701 1168/2702 965/2703
f 1168/2702 1404/2697 1368/2704
f 965/2703 1168/2702 1072/2705
f 1072/2705 1168/2702 1368/2704
f 1072/2705 1368/2704 1201/2706
f 1201/2706 1368/2704 1456/2707
f 1201/2706 1456/2707 1299/2708
f 1299/2708 1456/2707 1543/2709
f 1201/2706 1299/2708 1357/2710
f 1357/2710 1299/2708 1543/2709
f 1201/2706 1357/2710 1072/2705
f 1357/2710 1543/2709 1568/2711
f 1072/2705 1357/2710 1164/2712
f 1072/2705 1164/2712 1104/2713
f 1164/2712 1357/2710 1364/2714
f 1164/2712 1364/2714 1187/2715
f 1380/2716 1452/2717 1619/2718
f 1380/2716 1619/2718 1323/2719
f 1323/2719 1619/2718 1582/2720
f 1619/2718 1452/2717 1515/2721
f 1582/2720 1619/2718 1756/2722
f 1619/2718 1515/2721 1686/2723
f 1619/2718 1686/2723 1756/2722
f 1686/2723 1515/2721 1610/2724
f 1756/2722 1686/2723 1896/2725
f 1686/2723 1610/2724 1729/2726
f 1686/2723 1729/2726 1896/2725
f 1636/2727 1666/2728 1645/2729
f 1645/2729 1666/2728 1625/2730
f 1645/2729 1625/2730 1646/2731
f 1646/2731 1625/2730 1639/2732
f 1646/2731 1639/2732 1667/2733
f 1646/2731 1667/2733 1602/2734
f 1646/2731 1602/2734 1631/2735
f 1631/2735 1602/2734 1591/2736
f 1631/2735 1591/2736 1608/2737
f 1631/2735 1608/2737 1645/2738
f 1196/2739 1097/2740 1356/2741
f 1097/2740 1196/2739 1312/2742
f 1356/2741 1097/2740 1220/2743
f 1196/2739 1356/2741 1358/2744
f 1358/2744 1356/2741 1477/2745
f 1358/2744 1477/2745 1465/2746
f 1465/2746 1477/2745 1400/2747
f 1196/2748 1274/2749 1312/2750
f 1312/2750 1274/2749 1377/2751
f 1377/2751 1274/2749 1379/2752
f 1377/2751 1379/2752 1477/2753
f 1377/2751 1477/2753 1356/2754
f 1377/2751 1356/2754 1243/2755
f 1312/2750 1377/2751 1180/2756
f 1312/2750 1180/2756 1097/2757
f 1180/2756 1377/2751 1243/2755
f 1243/2755 1356/2754 1220/2758
f 1180/2756 1243/2755 1132/2759
f 1180/2756 1132/2759 1039/2760
f 1132/2759 1243/2755 1271/2761
f 1132/2759 1271/2761 1091/2762
f 1243/2755 1220/2758 1309/2763
f 1243/2755 1309/2763 1271/2761
f 1309/2763 1220/2758 1289/2764
f 1271/2761 1309/2763 1365/2765
f 1309/2763 1289/2764 1400/2766
f 1309/2763 1400/2766 1365/2765
f 1365/2765 1400/2766 1480/2767
f 1480/2767 1400/2766 1477/2768
f 712/2769 141/2770 459/2771
f 141/2770 712/2769 510/2772
f 712/2769 459/2771 745/2773
f 745/2773 459/2771 671/2774
f 510/2772 712/2769 570/2775
f 510/2772 570/2775 591/2776
f 570/2775 712/2769 662/2777
f 671/2774 459/2771 543/2778
f 671/2774 543/2778 570/2779
f 671/2774 570/2779 662/2780
f 570/2779 543/2778 569/2781
f 570/2779 569/2781 591/2782
f 1024/2783 1218/2784 1141/2785
f 1024/2783 1141/2785 1056/2786
f 1380/2787 1323/2788 1218/2784
f 1218/2784 1323/2788 1191/2789
f 1218/2784 1191/2789 1141/2785
f 1191/2789 1323/2788 1242/2790
f 1141/2785 1191/2789 1117/2791
f 1141/2785 1117/2791 1061/2792
f 1117/2791 1191/2789 1063/2793
f 1061/2792 1117/2791 891/2794
f 891/2794 1117/2791 1063/2793
f 891/2794 1063/2793 963/2795
f 1021/2796 1158/2797 1340/2798
f 1021/2796 1340/2798 1316/2799
f 1021/2796 1316/2799 1032/2800
f 1316/2799 1340/2798 1490/2801
f 1490/2801 1340/2798 1445/2802
f 1490/2801 1445/2802 1523/2803
f 1523/2803 1445/2802 1441/2804
f 1316/2799 1490/2801 1280/2805
f 1032/2800 1316/2799 1236/2806
f 1236/2806 1316/2799 1280/2805
f 1032/2800 1236/2806 1046/2807
f 1236/2806 1280/2805 1155/2808
f 1155/2808 1280/2805 1150/2809
f 745/2810 858/2811 712/2812
f 858/2811 745/2810 854/2813
f 854/2813 745/2810 834/2814
f 858/2811 854/2813 869/2815
f 869/2815 854/2813 834/2814
f 869/2815 834/2814 820/2816
f 820/2816 834/2814 839/2817
f 820/2816 839/2817 827/2818
f 869/2815 820/2816 809/2819
f 869/2815 809/2819 813/2820
f 141/2821 100/2822 124/2823
f 100/2822 141/2821 239/2824
f 239/2824 141/2821 217/2825
f 239/2824 217/2825 204/2826
f 239/2824 204/2826 331/2827
f 204/2826 217/2825 88/2828
f 204/2826 88/2828 18/2829
f 18/2829 88/2828 891/2830
f 1/2831 946/2832 95/2833
f 946/2832 1/2831 1031/2834
f 946/2832 1031/2834 1050/2835
f 1050/2835 1031/2834 1268/2836
f 1135/2837 1246/2838 1223/2839
f 1135/2837 1223/2839 1367/2840
f 1206/2841 1065/2842 1339/2843
f 1455/2844 1527/2845 1457/2846
f 1455/2844 1457/2846 1388/2847
f 1527/2845 1455/2844 1550/2848
f 1527/2845 1550/2848 1523/2849
f 1455/2844 1388/2847 1564/2850
f 1455/2844 1564/2850 1550/2848
f 1564/2850 1388/2847 1508/2851
f 1508/2851 1388/2847 1300/2852
f 1508/2851 1300/2852 1396/2853
f 1550/2848 1564/2850 1607/2854
f 1550/2848 1607/2854 1523/2849
f 1523/2849 1607/2854 1604/2855
f 1604/2855 1607/2854 1511/2856
f 1523/2849 1604/2855 1490/2857
f 1604/2855 1511/2856 1578/2858
f 1604/2855 1578/2858 1490/2857
f 1578/2858 1511/2856 1421/2859
f 1578/2858 1421/2859 1383/2860
f 1490/2857 1578/2858 1423/2861
f 1490/2857 1423/2861 1280/2862
f 1578/2858 1383/2860 1529/2863
f 1529/2863 1383/2860 1280/2862
f 1578/2858 1529/2863 1423/2861
f 1423/2861 1529/2863 1280/2862
f 398/2864 296/2865 141/2866
f 398/2864 141/2866 510/2867
f 398/2864 510/2867 478/2868
f 296/2865 398/2864 413/2869
f 296/2865 413/2869 331/2870
f 981/2871 914/2872 962/2873
f 914/2872 981/2871 9/2874
f 9/2874 981/2871 951/2875
f 962/2873 914/2872 1005/2876
f 981/2871 962/2873 1076/2877
f 981/2871 1076/2877 951/2875
f 1076/2877 962/2873 1005/2876
f 1005/2876 914/2872 960/2878
f 1076/2877 1005/2876 1052/2879
f 1052/2879 1005/2876 960/2878
f 951/2875 1076/2877 1033/2880
f 1033/2880 1076/2877 1052/2879
f 951/2875 1033/2880 1202/2881
f 951/2875 1202/2881 964/2882
f 1202/2881 1033/2880 1155/2883
f 1155/2883 1033/2880 1052/2879
f 1155/2883 1052/2879 1118/2884
f 1155/2883 1118/2884 1101/2885
f 1118/2884 1052/2879 1038/2886
f 1038/2886 1052/2879 970/2887
f 970/2887 1052/2879 960/2878
f 970/2887 960/2878 2/2888
f 2/2888 960/2878 24/2889
f 24/2889 960/2878 933/2890
f 858/2891 839/2892 712/2893
f 712/2893 839/2892 812/2894
f 712/2893 812/2894 777/2895
f 777/2895 812/2894 761/2896
f 812/2894 839/2892 834/2897
f 761/2896 812/2894 827/2898
f 812/2894 834/2897 783/2899
f 812/2894 783/2899 827/2898
f 783/2899 834/2897 745/2900
f 827/2898 783/2899 820/2901
f 662/2902 712/2903 777/2904
f 662/2902 777/2904 721/2905
f 761/2906 721/2905 737/2907
f 737/2907 721/2905 671/2908
f 671/2908 721/2905 783/2909
f 783/2909 721/2905 777/2904
f 671/2908 783/2909 745/2910
f 783/2909 777/2904 737/2911
f 737/2911 777/2904 761/2912
f 783/2909 737/2911 809/2913
f 783/2909 809/2913 820/2914
f 809/2913 737/2911 659/2915
f 809/2913 659/2915 813/2916
f 659/2915 737/2911 636/2917
f 1378/2918 1333/2919 1138/2920
f 1333/2919 1378/2918 1536/2921
f 1235/2922 1247/2923 1472/2924
f 1472/2924 1247/2923 1121/2925
f 1402/2926 1310/2927 1235/2922
f 1402/2926 1235/2922 1472/2924
f 1402/2926 1472/2924 1379/2928
f 1379/2928 1472/2924 1477/2929
f 1477/2929 1472/2924 1577/2930
f 1577/2930 1472/2924 1513/2931
f 1513/2931 1472/2924 1355/2932
f 1355/2932 1472/2924 1121/2925
f 1513/2931 1355/2932 1405/2933
f 1355/2932 1121/2925 1310/2934
f 1310/2934 1121/2925 1105/2935
f 459/2936 277/2937 478/2938
f 459/2936 478/2938 543/2939
f 478/2938 277/2937 398/2940
f 422/2941 413/2942 398/2940
f 422/2941 398/2940 325/2943
f 325/2943 398/2940 277/2937
f 325/2943 277/2937 331/2944
f 331/2944 277/2937 296/2945
f 325/2943 331/2944 204/2946
f 1631/2947 1645/2948 1672/2949
f 1672/2949 1645/2948 1669/2950
f 1631/2947 1672/2949 1641/2951
f 1631/2947 1641/2951 1669/2952
f 1011/2953 1094/2954 1015/2955
f 1669/2956 1645/2957 1646/2958
f 1669/2956 1646/2958 1631/2959
f 100/2960 87/2961 124/2962
f 331/2963 100/2960 239/2964
f 100/2960 331/2963 413/2965
f 100/2960 413/2965 77/2966
f 100/2960 77/2966 87/2961
f 77/2966 413/2965 501/2967
f 77/2966 501/2967 317/2968
f 87/2961 77/2966 25/2969
f 77/2966 317/2968 18/2970
f 77/2966 18/2970 25/2969
f 18/2970 317/2968 204/2971
f 891/2972 963/2973 18/2970
f 18/2970 963/2973 25/2969
f 87/2961 25/2969 96/2974
f 87/2961 96/2974 55/2975
f 96/2974 25/2969 912/2976
f 96/2974 912/2976 901/2977
f 912/2976 25/2969 913/2978
f 912/2976 913/2978 901/2977
f 913/2978 25/2969 963/2973
f 96/2974 901/2977 19/2979
f 96/2974 19/2979 55/2975
f 19/2979 901/2977 913/2978
f 55/2975 19/2979 1012/2980
f 1012/2980 19/2979 913/2978
f 1012/2980 913/2978 963/2973
f 55/2975 1012/2980 939/2981
f 1012/2980 963/2973 1144/2982
f 1144/2982 963/2973 1063/2983
f 1012/2980 1144/2982 1163/2984
f 1163/2984 1144/2982 1320/2985
f 939/2981 1012/2980 1120/2986
f 1120/2986 1012/2980 1163/2984
f 1120/2986 1163/2984 1320/2985
f 939/2981 1120/2986 1122/2987
f 1120/2986 1320/2985 1260/2988
f 1120/2986 1260/2988 1122/2987
f 1015/2989 1112/2990 917/2991
f 917/2991 1112/2990 1018/2992
f 1018/2992 1112/2990 1098/2993
f 1599/2994 1639/2995 1625/2996
f 1639/2995 1599/2994 1652/2997
f 1639/2995 1652/2997 1667/2998
f 1667/2998 1652/2997 1602/2999
f 1602/2999 1652/2997 1599/2994
f 1602/2999 1599/2994 1531/3000
f 1436/3001 1503/3002 1531/3003
f 1503/3002 1436/3001 1438/3004
f 1531/3003 1503/3002 1506/3005
f 1506/3005 1503/3002 1438/3004
f 1531/3003 1506/3005 1590/3006
f 1506/3005 1438/3004 1398/3007
f 1398/3007 1438/3004 1436/3001
f 1506/3005 1398/3007 1502/3008
f 1502/3008 1398/3007 1478/3009
f 1219/3010 1398/3007 1142/3011
f 1142/3011 1398/3007 1335/3012
f 1398/3007 1436/3001 1414/3013
f 1398/3007 1414/3013 1335/3012
f 1414/3013 1436/3001 1506/3014
f 1414/3013 1506/3014 1532/3015
f 1414/3013 1532/3015 1528/3016
f 1414/3013 1528/3016 1335/3012
f 1335/3012 1528/3016 1442/3017
f 1288/3018 1225/3019 1418/3020
f 1015/3021 1094/3022 1098/3023
f 1015/3021 1098/3023 1107/3024
f 1015/3021 1107/3024 1112/3025
f 1112/3025 1107/3024 1209/3026
f 1107/3024 1098/3023 1114/3027
f 1107/3024 1114/3027 1094/3028
f 1094/3028 1114/3027 1018/3029
f 1094/3028 1018/3029 1098/3030
f 1590/3031 1602/3032 1531/3033
f 1602/3032 1590/3031 1598/3034
f 1602/3032 1598/3034 1624/3035
f 1624/3035 1598/3034 1601/3036
f 1602/3032 1624/3035 1600/3037
f 1602/3032 1600/3037 1591/3038
f 1624/3035 1601/3036 1605/3039
f 1624/3035 1605/3039 1600/3037
f 1600/3037 1605/3039 1471/3040
f 1605/3039 1601/3036 1583/3041
f 1471/3040 1605/3039 1493/3042
f 1493/3042 1605/3039 1583/3041
f 1493/3042 1583/3041 1538/3043
f 1538/3043 1583/3041 1584/3044
f 1493/3042 1538/3043 1425/3045
f 1538/3043 1584/3044 1532/3046
f 1532/3046 1584/3044 1576/3047
f 1425/3045 1538/3043 1502/3048
f 1502/3048 1538/3043 1532/3046
f 1425/3045 1502/3048 1431/3049
f 1502/3048 1532/3046 1506/3050
f 933/3051 943/3052 985/3053
f 933/3051 985/3053 24/3054
f 1059/3055 943/3052 922/3056
f 943/3052 1059/3055 985/3053
f 24/3054 985/3053 924/3057
f 24/3054 924/3057 14/3058
f 924/3057 985/3053 1038/3059
f 1038/3059 985/3053 1118/3060
f 1118/3060 985/3053 1059/3055
f 1118/3060 1059/3055 1113/3061
f 827/3062 839/3063 858/3064
f 827/3062 858/3064 868/3065
f 868/3065 858/3064 869/3066
f 868/3065 869/3066 813/3067
f 827/3062 868/3065 815/3068
f 815/3068 868/3065 813/3067
f 827/3062 815/3068 761/3069
f 761/3069 815/3068 694/3070
f 694/3070 815/3068 813/3067
f 694/3070 813/3067 501/3071
f 694/3070 501/3071 413/3072
f 721/3073 694/3074 662/3075
f 694/3074 721/3073 761/3076
f 662/3075 694/3074 636/3077
f 662/3075 636/3077 671/3078
f 671/3078 636/3077 737/3079
f 1059/3080 922/3081 941/3082
f 1059/3080 941/3082 1010/3083
f 1010/3083 941/3082 892/3084
f 1010/3083 892/3084 1016/3085
f 1010/3083 1016/3085 1159/3086
f 1010/3083 1159/3086 1149/3087
f 1149/3087 1159/3086 1315/3088
f 1059/3080 1010/3083 1148/3089
f 1148/3089 1010/3083 1149/3087
f 1148/3089 1149/3087 1315/3088
f 1059/3080 1148/3089 1113/3090
f 1148/3089 1315/3088 1396/3091
f 1148/3089 1396/3091 1300/3092
f 1023/3093 1122/3094 996/3095
f 996/3095 1122/3094 1228/3096
f 1228/3096 1122/3094 1269/3097
f 1269/3097 1122/3094 1260/3098
f 1389/3099 1372/3100 1366/3101
f 1389/3099 1366/3101 1573/3102
f 1366/3101 1372/3100 1260/3103
f 1573/3102 1366/3101 1323/3104
f 1323/3104 1366/3101 1260/3103
f 1323/3104 1260/3103 1242/3105
f 1242/3105 1260/3103 1463/3106
f 515/3107 478/3108 510/3109
f 478/3108 515/3107 477/3110
f 515/3107 510/3109 591/3111
f 477/3110 515/3107 422/3112
f 477/3110 422/3112 325/3113
f 422/3112 515/3107 413/3114
f 413/3114 515/3107 694/3115
f 694/3115 515/3107 591/3111
f 694/3115 591/3111 636/3116
f 1573/3117 1323/3118 1582/3119
f 1573/3117 1582/3119 1723/3120
f 1573/3117 1723/3120 1635/3121
f 1573/3117 1635/3121 1517/3122
f 1635/3121 1723/3120 1747/3123
f 1517/3122 1635/3121 1610/3124
f 1635/3121 1747/3123 1729/3125
f 1635/3121 1729/3125 1610/3124
f 1050/3126 1207/3127 1219/3128
f 1219/3128 1207/3127 1398/3129
f 1398/3129 1207/3127 1478/3130
f 1478/3130 1207/3127 1348/3131
f 1207/3127 1050/3126 1268/3132
f 1348/3131 1207/3127 1240/3133
f 1207/3127 1268/3132 1137/3134
f 1207/3127 1137/3134 1240/3133
f 1240/3133 1137/3134 1268/3132
f 1378/3135 1395/3136 1597/3137
f 1378/3135 1597/3137 1536/3138
f 1536/3138 1597/3137 1633/3139
f 1597/3137 1395/3136 1575/3140
f 1633/3139 1597/3137 1653/3141
f 1653/3141 1597/3137 1575/3140
f 1653/3141 1575/3140 1628/3142
f 1628/3142 1575/3140 1536/3143
f 1628/3142 1536/3143 1618/3144
f 1418/3145 1288/3146 1553/3147
f 1595/3148 1581/3149 1442/3150
f 1595/3148 1442/3150 1528/3151
f 1595/3148 1528/3151 1611/3152
f 1595/3148 1611/3152 1629/3153
f 1595/3148 1629/3153 1670/3154
f 1595/3148 1670/3154 1660/3155
f 1595/3148 1660/3155 1581/3149
f 1660/3155 1670/3154 1709/3156
f 1660/3155 1709/3156 1638/3157
f 1660/3155 1638/3157 1581/3149
f 1581/3149 1638/3157 1611/3158
f 1581/3149 1611/3158 1528/3159
f 1534/3160 1418/3161 1553/3162
f 1418/3161 1534/3160 1552/3163
f 1418/3161 1552/3163 1542/3164
f 1545/3165 1590/3166 1506/3167
f 1590/3166 1545/3165 1532/3168
f 1590/3166 1532/3168 1576/3169
f 1532/3168 1545/3165 1528/3170
f 1528/3170 1545/3165 1581/3171
f 1672/3172 1669/3173 1724/3174
f 1724/3174 1669/3173 1693/3175
f 1672/3172 1724/3174 1641/3176
f 1641/3176 1724/3174 1713/3177
f 543/3178 478/3179 477/3180
f 543/3178 477/3180 569/3181
f 636/3182 591/3183 569/3181
f 636/3182 569/3181 659/3184
f 659/3184 569/3181 477/3180
f 659/3184 477/3180 317/3185
f 317/3185 477/3180 325/3186
f 317/3185 325/3186 204/3187
f 659/3184 317/3185 501/3188
f 659/3184 501/3188 813/3189
f 1271/3190 1310/3191 1402/3192
f 1310/3191 1271/3190 1365/3193
f 1310/3191 1365/3193 1355/3194
f 1355/3194 1365/3193 1405/3195
f 1405/3195 1365/3193 1437/3196
f 1437/3196 1365/3193 1501/3197
f 1437/3196 1501/3197 1487/3198
f 1487/3198 1501/3197 1535/3199
f 1501/3197 1365/3193 1539/3200
f 1501/3197 1539/3200 1535/3199
f 1539/3200 1365/3193 1480/3201
f 1539/3200 1480/3201 1577/3202
f 1577/3202 1480/3201 1477/3203
f 1535/3199 1539/3200 1579/3204
f 1579/3204 1539/3200 1577/3202
f 1535/3199 1579/3204 1537/3205
f 1579/3204 1577/3202 1554/3206
f 1579/3204 1554/3206 1537/3205
f 1537/3205 1554/3206 1512/3207
f 1537/3205 1512/3207 1496/3208
f 1512/3207 1554/3206 1560/3209
f 1512/3207 1560/3209 1606/3210
f 1191/3211 1242/3212 1463/3213
f 1191/3211 1463/3213 1354/3214
f 1191/3211 1354/3214 1063/3215
f 1063/3215 1354/3214 1144/3216
f 1354/3214 1463/3213 1609/3217
f 1609/3217 1463/3213 1663/3218
f 1609/3217 1663/3218 1734/3219
f 1734/3219 1663/3218 1797/3220
f 1609/3217 1734/3219 1718/3221
f 1354/3214 1609/3217 1613/3222
f 1613/3222 1609/3217 1718/3221
f 1354/3214 1613/3222 1525/3223
f 1613/3222 1718/3221 1759/3224
f 1613/3222 1759/3224 1525/3223
f 1759/3224 1718/3221 1826/3225
f 1525/3223 1759/3224 1655/3226
f 1333/3227 1536/3228 1575/3229
f 1693/3230 1669/3231 1641/3232
f 1693/3230 1641/3232 1713/3233
f 1542/3234 1553/3235 1418/3236
f 1553/3235 1542/3234 1567/3237
f 1567/3237 1542/3234 1589/3238
f 1511/3239 1607/3240 1564/3241
f 1511/3239 1564/3241 1396/3242
f 1396/3242 1564/3241 1508/3243
f 1511/3239 1396/3242 1429/3244
f 1429/3244 1396/3242 1315/3245
f 1603/3246 1511/3239 1594/3247
f 1594/3247 1511/3239 1429/3244
f 1594/3247 1429/3244 1551/3248
f 1551/3248 1429/3244 1558/3249
f 1429/3244 1315/3245 1421/3250
f 1429/3244 1421/3250 1558/3249
f 1558/3249 1421/3250 1570/3251
f 1570/3251 1421/3250 1592/3252
f 1592/3252 1421/3250 1511/3253
f 1592/3252 1511/3253 1603/3254
f 1589/3255 1567/3256 1641/3257
f 1589/3255 1641/3257 1552/3258
f 1534/3259 1553/3260 1589/3261
f 1589/3261 1553/3260 1567/3262
f 1534/3259 1589/3261 1542/3263
f 1534/3259 1542/3263 1559/3264
f 1559/3264 1542/3263 1552/3265
f 1559/3264 1552/3265 1534/3259
f 1559/3266 1589/3267 1552/3268
f 1589/3267 1559/3266 1567/3269
f 1567/3269 1559/3266 1552/3268
f 1349/3270 1268/3271 1431/3272
f 1268/3271 1349/3270 1394/3273
f 1268/3271 1394/3273 1342/3274
f 1268/3271 1342/3274 1240/3275
f 1598/3276 1622/3277 1601/3278
f 1601/3278 1622/3277 1673/3279
f 1601/3278 1673/3279 1679/3280
f 1662/3281 1709/3282 1673/3279
f 1673/3279 1709/3282 1717/3283
f 1673/3279 1717/3283 1679/3280
f 1679/3280 1717/3283 1653/3284
f 1679/3280 1653/3284 1634/3285
f 1679/3280 1634/3285 1654/3286
f 1150/3287 1280/3288 1383/3289
f 1150/3287 1383/3289 1257/3290
f 1150/3287 1257/3290 1101/3291
f 1257/3290 1383/3289 1239/3292
f 1257/3290 1239/3292 1101/3291
f 1239/3292 1383/3289 1421/3293
f 1101/3291 1239/3292 1087/3294
f 1239/3292 1421/3293 1315/3295
f 1087/3294 1239/3292 1261/3296
f 1261/3296 1239/3292 1315/3295
f 1087/3294 1261/3296 1159/3297
f 1159/3297 1261/3296 1315/3295
f 1223/3298 1422/3299 1367/3300
f 1422/3299 1223/3298 1459/3301
f 1422/3299 1459/3301 1574/3302
f 1381/3303 1433/3304 1482/3305
f 1433/3304 1381/3303 1417/3306
f 1433/3304 1417/3306 1475/3307
f 1433/3304 1475/3307 1466/3308
f 1433/3304 1466/3308 1479/3309
f 1567/3310 1552/3311 1641/3312
f 1459/3313 1381/3314 1482/3315
f 1459/3313 1482/3315 1571/3316
f 1459/3313 1571/3316 1574/3317
f 1571/3316 1482/3315 1475/3318
f 1475/3318 1482/3315 1466/3319
f 1571/3316 1475/3318 1507/3320
f 1574/3317 1571/3316 1642/3321
f 1574/3317 1642/3321 1665/3322
f 1665/3322 1642/3321 1658/3323
f 1574/3317 1665/3322 1626/3324
f 1576/3325 1622/3326 1598/3327
f 1622/3326 1576/3325 1615/3328
f 1615/3328 1576/3325 1584/3329
f 1615/3328 1584/3329 1601/3330
f 1615/3328 1601/3330 1654/3331
f 1654/3331 1601/3330 1679/3332
f 1615/3328 1654/3331 1662/3333
f 1615/3328 1662/3333 1673/3334
f 1583/3335 1628/3336 1618/3337
f 1628/3336 1583/3335 1634/3338
f 1628/3336 1634/3338 1653/3339
f 1634/3338 1583/3335 1601/3340
f 1634/3338 1601/3340 1584/3341
f 1634/3338 1584/3341 1618/3342
f 1618/3342 1584/3341 1583/3343
f 1724/3344 1693/3345 1713/3346
f 1590/3347 1638/3348 1598/3349
f 1638/3348 1590/3347 1611/3350
f 1611/3350 1590/3347 1576/3351
f 1598/3349 1638/3348 1629/3352
f 1629/3352 1638/3348 1709/3353
f 1598/3349 1629/3352 1576/3354
f 1576/3354 1629/3352 1611/3355
f 1553/3356 1497/3357 1567/3358
f 1713/3359 1724/3360 1745/3361
f 1463/3362 1260/3363 1540/3364
f 1540/3364 1260/3363 1320/3365
f 1540/3364 1320/3365 1524/3366
f 1540/3364 1524/3366 1655/3367
f 1463/3362 1540/3364 1680/3368
f 1680/3368 1540/3364 1655/3367
f 1463/3362 1680/3368 1663/3369
f 1680/3368 1655/3367 1770/3370
f 1680/3368 1770/3370 1663/3369
f 1663/3369 1770/3370 1797/3371
f 1797/3371 1770/3370 1814/3372
f 1814/3372 1770/3370 1792/3373
f 1814/3372 1792/3373 1841/3374
f 1381/3375 1367/3376 1479/3377
f 1479/3377 1367/3376 1507/3378
f 1568/3379 1543/3380 1606/3381
f 1606/3381 1543/3380 1519/3382
f 1606/3381 1519/3382 1512/3383
f 1519/3382 1543/3380 1456/3384
f 1519/3382 1456/3384 1368/3385
f 1519/3382 1368/3385 1404/3386
f 1431/3387 1502/3388 1349/3389
f 1349/3389 1502/3388 1342/3390
f 1349/3389 1342/3390 1394/3391
f 1342/3390 1502/3388 1572/3392
f 1572/3392 1502/3388 1478/3393
f 1417/3394 1381/3395 1479/3396
f 1417/3394 1479/3396 1466/3397
f 1572/3398 1478/3399 1541/3400
f 1541/3400 1478/3399 1348/3401
f 1541/3400 1348/3401 1572/3398
f 1572/3398 1348/3401 1342/3402
f 1342/3402 1348/3401 1240/3403
f 1525/3404 1320/3405 1144/3406
f 1525/3404 1144/3406 1354/3407
f 1320/3405 1525/3404 1524/3408
f 1524/3408 1525/3404 1655/3409
f 1496/3410 1648/3411 1537/3412
f 1537/3412 1648/3411 1715/3413
f 1715/3413 1648/3411 1777/3414
f 1715/3413 1777/3414 1782/3415
f 1715/3413 1782/3415 1783/3416
f 1537/3412 1715/3413 1630/3417
f 1630/3417 1715/3413 1783/3416
f 1537/3412 1630/3417 1535/3418
f 1535/3418 1630/3417 1487/3419
f 1487/3419 1630/3417 1616/3420
f 1487/3419 1616/3420 1437/3421
f 1630/3417 1783/3416 1692/3422
f 1630/3417 1692/3422 1616/3420
f 1692/3422 1783/3416 1820/3423
f 1437/3421 1616/3420 1496/3424
f 1692/3422 1820/3423 1742/3425
f 1692/3422 1742/3425 1616/3420
f 1496/3424 1616/3420 1648/3426
f 1648/3426 1616/3420 1742/3425
f 1615/3427 1629/3428 1622/3429
f 1622/3429 1629/3428 1709/3430
f 1622/3429 1709/3430 1647/3431
f 1622/3429 1647/3431 1673/3432
f 1673/3432 1647/3431 1615/3433
f 1647/3431 1709/3430 1662/3434
f 1615/3433 1647/3431 1629/3435
f 1629/3435 1647/3431 1662/3434
f 1629/3435 1662/3434 1670/3436
f 1417/3437 1466/3438 1367/3439
f 1367/3439 1466/3438 1507/3440
f 1507/3440 1466/3438 1482/3441
f 1417/3442 1367/3443 1475/3444
f 1475/3444 1367/3443 1422/3445
f 1805/3446 1827/3447 1762/3448
f 1762/3448 1827/3447 1804/3449
f 1805/3446 1762/3448 1796/3450
f 1805/3446 1796/3450 1846/3451
f 1846/3451 1796/3450 1754/3452
f 1433/3453 1479/3454 1482/3455
f 1482/3455 1479/3454 1422/3456
f 1482/3455 1422/3456 1507/3457
f 1507/3457 1422/3456 1571/3458
f 1571/3458 1422/3456 1593/3459
f 1571/3458 1593/3459 1642/3460
f 1593/3459 1422/3456 1574/3461
f 1642/3460 1593/3459 1626/3462
f 1626/3462 1593/3459 1574/3461
f 1479/3463 1507/3464 1475/3465
f 1479/3463 1475/3465 1422/3466
f 1633/3467 1618/3468 1536/3469
f 1618/3468 1633/3467 1681/3470
f 1681/3470 1633/3467 1653/3471
f 1681/3470 1653/3471 1717/3472
f 1681/3470 1717/3472 1710/3473
f 1710/3473 1717/3472 1674/3474
f 1710/3473 1674/3474 1681/3470
f 1681/3470 1674/3474 1618/3468
f 1674/3474 1717/3472 1709/3475
f 1674/3474 1709/3475 1670/3476
f 1674/3474 1670/3476 1662/3477
f 1674/3474 1662/3477 1654/3478
f 1674/3474 1654/3478 1618/3468
f 1618/3468 1654/3478 1634/3479
f 1775/3480 1745/3481 1781/3482
f 1762/3483 1804/3484 1802/3485
f 1802/3485 1804/3484 1801/3486
f 1762/3483 1802/3485 1736/3487
f 1762/3483 1736/3487 1730/3488
f 1762/3483 1730/3488 1754/3489
f 1730/3488 1736/3487 1731/3490
f 1754/3489 1730/3488 1810/3491
f 1810/3491 1730/3488 1731/3490
f 1754/3489 1810/3491 1877/3492
f 1810/3491 1731/3490 1894/3493
f 1877/3492 1810/3491 1856/3494
f 1810/3491 1894/3493 1878/3495
f 1856/3494 1810/3491 1872/3496
f 1872/3496 1810/3491 1878/3495
f 1872/3496 1878/3495 1877/3497
f 1834/3498 1827/3499 1858/3500
f 1834/3498 1858/3500 1816/3501
f 1816/3501 1858/3500 1802/3502
f 1858/3500 1827/3499 1843/3503
f 1858/3500 1843/3503 1828/3504
f 1828/3504 1843/3503 1824/3505
f 1824/3505 1843/3503 1846/3506
f 1846/3506 1843/3503 1827/3499
f 1846/3506 1827/3499 1811/3507
f 1846/3506 1811/3507 1801/3508
f 1580/3509 1594/3510 1551/3511
f 1558/3512 1565/3513 1551/3511
f 1551/3511 1565/3513 1588/3514
f 1551/3511 1588/3514 1621/3515
f 1551/3511 1621/3515 1580/3509
f 1621/3515 1588/3514 1695/3516
f 1621/3515 1695/3516 1651/3517
f 1621/3515 1651/3517 1580/3509
f 1651/3517 1695/3516 1704/3518
f 1651/3517 1704/3518 1696/3519
f 1580/3509 1651/3517 1596/3520
f 1596/3520 1651/3517 1696/3519
f 1580/3509 1596/3520 1594/3510
f 1594/3510 1596/3520 1612/3521
f 1594/3510 1612/3521 1656/3522
f 1596/3520 1696/3519 1668/3523
f 1596/3520 1668/3523 1612/3521
f 1612/3521 1668/3523 1656/3522
f 1668/3523 1696/3519 1711/3524
f 1656/3522 1668/3523 1726/3525
f 1726/3525 1668/3523 1711/3524
f 1804/3526 1827/3527 1816/3528
f 1816/3528 1827/3527 1824/3529
f 1824/3529 1827/3527 1834/3530
f 1824/3529 1834/3530 1828/3531
f 1816/3528 1824/3529 1846/3532
f 1816/3528 1846/3532 1828/3533
f 1828/3533 1846/3532 1858/3534
f 1816/3528 1828/3533 1834/3535
f 1723/3536 1582/3537 1703/3538
f 1703/3538 1582/3537 1756/3539
f 1723/3536 1703/3538 1855/3540
f 1855/3540 1703/3538 1756/3539
f 1805/3541 1846/3542 1801/3543
f 1805/3541 1801/3543 1804/3544
f 1805/3541 1804/3544 1811/3545
f 1805/3541 1811/3545 1827/3546
f 1811/3545 1804/3544 1816/3547
f 1811/3545 1816/3547 1802/3548
f 1801/3549 1796/3550 1762/3551
f 1801/3549 1762/3551 1754/3552
f 1801/3549 1754/3552 1802/3553
f 1802/3553 1754/3552 1796/3554
f 1802/3553 1796/3554 1811/3555
f 1811/3555 1796/3554 1801/3556
f 1594/3557 1649/3558 1603/3559
f 1603/3559 1649/3558 1690/3560
f 1649/3558 1594/3557 1656/3561
f 1690/3560 1649/3558 1683/3562
f 1683/3562 1649/3558 1656/3561
f 1690/3560 1683/3562 1671/3563
f 1671/3563 1683/3562 1659/3564
f 1683/3562 1656/3561 1699/3565
f 1683/3562 1699/3565 1659/3564
f 1659/3564 1699/3565 1676/3566
f 1699/3565 1656/3561 1743/3567
f 1699/3565 1743/3567 1771/3568
f 1699/3565 1771/3568 1714/3569
f 1699/3565 1714/3569 1708/3570
f 1640/3571 1623/3572 1688/3573
f 1775/3574 1781/3575 1807/3576
f 1807/3576 1781/3575 1800/3577
f 1623/3578 1640/3579 1676/3580
f 1671/3581 1659/3582 1640/3583
f 1640/3583 1659/3582 1676/3584
f 1671/3581 1640/3583 1688/3585
f 1731/3586 1736/3587 1903/3588
f 1731/3586 1903/3588 1894/3589
f 1903/3588 1736/3587 1866/3590
f 1894/3589 1903/3588 1878/3591
f 1878/3591 1903/3588 1866/3590
f 1878/3591 1866/3590 1877/3592
f 1570/3593 1592/3594 1617/3595
f 1617/3595 1592/3594 1664/3596
f 1664/3596 1592/3594 1603/3597
f 1570/3593 1617/3595 1643/3598
f 1643/3598 1617/3595 1721/3599
f 1721/3599 1617/3595 1664/3596
f 1570/3593 1643/3598 1650/3600
f 1570/3593 1650/3600 1558/3601
f 1643/3598 1721/3599 1705/3602
f 1643/3598 1705/3602 1650/3600
f 1705/3602 1721/3599 1728/3603
f 1728/3603 1721/3599 1664/3596
f 1705/3602 1728/3603 1650/3600
f 1558/3601 1650/3600 1565/3604
f 1728/3603 1664/3596 1744/3605
f 1728/3603 1744/3605 1727/3606
f 1728/3603 1727/3606 1650/3600
f 1650/3600 1727/3606 1694/3607
f 1650/3600 1694/3607 1565/3604
f 1565/3604 1694/3607 1644/3608
f 1565/3604 1644/3608 1632/3609
f 1632/3609 1644/3608 1695/3610
f 1565/3604 1632/3609 1588/3611
f 1588/3611 1632/3609 1695/3610
f 1685/3612 1744/3605 1664/3596
f 1685/3612 1664/3596 1603/3597
f 1744/3605 1685/3612 1714/3613
f 1685/3612 1603/3597 1690/3614
f 1685/3612 1690/3614 1691/3615
f 1685/3612 1691/3615 1714/3613
f 1691/3615 1690/3614 1712/3616
f 1691/3615 1712/3616 1719/3617
f 1691/3615 1719/3617 1714/3613
f 1714/3613 1719/3617 1708/3618
f 1708/3618 1719/3617 1733/3619
f 1708/3618 1733/3619 1690/3620
f 1736/3621 1802/3622 1866/3623
f 1866/3623 1802/3622 1858/3624
f 1866/3623 1858/3624 1846/3625
f 1866/3623 1846/3625 1754/3626
f 1866/3623 1754/3626 1877/3627
f 1676/3628 1688/3629 1623/3630
f 1671/3631 1688/3632 1687/3633
f 1671/3631 1687/3633 1690/3634
f 1687/3633 1688/3632 1702/3635
f 1702/3635 1688/3632 1740/3636
f 1784/3637 1773/3638 1807/3639
f 1773/3638 1784/3637 1740/3640
f 1807/3639 1773/3638 1800/3641
f 1807/3639 1800/3641 1750/3642
f 1800/3643 1775/3644 1807/3645
f 1775/3644 1800/3643 1781/3646
f 1750/3647 1740/3648 1784/3649
f 1740/3648 1750/3647 1702/3650
f 1689/3651 1773/3652 1740/3653
f 1689/3651 1740/3653 1688/3654
f 1689/3651 1688/3654 1676/3655
f 1689/3651 1676/3655 1702/3656
f 1689/3651 1702/3656 1750/3657
f 1702/3656 1676/3655 1687/3658
f 1750/3659 1800/3660 1773/3661
f 1750/3659 1773/3661 1689/3662
f 1750/3663 1807/3664 1784/3665
f 1699/3666 1687/3667 1676/3668
f 1687/3667 1699/3666 1708/3669
f 1687/3667 1708/3669 1690/3670
f 1848/3671 1821/3672 1807/3673
f 1620/3674 1561/3675 1614/3676
f 1561/3675 1620/3674 1627/3677
f 1614/3678 1561/3679 1627/3680
f 1642/3681 1620/3682 1614/3678
f 1642/3681 1614/3678 1658/3683
f 1658/3683 1614/3678 1627/3680
f 1620/3684 1642/3685 1627/3680
f 1627/3680 1642/3685 1626/3686
f 1627/3680 1626/3686 1658/3683
f 1697/3687 1665/3688 1658/3683
f 1697/3687 1658/3683 1657/3689
f 1657/3689 1658/3683 1626/3686
f 1657/3689 1626/3686 1661/3690
f 1661/3690 1626/3686 1665/3691
f 1661/3690 1665/3691 1684/3692
f 1729/3693 1747/3694 1887/3695
f 1729/3693 1887/3695 1896/3696
f 1887/3695 1747/3694 1844/3697
f 1844/3697 1747/3694 1723/3698
f 1844/3697 1723/3698 1855/3699
f 1856/3700 1821/3701 1848/3702
f 1712/3703 1690/3704 1733/3705
f 1712/3703 1733/3705 1739/3706
f 1877/3707 1848/3708 1872/3709
f 1872/3709 1848/3708 1821/3710
f 1848/3708 1877/3707 1856/3711
f 1872/3712 1821/3713 1856/3714
f 1735/3715 1719/3716 1712/3717
f 1735/3715 1712/3717 1737/3718
f 1737/3719 1712/3720 1739/3721
f 1737/3719 1739/3721 1761/3722
f 1733/3723 1719/3724 1735/3725
f 1733/3723 1735/3725 1757/3726
f 1739/3727 1733/3728 1757/3729
f 1739/3727 1757/3729 1761/3730
f 1855/3731 1756/3732 1873/3733
f 1873/3733 1756/3732 1896/3734
f 1752/3735 1735/3736 1737/3737
f 1752/3735 1737/3737 1751/3738
f 1735/3736 1752/3735 1757/3739
f 1752/3735 1751/3738 1767/3740
f 1752/3735 1767/3740 1779/3741
f 1752/3735 1779/3741 1757/3739
f 1779/3741 1767/3740 1793/3742
f 1757/3739 1779/3741 1786/3743
f 1786/3743 1779/3741 1793/3742
f 1757/3739 1786/3743 1761/3744
f 1786/3743 1793/3742 1813/3745
f 1813/3745 1793/3742 1794/3746
f 1786/3743 1813/3745 1798/3747
f 1751/3748 1737/3749 1761/3750
f 1751/3748 1761/3750 1788/3751
f 1751/3748 1788/3751 1767/3752
f 1767/3752 1788/3751 1777/3753
f 1777/3753 1788/3751 1782/3754
f 1788/3751 1761/3750 1798/3755
f 1798/3755 1761/3750 1786/3756
f 1782/3754 1788/3751 1806/3757
f 1806/3757 1788/3751 1798/3755
f 1782/3754 1806/3757 1809/3758
f 1813/3759 1825/3760 1798/3755
f 1798/3755 1825/3760 1806/3757
f 1809/3758 1806/3757 1833/3761
f 1809/3758 1833/3761 1829/3762
f 1833/3761 1806/3757 1849/3763
f 1849/3763 1806/3757 1829/3764
f 1829/3764 1806/3757 1825/3760
f 1829/3764 1825/3760 1809/3765
f 1742/3766 1777/3767 1648/3768
f 1777/3767 1742/3766 1793/3769
f 1793/3769 1742/3766 1864/3770
f 1864/3770 1742/3766 1840/3771
f 1793/3769 1864/3770 1794/3772
f 1794/3772 1864/3770 1783/3773
f 1698/3774 1665/3775 1697/3776
f 1665/3775 1698/3774 1675/3777
f 1675/3777 1698/3774 1684/3778
f 1675/3777 1684/3778 1677/3779
f 1684/3778 1698/3774 1725/3780
f 1725/3780 1698/3774 1697/3776
f 1725/3780 1697/3776 1657/3781
f 1725/3780 1657/3781 1675/3782
f 1725/3780 1675/3782 1677/3783
f 1675/3782 1657/3781 1665/3784
f 1861/3785 1815/3786 1873/3787
f 1861/3785 1873/3787 1870/3788
f 1870/3788 1873/3787 1876/3789
f 1870/3788 1876/3789 1861/3785
f 1861/3785 1876/3789 1880/3790
f 1870/3791 1880/3790 1881/3792
f 1880/3790 1870/3791 1879/3793
f 1880/3790 1879/3793 1861/3785
f 1861/3785 1879/3793 1881/3794
f 1861/3785 1881/3794 1896/3795
f 1896/3795 1881/3794 1880/3796
f 1896/3795 1880/3796 1876/3797
f 1896/3795 1876/3797 1873/3798
f 1763/3799 1815/3786 1861/3785
f 1815/3786 1763/3799 1734/3800
f 1763/3799 1861/3785 1768/3801
f 1734/3800 1763/3799 1722/3802
f 1722/3802 1763/3799 1768/3801
f 1734/3800 1722/3802 1718/3803
f 1718/3803 1722/3802 1780/3804
f 1780/3804 1722/3802 1765/3805
f 1765/3805 1722/3802 1768/3801
f 1780/3804 1765/3805 1850/3806
f 1850/3806 1765/3805 1808/3807
f 1808/3807 1765/3805 1768/3801
f 1850/3806 1808/3807 1906/3808
f 1839/3809 1768/3801 1861/3785
f 1906/3808 1808/3807 1862/3810
f 1862/3810 1808/3807 1768/3801
f 1906/3808 1862/3810 1861/3785
f 1862/3810 1768/3801 1839/3809
f 1862/3810 1839/3809 1861/3785
f 1855/3811 1873/3812 1815/3813
f 1855/3811 1815/3813 1870/3814
f 1855/3811 1870/3814 1881/3815
f 1870/3814 1815/3813 1879/3816
f 1682/3817 1661/3818 1684/3819
f 1661/3818 1682/3817 1678/3820
f 1678/3820 1682/3817 1706/3821
f 1661/3818 1678/3820 1677/3822
f 1677/3822 1678/3820 1700/3823
f 1677/3822 1700/3823 1725/3824
f 1700/3823 1678/3820 1701/3825
f 1700/3823 1701/3825 1725/3824
f 1701/3825 1678/3820 1707/3826
f 1725/3824 1701/3825 1684/3827
f 1684/3827 1701/3825 1682/3828
f 1682/3828 1701/3825 1720/3829
f 1656/3830 1726/3831 1743/3832
f 1696/3833 1726/3831 1711/3834
f 1726/3831 1696/3833 1704/3835
f 1743/3832 1726/3831 1716/3836
f 1716/3836 1726/3831 1704/3835
f 1716/3836 1704/3835 1694/3837
f 1694/3837 1704/3835 1695/3838
f 1694/3837 1695/3838 1644/3839
f 1716/3836 1694/3837 1727/3840
f 1743/3832 1716/3836 1749/3841
f 1749/3841 1716/3836 1738/3842
f 1738/3842 1716/3836 1727/3840
f 1738/3842 1727/3840 1746/3843
f 1746/3843 1727/3840 1744/3844
f 1743/3832 1749/3841 1776/3845
f 1743/3832 1776/3845 1744/3846
f 1744/3846 1776/3845 1746/3847
f 1746/3847 1776/3845 1760/3848
f 1760/3848 1776/3845 1778/3849
f 1746/3847 1760/3848 1764/3850
f 1677/3851 1684/3852 1665/3853
f 1677/3851 1665/3853 1657/3854
f 1677/3851 1657/3854 1661/3855
f 1714/3856 1771/3857 1744/3858
f 1744/3858 1771/3857 1743/3859
f 1889/3860 1915/3861 1861/3862
f 1889/3860 1861/3862 1896/3863
f 1915/3861 1889/3860 1879/3864
f 1879/3864 1889/3860 1881/3865
f 1915/3861 1879/3864 1884/3866
f 1884/3866 1879/3864 1815/3867
f 1915/3861 1884/3866 1881/3868
f 1915/3861 1881/3868 1904/3869
f 1904/3869 1881/3868 1889/3870
f 1904/3869 1889/3870 1896/3871
f 1881/3868 1884/3866 1874/3872
f 1881/3868 1874/3872 1855/3873
f 1855/3873 1874/3872 1814/3874
f 1874/3872 1884/3866 1912/3875
f 1912/3875 1884/3866 1902/3876
f 1720/3877 1706/3878 1682/3879
f 1904/3880 1896/3881 1945/3882
f 1904/3880 1945/3882 1915/3883
f 1915/3883 1945/3882 1874/3884
f 1912/3885 1902/3886 1874/3884
f 1874/3884 1902/3886 1909/3887
f 1874/3884 1909/3887 1915/3883
f 1915/3883 1909/3887 1912/3888
f 1912/3888 1909/3887 1906/3889
f 1912/3888 1906/3889 1915/3883
f 1915/3883 1906/3889 1861/3890
f 1887/3891 1911/3892 1896/3893
f 1911/3892 1887/3891 1895/3894
f 1895/3894 1887/3891 1890/3895
f 1911/3892 1895/3894 1920/3896
f 1920/3896 1895/3894 1890/3895
f 1911/3892 1920/3896 1908/3897
f 1908/3897 1920/3896 1890/3895
f 1911/3892 1908/3897 1898/3898
f 1908/3897 1890/3895 1917/3899
f 1908/3897 1917/3899 1898/3898
f 1917/3899 1890/3895 1865/3900
f 1917/3899 1865/3900 1893/3901
f 1917/3899 1893/3901 1898/3898
f 1865/3900 1890/3895 1835/3902
f 1835/3902 1890/3895 1822/3903
f 1835/3902 1822/3903 1841/3904
f 1835/3902 1841/3904 1792/3905
f 1865/3900 1835/3902 1842/3906
f 1842/3906 1835/3902 1792/3905
f 1865/3900 1842/3906 1893/3901
f 1842/3906 1792/3905 1772/3907
f 1854/3908 1898/3898 1893/3901
f 1854/3908 1893/3901 1842/3906
f 1842/3906 1772/3907 1819/3909
f 1842/3906 1819/3909 1854/3908
f 1819/3909 1772/3907 1769/3910
f 1854/3908 1819/3909 1871/3911
f 1871/3911 1819/3909 1817/3912
f 1871/3911 1817/3912 1854/3908
f 1817/3912 1819/3909 1769/3910
f 1830/3913 1898/3898 1854/3908
f 1830/3913 1854/3908 1817/3912
f 1898/3898 1830/3913 1797/3914
f 1898/3898 1797/3914 1874/3915
f 1874/3915 1797/3914 1814/3916
f 1797/3914 1830/3913 1845/3917
f 1830/3913 1817/3912 1812/3918
f 1785/3919 1817/3912 1769/3910
f 1817/3912 1785/3919 1812/3918
f 1785/3919 1769/3910 1753/3920
f 1812/3918 1785/3919 1759/3921
f 1759/3921 1785/3919 1753/3920
f 1791/3922 1767/3923 1777/3924
f 1767/3923 1791/3922 1793/3925
f 1791/3922 1777/3924 1787/3926
f 1791/3922 1787/3926 1782/3927
f 1787/3926 1777/3924 1793/3928
f 1782/3927 1787/3926 1783/3929
f 1783/3929 1787/3926 1793/3928
f 1783/3929 1793/3928 1791/3930
f 1783/3929 1791/3930 1813/3931
f 1783/3929 1813/3931 1794/3932
f 1706/3933 1707/3934 1678/3935
f 1720/3936 1701/3937 1707/3938
f 1720/3936 1707/3938 1741/3939
f 1741/3939 1707/3938 1732/3940
f 1841/3941 1822/3942 1844/3943
f 1844/3943 1822/3942 1890/3944
f 1844/3943 1890/3944 1887/3945
f 1841/3941 1844/3943 1855/3946
f 1841/3941 1855/3946 1814/3947
f 1741/3948 1706/3949 1720/3950
f 1706/3949 1741/3948 1732/3951
f 1706/3949 1732/3951 1707/3952
f 1809/3953 1791/3954 1782/3955
f 1791/3954 1809/3953 1838/3956
f 1791/3954 1838/3956 1813/3957
f 1884/3958 1815/3959 1734/3960
f 1884/3958 1734/3960 1797/3961
f 1884/3958 1797/3961 1845/3962
f 1884/3958 1845/3962 1909/3963
f 1884/3958 1909/3963 1902/3964
f 1825/3965 1838/3966 1809/3967
f 1838/3966 1825/3965 1813/3968
f 1748/3969 1732/3970 1741/3971
f 1741/3971 1732/3970 1755/3972
f 1820/3973 1840/3974 1742/3975
f 1840/3974 1820/3973 1823/3976
f 1823/3976 1820/3973 1836/3977
f 1823/3976 1836/3977 1868/3978
f 1823/3976 1868/3978 1867/3979
f 1868/3978 1836/3977 1885/3980
f 1868/3978 1885/3980 1914/3981
f 1868/3978 1914/3981 1913/3982
f 1995/3983 1896/3984 1911/3985
f 1995/3983 1911/3985 1979/3986
f 1995/3983 1979/3986 2066/3987
f 1896/3984 1995/3983 2000/3988
f 1896/3984 2000/3988 1945/3989
f 1748/3990 1741/3991 1766/3992
f 1766/3992 1741/3991 1755/3993
f 1759/3994 1770/3995 1655/3996
f 1770/3995 1759/3994 1753/3997
f 1770/3995 1753/3997 1769/3998
f 1770/3995 1769/3998 1772/3999
f 1770/3995 1772/3999 1774/4000
f 1770/3995 1774/4000 1792/4001
f 1792/4001 1774/4000 1772/3999
f 1863/4002 1838/4003 1825/4004
f 1860/4005 1833/4006 1849/4007
f 1833/4006 1860/4005 1869/4008
f 1833/4006 1869/4008 1859/4009
f 1833/4006 1859/4009 1829/4010
f 1749/4011 1732/4012 1748/4013
f 1732/4012 1749/4011 1755/4014
f 1749/4011 1748/4013 1766/4015
f 1749/4011 1766/4015 1776/4016
f 1776/4016 1766/4015 1790/4017
f 1776/4016 1790/4017 1778/4018
f 1790/4017 1766/4015 1755/4019
f 1778/4018 1790/4017 1764/4020
f 1790/4017 1755/4019 1758/4021
f 1790/4017 1758/4021 1764/4020
f 1758/4021 1755/4019 1738/4022
f 1758/4021 1738/4022 1764/4020
f 1738/4022 1755/4019 1749/4023
f 1764/4020 1738/4022 1746/4024
f 1849/4025 1829/4026 1859/4027
f 1849/4025 1859/4027 1860/4028
f 1860/4028 1859/4027 1892/4029
f 1898/4030 1979/4031 1911/4032
f 1979/4031 1898/4030 1950/4033
f 1979/4031 1950/4033 2044/4034
f 1950/4033 1898/4030 1951/4035
f 1951/4035 1898/4030 1874/4036
f 1951/4035 1874/4036 1945/4037
f 1783/4038 1847/4039 1820/4040
f 1820/4040 1847/4039 1836/4041
f 1847/4039 1783/4038 1864/4042
f 1836/4041 1847/4039 1883/4043
f 1847/4039 1864/4042 1897/4044
f 1847/4039 1897/4044 1883/4043
f 1906/4045 1909/4046 1845/4047
f 1906/4045 1845/4047 1850/4048
f 1850/4048 1845/4047 1780/4049
f 1886/4050 1863/4003 1838/4002
f 1875/4051 1860/4052 1892/4053
f 1860/4052 1875/4051 1869/4054
f 1760/4055 1778/4056 1799/4057
f 1760/4055 1799/4057 1789/4058
f 1799/4057 1778/4056 1795/4059
f 1795/4059 1778/4056 1764/4060
f 1799/4057 1795/4059 1832/4061
f 1899/4062 1863/4063 1886/4064
f 1899/4062 1886/4064 1905/4065
f 1789/4066 1764/4067 1760/4068
f 1764/4067 1789/4066 1795/4069
f 1795/4069 1789/4066 1803/4070
f 1892/4071 1859/4072 1869/4073
f 1892/4071 1869/4073 1900/4074
f 1900/4074 1869/4073 1891/4075
f 1891/4075 1869/4073 1875/4076
f 1891/4075 1875/4076 1901/4077
f 1901/4077 1875/4076 1892/4078
f 1901/4077 1892/4078 1900/4079
f 1840/4080 1897/4081 1864/4082
f 1897/4081 1840/4080 1823/4083
f 1882/4084 1823/4083 1867/4085
f 1823/4083 1882/4084 1916/4086
f 1823/4083 1916/4086 1897/4081
f 1916/4086 1882/4084 1888/4087
f 1916/4086 1888/4087 1928/4088
f 1916/4086 1928/4088 1944/4089
f 1897/4081 1916/4086 1926/4090
f 1926/4090 1916/4086 1944/4089
f 1897/4081 1926/4090 1921/4091
f 1926/4090 1944/4089 1934/4092
f 1926/4090 1934/4092 1921/4091
f 1921/4091 1934/4092 1907/4093
f 1907/4093 1934/4092 1940/4094
f 1883/4095 1897/4096 1921/4097
f 1883/4095 1921/4097 1907/4098
f 1883/4095 1907/4098 1836/4099
f 1836/4099 1907/4098 1885/4100
f 1885/4100 1907/4098 1914/4101
f 1818/4102 1789/4103 1799/4104
f 1818/4102 1799/4104 1832/4105
f 1789/4103 1818/4102 1803/4106
f 1803/4106 1818/4102 1831/4107
f 1803/4106 1831/4107 1837/4108
f 1803/4106 1837/4108 1832/4109
f 1901/4110 1900/4111 1910/4112
f 1901/4110 1910/4112 1891/4113
f 1955/4114 1958/4115 1965/4116
f 1955/4114 1965/4116 1933/4117
f 1933/4117 1965/4116 1936/4118
f 1945/4119 2000/4120 2012/4121
f 2012/4121 2000/4120 2063/4122
f 2063/4122 2000/4120 1995/4123
f 1832/4124 1795/4125 1803/4126
f 1918/4127 1905/4128 1899/4129
f 1899/4129 1905/4128 1924/4130
f 1905/4128 1918/4127 1932/4131
f 1905/4128 1932/4131 1924/4130
f 1900/4132 1891/4133 1910/4134
f 1852/4135 1818/4136 1832/4137
f 1818/4136 1852/4135 1831/4138
f 1831/4138 1852/4135 1851/4139
f 1831/4138 1851/4139 1837/4140
f 1851/4139 1852/4135 1867/4141
f 1852/4142 1832/4143 1853/4144
f 1853/4144 1832/4143 1837/4145
f 1853/4144 1837/4145 1851/4146
f 1951/4147 1945/4148 2012/4149
f 1951/4147 2012/4149 2027/4150
f 1951/4147 2027/4150 1950/4151
f 1922/4152 1812/4153 1759/4154
f 1922/4152 1759/4154 1826/4155
f 1812/4153 1922/4152 1931/4156
f 1931/4156 1922/4152 1970/4157
f 1718/4158 1780/4159 1857/4160
f 1857/4160 1780/4159 1845/4161
f 1718/4158 1857/4160 1826/4162
f 1924/4163 1918/4164 1899/4165
f 1918/4164 1924/4163 1925/4166
f 1925/4166 1924/4163 1932/4167
f 1925/4166 1932/4167 1938/4168
f 1929/4169 1910/4170 1927/4171
f 1882/4172 1852/4173 1853/4174
f 1852/4173 1882/4172 1867/4175
f 1925/4176 1936/4177 1918/4178
f 1918/4178 1936/4177 1933/4179
f 1936/4177 1925/4176 1935/4180
f 1888/4181 1882/4182 1851/4183
f 1851/4183 1882/4182 1853/4184
f 1888/4181 1851/4183 1867/4185
f 1888/4181 1867/4185 1868/4186
f 1888/4181 1868/4186 1913/4187
f 1888/4181 1913/4187 1928/4188
f 1918/4189 1933/4190 1932/4191
f 1932/4191 1933/4190 1936/4192
f 1932/4191 1936/4192 1935/4193
f 1830/4194 1812/4195 1923/4196
f 1923/4196 1812/4195 1931/4197
f 1935/4198 1925/4199 1938/4200
f 1935/4198 1938/4200 1932/4201
f 1845/4202 1830/4203 1923/4204
f 1845/4202 1923/4204 1953/4205
f 1845/4202 1953/4205 1857/4206
f 1857/4206 1953/4205 1930/4207
f 1938/4208 1929/4209 1927/4210
f 1938/4208 1927/4210 1935/4211
f 1941/4212 1929/4213 1938/4214
f 1929/4213 1941/4212 1939/4215
f 1929/4213 1939/4215 1935/4216
f 1929/4213 1935/4216 1927/4217
f 1935/4216 1939/4215 1959/4218
f 1935/4216 1959/4218 1938/4219
f 1959/4218 1939/4215 1942/4220
f 1938/4219 1959/4218 1941/4221
f 1941/4221 1959/4218 1942/4220
f 1941/4221 1942/4220 1949/4222
f 1941/4221 1949/4222 1939/4223
f 2017/4224 1988/4225 2009/4226
f 1940/4227 1934/4228 1944/4229
f 1940/4227 1944/4229 1937/4230
f 1937/4230 1944/4229 1928/4231
f 1937/4230 1928/4231 1913/4232
f 1937/4230 1913/4232 1940/4227
f 1940/4227 1913/4232 1914/4233
f 1940/4227 1914/4233 1907/4234
f 1948/4235 1942/4236 1939/4237
f 1948/4235 1939/4237 1949/4238
f 1942/4236 1948/4235 1957/4239
f 1948/4235 1949/4238 1947/4240
f 1957/4239 1948/4235 1943/4241
f 1943/4241 1948/4235 1947/4240
f 1957/4239 1943/4241 1960/4242
f 1943/4241 1947/4240 1963/4243
f 1960/4242 1943/4241 1978/4244
f 1978/4244 1943/4241 1963/4243
f 1949/4245 1942/4246 1957/4247
f 1956/4248 1949/4245 1992/4249
f 1992/4249 1949/4245 1977/4250
f 1949/4245 1957/4247 1969/4251
f 1949/4245 1969/4251 1977/4250
f 1969/4251 1957/4247 1960/4252
f 1969/4251 1960/4252 1985/4253
f 1969/4251 1985/4253 1991/4254
f 1969/4251 1991/4254 1977/4250
f 1977/4250 1991/4254 1978/4255
f 1977/4250 1978/4255 1963/4256
f 1977/4250 1963/4256 1982/4257
f 2028/4258 2009/4259 2017/4260
f 2009/4259 2028/4258 2038/4261
f 2009/4259 2038/4261 2039/4262
f 2038/4261 2028/4258 2053/4263
f 2053/4263 2028/4258 2039/4264
f 2038/4261 2053/4263 2056/4265
f 2038/4261 2056/4265 2050/4266
f 2038/4261 2050/4266 2039/4262
f 2039/4262 2050/4266 2053/4267
f 2012/4268 2068/4269 2027/4270
f 2068/4269 2012/4268 2063/4271
f 2027/4270 2068/4269 2075/4272
f 2027/4270 2075/4272 2055/4273
f 2028/4274 2017/4275 2039/4276
f 1956/4277 1947/4278 1949/4279
f 1953/4280 1963/4281 1947/4278
f 1953/4280 1947/4278 1946/4282
f 1946/4282 1947/4278 1956/4277
f 1946/4282 1956/4277 1963/4283
f 1963/4283 1956/4277 1976/4284
f 2027/4285 2044/4286 1950/4287
f 2044/4286 2027/4285 2060/4288
f 2060/4288 2027/4285 2055/4289
f 2060/4288 2055/4289 2084/4290
f 2060/4288 2084/4290 2078/4291
f 2084/4290 2055/4289 2087/4292
f 2084/4290 2087/4292 2078/4291
f 2009/4293 2039/4294 2017/4295
f 1967/4296 1961/4297 1936/4298
f 2075/4299 2068/4300 2086/4301
f 2086/4301 2068/4300 2066/4302
f 2066/4302 2068/4300 2063/4303
f 2066/4302 2063/4303 1995/4304
f 2086/4301 2066/4302 2076/4305
f 2086/4301 2076/4305 2075/4299
f 2076/4305 2066/4302 2078/4306
f 2075/4299 2076/4305 2055/4307
f 2076/4305 2078/4306 2087/4308
f 2076/4305 2087/4308 2055/4307
f 1960/4309 1974/4310 1984/4311
f 1984/4311 1974/4310 2006/4312
f 1984/4311 2006/4312 2030/4313
f 2006/4312 1974/4310 2015/4314
f 2015/4314 1974/4310 2002/4315
f 1974/4310 1960/4309 1972/4316
f 1972/4316 1960/4309 1978/4317
f 1972/4316 1978/4317 1987/4318
f 1960/4319 1984/4320 1985/4321
f 1985/4321 1984/4320 2003/4322
f 2003/4322 1984/4320 2030/4323
f 2003/4322 2030/4323 2002/4324
f 1985/4321 2003/4322 1974/4325
f 1974/4325 2003/4322 1987/4326
f 1974/4325 1987/4326 2002/4327
f 1985/4321 1974/4325 1972/4328
f 1985/4321 1972/4328 1991/4329
f 1991/4329 1972/4328 1987/4330
f 1991/4329 1987/4330 2003/4331
f 1990/4332 1956/4333 1992/4334
f 1992/4335 1977/4336 1980/4337
f 1980/4337 1977/4336 2004/4338
f 1980/4337 2004/4338 1982/4339
f 1980/4337 1982/4339 1963/4340
f 1992/4335 1980/4337 2005/4341
f 1980/4337 1963/4340 1976/4342
f 1980/4337 1976/4342 2005/4341
f 2005/4341 1976/4342 2004/4343
f 2004/4343 1976/4342 1982/4344
f 2005/4341 2004/4343 1989/4345
f 1953/4346 1923/4347 1986/4348
f 1986/4348 1923/4347 1931/4349
f 1826/4350 1962/4351 1922/4352
f 1977/4353 1997/4354 2004/4355
f 1997/4354 1977/4353 1982/4356
f 2004/4355 1997/4354 2014/4357
f 2004/4355 2014/4357 2029/4358
f 2029/4358 2014/4357 2043/4359
f 2004/4355 2029/4358 2018/4360
f 2004/4355 2018/4360 1989/4361
f 1989/4361 2018/4360 1982/4362
f 1982/4362 2018/4360 2007/4363
f 2007/4363 2018/4360 2040/4364
f 1982/4362 2007/4363 1997/4365
f 1997/4365 2007/4363 2014/4366
f 2044/4367 2066/4368 1979/4369
f 2066/4368 2044/4367 2057/4370
f 2066/4368 2057/4370 2070/4371
f 2070/4371 2057/4370 2072/4372
f 2070/4371 2072/4372 2050/4373
f 2072/4372 2057/4370 2060/4374
f 2050/4373 2072/4372 2053/4375
f 2072/4372 2060/4374 2078/4376
f 2053/4375 2072/4372 2056/4377
f 2056/4377 2072/4372 2078/4376
f 1990/4378 1976/4379 1956/4380
f 1992/4381 2023/4382 1990/4378
f 1990/4378 2023/4382 1999/4383
f 1990/4378 1999/4383 1976/4379
f 1976/4379 1999/4383 1989/4384
f 1976/4379 1989/4384 1982/4385
f 1989/4384 1999/4383 2005/4386
f 2005/4386 1999/4383 2021/4387
f 2005/4386 2021/4387 1992/4388
f 1992/4388 2021/4387 2023/4389
f 1857/4390 1962/4391 1826/4392
f 1962/4391 1857/4390 1930/4393
f 1952/4394 1954/4395 1919/4396
f 2070/4397 2050/4398 2056/4399
f 2070/4397 2056/4399 2078/4400
f 2070/4397 2078/4400 2066/4401
f 1963/4402 1953/4403 1981/4404
f 1963/4402 1981/4404 1946/4405
f 1946/4405 1981/4404 1973/4406
f 1981/4404 1953/4403 1971/4407
f 1971/4407 1953/4403 1986/4408
f 1973/4406 1981/4404 2007/4409
f 1973/4406 2007/4409 1998/4410
f 1973/4406 1998/4410 1971/4411
f 2007/4409 1981/4404 2014/4412
f 2014/4412 1981/4404 1971/4407
f 2014/4412 1971/4407 2034/4413
f 2034/4413 1971/4407 2013/4414
f 1991/4415 2003/4416 2013/4417
f 2013/4417 2003/4416 2036/4418
f 2036/4418 2003/4416 2010/4419
f 2010/4419 2003/4416 2002/4420
f 2010/4419 2002/4420 1987/4421
f 2010/4419 1987/4421 1978/4422
f 2036/4418 2010/4419 2033/4423
f 2036/4418 2033/4423 2026/4424
f 2033/4423 2010/4419 2013/4425
f 2013/4425 2010/4419 1978/4422
f 2013/4425 1978/4422 1991/4426
f 1946/4427 1973/4428 1953/4429
f 1953/4429 1973/4428 1966/4430
f 1953/4429 1966/4430 1930/4431
f 1930/4431 1966/4430 1962/4432
f 1966/4430 1973/4428 1994/4433
f 1966/4430 1994/4433 1968/4434
f 1994/4433 1973/4428 1986/4435
f 1986/4435 1973/4428 1971/4436
f 1968/4434 1994/4433 2016/4437
f 2016/4437 1994/4433 1986/4435
f 2016/4437 1986/4435 2011/4438
f 1968/4434 2016/4437 1996/4439
f 2016/4437 2011/4438 2019/4440
f 1996/4439 2016/4437 2035/4441
f 2035/4441 2016/4437 2019/4440
f 1996/4439 2035/4441 2024/4442
f 2024/4442 2035/4441 2019/4440
f 1970/4443 1986/4444 1931/4445
f 1986/4444 1970/4443 2008/4446
f 1986/4444 2008/4446 2011/4447
f 2008/4446 1970/4443 2001/4448
f 2001/4448 1970/4443 1975/4449
f 2001/4448 1975/4449 2008/4446
f 2008/4446 1975/4449 1993/4450
f 2008/4446 1993/4450 2019/4451
f 2008/4446 2019/4451 2020/4452
f 1967/4297 1961/4296 1983/4453
f 2002/4454 2030/4455 2032/4456
f 2002/4454 2032/4456 2015/4457
f 2015/4457 2032/4456 2026/4458
f 2032/4456 2030/4455 2046/4459
f 2046/4459 2030/4455 2073/4460
f 2032/4456 2046/4459 2051/4461
f 2026/4458 2032/4456 2036/4462
f 2036/4462 2032/4456 2051/4461
f 2036/4462 2051/4461 2045/4463
f 2045/4463 2051/4461 2065/4464
f 2013/4465 2036/4462 2034/4466
f 2034/4466 2036/4462 2045/4463
f 2034/4466 2045/4463 2044/4467
f 2044/4467 2045/4463 2057/4468
f 2057/4468 2045/4463 2060/4469
f 2060/4469 2045/4463 2065/4464
f 2060/4469 2065/4464 2058/4470
f 2058/4470 2065/4464 2049/4471
f 1998/4472 2013/4473 1971/4474
f 2013/4473 1998/4472 2033/4475
f 2033/4475 1998/4472 2020/4476
f 2020/4476 1998/4472 2011/4477
f 2020/4476 2011/4477 2008/4478
f 2011/4477 1998/4472 2007/4479
f 2011/4477 2007/4479 2040/4480
f 2023/4481 2022/4482 1999/4483
f 1999/4483 2022/4482 2041/4484
f 1999/4483 2041/4484 2025/4485
f 2041/4484 2022/4482 2059/4486
f 2025/4485 2041/4484 2018/4487
f 2041/4484 2059/4486 2054/4488
f 2018/4487 2041/4484 2040/4489
f 2041/4484 2054/4488 2043/4490
f 2041/4484 2043/4490 2040/4489
f 2014/4491 2034/4492 2043/4493
f 2043/4493 2034/4492 2058/4494
f 2058/4494 2034/4492 2044/4495
f 2058/4494 2044/4495 2060/4496
f 2043/4493 2058/4494 2049/4497
f 2043/4493 2049/4497 2040/4498
f 2006/4499 2048/4500 2030/4501
f 2048/4500 2006/4499 2015/4502
f 2094/4503 2048/4500 2082/4504
f 2082/4504 2048/4500 2077/4505
f 2077/4505 2048/4500 2015/4502
f 2077/4505 2015/4502 2067/4506
f 2067/4506 2015/4502 2042/4507
f 2067/4506 2042/4507 2073/4508
f 2042/4507 2015/4502 2026/4509
f 2073/4508 2042/4507 2046/4510
f 2042/4507 2026/4509 2033/4511
f 2042/4507 2033/4511 2046/4510
f 2046/4510 2033/4511 2051/4512
f 2051/4512 2033/4511 2047/4513
f 1999/4514 2025/4515 2021/4516
f 2021/4516 2025/4515 2031/4517
f 2031/4517 2025/4515 2018/4518
f 2031/4517 2018/4518 2029/4519
f 2031/4517 2029/4519 2043/4520
f 2031/4517 2043/4520 2054/4521
f 2031/4517 2054/4521 2021/4516
f 2021/4516 2054/4521 2023/4522
f 1922/4523 1962/4524 1970/4525
f 1970/4525 1962/4524 1975/4526
f 1975/4526 1962/4524 1966/4527
f 1975/4526 1966/4527 1964/4528
f 1964/4528 1966/4527 1968/4529
f 1975/4526 1964/4528 1993/4530
f 1993/4530 1964/4528 1968/4529
f 1993/4530 1968/4529 1996/4531
f 1993/4530 1996/4531 2024/4532
f 1993/4530 2024/4532 2019/4533
f 2023/4534 2054/4535 2061/4536
f 2023/4534 2061/4536 2022/4537
f 2022/4537 2061/4536 2059/4538
f 2061/4536 2054/4535 2090/4539
f 2081/4540 2062/4541 2059/4538
f 2081/4540 2059/4538 2071/4542
f 2071/4542 2059/4538 2061/4536
f 2081/4540 2071/4542 2088/4543
f 2071/4542 2061/4536 2089/4544
f 2071/4542 2089/4544 2088/4543
f 2089/4544 2061/4536 2090/4539
f 2088/4543 2089/4544 2095/4545
f 2095/4545 2089/4544 2090/4539
f 2095/4545 2090/4539 2093/4546
f 2093/4546 2090/4539 2085/4547
f 2085/4547 2090/4539 2074/4548
f 2074/4548 2090/4539 2054/4535
f 2074/4548 2054/4535 2059/4549
f 2074/4548 2059/4549 2062/4550
f 2049/4551 2065/4552 2051/4553
f 2049/4551 2051/4553 2064/4554
f 2064/4554 2051/4553 2093/4555
f 2093/4555 2051/4553 2080/4556
f 2093/4555 2080/4556 2096/4557
f 2080/4556 2051/4553 2047/4558
f 2096/4557 2080/4556 2073/4559
f 2080/4556 2047/4558 2069/4560
f 2073/4559 2080/4556 2067/4561
f 2067/4561 2080/4556 2069/4560
f 2037/4562 2033/4563 2020/4564
f 2037/4562 2020/4564 2019/4565
f 2037/4562 2019/4565 2011/4566
f 2033/4563 2037/4562 2047/4567
f 2037/4562 2011/4566 2040/4568
f 2037/4562 2040/4568 2047/4567
f 2047/4567 2040/4568 2052/4569
f 2047/4567 2052/4569 2083/4570
f 2083/4570 2052/4569 2064/4571
f 2083/4570 2064/4571 2093/4572
f 2073/4573 2030/4574 2048/4575
f 2073/4573 2048/4575 2094/4576
f 2073/4573 2094/4576 2096/4577
f 2096/4577 2094/4576 2097/4578
f 2097/4578 2094/4576 2091/4579
f 2091/4579 2094/4576 2082/4580
f 2091/4579 2082/4580 2077/4581
f 2097/4578 2091/4579 2092/4582
f 2097/4578 2092/4582 2096/4577
f 2091/4579 2077/4581 2079/4583
f 2091/4579 2079/4583 2092/4582
f 2079/4583 2077/4581 2067/4584
f 2079/4583 2067/4584 2069/4585
f 2079/4583 2069/4585 2047/4586
f 2079/4583 2047/4586 2083/4587
f 2079/4583 2083/4587 2092/4582
f 2095/4588 2096/4577 2092/4582
f 2096/4577 2095/4588 2093/4589
f 2095/4588 2092/4582 2088/4590
f 2088/4590 2092/4582 2083/4587
f 2088/4590 2083/4587 2081/4591
f 2081/4591 2083/4587 2093/4592
f 2040/4593 2049/4594 2062/4595
f 2062/4595 2049/4594 2074/4596
f 2074/4596 2049/4594 2085/4597
f 2085/4597 2049/4594 2064/4598
f 2062/4599 2052/4600 2040/4601
f 2052/4600 2062/4599 2081/4602
f 2052/4600 2081/4602 2085/4603
f 2052/4600 2085/4603 2064/4604
f 2085/4603 2081/4602 2093/4605
f 2001/4606 1983/4607 2008/4608
usemtl str
f 2098/4609 2099/4610 2100/4611 2101/4612
f 2102/4613 2103/4614 2104/4615 2105/4616
f 2106/4617 2107/4618 2108/4619 2109/4620
f 2110/4621 2111/4622 2112/4623 2113/4624
f 2114/4625 2115/4626 2116/4627 2117/4628
f 2118/4629 2119/4630 2120/4631 2121/4632
f 2122/4633 2123/4634 2124/4635 2125/4636
f 2126/4637 2127/4638 2128/4639 2129/4640
f 2130/4641 2131/4642 2132/4643 2133/4644
f 2134/4645 2135/4646 2136/4647 2137/4648
f 2138/4649 2139/4650 2140/4651 2141/4652
f 2142/4653 2143/4654 2144/4655 2145/4656
f 2146/4657 2147/4658 2148/4659 2149/4660
f 2150/4661 2151/4662 2152/4663 2153/4664
f 2154/4665 2155/4666 2156/4667 2157/4668
f 2158/4669 2159/4670 2160/4671 2161/4672
f 2162/4673 2163/4674 2164/4675 2165/4676
f 2166/4677 2167/4678 2168/4679 2169/4680
f 2170/4681 2171/4682 2172/4683 2173/4684
f 2174/4685 2175/4686 2176/4687 2177/4688
