# compound_bow.obj exported from Blockbench free model
mtllib compound_bow.mtl
o compound_bow
v 0.189888 0.930406 0.610196
v 0.199288 0.538675 0.596703
v 0.177041 0.287169 0.629477
v 0.160235 0.215562 0.654344
v 0.150167 0.512100 0.669174
v 0.168428 0.434188 0.642357
v 0.184255 0.405388 0.619199
v 0.182773 0.162738 0.621419
v 0.193942 0.523556 0.605116
v 0.203598 0.533556 0.590980
v 0.174566 0.176563 0.633826
v 0.203160 0.179731 0.591935
v 0.166513 0.379000 0.645862
v 0.199963 0.558688 0.596934
v 0.191136 0.573125 0.610341
v 0.192008 0.558181 0.609347
v 0.194547 0.603094 0.605625
v 0.212374 0.143875 0.579548
v 0.212773 0.170150 0.579064
v 0.181964 0.169081 0.624353
v 0.153865 0.566650 0.665673
v 0.200108 0.501294 0.597798
v 0.203428 0.518988 0.592942
v 0.199645 0.549531 0.599001
v 0.213635 0.154219 0.579152
v 0.193180 0.551669 0.609336
v 0.169108 0.180863 0.645036
v 0.192060 0.161300 0.611304
v 0.154354 0.359662 0.666799
v 0.192815 0.564000 0.610539
v 0.152110 0.229200 0.670496
v 0.194548 0.507469 0.608226
v 0.193302 0.579681 0.610145
v 0.173811 0.501256 0.638846
v 0.177383 0.488088 0.633642
v 0.182944 0.337769 0.625724
v 0.182152 0.570287 0.626909
v 0.157495 0.632919 0.663516
v 0.164009 0.917219 0.654152
v 0.161950 0.646181 0.657423
v 0.192008 0.568506 0.613369
v 0.179213 0.341019 0.632264
v 0.200632 0.506637 0.601041
v 0.153079 0.204513 0.671027
v 0.196076 0.172162 0.607980
v 0.159355 0.508150 0.662060
v 0.188296 0.173538 0.619568
v 0.190890 0.572425 0.616124
v 0.188333 0.219988 0.620159
v 0.170326 0.209825 0.646801
v 0.148295 0.891188 0.679270
v 0.160786 0.358350 0.661212
v 0.168966 0.478381 0.649278
v 0.171587 0.571963 0.645792
v 0.207981 0.177569 0.592427
v 0.159470 0.585031 0.663734
v 0.156578 0.590113 0.668350
v 0.154740 0.906813 0.671053
v 0.203782 0.527581 0.599020
v 0.167632 0.498219 0.652150
v 0.194748 0.353988 0.612398
v 0.162668 0.579875 0.659711
v 0.163146 0.573294 0.659076
v 0.158409 0.337906 0.666149
v 0.157650 0.507025 0.667288
v 0.158318 0.619981 0.666360
v 0.191720 0.615988 0.617293
v 0.175752 0.379081 0.640848
v 0.170326 0.228162 0.648835
v 0.201654 0.570025 0.602848
v 0.173696 0.516200 0.644348
v 0.200675 0.525787 0.605032
v 0.201413 0.596675 0.604068
v 0.171258 0.331694 0.648532
v 0.162786 0.612044 0.661038
v 0.164056 0.640881 0.659416
v 0.214329 0.148913 0.585619
v 0.155902 0.639787 0.671678
v 0.185997 0.287137 0.627536
v 0.193359 0.373887 0.616950
v 0.189065 0.170150 0.623327
v 0.158504 0.913281 0.668420
v 0.150141 0.899400 0.680723
v 0.179330 0.433906 0.637900
v 0.170136 0.460269 0.651548
v 0.187072 0.235275 0.627079
v 0.210833 0.151994 0.592379
v 0.199030 0.121262 0.609771
v 0.156312 0.598000 0.672909
v 0.177916 0.925706 0.641178
v 0.194160 0.552325 0.617373
v 0.195113 0.517975 0.616215
v 0.179846 0.522162 0.638666
v 0.156017 0.540681 0.673797
v 0.192589 0.937638 0.620303
v 0.213184 0.161606 0.590524
v 0.155439 0.355331 0.675648
v 0.185824 0.419137 0.631024
v 0.166870 0.375450 0.658903
v 0.213052 0.146894 0.591395
v 0.168378 0.519544 0.657065
v 0.157024 0.623469 0.673930
v 0.199911 0.560694 0.610998
v 0.200751 0.556700 0.609786
v 0.163890 0.567056 0.663983
v 0.165326 0.497475 0.661883
v 0.183858 0.334731 0.634713
v 0.156879 0.660963 0.674663
v 0.202306 0.580575 0.608001
v 0.186277 0.260556 0.631680
v 0.183926 0.180100 0.635236
v 0.159109 0.611581 0.671909
v 0.193249 0.549787 0.621834
v 0.199962 0.578862 0.612590
v 0.179993 0.335650 0.641949
v 0.175761 0.424787 0.648314
v 0.196720 0.174425 0.617921
v 0.151274 0.880694 0.684835
v 0.163971 0.200850 0.666562
v 0.165858 0.895769 0.663945
v 0.193906 0.606875 0.622802
v 0.156751 0.601175 0.677585
v 0.201819 0.568388 0.611494
v 0.197103 0.130875 0.618424
v 0.202912 0.572019 0.610054
v 0.204378 0.160444 0.607900
v 0.181679 0.187944 0.641327
v 0.156467 0.640362 0.678669
v 0.188026 0.490544 0.632476
v 0.195798 0.219006 0.621331
v 0.189587 0.201187 0.630726
v 0.195026 0.521344 0.622854
v 0.193584 0.561481 0.625041
v 0.180866 0.480212 0.644198
v 0.158811 0.335544 0.676636
v 0.205239 0.172681 0.609044
v 0.195641 0.353650 0.623219
v 0.164539 0.586638 0.669360
v 0.178119 0.190900 0.649481
v 0.169460 0.479606 0.662540
v 0.200361 0.125256 0.617359
v 0.187208 0.414194 0.637423
v 0.201483 0.551887 0.616476
v 0.150353 0.890338 0.691631
v 0.186197 0.922381 0.639230
v 0.155478 0.354981 0.684445
v 0.174498 0.568906 0.656836
v 0.203448 0.514212 0.614320
v 0.189157 0.266725 0.635492
v 0.195629 0.508200 0.626023
v 0.159382 0.612413 0.679428
v 0.190535 0.209669 0.633776
v 0.164385 0.621487 0.672242
v 0.196669 0.230788 0.625173
v 0.168202 0.920850 0.667022
v 0.162470 0.632062 0.675724
v 0.211095 0.161725 0.604350
v 0.159572 0.907362 0.680684
v 0.165249 0.597075 0.672806
v 0.162773 0.915088 0.676489
v 0.165562 0.568200 0.672581
v 0.176339 0.524494 0.656774
v 0.171710 0.462438 0.663610
v 0.179724 0.376300 0.651955
v 0.194722 0.615250 0.629957
v 0.184765 0.421300 0.644591
v 0.191057 0.182450 0.635620
v 0.182716 0.465094 0.648057
v 0.178806 0.578606 0.653871
v 0.155911 0.219131 0.687620
v 0.165572 0.670900 0.673465
v 0.195679 0.605331 0.629293
v 0.193227 0.503531 0.632931
v 0.172796 0.222913 0.663337
v 0.189756 0.236313 0.638432
v 0.158155 0.618919 0.684920
v 0.195281 0.370956 0.630602
v 0.195701 0.641875 0.630094
v 0.166569 0.656506 0.673244
v 0.168751 0.664338 0.670170
v 0.192991 0.356494 0.634556
v 0.167066 0.909956 0.672992
v 0.180118 0.916550 0.653842
v 0.201755 0.630750 0.622253
v 0.197389 0.213850 0.628770
v 0.193965 0.626737 0.633879
v 0.200142 0.562013 0.625179
v 0.196836 0.351244 0.630405
v 0.182048 0.331056 0.652260
v 0.203189 0.607794 0.621189
v 0.171417 0.201462 0.667985
v 0.186050 0.498994 0.646645
v 0.192158 0.369031 0.638146
v 0.166769 0.639713 0.675473
v 0.159238 0.601275 0.687086
v 0.175435 0.246262 0.663325
v 0.159291 0.895675 0.687273
v 0.187399 0.447844 0.645975
v 0.159050 0.631625 0.688206
v 0.204206 0.523106 0.622206
v 0.164288 0.578806 0.680884
v 0.195558 0.927900 0.635039
v 0.202063 0.498650 0.625835
v 0.219239 0.128556 0.600624
v 0.176846 0.373781 0.662985
v 0.165562 0.236712 0.679823
v 0.192923 0.645281 0.640246
v 0.197670 0.236038 0.633446
v 0.179688 0.916644 0.659906
v 0.192950 0.181562 0.640794
v 0.151835 0.881637 0.701288
v 0.187144 0.477906 0.649672
v 0.180801 0.897962 0.659538
v 0.161137 0.654906 0.688704
v 0.206022 0.166612 0.622761
v 0.173019 0.327087 0.671365
v 0.212701 0.126544 0.613365
v 0.174562 0.376694 0.669784
v 0.159485 0.639250 0.692199
v 0.175157 0.204788 0.669744
v 0.195687 0.910844 0.639738
v 0.158643 0.332675 0.694558
v 0.194819 0.620925 0.641657
v 0.200143 0.506713 0.633956
v 0.167578 0.619275 0.681973
v 0.181651 0.455213 0.661454
v 0.185650 0.575562 0.655610
v 0.204730 0.502919 0.627703
v 0.177795 0.195756 0.667411
v 0.191133 0.223619 0.647820
v 0.194859 0.637069 0.642698
v 0.203626 0.615988 0.629869
v 0.167198 0.904219 0.683430
v 0.203920 0.606250 0.629926
v 0.179693 0.467075 0.665754
v 0.194962 0.348831 0.643326
v 0.153786 0.863631 0.704052
v 0.182502 0.328156 0.662593
v 0.220565 0.134325 0.607241
v 0.161156 0.886919 0.694553
v 0.188150 0.475262 0.654892
v 0.203643 0.624781 0.632777
v 0.184398 0.246994 0.661229
v 0.192775 0.486431 0.649649
v 0.182729 0.566694 0.664471
v 0.158212 0.352694 0.700781
v 0.165588 0.905987 0.690273
v 0.196912 0.368700 0.644782
v 0.194267 0.367444 0.648878
v 0.183626 0.916338 0.664574
v 0.172163 0.506769 0.681654
v 0.162192 0.896044 0.696353
v 0.166509 0.677188 0.690053
v 0.179177 0.666381 0.671458
v 0.160231 0.625613 0.699501
v 0.172228 0.517775 0.681894
v 0.202153 0.224500 0.638256
v 0.171073 0.369400 0.684201
v 0.184810 0.226550 0.664277
v 0.183722 0.204669 0.665933
v 0.188503 0.919538 0.658950
v 0.170144 0.655963 0.685988
v 0.198684 0.508238 0.644332
v 0.169017 0.631406 0.687957
v 0.167302 0.510375 0.690600
v 0.176324 0.510819 0.677372
v 0.195109 0.644381 0.650064
v 0.160769 0.863906 0.700555
v 0.153248 0.592944 0.711608
v 0.154278 0.872237 0.710774
v 0.189682 0.484588 0.658830
v 0.189145 0.459681 0.659840
v 0.175701 0.684262 0.679911
v 0.198914 0.220900 0.646016
v 0.197443 0.512744 0.648545
v 0.182428 0.912675 0.670646
v 0.220150 0.116350 0.615494
v 0.165765 0.663131 0.695700
v 0.203653 0.649125 0.640184
v 0.150471 0.584325 0.718957
v 0.180881 0.201769 0.675029
v 0.196826 0.573975 0.651596
v 0.164252 0.653075 0.699524
v 0.198622 0.917769 0.649045
v 0.169888 0.897388 0.691287
v 0.155992 0.585938 0.711752
v 0.180499 0.371812 0.676114
v 0.170374 0.636325 0.691073
v 0.194783 0.347975 0.655209
v 0.199550 0.347094 0.648293
v 0.192192 0.243425 0.659117
v 0.192392 0.499962 0.659034
v 0.195607 0.634813 0.654409
v 0.171667 0.885238 0.689616
v 0.162035 0.885150 0.703851
v 0.219324 0.123856 0.619898
v 0.177988 0.209581 0.680816
v 0.197424 0.578512 0.652418
v 0.170294 0.692813 0.692378
v 0.174838 0.341994 0.685733
v 0.177245 0.910994 0.682239
v 0.175449 0.679506 0.685469
v 0.193006 0.222913 0.659822
v 0.169110 0.641569 0.695406
v 0.166041 0.891831 0.700151
v 0.198043 0.611838 0.653308
v 0.151614 0.598175 0.721632
v 0.196358 0.566919 0.656139
v 0.204863 0.639038 0.643850
v 0.190772 0.196063 0.664592
v 0.156028 0.564863 0.715911
v 0.194955 0.364881 0.659001
v 0.175836 0.514700 0.687456
v 0.172976 0.223312 0.691769
v 0.204580 0.511856 0.645532
v 0.187024 0.327181 0.671446
v 0.236785 0.130781 0.598668
v 0.202954 0.535813 0.648410
v 0.156021 0.849475 0.717411
v 0.192314 0.908006 0.664537
v 0.169189 0.625487 0.698657
v 0.197090 0.581831 0.657663
v 0.183925 0.900800 0.677055
v 0.164661 0.876050 0.705767
v 0.230843 0.122175 0.608557
v 0.187683 0.915725 0.671999
v 0.172730 0.869706 0.694119
v 0.203124 0.495325 0.649705
v 0.206580 0.502619 0.644860
v 0.192822 0.662106 0.665124
v 0.229629 0.131181 0.611073
v 0.168485 0.692994 0.701225
v 0.202731 0.215375 0.651138
v 0.202078 0.588394 0.652364
v 0.189119 0.201006 0.672333
v 0.172107 0.888138 0.697391
v 0.168263 0.673262 0.703084
v 0.199034 0.508894 0.658072
v 0.180370 0.567419 0.686180
v 0.172312 0.650681 0.698500
v 0.197964 0.612062 0.660988
v 0.206274 0.573488 0.648786
v 0.156215 0.570175 0.722668
v 0.172479 0.322800 0.699256
v 0.188169 0.911331 0.676639
v 0.202621 0.497000 0.655523
v 0.156590 0.859606 0.723317
v 0.196676 0.197131 0.664669
v 0.200748 0.344363 0.658852
v 0.203897 0.633894 0.654358
v 0.197296 0.202956 0.664215
v 0.156393 0.614381 0.724362
v 0.205122 0.578875 0.652780
v 0.205186 0.612662 0.652740
v 0.185052 0.241287 0.682410
v 0.196113 0.668775 0.666176
v 0.190303 0.571000 0.675181
v 0.196738 0.653869 0.666035
v 0.179192 0.717894 0.691834
v 0.196861 0.633650 0.665877
v 0.164244 0.865344 0.713903
v 0.201392 0.586313 0.660039
v 0.161282 0.569719 0.719101
v 0.197618 0.557794 0.665719
v 0.167924 0.354612 0.709371
v 0.177613 0.671206 0.695355
v 0.190212 0.681900 0.676948
v 0.198691 0.620313 0.664521
v 0.195825 0.639844 0.668732
v 0.180698 0.657837 0.691498
v 0.176827 0.721862 0.697209
v 0.198913 0.364531 0.664793
v 0.183556 0.576475 0.687432
v 0.169791 0.885238 0.707662
v 0.154865 0.579900 0.729786
v 0.200564 0.893875 0.662644
v 0.206695 0.566744 0.654101
v 0.198533 0.595456 0.666297
v 0.165399 0.594969 0.715204
v 0.157587 0.596762 0.727185
v 0.168135 0.879381 0.711706
v 0.201826 0.907088 0.662225
v 0.202813 0.664656 0.661029
v 0.164655 0.652450 0.717487
v 0.194975 0.901994 0.673158
v 0.177596 0.695081 0.698799
v 0.209418 0.540294 0.652188
v 0.183552 0.218337 0.690681
v 0.203787 0.201250 0.661140
v 0.185559 0.877363 0.688175
v 0.174186 0.883044 0.704923
v 0.198791 0.359725 0.668762
v 0.184798 0.896713 0.689472
v 0.180821 0.228806 0.695528
v 0.158655 0.834519 0.728516
v 0.204724 0.513644 0.661142
v 0.186710 0.349562 0.687772
v 0.229882 0.120100 0.624467
v 0.173481 0.873431 0.707504
v 0.204893 0.622125 0.662693
v 0.191027 0.908856 0.683173
v 0.157140 0.556338 0.732997
v 0.170994 0.566156 0.712782
v 0.187457 0.211688 0.688764
v 0.206214 0.617112 0.661242
v 0.175890 0.346313 0.706097
v 0.201984 0.555800 0.668070
v 0.166380 0.857775 0.720740
v 0.179971 0.368225 0.701088
v 0.196619 0.207381 0.676711
v 0.202016 0.341644 0.668833
v 0.210341 0.509450 0.656875
v 0.241288 0.132550 0.611605
v 0.177234 0.893781 0.705855
v 0.190688 0.902419 0.686282
v 0.206026 0.654831 0.663850
v 0.174083 0.682981 0.710840
v 0.180031 0.333725 0.702133
v 0.189404 0.715806 0.688901
v 0.196131 0.646731 0.679116
v 0.158754 0.846544 0.734049
v 0.238375 0.125688 0.617062
v 0.164534 0.593287 0.725698
v 0.185456 0.902081 0.695181
v 0.207754 0.584250 0.662500
v 0.167051 0.579506 0.722375
v 0.169602 0.569556 0.718714
v 0.199326 0.619781 0.675597
v 0.172090 0.606237 0.715803
v 0.175338 0.590888 0.711262
v 0.193362 0.676850 0.684806
v 0.180017 0.675856 0.704641
v 0.152353 0.592031 0.745478
v 0.170355 0.496256 0.719431
v 0.160857 0.560644 0.733635
v 0.200805 0.340744 0.675023
v 0.207386 0.633481 0.665463
v 0.207718 0.598650 0.665153
v 0.206269 0.639906 0.667349
v 0.204684 0.611838 0.669967
v 0.171762 0.508719 0.718551
v 0.175363 0.865675 0.713926
v 0.157805 0.578756 0.739898
v 0.208556 0.562756 0.665344
v 0.170879 0.606287 0.720739
v 0.174163 0.560469 0.716956
v 0.200826 0.595350 0.678024
v 0.166503 0.848706 0.728527
v 0.199912 0.359894 0.679624
v 0.160405 0.821794 0.737910
v 0.157237 0.591531 0.742821
v 0.161258 0.589356 0.737001
v 0.164598 0.499194 0.732236
v 0.196739 0.892713 0.685343
v 0.203137 0.238175 0.676029
v 0.218437 0.221087 0.653554
v 0.176890 0.848163 0.714715
v 0.187325 0.888381 0.699612
v 0.231849 0.105181 0.634665
v 0.181114 0.569044 0.709273
v 0.177876 0.651044 0.714154
v 0.174889 0.502081 0.718599
v 0.174111 0.591775 0.720754
v 0.174355 0.664306 0.720452
v 0.183312 0.671325 0.707420
v 0.160765 0.838606 0.740769
v 0.187593 0.877062 0.701829
v 0.183012 0.579600 0.708630
v 0.189778 0.576581 0.698818
v 0.199176 0.624888 0.685550
v 0.194833 0.656569 0.691999
v 0.201218 0.685794 0.682683
v 0.193711 0.695206 0.693783
v 0.198122 0.641813 0.687554
v 0.205390 0.893081 0.677085
v 0.168960 0.505169 0.730758
v 0.245669 0.116288 0.618040
v 0.238982 0.108869 0.627937
v 0.180374 0.750719 0.714349
v 0.192672 0.894269 0.696644
v 0.209105 0.621131 0.672658
v 0.188446 0.884781 0.703074
v 0.199732 0.651856 0.687100
v 0.179311 0.734300 0.717156
v 0.191196 0.327087 0.699699
v 0.171722 0.558000 0.728442
v 0.158622 0.607550 0.748164
v 0.168140 0.842363 0.734185
v 0.197593 0.885881 0.690988
v 0.176695 0.857619 0.721824
v 0.184063 0.884050 0.711060
v 0.205102 0.880781 0.680352
v 0.189510 0.701050 0.703466
v 0.206608 0.655931 0.678360
v 0.188791 0.345750 0.704624
v 0.189134 0.686125 0.704275
v 0.210480 0.601031 0.673026
v 0.172985 0.562381 0.728864
v 0.205566 0.665056 0.681204
v 0.162692 0.810931 0.744349
v 0.251376 0.127669 0.614076
v 0.160991 0.828875 0.747047
v 0.162539 0.603269 0.745084
v 0.197500 0.229200 0.693767
v 0.199040 0.328675 0.691528
v 0.194791 0.721131 0.698472
v 0.185795 0.565919 0.712382
v 0.171564 0.608025 0.733475
v 0.188347 0.564406 0.708955
v 0.239975 0.113787 0.633443
v 0.210009 0.630950 0.677884
v 0.170242 0.610738 0.736362
v 0.169629 0.594331 0.737397
v 0.191697 0.876387 0.705286
v 0.248041 0.121963 0.622489
v 0.181194 0.669112 0.720856
v 0.209202 0.642181 0.679792
v 0.196707 0.888138 0.698368
v 0.194658 0.674256 0.701389
v 0.162214 0.804306 0.750139
v 0.202401 0.867938 0.691243
v 0.183016 0.731569 0.719844
v 0.201713 0.671250 0.692454
v 0.203598 0.223188 0.689806
v 0.190919 0.581612 0.708651
v 0.178203 0.850450 0.727583
v 0.157820 0.769912 0.757718
v 0.209122 0.609375 0.682353
v 0.191712 0.565756 0.708419
v 0.216392 0.236588 0.672469
v 0.189676 0.865800 0.712400
v 0.162316 0.818769 0.753066
v 0.221056 0.208875 0.666835
v 0.175465 0.609725 0.733975
v 0.181790 0.614219 0.725102
v 0.188438 0.654706 0.715353
v 0.194929 0.668256 0.705890
v 0.192921 0.869825 0.708953
v 0.202908 0.633669 0.695209
v 0.180415 0.661225 0.728332
v 0.202314 0.692706 0.696559
v 0.196761 0.883162 0.704944
v 0.246798 0.105606 0.631494
v 0.178090 0.610869 0.732617
v 0.189690 0.588987 0.716000
v 0.207059 0.871081 0.690520
v 0.163592 0.794663 0.754524
v 0.202447 0.353637 0.697452
v 0.170071 0.827956 0.745069
v 0.176354 0.841688 0.736546
v 0.193915 0.723344 0.711036
v 0.197389 0.353544 0.706619
v 0.169790 0.501112 0.747281
v 0.208872 0.646850 0.689842
v 0.192002 0.575406 0.714936
v 0.162923 0.811875 0.757773
v 0.177062 0.606519 0.737639
v 0.191009 0.843156 0.717163
v 0.167814 0.487594 0.751630
v 0.198775 0.866563 0.706292
v 0.198158 0.647525 0.707278
v 0.178325 0.606812 0.736548
v 0.159358 0.751450 0.765047
v 0.178598 0.606919 0.737936
v 0.197134 0.562194 0.711117
v 0.164774 0.784806 0.758874
v 0.170540 0.820694 0.750612
v 0.208494 0.879806 0.696010
v 0.257021 0.111312 0.624690
v 0.248790 0.110731 0.637232
v 0.180029 0.769394 0.738388
v 0.181562 0.608050 0.736324
v 0.177566 0.810225 0.742374
v 0.172797 0.493094 0.749517
v 0.176009 0.604944 0.745118
v 0.161214 0.768450 0.767050
v 0.164379 0.803606 0.762400
v 0.191732 0.854688 0.722311
v 0.203808 0.677813 0.704795
v 0.203672 0.687362 0.705262
v 0.180667 0.608131 0.739585
v 0.181552 0.818619 0.738328
v 0.219576 0.220319 0.682565
v 0.180240 0.610019 0.740800
v 0.194769 0.859144 0.719737
v 0.200359 0.862625 0.711830
v 0.165703 0.774188 0.763331
v 0.208867 0.860062 0.699983
v 0.184488 0.735700 0.736356
v 0.197654 0.563700 0.717050
v 0.257470 0.116900 0.629463
v 0.206345 0.872206 0.705312
v 0.180820 0.831862 0.742880
v 0.199948 0.859144 0.715035
v 0.201510 0.605706 0.712817
v 0.171743 0.809556 0.756955
v 0.196077 0.761825 0.721223
v 0.197078 0.615806 0.720952
v 0.211433 0.645019 0.699944
v 0.197552 0.733275 0.720579
v 0.203040 0.663394 0.713079
v 0.207058 0.581331 0.707453
v 0.160689 0.758563 0.775622
v 0.183198 0.774675 0.743031
v 0.193293 0.661088 0.728204
v 0.166492 0.794813 0.768382
v 0.194122 0.849531 0.727785
v 0.182113 0.825544 0.746481
v 0.202847 0.602125 0.716108
v 0.173025 0.802538 0.760360
v 0.199356 0.611144 0.721716
v 0.206964 0.595762 0.710579
v 0.166138 0.788531 0.770703
v 0.210353 0.868788 0.705999
v 0.179717 0.819531 0.751458
v 0.202015 0.853500 0.718997
v 0.209989 0.850600 0.707512
v 0.202944 0.580794 0.717898
v 0.161139 0.781294 0.780373
v 0.167125 0.752150 0.772251
v 0.172624 0.798175 0.764381
v 0.177061 0.714719 0.758005
v 0.183200 0.732469 0.749126
v 0.197828 0.673825 0.727774
v 0.160270 0.485181 0.783160
v 0.185025 0.681000 0.747268
v 0.161049 0.776019 0.783115
v 0.206786 0.860919 0.716052
v 0.213202 0.591738 0.706878
v 0.193282 0.772412 0.736331
v 0.178904 0.699569 0.757761
v 0.201152 0.662781 0.725320
v 0.165003 0.771288 0.778549
v 0.194859 0.819531 0.734848
v 0.182490 0.770706 0.753171
v 0.265062 0.106338 0.632158
v 0.206076 0.562837 0.718873
v 0.202901 0.848219 0.723772
v 0.167427 0.745587 0.775920
v 0.208522 0.591406 0.715600
v 0.168063 0.780719 0.775173
v 0.195835 0.607625 0.735256
v 0.196407 0.840131 0.735517
v 0.202370 0.561331 0.727607
v 0.212072 0.859606 0.713359
v 0.183409 0.812300 0.755497
v 0.176259 0.790850 0.766061
v 0.203105 0.843612 0.727306
v 0.195340 0.834888 0.738985
v 0.161993 0.767869 0.788316
v 0.163011 0.725450 0.787187
v 0.200853 0.750106 0.731904
v 0.212414 0.845869 0.714914
v 0.200402 0.768813 0.733033
v 0.197364 0.611325 0.737543
v 0.185891 0.701325 0.754426
v 0.186101 0.715731 0.754985
v 0.203822 0.609313 0.729373
v 0.273231 0.110425 0.627375
v 0.207529 0.852125 0.724125
v 0.175588 0.784406 0.771092
v 0.259962 0.104112 0.647164
v 0.213183 0.570269 0.715982
v 0.220008 0.584581 0.706263
v 0.184039 0.773881 0.759426
v 0.169736 0.728838 0.780536
v 0.185242 0.779556 0.758113
v 0.217174 0.600556 0.711516
v 0.218389 0.566163 0.709909
v 0.198954 0.735794 0.738572
v 0.263436 0.095687 0.643903
v 0.212507 0.578850 0.718765
v 0.170446 0.485406 0.780581
v 0.165427 0.489819 0.787968
v 0.195892 0.827531 0.743239
v 0.184170 0.750994 0.760777
v 0.168942 0.759506 0.783224
v 0.184735 0.801531 0.761237
v 0.214720 0.619031 0.717467
v 0.207072 0.845137 0.729120
v 0.177787 0.779925 0.772559
v 0.204876 0.837938 0.733114
v 0.213381 0.833906 0.721847
v 0.204511 0.603500 0.734915
v 0.169672 0.750563 0.787108
v 0.223017 0.595662 0.708817
v 0.208717 0.590331 0.730224
v 0.186625 0.679856 0.762870
v 0.165713 0.702044 0.794469
v 0.218416 0.614350 0.717056
v 0.205004 0.832963 0.736913
v 0.213884 0.848187 0.724230
v 0.169456 0.740981 0.789758
v 0.273399 0.113325 0.637294
v 0.163603 0.474187 0.798793
v 0.215362 0.627256 0.723036
v 0.185878 0.790206 0.766944
v 0.164790 0.729800 0.798581
v 0.177012 0.753556 0.781353
v 0.201772 0.682431 0.745630
v 0.169963 0.730056 0.792734
v 0.218899 0.570381 0.720869
v 0.198471 0.816450 0.751269
v 0.204536 0.827044 0.742589
v 0.214566 0.575269 0.728081
v 0.186002 0.749925 0.770196
v 0.180770 0.707975 0.778307
v 0.219136 0.579444 0.722066
v 0.186808 0.696856 0.769777
v 0.214957 0.562581 0.728717
v 0.215066 0.825181 0.728558
v 0.264082 0.097000 0.656520
v 0.178166 0.772962 0.783278
v 0.202030 0.728106 0.748950
v 0.223263 0.580281 0.718388
v 0.187469 0.780563 0.771028
v 0.214584 0.841050 0.731488
v 0.207944 0.607381 0.741537
v 0.210671 0.834425 0.737995
v 0.178443 0.744687 0.785471
v 0.270482 0.101212 0.650247
v 0.205988 0.821306 0.745732
v 0.203602 0.771744 0.750239
v 0.216962 0.588075 0.731072
v 0.199140 0.804825 0.757553
v 0.202957 0.712113 0.752265
v 0.187355 0.716950 0.775562
v 0.199924 0.781506 0.757156
v 0.166705 0.708131 0.806588
v 0.206303 0.818225 0.748547
v 0.219957 0.556931 0.728514
v 0.215873 0.815719 0.734572
v 0.223599 0.597144 0.723660
v 0.188554 0.729981 0.776467
v 0.202349 0.809187 0.756259
v 0.216649 0.831744 0.737232
v 0.280999 0.098312 0.642722
v 0.203816 0.779312 0.756213
v 0.207266 0.811875 0.751599
v 0.180159 0.732194 0.791537
v 0.220063 0.575569 0.733280
v 0.226415 0.629700 0.725000
v 0.223273 0.606862 0.729840
v 0.204798 0.753069 0.757025
v 0.273098 0.085862 0.658180
v 0.187943 0.751481 0.783574
v 0.217186 0.806350 0.740696
v 0.163402 0.480756 0.820353
v 0.188344 0.764819 0.784195
v 0.232098 0.615294 0.719969
v 0.209290 0.807269 0.753701
v 0.217823 0.824906 0.741772
v 0.217001 0.801131 0.743035
v 0.201518 0.790300 0.765944
v 0.204472 0.797194 0.762149
v 0.200755 0.781569 0.767844
v 0.186311 0.698194 0.789350
v 0.198081 0.681763 0.772087
v 0.228595 0.600181 0.727739
v 0.206169 0.693894 0.761133
v 0.283614 0.103013 0.647812
v 0.205454 0.679688 0.762861
v 0.208406 0.800275 0.758589
v 0.192956 0.775744 0.782230
v 0.190010 0.698700 0.786847
v 0.205524 0.754469 0.765003
v 0.224757 0.622594 0.736836
v 0.224319 0.576394 0.737657
v 0.218141 0.818712 0.746737
v 0.189490 0.737031 0.788913
v 0.166860 0.474762 0.822425
v 0.212227 0.717669 0.755784
v 0.166989 0.472694 0.822626
v 0.229778 0.612706 0.730411
v 0.214454 0.705900 0.753110
v 0.223620 0.595431 0.739806
v 0.278839 0.094831 0.658685
v 0.202392 0.781262 0.771573
v 0.218209 0.618287 0.748347
v 0.218581 0.794419 0.747800
v 0.210202 0.796125 0.760339
v 0.206112 0.720306 0.766560
v 0.281564 0.087081 0.655980
v 0.195333 0.709275 0.783136
v 0.154079 0.468294 0.843945
v 0.224342 0.605094 0.743079
v 0.197495 0.765550 0.783814
v 0.219755 0.809037 0.751199
v 0.211368 0.788713 0.763801
v 0.227779 0.624337 0.740594
v 0.184554 0.726531 0.804211
v 0.219207 0.780931 0.753381
v 0.220082 0.787887 0.752495
v 0.195682 0.762925 0.789088
v 0.219529 0.775800 0.754764
v 0.212405 0.784256 0.765755
v 0.202302 0.771775 0.781204
v 0.214092 0.695388 0.765654
v 0.158703 0.460562 0.847159
v 0.191225 0.738725 0.799384
v 0.158954 0.473538 0.847011
v 0.220615 0.799425 0.757022
v 0.228234 0.772906 0.748101
v 0.210367 0.761000 0.774694
v 0.208683 0.707287 0.777570
v 0.201524 0.763656 0.788657
v 0.221254 0.792706 0.760171
v 0.206736 0.750350 0.781764
v 0.298376 0.096088 0.647492
v 0.206451 0.765487 0.782915
v 0.195974 0.740175 0.798481
v 0.288352 0.091200 0.663524
v 0.297381 0.101031 0.651177
v 0.215171 0.715119 0.772255
v 0.295786 0.100906 0.655255
v 0.221988 0.786181 0.763748
v 0.222470 0.754500 0.763895
v 0.221224 0.781844 0.766659
v 0.191224 0.708575 0.810950
v 0.296826 0.088544 0.656091
v 0.216914 0.782606 0.773971
v 0.206623 0.695131 0.789397
v 0.214301 0.751906 0.778157
v 0.229466 0.754319 0.755946
v 0.226229 0.772506 0.760714
v 0.230445 0.770494 0.755463
v 0.296455 0.095231 0.658681
v 0.210036 0.699419 0.785703
v 0.209319 0.735369 0.787634
v 0.159029 0.468875 0.862900
v 0.223153 0.740537 0.768712
v 0.226764 0.762894 0.763883
v 0.214565 0.741762 0.781867
v 0.294471 0.080981 0.664686
v 0.197151 0.700700 0.808216
v 0.218114 0.773206 0.778097
v 0.192320 0.722337 0.816639
v 0.204139 0.736600 0.799470
v 0.294827 0.086931 0.669540
v 0.223020 0.761244 0.775653
v 0.163637 0.461881 0.863360
v 0.227181 0.772412 0.770304
v 0.209474 0.738769 0.796916
v 0.155865 0.452150 0.875761
v 0.197966 0.710588 0.813995
v 0.229145 0.782606 0.769562
v 0.224114 0.752975 0.777388
v 0.199939 0.730744 0.813796
v 0.228558 0.726256 0.773169
v 0.230514 0.777663 0.773404
v 0.226764 0.704056 0.781927
v 0.209730 0.703550 0.807939
v 0.225835 0.732819 0.785325
v 0.301339 0.072400 0.675279
v 0.217298 0.724550 0.800584
v 0.232543 0.765912 0.778701
v 0.209606 0.712888 0.812753
v 0.299600 0.078325 0.680869
v 0.215102 0.708525 0.805954
v 0.210140 0.729631 0.813358
v 0.154705 0.460487 0.894997
v 0.233999 0.704150 0.786102
v 0.146383 0.448050 0.914984
v 0.233734 0.732194 0.787637
v 0.152239 0.442281 0.910797
v 0.234805 0.710406 0.797074
v 0.158604 0.447225 0.915143
v 0.324503 0.083513 0.676745
v 0.328650 0.076369 0.673171
v 0.149671 0.446906 0.944081
v 0.148363 0.431725 0.947393
v 0.138855 0.428775 0.982675
v 0.143244 0.417900 0.995868
v 0.151152 0.426581 0.987445
v 0.141249 0.423394 1.026842
v 0.131671 0.409150 1.051773
v 0.137120 0.400625 1.056297
v 0.141978 0.399094 1.081488
v 0.125129 0.390456 1.116128
v 0.132429 0.385744 1.106589
v 0.132962 0.399575 1.110527
v 0.128671 0.395456 1.117133
v 0.137001 0.388213 1.114901
v 0.132354 0.381425 1.133118
v 0.131590 0.386394 1.136030
v 0.167827 0.420150 0.642441
v 0.182274 0.394006 0.621109
v 0.177113 0.531306 0.628672
v 0.176422 0.933825 0.629465
v 0.157728 0.342300 0.656750
v 0.194398 0.123613 0.602779
v 0.199843 0.573488 0.594389
v 0.153746 0.611325 0.661759
v 0.168901 0.209825 0.639285
v 0.161501 0.360919 0.650162
v 0.162825 0.229444 0.648093
v 0.156871 0.520112 0.656833
v 0.169527 0.334700 0.638010
v 0.162584 0.216413 0.647626
v 0.153280 0.913406 0.661132
v 0.206295 0.168900 0.582927
v 0.153290 0.582512 0.660784
v 0.188953 0.158281 0.607927
v 0.200016 0.509787 0.591467
v 0.185891 0.363756 0.612050
v 0.167622 0.183031 0.638876
v 0.166937 0.380325 0.639861
v 0.152664 0.573850 0.660826
v 0.162152 0.647675 0.646871
v 0.151927 0.497919 0.661776
v 0.150227 0.536481 0.664263
v 0.206323 0.154681 0.581653
v 0.212163 0.164169 0.573070
v 0.191128 0.530312 0.603185
v 0.197082 0.514169 0.594369
v 0.183632 0.485463 0.614058
v 0.189159 0.363694 0.605890
v 0.169452 0.254350 0.634466
v 0.182331 0.937881 0.615426
v 0.172982 0.397838 0.629067
v 0.163956 0.488956 0.642308
v 0.190438 0.567931 0.603176
v 0.146503 0.909438 0.667671
v 0.199483 0.549925 0.589752
v 0.181075 0.367200 0.616793
v 0.174344 0.163438 0.626509
v 0.188830 0.144519 0.605174
v 0.175854 0.922531 0.624233
v 0.181666 0.569556 0.615570
v 0.153209 0.644181 0.657092
v 0.177191 0.383956 0.621725
v 0.169866 0.382606 0.632224
v 0.191662 0.549831 0.600146
v 0.193457 0.180163 0.597331
v 0.184971 0.295031 0.609512
v 0.192166 0.582894 0.598872
v 0.184491 0.137437 0.609562
v 0.153152 0.361194 0.655588
v 0.204392 0.185225 0.580036
v 0.169454 0.338288 0.630952
v 0.192709 0.574644 0.596074
v 0.146813 0.899431 0.663438
v 0.191335 0.558081 0.597883
v 0.182217 0.468112 0.610873
v 0.154212 0.507763 0.652007
v 0.189612 0.948531 0.599969
v 0.155055 0.919419 0.650758
v 0.171086 0.167956 0.627043
v 0.182471 0.345075 0.610055
v 0.199829 0.522994 0.584265
v 0.191762 0.514675 0.595754
v 0.184073 0.273531 0.607010
v 0.189901 0.494431 0.598389
v 0.170048 0.570638 0.627479
v 0.176226 0.174638 0.618355
v 0.167822 0.235338 0.630606
v 0.174398 0.483406 0.620830
v 0.176591 0.406363 0.617507
v 0.167445 0.174025 0.630893
v 0.190967 0.537306 0.596234
v 0.157276 0.343506 0.645648
v 0.186325 0.527725 0.602790
v 0.208288 0.149031 0.570010
v 0.188825 0.506269 0.598571
v 0.186734 0.467131 0.601632
v 0.167948 0.286181 0.629187
v 0.180651 0.364581 0.610450
v 0.152850 0.635375 0.650898
v 0.158725 0.561512 0.642121
v 0.196414 0.533625 0.585962
v 0.167464 0.398219 0.628510
v 0.198562 0.536806 0.582571
v 0.177194 0.355375 0.613866
v 0.181924 0.327500 0.606780
v 0.176912 0.214494 0.613991
v 0.159454 0.635650 0.639472
v 0.168703 0.412744 0.625845
v 0.160512 0.929156 0.637682
v 0.157459 0.503069 0.642114
v 0.158368 0.617181 0.640744
v 0.186326 0.519056 0.599222
v 0.149898 0.905687 0.652081
v 0.158118 0.624206 0.639757
v 0.175260 0.579831 0.614297
v 0.190438 0.549544 0.591967
v 0.158965 0.357894 0.638179
v 0.152615 0.622162 0.646656
v 0.148695 0.502675 0.652328
v 0.186528 0.479650 0.595837
v 0.157971 0.607125 0.637752
v 0.166680 0.224869 0.624908
v 0.152336 0.363694 0.645976
v 0.158349 0.201400 0.637118
v 0.168443 0.339813 0.622259
v 0.144836 0.917406 0.656943
v 0.184061 0.203412 0.599261
v 0.160248 0.235244 0.634259
v 0.171204 0.533388 0.618157
v 0.181671 0.382919 0.602609
v 0.198943 0.521362 0.576957
v 0.179707 0.146256 0.605173
v 0.175665 0.164475 0.610958
v 0.152214 0.922225 0.644767
v 0.173295 0.132125 0.613306
v 0.185217 0.534737 0.595641
v 0.197000 0.505669 0.578280
v 0.166852 0.272537 0.622288
v 0.152902 0.617162 0.642278
v 0.156014 0.223219 0.637516
v 0.195440 0.552037 0.579539
v 0.182437 0.331481 0.598451
v 0.202140 0.168444 0.569281
v 0.179628 0.375375 0.602255
v 0.180349 0.947156 0.601096
v 0.182092 0.367875 0.598435
v 0.197782 0.542681 0.574897
v 0.150876 0.559538 0.643780
v 0.181658 0.372575 0.598526
v 0.155852 0.527750 0.636431
v 0.157577 0.557181 0.633886
v 0.167788 0.527731 0.618668
v 0.159681 0.212844 0.630426
v 0.183714 0.178300 0.594995
v 0.177739 0.155044 0.603554
v 0.177948 0.369169 0.603168
v 0.181939 0.445594 0.597303
v 0.173384 0.126419 0.609844
v 0.155435 0.345700 0.636177
v 0.180099 0.281894 0.599740
v 0.163980 0.383006 0.623320
v 0.186665 0.943438 0.589814
v 0.173248 0.524606 0.609511
v 0.187366 0.518575 0.588583
v 0.153116 0.365631 0.638342
v 0.149702 0.626925 0.643125
v 0.150623 0.644544 0.641628
v 0.172621 0.945937 0.609287
v 0.189416 0.537281 0.584580
v 0.179156 0.295137 0.599650
v 0.176030 0.371931 0.603821
v 0.174430 0.571256 0.606096
v 0.172807 0.142563 0.607948
v 0.157169 0.567694 0.630886
v 0.158910 0.935013 0.628126
v 0.151145 0.611806 0.639450
v 0.177261 0.532500 0.600735
v 0.166409 0.570569 0.616528
v 0.167117 0.579000 0.615097
v 0.144510 0.910294 0.648301
v 0.186276 0.957538 0.586874
v 0.157887 0.493244 0.628532
v 0.187147 0.530456 0.585350
v 0.150818 0.603319 0.638653
v 0.169058 0.974719 0.611489
v 0.164192 0.485294 0.618475
v 0.179307 0.152113 0.596162
v 0.179961 0.950788 0.594922
v 0.168142 0.340075 0.612226
v 0.190611 0.550806 0.578914
v 0.164869 0.161056 0.616736
v 0.172621 0.127394 0.605077
v 0.150725 0.927844 0.637123
v 0.191744 0.144331 0.576783
v 0.165480 0.960375 0.615261
v 0.168399 0.273225 0.610814
v 0.178644 0.319263 0.595756
v 0.158110 0.922987 0.625925
v 0.172101 0.369812 0.604707
v 0.181555 0.286425 0.590624
v 0.156172 0.605700 0.627895
v 0.176396 0.207506 0.598150
v 0.188665 0.454106 0.580040
v 0.164294 0.358888 0.615770
v 0.170930 0.358706 0.605528
v 0.194913 0.517381 0.570102
v 0.183335 0.522956 0.586664
v 0.165837 0.465394 0.611936
v 0.153161 0.510294 0.630510
v 0.166074 0.365206 0.611431
v 0.152619 0.367525 0.631184
v 0.173679 0.573800 0.600233
v 0.156660 0.623025 0.625113
v 0.157576 0.174456 0.623566
v 0.178170 0.388069 0.592977
v 0.168778 0.156325 0.606702
v 0.162114 0.957963 0.616396
v 0.192103 0.543900 0.572287
v 0.167597 0.989119 0.608115
v 0.142989 0.926806 0.643683
v 0.149357 0.566781 0.634068
v 0.177482 0.327731 0.592456
v 0.172558 0.443469 0.599614
v 0.172368 0.579850 0.599848
v 0.179625 0.368119 0.589061
v 0.165456 0.295225 0.609885
v 0.156603 0.559538 0.622874
v 0.177017 0.291762 0.592872
v 0.180320 0.369963 0.587984
v 0.171948 0.138719 0.600099
v 0.168398 0.937456 0.605250
v 0.191709 0.530462 0.570946
v 0.168726 0.582562 0.604657
v 0.162817 0.987256 0.613185
v 0.183231 0.476481 0.582828
v 0.178154 0.337431 0.590056
v 0.165322 0.935075 0.608759
v 0.181192 0.369444 0.585334
v 0.153862 0.348406 0.625470
v 0.181881 0.494044 0.584223
v 0.165603 0.138506 0.608057
v 0.149176 0.553063 0.631911
v 0.184253 0.373156 0.580115
v 0.188512 0.543219 0.573699
v 0.179655 0.372619 0.586640
v 0.164409 0.330444 0.608545
v 0.166530 0.381731 0.605196
v 0.181659 0.141462 0.582772
v 0.187572 0.539231 0.573581
v 0.148673 0.606744 0.630618
v 0.185781 0.173444 0.575870
v 0.177638 0.347306 0.587815
v 0.181757 0.185194 0.581705
v 0.179158 0.508637 0.585470
v 0.149745 0.932787 0.628677
v 0.167986 0.943650 0.601756
v 0.152743 0.131025 0.624148
v 0.159868 0.955981 0.613621
v 0.166367 0.969800 0.603890
v 0.170636 0.937575 0.597572
v 0.164286 0.205581 0.606783
v 0.148529 0.166031 0.629763
v 0.177835 0.313856 0.586648
v 0.153725 0.514294 0.622049
v 0.158696 0.160200 0.614410
v 0.165716 0.683975 0.603758
v 0.188858 0.511200 0.569603
v 0.192633 0.964094 0.563977
v 0.166226 0.931412 0.602676
v 0.156372 0.571825 0.616623
v 0.145983 0.509663 0.631704
v 0.176568 0.145525 0.586754
v 0.168667 0.972731 0.598334
v 0.146666 0.499756 0.630280
v 0.188841 0.152300 0.568261
v 0.155399 0.577606 0.617110
v 0.148324 0.556981 0.627098
v 0.163757 0.360750 0.604293
v 0.182966 0.559087 0.576018
v 0.187265 0.556906 0.569011
v 0.186023 0.521131 0.570713
v 0.158468 0.974475 0.610989
v 0.180837 0.430269 0.577957
v 0.164416 0.282775 0.602080
v 0.154219 0.547713 0.617011
v 0.184910 0.521988 0.571528
v 0.160047 0.144606 0.608012
v 0.174354 0.364963 0.586964
v 0.170359 0.539119 0.592712
v 0.187952 0.552506 0.566478
v 0.161402 0.916488 0.605388
v 0.148409 0.125475 0.624450
v 0.155076 0.140944 0.614631
v 0.185582 0.162644 0.569718
v 0.183656 0.465275 0.572149
v 0.150728 0.550119 0.620365
v 0.151202 0.370269 0.619667
v 0.157513 0.529663 0.610370
v 0.184824 0.423762 0.570011
v 0.162577 0.384650 0.602695
v 0.163812 0.915725 0.600791
v 0.154244 0.523369 0.614798
v 0.177667 0.216812 0.580328
v 0.164560 0.296356 0.599592
v 0.147555 0.173994 0.624549
v 0.141946 0.921094 0.632782
v 0.162409 0.954669 0.602687
v 0.152013 0.508894 0.617876
v 0.154031 0.581006 0.614909
v 0.154685 0.172044 0.613805
v 0.176782 0.306287 0.581184
v 0.158831 0.965194 0.607290
v 0.162700 0.367675 0.601592
v 0.158288 0.988788 0.607910
v 0.159318 0.518537 0.606185
v 0.155401 0.569944 0.611942
v 0.179166 0.279269 0.576903
v 0.175487 0.481687 0.582299
v 0.163895 0.319931 0.598323
v 0.161222 0.458919 0.602196
v 0.134028 0.112900 0.641955
v 0.175756 0.144944 0.580593
v 0.151384 0.122787 0.616246
v 0.151989 0.353650 0.615222
v 0.165363 0.389525 0.595300
v 0.155043 0.946338 0.610345
v 0.163007 0.289350 0.597840
v 0.163032 0.178481 0.597804
v 0.144139 0.515394 0.625316
v 0.148299 0.938306 0.619159
v 0.145980 0.617125 0.622533
v 0.183766 0.458650 0.566910
v 0.179782 0.513900 0.572575
v 0.164162 0.328950 0.595322
v 0.179299 0.272006 0.572986
v 0.170049 0.278594 0.586447
v 0.175730 0.262575 0.578088
v 0.184164 0.968888 0.565668
v 0.153659 0.547438 0.609901
v 0.176898 0.373075 0.575737
v 0.181062 0.382425 0.569318
v 0.178794 0.408406 0.572628
v 0.125200 0.112962 0.651151
v 0.160085 0.152269 0.599813
v 0.162192 0.972275 0.596673
v 0.177518 0.388331 0.574081
v 0.157333 0.940781 0.603602
v 0.140051 0.934981 0.628991
v 0.165858 0.146075 0.591018
v 0.168861 0.959094 0.586183
v 0.176925 0.287656 0.574274
v 0.175998 0.239606 0.575315
v 0.146604 0.558431 0.618504
v 0.177323 0.708163 0.573268
v 0.162280 0.438238 0.595265
v 0.162784 0.883619 0.594203
v 0.159386 0.533494 0.598951
v 0.181796 0.391731 0.565939
v 0.178932 0.215163 0.569803
v 0.108404 0.101300 0.673347
v 0.145912 0.578194 0.618011
v 0.151286 0.124006 0.609912
v 0.153220 0.506456 0.607048
v 0.159259 0.941575 0.598027
v 0.164688 0.952100 0.589882
v 0.163897 0.338288 0.590923
v 0.175287 0.535494 0.573915
v 0.169304 0.498513 0.582575
v 0.154544 0.933638 0.604245
v 0.190996 0.544769 0.550662
v 0.189897 0.963363 0.552243
v 0.151163 0.515625 0.609149
v 0.174657 0.146712 0.574463
v 0.176025 0.306700 0.572332
v 0.145064 0.585213 0.617790
v 0.120129 0.102344 0.654225
v 0.161969 0.679975 0.592712
v 0.163313 0.347013 0.590714
v 0.102765 0.093400 0.679701
v 0.156370 0.463031 0.600907
v 0.162606 0.363619 0.591352
v 0.165429 0.210925 0.587136
v 0.178684 0.394738 0.567624
v 0.144115 0.506519 0.618240
v 0.146059 0.159869 0.615072
v 0.145823 0.172044 0.615297
v 0.152886 0.536981 0.604682
v 0.189826 0.531012 0.550303
v 0.145609 0.572450 0.615212
v 0.168842 0.276900 0.580878
v 0.174851 0.172563 0.571957
v 0.187518 0.553775 0.553240
v 0.145769 0.525150 0.614542
v 0.091452 0.090256 0.694017
v 0.139387 0.128619 0.623422
v 0.152287 0.558700 0.604341
v 0.153364 0.180131 0.602724
v 0.139285 0.940475 0.623239
v 0.183068 0.955825 0.558891
v 0.177862 0.190781 0.566453
v 0.172252 0.541881 0.574610
v 0.174874 0.315094 0.570512
v 0.154444 0.489862 0.600525
v 0.158529 0.520819 0.594423
v 0.162484 0.315156 0.588533
v 0.157689 0.964644 0.595324
v 0.169499 0.409150 0.577900
v 0.132599 0.124219 0.631820
v 0.165914 0.368944 0.582847
v 0.151132 0.582475 0.604183
v 0.173725 0.513831 0.570524
v 0.074717 0.075575 0.715801
v 0.170990 0.393969 0.574266
v 0.152013 0.574075 0.602122
v 0.152430 0.552087 0.601354
v 0.156419 0.930681 0.595413
v 0.146651 0.541763 0.609692
v 0.159213 0.366438 0.591017
v 0.163510 0.873581 0.583925
v 0.176837 0.279694 0.564281
v 0.073045 0.079175 0.716803
v 0.097297 0.089038 0.681037
v 0.119846 0.115862 0.647863
v 0.144727 0.594069 0.610697
v 0.133730 0.117750 0.626859
v 0.126005 0.120987 0.638189
v 0.155662 0.519294 0.594558
v 0.139589 0.929612 0.617904
v 0.163628 0.479262 0.582341
v 0.175198 0.461875 0.565237
v 0.167025 0.562594 0.577116
v 0.138316 0.123000 0.619042
v 0.144145 0.529844 0.610452
v 0.145009 0.551238 0.609028
v 0.160673 0.185044 0.585773
v 0.106349 0.106519 0.665546
v 0.143591 0.501888 0.610701
v 0.154154 0.514312 0.594742
v 0.159270 0.509938 0.586612
v 0.176733 0.305437 0.560869
v 0.173577 0.334062 0.565185
v 0.112398 0.112200 0.655034
v 0.161850 0.307481 0.582054
v 0.126067 0.114850 0.634543
v 0.145381 0.946094 0.606136
v 0.181690 0.561350 0.552562
v 0.167766 0.532650 0.572881
v 0.099702 0.103650 0.672870
v 0.179562 0.377769 0.555378
v 0.156279 0.952163 0.589398
v 0.180704 0.154619 0.553456
v 0.072895 0.072894 0.711901
v 0.091975 0.097644 0.683804
v 0.163853 0.143262 0.578020
v 0.077986 0.086688 0.704153
v 0.160317 0.273087 0.582962
v 0.166923 0.950488 0.573176
v 0.157325 0.496356 0.587215
v 0.177179 0.398162 0.557892
v 0.165478 0.460931 0.574665
v 0.160120 0.841631 0.582396
v 0.144450 0.558725 0.605238
v 0.175306 0.229906 0.559845
v 0.162622 0.924456 0.578475
v 0.179171 0.391600 0.554130
v 0.161918 0.972369 0.579333
v 0.081582 0.090625 0.697401
v 0.137675 0.161819 0.614818
v 0.162343 0.233231 0.578308
v 0.161620 0.262250 0.579214
v 0.164642 0.538106 0.574762
v 0.161556 0.513112 0.578642
v 0.180361 0.960894 0.550660
v 0.116646 0.109363 0.644279
v 0.163762 0.509363 0.574821
v 0.155981 0.475569 0.586181
v 0.085871 0.093488 0.689085
v 0.137400 0.946119 0.613255
v 0.179176 0.974350 0.551812
v 0.178004 0.955000 0.553169
v 0.151573 0.533481 0.591669
v 0.103162 0.100419 0.662796
v 0.139624 0.527144 0.608909
v 0.098222 0.096631 0.669723
v 0.187873 0.129438 0.537908
v 0.172912 0.340425 0.559585
v 0.160659 0.284869 0.577471
v 0.166709 0.465162 0.568336
v 0.159737 0.278394 0.578083
v 0.161055 0.390494 0.576078
v 0.150719 0.497994 0.591247
v 0.150624 0.554600 0.591175
v 0.151135 0.942731 0.590412
v 0.174246 0.372831 0.556115
v 0.164888 0.467094 0.569833
v 0.175007 0.320356 0.554562
v 0.163211 0.169450 0.571776
v 0.172291 0.730838 0.558164
v 0.181805 0.407881 0.543872
v 0.142808 0.178937 0.601173
v 0.089344 0.091600 0.679738
v 0.075925 0.081650 0.699350
v 0.160687 0.173538 0.574708
v 0.158275 0.378175 0.578110
v 0.080313 0.085831 0.692667
v 0.144839 0.514850 0.597822
v 0.142404 0.570825 0.601367
v 0.161003 0.306975 0.574032
v 0.162432 0.913619 0.571867
v 0.161431 0.315125 0.573325
v 0.154897 0.143937 0.582629
v 0.166861 0.715775 0.564879
v 0.140395 0.518325 0.603386
v 0.178102 0.518606 0.547846
v 0.144863 0.953875 0.596675
v 0.136737 0.155256 0.608540
v 0.176250 0.385481 0.550191
v 0.157956 0.423463 0.576911
v 0.157397 0.559213 0.577687
v 0.155392 0.177813 0.580556
v 0.142983 0.547094 0.597928
v 0.150515 0.959213 0.586581
v 0.128460 0.135450 0.618807
v 0.143710 0.533319 0.596381
v 0.177565 0.926131 0.546559
v 0.156850 0.914200 0.576891
v 0.172737 0.565569 0.552988
v 0.154803 0.972031 0.579301
v 0.162592 0.968950 0.567576
v 0.163921 0.190812 0.565600
v 0.166377 0.277162 0.561979
v 0.122902 0.131331 0.625864
v 0.162405 0.331956 0.567729
v 0.160450 0.945512 0.570390
v 0.175355 0.405156 0.548396
v 0.171886 0.358431 0.553460
v 0.158992 0.399606 0.572157
v 0.159046 0.219775 0.572065
v 0.167632 0.369600 0.559258
v 0.135227 0.142744 0.606583
v 0.068158 0.088575 0.705087
v 0.139839 0.534488 0.599682
v 0.151995 0.433462 0.581804
v 0.150728 0.454781 0.583211
v 0.158533 0.972425 0.571686
v 0.152682 0.171494 0.580208
v 0.136734 0.938338 0.603444
v 0.172976 0.733781 0.550103
v 0.160796 0.833575 0.567714
v 0.143844 0.535238 0.592284
v 0.165447 0.209456 0.560258
v 0.171658 0.538987 0.550885
v 0.179189 0.746738 0.539695
v 0.157691 0.515775 0.571067
v 0.142580 0.521437 0.592975
v 0.167071 0.945300 0.556971
v 0.084624 0.103406 0.677865
v 0.152458 0.463844 0.577969
v 0.104318 0.118700 0.648720
v 0.170519 0.548763 0.551380
v 0.153619 0.517794 0.576174
v 0.168285 0.953994 0.554275
v 0.135606 0.952344 0.602237
v 0.173294 0.733306 0.546737
v 0.136260 0.178419 0.601132
v 0.165375 0.239331 0.558274
v 0.155359 0.968550 0.572785
v 0.173174 0.378113 0.546602
v 0.157008 0.951675 0.570339
v 0.127026 0.128950 0.614247
v 0.095442 0.112075 0.660476
v 0.149256 0.545169 0.581098
v 0.159664 0.985794 0.565524
v 0.144258 0.552881 0.588099
v 0.117402 0.121050 0.627535
v 0.151873 0.551462 0.576808
v 0.069440 0.092238 0.697946
v 0.155365 0.393937 0.571208
v 0.089896 0.108900 0.667316
v 0.113846 0.123550 0.632063
v 0.110304 0.117600 0.637024
v 0.121396 0.125594 0.620455
v 0.147082 0.145219 0.582582
v 0.052434 0.079756 0.721595
v 0.135393 0.161912 0.599417
v 0.152175 0.556325 0.574708
v 0.172209 0.428706 0.545219
v 0.147526 0.553806 0.581463
v 0.139005 0.522906 0.593952
v 0.175869 0.735625 0.539720
v 0.113553 0.130294 0.631282
v 0.133011 0.151963 0.602618
v 0.078375 0.101669 0.682738
v 0.172795 0.129013 0.543758
v 0.107229 0.125656 0.640110
v 0.158476 0.271269 0.564458
v 0.172237 0.737700 0.544134
v 0.140979 0.510475 0.589852
v 0.066005 0.083937 0.699918
v 0.150699 0.458744 0.575389
v 0.071849 0.097856 0.691118
v 0.150663 0.948956 0.575198
v 0.159485 0.340394 0.562144
v 0.061887 0.090469 0.705370
v 0.151525 0.158125 0.573230
v 0.174973 0.741669 0.538581
v 0.091295 0.114519 0.661539
v 0.157731 0.303387 0.563754
v 0.164107 0.974200 0.554327
v 0.171116 0.738175 0.543871
v 0.161612 0.310912 0.557596
v 0.083038 0.098681 0.673052
v 0.171136 0.734206 0.543476
v 0.130990 0.149031 0.602399
v 0.089657 0.103837 0.663146
v 0.073435 0.091412 0.686943
v 0.075620 0.103225 0.683698
v 0.170415 0.374469 0.544302
v 0.094982 0.108350 0.654886
v 0.101900 0.114000 0.644520
v 0.148918 0.522687 0.575318
v 0.157420 0.215012 0.562779
v 0.049391 0.083788 0.721513
v 0.161313 0.934250 0.556968
v 0.062928 0.095475 0.701475
v 0.077144 0.095319 0.680569
v 0.168472 0.383100 0.546078
v 0.171321 0.871263 0.541758
v 0.151560 0.390694 0.570789
v 0.154154 0.376981 0.566967
v 0.068245 0.088456 0.693104
v 0.171287 0.358212 0.541197
v 0.164108 0.960650 0.551538
v 0.153484 0.968000 0.567139
v 0.129059 0.160200 0.602515
v 0.157262 0.374069 0.560654
v 0.156081 0.966050 0.562224
v 0.172350 0.742494 0.538157
v 0.160956 0.564756 0.554881
v 0.107582 0.132281 0.633048
v 0.143552 0.539550 0.580104
v 0.162838 0.544112 0.551672
v 0.166686 0.401725 0.545914
v 0.159525 0.358900 0.556305
v 0.134246 0.957200 0.593071
v 0.146505 0.151837 0.575053
v 0.050241 0.075394 0.716398
v 0.153130 0.159956 0.564328
v 0.140568 0.542181 0.582723
v 0.170584 0.407288 0.538542
v 0.144663 0.512813 0.576582
v 0.134488 0.945144 0.591082
v 0.135235 0.185163 0.589761
v 0.144066 0.539700 0.576727
v 0.177857 0.136644 0.526565
v 0.182013 0.125075 0.520390
v 0.134587 0.141462 0.589925
v 0.143231 0.545350 0.577210
v 0.157791 0.980756 0.555367
v 0.160234 0.516869 0.551321
v 0.074020 0.106856 0.677295
v 0.146380 0.968612 0.570304
v 0.157097 0.964006 0.554153
v 0.049026 0.087237 0.712684
v 0.156441 0.803238 0.554629
v 0.163109 0.374469 0.544750
v 0.160969 0.913863 0.547762
v 0.161945 0.380387 0.546173
v 0.163555 0.948225 0.543784
v 0.163889 0.349150 0.543293
v 0.172294 0.137131 0.530075
v 0.167702 0.974931 0.536801
v 0.158390 0.801500 0.550331
v 0.160179 0.432219 0.547557
v 0.133347 0.161575 0.586125
v 0.152200 0.968463 0.558350
v 0.127355 0.147050 0.594764
v 0.097785 0.124525 0.637857
v 0.152654 0.392425 0.557073
v 0.148764 0.414106 0.562521
v 0.147019 0.552050 0.564864
v 0.172751 0.553269 0.526636
v 0.157668 0.787031 0.548615
v 0.156616 0.804125 0.549971
v 0.155574 0.390738 0.551491
v 0.103592 0.125287 0.627778
v 0.045616 0.080731 0.712874
v 0.119318 0.137831 0.604467
v 0.174429 0.550162 0.523348
v 0.156832 0.798631 0.549211
v 0.155429 0.405519 0.551083
v 0.174225 0.853744 0.523436
v 0.059822 0.092331 0.691273
v 0.084402 0.111525 0.654914
v 0.152745 0.559863 0.554383
v 0.189364 0.555494 0.500165
v 0.128742 0.171125 0.589137
v 0.159293 0.822706 0.544203
v 0.153094 0.434237 0.553071
v 0.151625 0.382894 0.555208
v 0.171945 0.545381 0.525332
v 0.173080 0.747119 0.523519
v 0.166153 0.967056 0.533645
v 0.158495 0.146681 0.544899
v 0.180424 0.747606 0.511703
v 0.151117 0.916181 0.553631
v 0.155923 0.959369 0.546468
v 0.156133 0.351331 0.546081
v 0.153515 0.520663 0.549908
v 0.158344 0.361494 0.542544
v 0.169934 0.555106 0.525310
v 0.147909 0.984206 0.557556
v 0.157954 0.127244 0.542294
v 0.154107 0.934769 0.547726
v 0.155894 0.945206 0.544422
v 0.132188 0.167650 0.579252
v 0.126403 0.158463 0.587108
v 0.131182 0.150194 0.580019
v 0.191172 0.560837 0.491575
v 0.152570 0.804094 0.547974
v 0.151189 0.961444 0.549748
v 0.143484 0.952925 0.560728
v 0.167608 0.544188 0.524951
v 0.177341 0.755019 0.510180
v 0.166163 0.553863 0.525941
v 0.154887 0.989181 0.542459
v 0.170189 0.564606 0.519858
v 0.152046 0.909837 0.545712
v 0.150456 0.957781 0.547737
v 0.144676 0.973650 0.555976
v 0.142472 0.944075 0.558293
v 0.152386 0.949875 0.543123
v 0.145042 0.960462 0.553616
v 0.163451 0.547737 0.525683
v 0.145393 0.530212 0.551723
v 0.144887 0.933581 0.551954
v 0.150567 0.406656 0.543141
v 0.143453 0.545594 0.553541
v 0.130788 0.952163 0.571721
v 0.186545 0.102431 0.488699
v 0.147692 0.137344 0.545667
v 0.153636 0.976669 0.536921
v 0.166847 0.565675 0.517471
v 0.186395 0.108594 0.488597
v 0.172854 0.793381 0.507831
v 0.153908 0.959000 0.534619
v 0.169051 0.386594 0.512198
v 0.170485 0.541406 0.509756
v 0.154623 0.923200 0.532891
v 0.143711 0.129625 0.548629
v 0.175759 0.779556 0.501461
v 0.174317 0.557588 0.503269
v 0.149639 0.957625 0.538850
v 0.155273 0.677325 0.529969
v 0.143775 0.949231 0.546624
v 0.128302 0.969925 0.568186
v 0.181044 0.742156 0.490316
v 0.174919 0.780963 0.498863
v 0.151107 0.922869 0.533281
v 0.152047 0.972213 0.530601
v 0.163173 0.378881 0.514192
v 0.132256 0.953931 0.559008
v 0.195286 0.565306 0.464953
v 0.155267 0.919481 0.523267
v 0.150974 0.932844 0.529077
v 0.149854 0.135912 0.530644
v 0.122594 0.956344 0.570176
v 0.122530 0.966081 0.569882
v 0.146389 0.977831 0.534538
v 0.130336 0.972888 0.557897
v 0.154736 0.637756 0.521893
v 0.139764 0.858413 0.543652
v 0.173557 0.745119 0.493764
v 0.175517 0.542937 0.490183
v 0.193944 0.562338 0.462913
v 0.127070 0.957931 0.560899
v 0.130008 0.960100 0.556269
v 0.149311 0.963762 0.527665
v 0.162241 0.390725 0.508539
v 0.156642 0.553800 0.515403
v 0.174597 0.556694 0.487880
v 0.172609 0.562350 0.490737
v 0.138557 0.974719 0.540359
v 0.147310 0.916763 0.527362
v 0.151746 0.941787 0.520576
v 0.176516 0.113569 0.483561
v 0.167925 0.558863 0.496131
v 0.177742 0.739150 0.481016
v 0.172977 0.740231 0.486173
v 0.156591 0.590081 0.509866
v 0.145011 0.982406 0.526865
v 0.176605 0.710100 0.480054
v 0.152627 0.956375 0.515249
v 0.170484 0.101881 0.488459
v 0.170539 0.552944 0.488368
v 0.171227 0.735613 0.487046
v 0.120081 0.964400 0.561903
v 0.136322 0.966906 0.537712
v 0.170206 0.576425 0.487424
v 0.128933 0.914444 0.547283
v 0.152226 0.968738 0.512028
v 0.153747 0.586762 0.509669
v 0.128600 0.894487 0.546337
v 0.146829 0.955550 0.519204
v 0.152619 0.946762 0.510595
v 0.176002 0.715331 0.475252
v 0.156057 0.592850 0.504408
v 0.176705 0.713625 0.473628
v 0.176461 0.686719 0.473832
v 0.146101 0.937269 0.518452
v 0.170238 0.113600 0.482388
v 0.152119 0.931444 0.508562
v 0.173020 0.687319 0.477689
v 0.156138 0.557119 0.501823
v 0.170798 0.707506 0.479300
v 0.166941 0.557119 0.484779
v 0.140232 0.121688 0.523999
v 0.153312 0.589106 0.504255
v 0.152817 0.594300 0.504803
v 0.155805 0.599038 0.499934
v 0.154751 0.553731 0.500328
v 0.156508 0.554037 0.496980
v 0.167044 0.389619 0.480306
v 0.131197 0.857775 0.532713
v 0.178375 0.562538 0.462820
v 0.177567 0.566025 0.463917
v 0.176614 0.580000 0.465296
v 0.170019 0.740756 0.474522
v 0.169310 0.718750 0.474576
v 0.155429 0.558906 0.494477
v 0.174989 0.708512 0.464817
v 0.170428 0.686844 0.471443
v 0.152165 0.597819 0.498273
v 0.151985 0.105269 0.498060
v 0.175245 0.567319 0.463608
v 0.177003 0.545550 0.460858
v 0.172730 0.652131 0.467015
v 0.174883 0.658737 0.463808
v 0.153087 0.556631 0.495430
v 0.142122 0.961931 0.511466
v 0.148058 0.942031 0.502675
v 0.173098 0.579919 0.465542
v 0.154777 0.520900 0.491357
v 0.130745 0.819044 0.526199
v 0.153509 0.555150 0.492709
v 0.156960 0.389194 0.487082
v 0.178453 0.566475 0.455238
v 0.141660 0.937456 0.508747
v 0.185052 0.089400 0.444851
v 0.155074 0.535837 0.488476
v 0.171004 0.656400 0.464585
v 0.173771 0.545013 0.460208
v 0.182786 0.080094 0.446869
v 0.151021 0.116288 0.493345
v 0.128183 0.834762 0.526898
v 0.167946 0.709581 0.468348
v 0.171815 0.568869 0.461773
v 0.176479 0.558444 0.454741
v 0.172417 0.557394 0.459432
v 0.141669 0.115187 0.504232
v 0.141645 0.585394 0.504012
v 0.141146 0.573213 0.502902
v 0.174018 0.607931 0.454246
v 0.152926 0.518225 0.484889
v 0.174261 0.087356 0.452401
v 0.155748 0.503206 0.479319
v 0.135736 0.580281 0.508610
v 0.155701 0.477100 0.478810
v 0.180446 0.565269 0.442155
v 0.153172 0.484844 0.481239
v 0.142976 0.624594 0.495824
v 0.171432 0.616175 0.453635
v 0.162309 0.399581 0.466266
v 0.168159 0.565481 0.457313
v 0.167471 0.561719 0.458024
v 0.129117 0.778700 0.513283
v 0.175464 0.557650 0.443399
v 0.144841 0.114731 0.487583
v 0.169917 0.586938 0.449596
v 0.172611 0.570131 0.445616
v 0.141604 0.630769 0.490831
v 0.155414 0.438025 0.468757
v 0.155215 0.463300 0.468938
v 0.179830 0.093219 0.432604
v 0.130967 0.586862 0.504374
v 0.173276 0.572825 0.442138
v 0.135398 0.103956 0.497494
v 0.152636 0.472162 0.472105
v 0.175758 0.571287 0.437068
v 0.178720 0.088669 0.431592
v 0.172165 0.556394 0.441026
v 0.152087 0.442800 0.470257
v 0.124774 0.582163 0.509943
v 0.158834 0.078262 0.458973
v 0.174480 0.556544 0.435458
v 0.177142 0.071581 0.431478
v 0.169421 0.571963 0.442092
v 0.154892 0.416906 0.462702
v 0.165832 0.073137 0.446612
v 0.178891 0.101881 0.427187
v 0.169401 0.098738 0.441066
v 0.156419 0.563425 0.459325
v 0.171593 0.104538 0.436857
v 0.134844 0.654269 0.490600
v 0.164319 0.103194 0.447224
v 0.127969 0.724900 0.500059
v 0.165887 0.563444 0.443898
v 0.155790 0.397413 0.458104
v 0.170469 0.556419 0.436297
v 0.154870 0.427362 0.459089
v 0.178977 0.080187 0.423571
v 0.128584 0.732450 0.497545
v 0.155519 0.393900 0.457035
v 0.158710 0.391881 0.451768
v 0.132911 0.649094 0.489564
v 0.178152 0.091719 0.421272
v 0.151718 0.421675 0.458766
v 0.155177 0.395925 0.453371
v 0.151540 0.398656 0.458705
v 0.172420 0.516288 0.427841
v 0.166503 0.567925 0.436327
v 0.154377 0.394744 0.453658
v 0.163703 0.101606 0.439865
v 0.155198 0.397575 0.451374
v 0.155543 0.395788 0.450867
v 0.172234 0.526362 0.426203
v 0.119319 0.584762 0.503827
v 0.167348 0.083388 0.431973
v 0.151808 0.395419 0.453936
v 0.169222 0.519831 0.428154
v 0.129554 0.682100 0.486396
v 0.123080 0.585063 0.495500
v 0.123775 0.580281 0.493002
v 0.172898 0.497862 0.420139
v 0.117809 0.579638 0.500827
v 0.114602 0.582125 0.504828
v 0.152074 0.361938 0.449467
v 0.127033 0.681456 0.486102
v 0.159859 0.067888 0.437748
v 0.154091 0.363431 0.445669
v 0.134184 0.592431 0.473415
v 0.119892 0.583738 0.493808
v 0.170145 0.091963 0.418764
v 0.151956 0.380188 0.445418
v 0.155590 0.090100 0.439954
v 0.142970 0.086500 0.458113
v 0.118406 0.580206 0.493960
v 0.168867 0.097975 0.419331
v 0.169166 0.484725 0.418703
v 0.167817 0.103319 0.420053
v 0.165835 0.400781 0.422621
v 0.128909 0.643206 0.475934
v 0.147414 0.104569 0.448716
v 0.169947 0.411394 0.415433
v 0.115875 0.581450 0.494303
v 0.151387 0.356900 0.441766
v 0.181285 0.076856 0.397792
v 0.113825 0.582225 0.496860
v 0.115292 0.580488 0.494404
v 0.152164 0.342344 0.440080
v 0.165339 0.089525 0.420583
v 0.170856 0.461900 0.412286
v 0.169114 0.488150 0.414790
v 0.153540 0.317731 0.437380
v 0.113977 0.579550 0.495468
v 0.150587 0.102038 0.441630
v 0.171084 0.393462 0.411262
v 0.171120 0.471069 0.410621
v 0.153901 0.343550 0.435781
v 0.145443 0.070756 0.447814
v 0.162164 0.406606 0.423017
v 0.147687 0.096969 0.444192
v 0.159487 0.105575 0.426329
v 0.112581 0.582869 0.493043
v 0.143275 0.101244 0.447911
v 0.164961 0.077044 0.415895
v 0.117013 0.584956 0.486262
v 0.160133 0.396294 0.421802
v 0.125253 0.628281 0.472986
v 0.150266 0.321181 0.435893
v 0.159779 0.068281 0.420345
v 0.170575 0.433775 0.402978
v 0.167284 0.442819 0.407792
v 0.167738 0.457831 0.407103
v 0.158363 0.094406 0.420492
v 0.142694 0.085219 0.443364
v 0.127404 0.593738 0.465369
v 0.180740 0.068587 0.386716
v 0.112204 0.580956 0.485809
v 0.152289 0.294050 0.426875
v 0.150225 0.291550 0.429719
v 0.132294 0.079819 0.455883
v 0.142586 0.069625 0.440668
v 0.151371 0.309894 0.427324
v 0.154443 0.402863 0.422565
v 0.148230 0.105725 0.431074
v 0.120288 0.583650 0.471874
v 0.168470 0.412681 0.400404
v 0.172608 0.405419 0.394246
v 0.153541 0.270231 0.422079
v 0.132862 0.087694 0.452338
v 0.158430 0.093856 0.414240
v 0.126743 0.594200 0.460732
v 0.131310 0.088119 0.453664
v 0.142008 0.083725 0.437562
v 0.151520 0.262850 0.422662
v 0.131326 0.087356 0.451739
v 0.121951 0.592581 0.464873
v 0.129066 0.593137 0.454118
v 0.134552 0.084550 0.445188
v 0.131118 0.086719 0.449957
v 0.132198 0.086169 0.448348
v 0.165199 0.415137 0.398247
v 0.156025 0.389069 0.411296
v 0.139177 0.081744 0.435891
v 0.167888 0.392844 0.393582
v 0.151884 0.284913 0.417081
v 0.132405 0.092669 0.445088
v 0.166001 0.415731 0.395435
v 0.130591 0.085587 0.447399
v 0.136550 0.106219 0.438096
v 0.152546 0.230394 0.412875
v 0.149571 0.255600 0.417148
v 0.145830 0.095569 0.422502
v 0.127199 0.549631 0.448750
v 0.130124 0.096056 0.444096
v 0.126439 0.088669 0.448044
v 0.146831 0.406381 0.417831
v 0.141047 0.091569 0.424487
v 0.149998 0.252550 0.410333
v 0.150875 0.229325 0.408987
v 0.149409 0.221419 0.410521
v 0.134703 0.080888 0.431834
v 0.118513 0.572975 0.455328
v 0.126132 0.083969 0.441341
v 0.151240 0.242262 0.403519
v 0.132210 0.069806 0.430343
v 0.160240 0.391363 0.388824
v 0.134175 0.098312 0.426177
v 0.136678 0.077406 0.422474
v 0.149754 0.197556 0.402691
v 0.130543 0.088087 0.430735
v 0.133236 0.079512 0.426589
v 0.170537 0.411481 0.370325
v 0.167499 0.395406 0.374790
v 0.127164 0.081800 0.433992
v 0.152818 0.414656 0.395144
v 0.134736 0.099869 0.420987
v 0.152020 0.209975 0.394639
v 0.166277 0.318250 0.373331
v 0.126754 0.095869 0.430229
v 0.150117 0.394150 0.393858
v 0.172260 0.066394 0.360604
v 0.161126 0.076431 0.376946
v 0.147830 0.207594 0.395477
v 0.150883 0.197738 0.390910
v 0.146184 0.406425 0.396240
v 0.150231 0.156906 0.390246
v 0.159084 0.417994 0.376336
v 0.148770 0.148669 0.390840
v 0.177765 0.056106 0.348225
v 0.166729 0.072313 0.363855
v 0.147523 0.208631 0.390393
v 0.149529 0.213881 0.386224
v 0.149161 0.399206 0.384054
v 0.149451 0.143506 0.382217
v 0.148193 0.211869 0.384021
v 0.156812 0.408612 0.367442
v 0.146832 0.132612 0.381621
v 0.150122 0.096025 0.375809
v 0.153854 0.394019 0.368423
v 0.146559 0.097306 0.378223
v 0.147034 0.100844 0.374003
v 0.154566 0.067031 0.362444
v 0.146694 0.409319 0.373847
v 0.121643 0.074112 0.410642
v 0.159405 0.048844 0.355032
v 0.150230 0.058881 0.364884
v 0.149806 0.067062 0.365261
v 0.147791 0.063919 0.368168
v 0.137187 0.076950 0.382808
v 0.137080 0.065844 0.382478
v 0.163865 0.210494 0.342456
v 0.159134 0.055863 0.349276
v 0.162771 0.202256 0.343519
v 0.134190 0.270219 0.384903
v 0.149406 0.048781 0.362517
v 0.146421 0.069381 0.365761
v 0.127017 0.343431 0.393978
v 0.142085 0.128950 0.371376
v 0.150437 0.072219 0.358969
v 0.158271 0.155988 0.346256
v 0.174856 0.055738 0.320769
v 0.152819 0.053937 0.353023
v 0.183288 0.057294 0.308054
v 0.133851 0.264494 0.380357
v 0.175135 0.047988 0.316348
v 0.155616 0.156969 0.344812
v 0.179988 0.043531 0.306693
v 0.142213 0.064531 0.361311
v 0.165452 0.062575 0.326558
v 0.156881 0.057662 0.338400
v 0.149740 0.078600 0.347428
v 0.157176 0.052931 0.335765
v 0.150042 0.089769 0.345895
v 0.174832 0.056962 0.309385
v 0.150598 0.028975 0.344866
v 0.143942 0.050250 0.354626
v 0.149439 0.076494 0.345892
v 0.130125 0.074262 0.374200
v 0.147479 0.039869 0.348173
v 0.153929 0.054731 0.336172
v 0.148367 0.044538 0.344346
v 0.162630 0.129500 0.322461
v 0.143583 0.086444 0.349476
v 0.143037 0.080675 0.349579
v 0.156566 0.063675 0.328963
v 0.148594 0.079912 0.338779
v 0.124747 0.277738 0.373716
v 0.148113 0.031538 0.336531
v 0.144858 0.018844 0.341037
v 0.142902 0.076644 0.343289
v 0.142093 0.025619 0.344213
v 0.170980 0.052994 0.301380
v 0.156411 0.045975 0.322545
v 0.123680 0.067794 0.369996
v 0.169644 0.044694 0.301576
v 0.142840 0.045394 0.340404
v 0.153103 0.060075 0.324830
v 0.149406 0.019425 0.329587
v 0.117954 0.068525 0.375700
v 0.167110 0.059281 0.303101
v 0.145447 0.090681 0.334204
v 0.142979 0.083450 0.337733
v 0.141785 0.038469 0.337177
v 0.141525 0.027600 0.336335
v 0.143993 0.101975 0.332443
v 0.146243 0.055219 0.324002
v 0.162319 0.058944 0.300243
v 0.124278 0.215681 0.355640
v 0.145713 0.072950 0.323271
v 0.153639 0.052294 0.310990
v 0.116418 0.059588 0.365615
v 0.142562 0.063800 0.326079
v 0.140975 0.056775 0.326512
v 0.147193 0.104600 0.315940
v 0.154050 0.041612 0.305586
v 0.119820 0.217394 0.355380
v 0.144948 0.048387 0.317694
v 0.153368 0.057844 0.302165
v 0.151140 0.073713 0.305118
v 0.138359 0.018206 0.323847
v 0.147066 0.013931 0.310350
v 0.142034 0.010819 0.317412
v 0.163491 0.048906 0.285800
v 0.144752 0.023850 0.312473
v 0.144179 0.099044 0.311493
v 0.131412 0.049212 0.328902
v 0.119237 0.171400 0.346306
v 0.139499 0.046156 0.316315
v 0.137152 0.106063 0.319033
v 0.139999 0.019700 0.313925
v 0.139818 0.098556 0.314135
v 0.144784 0.079637 0.306515
v 0.133006 0.057481 0.323448
v 0.155714 0.043994 0.286896
v 0.137726 0.076556 0.312711
v 0.149028 0.065750 0.295856
v 0.120324 0.141375 0.337520
v 0.119898 0.154431 0.335869
v 0.142620 0.048019 0.301497
v 0.142416 0.019787 0.300874
v 0.142059 0.099531 0.299044
v 0.138091 0.047900 0.303843
v 0.129883 0.060350 0.315827
v 0.130903 0.072313 0.312862
v 0.137998 0.097181 0.302268
v 0.142060 0.072100 0.295242
v 0.138752 0.108900 0.299160
v 0.137929 0.048144 0.300369
v 0.120076 0.103225 0.324953
v 0.137210 0.072650 0.299548
v 0.141393 0.059006 0.292211
v 0.116408 0.120406 0.327031
v 0.135260 0.016800 0.298514
v 0.128141 0.043138 0.308700
v 0.115864 0.106981 0.326366
v 0.126016 0.060713 0.311389
v 0.130787 0.051681 0.304188
v 0.142751 0.022537 0.284683
v 0.128510 0.057844 0.305368
v 0.139246 0.016650 0.288345
v 0.140648 0.042162 0.285573
v 0.112300 0.056506 0.326860
v 0.136081 0.062512 0.291287
v 0.130601 0.067456 0.298928
v 0.115350 0.060562 0.319932
v 0.141132 0.093031 0.281396
v 0.110763 0.049269 0.325995
v 0.141041 0.082812 0.280897
v 0.116473 0.060013 0.314081
v 0.140981 0.026900 0.274097
v 0.117457 0.058731 0.308181
v 0.133169 0.093275 0.282223
v 0.133994 0.032669 0.279866
v 0.104648 0.045150 0.322318
v 0.111983 0.047044 0.311026
v 0.140364 0.093244 0.268771
v 0.114172 0.055494 0.306830
v 0.139276 0.084150 0.269580
v 0.134468 0.087237 0.276537
v 0.138429 0.045363 0.269413
v 0.136496 0.092850 0.272043
v 0.138928 0.071669 0.266947
v 0.121550 0.050400 0.292399
v 0.134156 0.044081 0.272628
v 0.100899 0.057569 0.316517
v 0.115871 0.042525 0.293669
v 0.138646 0.055738 0.259219
v 0.134923 0.035937 0.264479
v 0.131875 0.031450 0.268680
v 0.139240 0.092756 0.257779
v 0.137992 0.082044 0.259402
v 0.132340 0.070938 0.267485
v 0.130214 0.092756 0.264080
v 0.132686 0.053175 0.260447
v 0.129620 0.082562 0.262829
v 0.131567 0.085462 0.254847
vt 0.984863 0.962158
vt 0.983154 0.954834
vt 0.977295 0.956787
vt 0.995117 0.957276
vt 0.984131 0.966553
vt 0.367920 0.815674
vt 0.359375 0.812012
vt 0.360108 0.819824
vt 0.354981 0.816894
vt 0.343262 0.820557
vt 0.332276 0.817627
vt 0.299561 0.828369
vt 0.304199 0.821533
vt 0.328858 0.812744
vt 0.354736 0.807617
vt 0.359375 0.808594
vt 0.358154 0.802979
vt 0.341797 0.800537
vt 0.316162 0.806885
vt 0.298584 0.799316
vt 0.297363 0.815430
vt 0.278809 0.808594
vt 0.264649 0.802002
vt 0.282959 0.821533
vt 0.267334 0.827149
vt 0.266113 0.822266
vt 0.249512 0.823731
vt 0.267334 0.817139
vt 0.256104 0.810791
vt 0.233643 0.818115
vt 0.236572 0.823731
vt 0.214599 0.825684
vt 0.206055 0.819824
vt 0.208740 0.814697
vt 0.241699 0.805664
vt 0.248535 0.798584
vt 0.235596 0.802490
vt 0.233154 0.812012
vt 0.239746 0.810059
vt 0.221924 0.812012
vt 0.203857 0.812012
vt 0.223389 0.808106
vt 0.223389 0.807129
vt 0.213379 0.804443
vt 0.178955 0.811767
vt 0.196533 0.787109
vt 0.156982 0.813233
vt 0.184082 0.821045
vt 0.164062 0.794922
vt 0.201172 0.830322
vt 0.163086 0.828858
vt 0.160401 0.841797
vt 0.153321 0.824463
vt 0.141602 0.799316
vt 0.140381 0.783936
vt 0.137451 0.793457
vt 0.144531 0.818604
vt 0.110840 0.812988
vt 0.143066 0.831787
vt 0.137939 0.811279
vt 0.125000 0.814209
vt 0.101562 0.822510
vt 0.110840 0.837891
vt 0.133789 0.823731
vt 0.125000 0.826416
vt 0.123047 0.840088
vt 0.132568 0.835449
vt 0.139404 0.847656
vt 0.131836 0.853760
vt 0.123291 0.860596
vt 0.149902 0.867676
vt 0.143555 0.882324
vt 0.173584 0.860840
vt 0.198242 0.850830
vt 0.221924 0.845459
vt 0.210938 0.859863
vt 0.236816 0.868896
vt 0.230469 0.888184
vt 0.185059 0.867920
vt 0.212891 0.880371
vt 0.206055 0.902099
vt 0.230713 0.905029
vt 0.162354 0.900635
vt 0.129639 0.909912
vt 0.183349 0.896729
vt 0.202881 0.894776
vt 0.198731 0.879151
vt 0.189453 0.890381
vt 0.683594 0.178467
vt 0.683106 0.175293
vt 0.679199 0.181641
vt 0.696533 0.172119
vt 0.697021 0.186279
vt 0.695801 0.188965
vt 0.697021 0.167481
vt 0.692627 0.191894
vt 0.699219 0.218506
vt 0.688965 0.202149
vt 0.690674 0.208008
vt 0.691894 0.220215
vt 0.688965 0.215821
vt 0.685791 0.209961
vt 0.678222 0.174072
vt 0.663818 0.164551
vt 0.681885 0.169922
vt 0.711182 0.149658
vt 0.679932 0.518311
vt 0.687988 0.508789
vt 0.670654 0.511719
vt 0.691894 0.494385
vt 0.699219 0.511231
vt 0.721924 0.510986
vt 0.682129 0.534180
vt 0.689209 0.527588
vt 0.671875 0.526611
vt 0.654541 0.531983
vt 0.672608 0.553711
vt 0.703858 0.519776
vt 0.689697 0.538086
vt 0.710205 0.532959
vt 0.724121 0.521729
vt 0.705811 0.555176
vt 0.733154 0.551026
vt 0.677246 0.564209
vt 0.655517 0.569824
vt 0.655029 0.580322
vt 0.703369 0.567627
vt 0.696778 0.574951
vt 0.732422 0.576660
vt 0.600097 0.044678
vt 0.602783 0.033936
vt 0.597656 0.035156
vt 0.597901 0.029785
vt 0.609131 0.037842
vt 0.607178 0.028076
vt 0.599609 0.026856
vt 0.599609 0.021972
vt 0.610108 0.009033
vt 0.612549 0.032715
vt 0.618408 0.041260
vt 0.620849 0.038818
vt 0.833496 0.765381
vt 0.836670 0.779785
vt 0.841309 0.767578
vt 0.843262 0.791992
vt 0.821533 0.775879
vt 0.819824 0.763184
vt 0.810059 0.777099
vt 0.823486 0.787597
vt 0.822021 0.798828
vt 0.845947 0.824219
vt 0.803467 0.787109
vt 0.821533 0.823486
vt 0.823974 0.840088
vt 0.815186 0.824463
vt 0.810059 0.828613
vt 0.810547 0.804443
vt 0.798340 0.808349
vt 0.798340 0.792724
vt 0.788086 0.787842
vt 0.792236 0.798584
vt 0.787109 0.802734
vt 0.786133 0.791504
vt 0.771972 0.787842
vt 0.778564 0.794922
vt 0.041016 0.679932
vt 0.034424 0.702637
vt 0.040039 0.702149
vt 0.037597 0.666016
vt 0.023193 0.646729
vt 0.060303 0.661377
vt 0.055176 0.671631
vt 0.103271 0.666992
vt 0.077149 0.660401
vt 0.104981 0.649658
vt 0.045654 0.656250
vt 0.063721 0.655274
vt 0.052490 0.648682
vt 0.094727 0.645996
vt 0.034912 0.641358
vt 0.022949 0.629883
vt 0.017090 0.629883
vt 0.023438 0.607178
vt 0.017334 0.598877
vt 0.026856 0.615967
vt 0.047607 0.585938
vt 0.024414 0.574219
vt 0.030029 0.626465
vt 0.043213 0.605224
vt 0.035156 0.614746
vt 0.041993 0.627686
vt 0.056153 0.593750
vt 0.052490 0.626465
vt 0.053711 0.610352
vt 0.118652 0.568115
vt 0.114502 0.586182
vt 0.092041 0.602539
vt 0.058106 0.638672
vt 0.072510 0.607178
vt 0.062744 0.622803
vt 0.066406 0.632568
vt 0.089356 0.618408
vt 0.097412 0.616455
vt 0.071045 0.640869
vt 0.077637 0.630859
vt 0.086426 0.636719
vt 0.463623 0.514892
vt 0.477051 0.531250
vt 0.494873 0.526123
vt 0.486573 0.509033
vt 0.458496 0.522217
vt 0.451660 0.502197
vt 0.438233 0.517334
vt 0.487549 0.497071
vt 0.441894 0.509521
vt 0.454102 0.534424
vt 0.485840 0.492432
vt 0.460938 0.492188
vt 0.450927 0.494385
vt 0.423096 0.493652
vt 0.416748 0.501709
vt 0.400635 0.492676
vt 0.391358 0.497071
vt 0.411865 0.505615
vt 0.385010 0.499756
vt 0.415283 0.512696
vt 0.394531 0.511719
vt 0.433838 0.524903
vt 0.440430 0.531250
vt 0.410644 0.516846
vt 0.394776 0.518799
vt 0.411621 0.528809
vt 0.755371 0.136231
vt 0.774658 0.144776
vt 0.758301 0.131836
vt 0.768799 0.133789
vt 0.774414 0.135498
vt 0.782471 0.155274
vt 0.778321 0.158447
vt 0.795166 0.165527
vt 0.790039 0.155029
vt 0.784424 0.131592
vt 0.776611 0.130127
vt 0.784668 0.142090
vt 0.790283 0.136474
vt 0.795166 0.143311
vt 0.791748 0.147705
vt 0.796631 0.154541
vt 0.806641 0.166016
vt 0.802490 0.145508
vt 0.804688 0.158691
vt 0.801758 0.152099
vt 0.359131 0.781250
vt 0.354492 0.796875
vt 0.366943 0.785156
vt 0.370117 0.770752
vt 0.350098 0.785401
vt 0.339599 0.794189
vt 0.352783 0.765869
vt 0.369629 0.762451
vt 0.338379 0.772949
vt 0.340576 0.786865
vt 0.329346 0.794434
vt 0.321045 0.750733
vt 0.372802 0.729981
vt 0.327149 0.774414
vt 0.324463 0.784180
vt 0.313233 0.794434
vt 0.318359 0.766846
vt 0.312500 0.781983
vt 0.296631 0.792481
vt 0.308349 0.766113
vt 0.291748 0.770019
vt 0.287598 0.781494
vt 0.282959 0.794922
vt 0.275879 0.763916
vt 0.276856 0.782227
vt 0.259766 0.793457
vt 0.267090 0.747803
vt 0.263184 0.764649
vt 0.260498 0.779785
vt 0.247314 0.763672
vt 0.246338 0.780029
vt 0.236572 0.793213
vt 0.231201 0.780274
vt 0.220459 0.793946
vt 0.232422 0.763916
vt 0.224609 0.774658
vt 0.221436 0.766846
vt 0.199219 0.770752
vt 0.197021 0.781494
vt 0.209473 0.755859
vt 0.231689 0.746338
vt 0.280762 0.711182
vt 0.234863 0.717041
vt 0.301026 0.696533
vt 0.287354 0.697510
vt 0.303223 0.712891
vt 0.316651 0.697510
vt 0.327637 0.738526
vt 0.322266 0.713135
vt 0.327149 0.694824
vt 0.361816 0.708740
vt 0.333008 0.708984
vt 0.339599 0.691162
vt 0.346436 0.709472
vt 0.357177 0.694824
vt 0.411133 0.007080
vt 0.407471 0.012939
vt 0.418213 0.002930
vt 0.406494 0.000000
vt 0.401367 0.004883
vt 0.415771 0.008057
vt 0.397461 0.007324
vt 0.407959 0.019287
vt 0.410401 0.025146
vt 0.406006 0.021484
vt 0.407227 0.027344
vt 0.401123 0.015625
vt 0.388916 0.004151
vt 0.395019 0.013428
vt 0.391113 0.016113
vt 0.800781 0.271729
vt 0.790771 0.278564
vt 0.783447 0.291260
vt 0.789795 0.265625
vt 0.790528 0.252441
vt 0.804443 0.251953
vt 0.812012 0.263916
vt 0.816162 0.264160
vt 0.830811 0.267578
vt 0.836670 0.261719
vt 0.845459 0.267578
vt 0.745361 0.010010
vt 0.762207 0.014404
vt 0.779297 0.010010
vt 0.341552 0.660156
vt 0.357666 0.659180
vt 0.353271 0.653809
vt 0.363281 0.629151
vt 0.372802 0.662842
vt 0.371826 0.667481
vt 0.352783 0.629394
vt 0.336426 0.618653
vt 0.340332 0.630859
vt 0.330811 0.621338
vt 0.340332 0.643799
vt 0.316162 0.663086
vt 0.329346 0.643066
vt 0.318359 0.656983
vt 0.321777 0.638184
vt 0.294922 0.624756
vt 0.302490 0.618408
vt 0.303467 0.630127
vt 0.284668 0.629394
vt 0.305420 0.648926
vt 0.298584 0.638428
vt 0.282715 0.634033
vt 0.301758 0.650635
vt 0.290527 0.658936
vt 0.295654 0.668457
vt 0.291260 0.692627
vt 0.278809 0.692627
vt 0.284180 0.671631
vt 0.272461 0.681153
vt 0.255127 0.684571
vt 0.267090 0.669922
vt 0.260742 0.651123
vt 0.269287 0.637207
vt 0.253906 0.620606
vt 0.238526 0.651856
vt 0.237549 0.682617
vt 0.254883 0.634766
vt 0.243652 0.639649
vt 0.246826 0.626953
vt 0.238769 0.619385
vt 0.228760 0.633057
vt 0.224121 0.623535
vt 0.230957 0.661377
vt 0.219971 0.657715
vt 0.220215 0.673828
vt 0.218994 0.647705
vt 0.210205 0.645752
vt 0.210449 0.620849
vt 0.211670 0.654053
vt 0.207276 0.652588
vt 0.195068 0.659668
vt 0.210205 0.663330
vt 0.200196 0.666016
vt 0.200684 0.685547
vt 0.129394 0.928222
vt 0.118408 0.925293
vt 0.076904 0.948486
vt 0.101318 0.921631
vt 0.071289 0.943359
vt 0.047363 0.927246
vt 0.050537 0.944336
vt 0.043946 0.952637
vt 0.085449 0.908203
vt 0.102783 0.908691
vt 0.060059 0.912354
vt 0.073243 0.902832
vt 0.060547 0.891846
vt 0.040283 0.913818
vt 0.049072 0.867920
vt 0.037842 0.929688
vt 0.039795 0.954346
vt 0.039795 0.858642
vt 0.024414 0.932861
vt 0.024658 0.950684
vt 0.017334 0.929688
vt 0.023926 0.900146
vt 0.017090 0.869629
vt 0.023926 0.860108
vt 0.650635 0.180664
vt 0.659180 0.192383
vt 0.656250 0.174561
vt 0.669922 0.181885
vt 0.604492 0.179932
vt 0.634278 0.189453
vt 0.643311 0.194580
vt 0.654541 0.207276
vt 0.649903 0.216797
vt 0.661865 0.201660
vt 0.661377 0.219971
vt 0.661865 0.203369
vt 0.665528 0.208252
vt 0.657715 0.209961
vt 0.661865 0.212158
vt 0.660644 0.212891
vt 0.659668 0.213867
vt 0.211182 0.244629
vt 0.213379 0.232910
vt 0.181396 0.227295
vt 0.192627 0.209473
vt 0.232666 0.248779
vt 0.212158 0.222412
vt 0.249512 0.253662
vt 0.257324 0.223877
vt 0.246094 0.208008
vt 0.258789 0.208740
vt 0.270264 0.194336
vt 0.251221 0.194336
vt 0.208740 0.205078
vt 0.223389 0.189209
vt 0.227051 0.201172
vt 0.228027 0.211426
vt 0.790039 0.060791
vt 0.784180 0.061768
vt 0.787109 0.065918
vt 0.784668 0.071777
vt 0.796142 0.054199
vt 0.780029 0.067139
vt 0.776611 0.060791
vt 0.774903 0.067627
vt 0.778321 0.074707
vt 0.769531 0.071533
vt 0.767822 0.063477
vt 0.767822 0.059082
vt 0.766358 0.046875
vt 0.762939 0.055664
vt 0.781250 0.042236
vt 0.750977 0.042236
vt 0.474365 0.305908
vt 0.476074 0.316651
vt 0.479248 0.306885
vt 0.489990 0.309814
vt 0.493896 0.324707
vt 0.460205 0.311279
vt 0.449707 0.305420
vt 0.462158 0.317627
vt 0.475830 0.322754
vt 0.447998 0.321289
vt 0.450196 0.326904
vt 0.447998 0.312256
vt 0.432373 0.308106
vt 0.431396 0.314453
vt 0.436035 0.321533
vt 0.431641 0.327392
vt 0.448242 0.297119
vt 0.431152 0.294677
vt 0.410889 0.295410
vt 0.414307 0.305908
vt 0.409424 0.307373
vt 0.408691 0.328369
vt 0.775146 0.224854
vt 0.760986 0.241699
vt 0.774414 0.230224
vt 0.762939 0.235596
vt 0.768311 0.227539
vt 0.759521 0.231689
vt 0.756836 0.240479
vt 0.752930 0.264404
vt 0.761474 0.263672
vt 0.750244 0.257324
vt 0.749756 0.250244
vt 0.738281 0.247803
vt 0.735108 0.252930
vt 0.749756 0.267334
vt 0.750488 0.295654
vt 0.746582 0.264160
vt 0.742676 0.259521
vt 0.731689 0.255615
vt 0.902832 0.665039
vt 0.890137 0.624512
vt 0.885742 0.640869
vt 0.897217 0.610352
vt 0.915283 0.659180
vt 0.908936 0.615722
vt 0.924072 0.657227
vt 0.924316 0.626953
vt 0.632080 0.593506
vt 0.632324 0.607178
vt 0.651123 0.601562
vt 0.645752 0.625733
vt 0.653321 0.654297
vt 0.628662 0.629639
vt 0.642578 0.651367
vt 0.646240 0.685059
vt 0.627197 0.653564
vt 0.747559 0.465821
vt 0.720215 0.476807
vt 0.741699 0.484375
vt 0.764404 0.476074
vt 0.724365 0.495361
vt 0.762451 0.490723
vt 0.770752 0.478271
vt 0.781738 0.507080
vt 0.750000 0.500488
vt 0.768555 0.501465
vt 0.781983 0.516602
vt 0.763428 0.534668
vt 0.733642 0.507812
vt 0.722412 0.500733
vt 0.719483 0.502441
vt 0.711670 0.495606
vt 0.709472 0.490479
vt 0.705811 0.494141
vt 0.704102 0.493408
vt 0.737549 0.525635
vt 0.752197 0.531006
vt 0.744141 0.549072
vt 0.762696 0.545899
vt 0.191894 0.914062
vt 0.204834 0.927734
vt 0.192871 0.905762
vt 0.184571 0.916504
vt 0.180664 0.906738
vt 0.168946 0.922119
vt 0.151367 0.920410
vt 0.161377 0.916260
vt 0.153809 0.927734
vt 0.173584 0.936767
vt 0.187256 0.923584
vt 0.197754 0.932861
vt 0.158447 0.937012
vt 0.138916 0.916992
vt 0.160644 0.945068
vt 0.161377 0.962158
vt 0.177246 0.953369
vt 0.188232 0.934571
vt 0.203857 0.945801
vt 0.220703 0.909180
vt 0.191406 0.941894
vt 0.193848 0.951904
vt 0.177734 0.964356
vt 0.163818 0.977539
vt 0.194580 0.958252
vt 0.208496 0.965332
vt 0.178223 0.975830
vt 0.177246 0.990479
vt 0.160401 0.993896
vt 0.186035 0.978516
vt 0.194336 0.978271
vt 0.196045 0.967529
vt 0.207764 0.977051
vt 0.224854 0.972412
vt 0.262696 0.951660
vt 0.254883 0.970459
vt 0.255371 0.981689
vt 0.254151 0.992676
vt 0.533203 0.853028
vt 0.538086 0.826172
vt 0.497802 0.846924
vt 0.475586 0.835205
vt 0.449219 0.851807
vt 0.521729 0.873779
vt 0.536133 0.876465
vt 0.518555 0.855224
vt 0.500244 0.854248
vt 0.501709 0.873047
vt 0.487305 0.866455
vt 0.477539 0.876221
vt 0.460938 0.864014
vt 0.449951 0.873779
vt 0.443604 0.866455
vt 0.430176 0.854736
vt 0.290039 0.022461
vt 0.287598 0.021484
vt 0.287109 0.024170
vt 0.269776 0.026367
vt 0.290283 0.031982
vt 0.271240 0.021240
vt 0.285889 0.017578
vt 0.287842 0.014404
vt 0.288330 0.015137
vt 0.286865 0.005127
vt 0.274658 0.003906
vt 0.270019 0.002197
vt 0.987549 0.280762
vt 0.989014 0.284912
vt 0.988769 0.281494
vt 0.982666 0.280762
vt 0.985596 0.286621
vt 0.980469 0.284180
vt 0.983399 0.289062
vt 0.187012 0.197510
vt 0.195557 0.188965
vt 0.170166 0.170410
vt 0.164795 0.196045
vt 0.154785 0.176514
vt 0.177002 0.217285
vt 0.155762 0.205078
vt 0.163330 0.215821
vt 0.176026 0.246826
vt 0.148926 0.238281
vt 0.083496 0.389160
vt 0.071777 0.391846
vt 0.077881 0.399170
vt 0.057373 0.398682
vt 0.089599 0.413574
vt 0.100098 0.402588
vt 0.124024 0.424805
vt 0.129639 0.416260
vt 0.062500 0.422852
vt 0.050537 0.412354
vt 0.039307 0.422608
vt 0.034424 0.416260
vt 0.050781 0.398682
vt 0.039551 0.404052
vt 0.040771 0.391113
vt 0.991943 0.002441
vt 0.982422 0.005127
vt 0.991455 0.007080
vt 0.967774 0.016602
vt 0.976074 0.005859
vt 0.959961 0.009766
vt 0.964844 0.001953
vt 0.021484 0.979736
vt 0.011963 0.979736
vt 0.020752 0.985108
vt 0.011719 0.984619
vt 0.018311 0.991699
vt 0.008057 0.991211
vt 0.009277 0.995849
vt 0.469483 0.401611
vt 0.479736 0.391602
vt 0.471680 0.388427
vt 0.495849 0.389649
vt 0.477295 0.403809
vt 0.479248 0.420410
vt 0.488769 0.403564
vt 0.486573 0.409912
vt 0.493164 0.420654
vt 0.480713 0.436279
vt 0.499512 0.432129
vt 0.511719 0.435791
vt 0.514892 0.421631
vt 0.499024 0.411865
vt 0.496826 0.403564
vt 0.507080 0.389160
vt 0.506592 0.405029
vt 0.513184 0.394531
vt 0.527344 0.389649
vt 0.516358 0.413330
vt 0.517334 0.403076
vt 0.532471 0.420166
vt 0.527588 0.436035
vt 0.543213 0.445557
vt 0.547363 0.438965
vt 0.550781 0.425781
vt 0.538330 0.414551
vt 0.523438 0.403321
vt 0.565918 0.412354
vt 0.535401 0.394287
vt 0.531983 0.403076
vt 0.547608 0.388184
vt 0.545654 0.394043
vt 0.555908 0.392090
vt 0.556885 0.386963
vt 0.919434 0.311524
vt 0.942383 0.325684
vt 0.957519 0.296631
vt 0.951660 0.337402
vt 0.956299 0.344238
vt 0.935303 0.333008
vt 0.921142 0.325927
vt 0.915528 0.321045
vt 0.921631 0.343750
vt 0.933349 0.344238
vt 0.929199 0.354736
vt 0.824707 0.911865
vt 0.839356 0.912842
vt 0.838623 0.894043
vt 0.809326 0.890869
vt 0.815186 0.915039
vt 0.825196 0.895508
vt 0.830566 0.869385
vt 0.814209 0.871582
vt 0.841553 0.863037
vt 0.842285 0.844483
vt 0.830322 0.847168
vt 0.797363 0.873779
vt 0.811524 0.842774
vt 0.804932 0.867432
vt 0.601074 0.954346
vt 0.606934 0.993164
vt 0.620849 0.979004
vt 0.576904 0.976074
vt 0.618408 0.956543
vt 0.617188 0.947266
vt 0.570068 0.949463
vt 0.571045 0.915528
vt 0.619385 0.927979
vt 0.595947 0.896729
vt 0.617188 0.906250
vt 0.967041 0.422852
vt 0.985108 0.425537
vt 0.978271 0.405762
vt 0.957031 0.414307
vt 0.984619 0.445312
vt 0.949951 0.429443
vt 0.958984 0.439698
vt 0.956299 0.445557
vt 0.150635 0.199219
vt 0.145019 0.173828
vt 0.140381 0.182861
vt 0.132080 0.174561
vt 0.127686 0.156982
vt 0.110352 0.171387
vt 0.157471 0.152344
vt 0.137451 0.145752
vt 0.157959 0.144776
vt 0.159180 0.128418
vt 0.138916 0.130127
vt 0.744873 0.814941
vt 0.742920 0.848389
vt 0.753174 0.833984
vt 0.729492 0.800781
vt 0.731689 0.814453
vt 0.737305 0.790528
vt 0.763184 0.827637
vt 0.751465 0.843506
vt 0.762939 0.838623
vt 0.778321 0.826172
vt 0.757812 0.816406
vt 0.759033 0.807373
vt 0.778076 0.804932
vt 0.764160 0.801026
vt 0.759278 0.785156
vt 0.766358 0.783447
vt 0.739014 0.774414
vt 0.730957 0.768799
vt 0.536377 0.053467
vt 0.555908 0.059326
vt 0.554932 0.043213
vt 0.524414 0.043457
vt 0.520019 0.059326
vt 0.564453 0.050293
vt 0.563965 0.059082
vt 0.531250 0.066406
vt 0.550781 0.066651
vt 0.363037 0.200196
vt 0.351562 0.169678
vt 0.344971 0.200439
vt 0.367676 0.177979
vt 0.380615 0.161865
vt 0.341309 0.190674
vt 0.369385 0.146240
vt 0.328613 0.187500
vt 0.336182 0.174561
vt 0.356446 0.137207
vt 0.365723 0.132568
vt 0.332764 0.149170
vt 0.339356 0.128174
vt 0.334717 0.161377
vt 0.321777 0.172607
vt 0.312256 0.163574
vt 0.827637 0.289062
vt 0.789795 0.297119
vt 0.822998 0.305176
vt 0.828369 0.279541
vt 0.854248 0.270019
vt 0.846436 0.291992
vt 0.834229 0.302490
vt 0.829346 0.314698
vt 0.838867 0.317627
vt 0.844483 0.310059
vt 0.855957 0.300537
vt 0.855713 0.319336
vt 0.106446 0.509033
vt 0.077149 0.515869
vt 0.094727 0.520264
vt 0.080811 0.534912
vt 0.093750 0.534180
vt 0.113769 0.520264
vt 0.122314 0.509766
vt 0.136719 0.497802
vt 0.107910 0.531006
vt 0.102783 0.538574
vt 0.113281 0.538086
vt 0.123535 0.531738
vt 0.133545 0.517578
vt 0.147949 0.503174
vt 0.122802 0.545410
vt 0.132568 0.545899
vt 0.138916 0.540528
vt 0.149170 0.527832
vt 0.151123 0.511231
vt 0.162354 0.525146
vt 0.178223 0.547852
vt 0.168457 0.514649
vt 0.186768 0.514160
vt 0.193604 0.507812
vt 0.159668 0.505127
vt 0.173828 0.494385
vt 0.436279 0.758057
vt 0.455078 0.768066
vt 0.441894 0.744141
vt 0.444580 0.789795
vt 0.431641 0.788086
vt 0.431396 0.766602
vt 0.420166 0.779785
vt 0.407471 0.773682
vt 0.414551 0.795654
vt 0.455811 0.792969
vt 0.455078 0.817627
vt 0.477539 0.809814
vt 0.475586 0.789062
vt 0.482666 0.807861
vt 0.487793 0.827392
vt 0.498779 0.824219
vt 0.486328 0.789307
vt 0.481689 0.765137
vt 0.491699 0.760254
vt 0.471436 0.756104
vt 0.458496 0.738037
vt 0.442871 0.720215
vt 0.466309 0.718262
vt 0.482666 0.733399
vt 0.478027 0.714111
vt 0.491455 0.732666
vt 0.497559 0.755615
vt 0.490967 0.713867
vt 0.500000 0.732178
vt 0.085938 0.031738
vt 0.102539 0.029785
vt 0.089844 0.011719
vt 0.105957 0.009033
vt 0.112305 0.041016
vt 0.109375 0.026611
vt 0.118896 0.012207
vt 0.125732 0.013184
vt 0.860108 0.448242
vt 0.864990 0.429199
vt 0.848633 0.428223
vt 0.871826 0.462158
vt 0.855957 0.462891
vt 0.862305 0.468994
vt 0.866211 0.475342
vt 0.855957 0.477295
vt 0.852783 0.466309
vt 0.840088 0.441651
vt 0.836426 0.430420
vt 0.841309 0.425293
vt 0.823974 0.421387
vt 0.832519 0.447510
vt 0.675537 0.948242
vt 0.675537 0.964844
vt 0.680176 0.945312
vt 0.657471 0.939941
vt 0.684082 0.953369
vt 0.648438 0.954346
vt 0.647705 0.966553
vt 0.629394 0.936035
vt 0.625733 0.950439
vt 0.638916 0.936524
vt 0.635986 0.925049
vt 0.627197 0.921875
vt 0.646972 0.928467
vt 0.643555 0.911621
vt 0.638184 0.896240
vt 0.663818 0.938233
vt 0.661621 0.917969
vt 0.670166 0.932861
vt 0.681153 0.925293
vt 0.687744 0.927246
vt 0.691406 0.940430
vt 0.700684 0.911865
vt 0.685059 0.910644
vt 0.675049 0.906738
vt 0.682129 0.897949
vt 0.679199 0.885010
vt 0.671142 0.886474
vt 0.670899 0.893311
vt 0.659424 0.890137
vt 0.641846 0.885254
vt 0.632568 0.889404
vt 0.635498 0.872803
vt 0.627930 0.865234
vt 0.621094 0.885986
vt 0.763672 0.656494
vt 0.760742 0.647705
vt 0.761474 0.659180
vt 0.758545 0.652588
vt 0.750244 0.652344
vt 0.750488 0.646240
vt 0.770508 0.656738
vt 0.754639 0.639404
vt 0.761474 0.633057
vt 0.766113 0.639160
vt 0.752441 0.623779
vt 0.751221 0.634278
vt 0.761474 0.614258
vt 0.751709 0.615234
vt 0.744141 0.610108
vt 0.766358 0.602051
vt 0.773438 0.629394
vt 0.773193 0.598877
vt 0.759766 0.594971
vt 0.737305 0.600342
vt 0.734375 0.604248
vt 0.725586 0.587646
vt 0.750733 0.581787
vt 0.757324 0.584472
vt 0.914795 0.130615
vt 0.916748 0.149170
vt 0.923584 0.142334
vt 0.924072 0.116455
vt 0.908203 0.115234
vt 0.917236 0.108154
vt 0.901856 0.099121
vt 0.887939 0.102051
vt 0.925049 0.089844
vt 0.435059 0.549805
vt 0.429443 0.552734
vt 0.441162 0.555176
vt 0.403321 0.540283
vt 0.395019 0.526856
vt 0.419677 0.559814
vt 0.431885 0.632568
vt 0.438965 0.596191
vt 0.440186 0.562012
vt 0.441406 0.579590
vt 0.457276 0.561524
vt 0.470948 0.548096
vt 0.486816 0.535156
vt 0.440430 0.544922
vt 0.500733 0.533447
vt 0.180176 0.125977
vt 0.167724 0.136231
vt 0.163818 0.151367
vt 0.164551 0.131104
vt 0.175537 0.119141
vt 0.160889 0.101074
vt 0.169434 0.103760
vt 0.185303 0.107910
vt 0.198486 0.091552
vt 0.200439 0.110840
vt 0.212158 0.121338
vt 0.205322 0.101562
vt 0.774903 0.332276
vt 0.772949 0.324219
vt 0.747803 0.329102
vt 0.777832 0.336670
vt 0.782471 0.331787
vt 0.735108 0.347656
vt 0.749756 0.356201
vt 0.708740 0.376465
vt 0.774658 0.351074
vt 0.740234 0.376709
vt 0.745117 0.385742
vt 0.770996 0.362061
vt 0.754151 0.390381
vt 0.781006 0.374267
vt 0.766113 0.393311
vt 0.422608 0.636719
vt 0.407959 0.634766
vt 0.409180 0.652832
vt 0.425781 0.656738
vt 0.410889 0.675049
vt 0.397949 0.634033
vt 0.395508 0.622314
vt 0.374024 0.631347
vt 0.382324 0.635986
vt 0.376221 0.654053
vt 0.391846 0.651123
vt 0.393066 0.674561
vt 0.398682 0.695068
vt 0.427979 0.691651
vt 0.406983 0.746338
vt 0.427002 0.718506
vt 0.390869 0.746094
vt 0.399414 0.792969
vt 0.389649 0.698974
vt 0.382324 0.690430
vt 0.377441 0.749024
vt 0.394776 0.445557
vt 0.414551 0.418701
vt 0.363526 0.437500
vt 0.369873 0.419677
vt 0.437500 0.439941
vt 0.422852 0.448242
vt 0.465088 0.409668
vt 0.442627 0.446777
vt 0.433106 0.399658
vt 0.380859 0.403321
vt 0.432861 0.462646
vt 0.443604 0.459961
vt 0.444092 0.469483
vt 0.433349 0.473633
vt 0.442871 0.478760
vt 0.450439 0.487061
vt 0.802979 0.947754
vt 0.831543 0.992920
vt 0.822754 0.963867
vt 0.791504 0.939209
vt 0.633057 0.114502
vt 0.636474 0.128418
vt 0.644776 0.125977
vt 0.654541 0.128906
vt 0.639160 0.118408
vt 0.654785 0.115967
vt 0.666016 0.119629
vt 0.662597 0.144287
vt 0.647217 0.153076
vt 0.649658 0.171631
vt 0.671142 0.130127
vt 0.675049 0.126465
vt 0.680176 0.135742
vt 0.668213 0.153564
vt 0.697754 0.134766
vt 0.695312 0.147461
vt 0.559082 0.487305
vt 0.576172 0.502441
vt 0.581543 0.482666
vt 0.565186 0.498291
vt 0.569824 0.516113
vt 0.564209 0.508057
vt 0.556641 0.494141
vt 0.556396 0.511231
vt 0.561279 0.529053
vt 0.549316 0.509033
vt 0.552490 0.500000
vt 0.549805 0.487793
vt 0.555420 0.482422
vt 0.525635 0.475830
vt 0.555908 0.475586
vt 0.526611 0.468017
vt 0.517578 0.462891
vt 0.510010 0.462891
vt 0.518799 0.449219
vt 0.507324 0.443359
vt 0.547852 0.449951
vt 0.567627 0.471924
vt 0.587158 0.461670
vt 0.565430 0.456543
vt 0.561767 0.446045
vt 0.580566 0.447510
vt 0.575196 0.435302
vt 0.809571 0.929932
vt 0.796387 0.912842
vt 0.791504 0.926514
vt 0.817627 0.944824
vt 0.808838 0.914551
vt 0.802490 0.901856
vt 0.792724 0.878174
vt 0.907959 0.566894
vt 0.921631 0.572266
vt 0.916504 0.560791
vt 0.925293 0.553711
vt 0.929688 0.580322
vt 0.941162 0.527588
vt 0.943359 0.593506
vt 0.819092 0.166016
vt 0.817871 0.174316
vt 0.827392 0.163574
vt 0.812256 0.191162
vt 0.812500 0.174561
vt 0.807617 0.170654
vt 0.805664 0.175293
vt 0.805664 0.189697
vt 0.827392 0.210938
vt 0.843017 0.177246
vt 0.844971 0.225830
vt 0.812744 0.203613
vt 0.788574 0.186035
vt 0.771240 0.182129
vt 0.817627 0.229736
vt 0.830811 0.232910
vt 0.823486 0.239746
vt 0.806153 0.241211
vt 0.797363 0.241699
vt 0.800049 0.207764
vt 0.273926 0.033936
vt 0.300781 0.045899
vt 0.295899 0.040283
vt 0.284912 0.047363
vt 0.318359 0.042724
vt 0.301026 0.061035
vt 0.318604 0.033936
vt 0.312256 0.033936
vt 0.307861 0.032471
vt 0.299073 0.034912
vt 0.295654 0.031738
vt 0.293701 0.059814
vt 0.284668 0.058349
vt 0.284424 0.062256
vt 0.290039 0.065430
vt 0.295166 0.068359
vt 0.299073 0.070557
vt 0.291748 0.073486
vt 0.838867 0.049316
vt 0.817383 0.055420
vt 0.818115 0.084229
vt 0.825928 0.083496
vt 0.853516 0.056153
vt 0.836182 0.088379
vt 0.845947 0.098144
vt 0.864746 0.076660
vt 0.863526 0.054932
vt 0.720703 0.414307
vt 0.701416 0.446045
vt 0.700684 0.469727
vt 0.721191 0.381104
vt 0.690186 0.436767
vt 0.718506 0.469971
vt 0.741211 0.416992
vt 0.740234 0.446289
vt 0.741943 0.456543
vt 0.771484 0.874267
vt 0.766846 0.905029
vt 0.778809 0.885254
vt 0.789795 0.869873
vt 0.791016 0.842041
vt 0.789062 0.828125
vt 0.763184 0.847901
vt 0.147217 0.418213
vt 0.134521 0.420166
vt 0.133057 0.434814
vt 0.151856 0.399902
vt 0.131836 0.451416
vt 0.158447 0.498779
vt 0.155762 0.483642
vt 0.128906 0.458496
vt 0.121094 0.440430
vt 0.108887 0.426758
vt 0.111573 0.443848
vt 0.088623 0.420410
vt 0.646972 0.365479
vt 0.637696 0.360596
vt 0.627441 0.371826
vt 0.629394 0.380127
vt 0.641358 0.383301
vt 0.614258 0.376465
vt 0.634033 0.400146
vt 0.620117 0.396484
vt 0.603271 0.378418
vt 0.583740 0.372802
vt 0.623291 0.401856
vt 0.617188 0.406006
vt 0.633545 0.429688
vt 0.647461 0.402588
vt 0.639160 0.446289
vt 0.011963 0.575684
vt 0.030762 0.561035
vt 0.013428 0.563721
vt 0.031494 0.550293
vt 0.059082 0.563233
vt 0.069092 0.553467
vt 0.033936 0.540528
vt 0.035401 0.530517
vt 0.024903 0.526611
vt 0.085449 0.551758
vt 0.960449 0.138184
vt 0.941406 0.137939
vt 0.933106 0.177002
vt 0.721191 0.252686
vt 0.728271 0.232910
vt 0.731201 0.216553
vt 0.732910 0.225830
vt 0.724121 0.215821
vt 0.778564 0.207031
vt 0.780274 0.217529
vt 0.768799 0.200196
vt 0.725097 0.203369
vt 0.768311 0.187744
vt 0.717285 0.206055
vt 0.721680 0.194580
vt 0.713379 0.192383
vt 0.718262 0.186035
vt 0.705078 0.200439
vt 0.707764 0.180176
vt 0.495606 0.364502
vt 0.522217 0.368164
vt 0.500977 0.358887
vt 0.487305 0.358887
vt 0.487305 0.371338
vt 0.469238 0.375000
vt 0.489502 0.348877
vt 0.518555 0.350342
vt 0.494629 0.346436
vt 0.495117 0.339599
vt 0.487305 0.330078
vt 0.481689 0.333252
vt 0.474121 0.337402
vt 0.462646 0.355469
vt 0.461914 0.341552
vt 0.459717 0.367920
vt 0.460205 0.388184
vt 0.451904 0.384033
vt 0.444580 0.377686
vt 0.448242 0.363281
vt 0.448242 0.350830
vt 0.449951 0.333984
vt 0.442627 0.339844
vt 0.440918 0.350830
vt 0.435059 0.336914
vt 0.419677 0.329102
vt 0.335693 0.051758
vt 0.341552 0.071289
vt 0.346924 0.041748
vt 0.366455 0.051514
vt 0.373047 0.045166
vt 0.382812 0.055176
vt 0.378418 0.059326
vt 0.367676 0.062988
vt 0.849365 0.982422
vt 0.844238 0.973633
vt 0.843506 0.991943
vt 0.400146 0.888428
vt 0.420899 0.914307
vt 0.402344 0.883789
vt 0.402832 0.896240
vt 0.387696 0.876465
vt 0.397461 0.868164
vt 0.414062 0.891358
vt 0.409912 0.875244
vt 0.412109 0.869141
vt 0.414551 0.858154
vt 0.380371 0.864746
vt 0.362305 0.875733
vt 0.427002 0.828858
vt 0.424561 0.847168
vt 0.347901 0.870849
vt 0.401611 0.850097
vt 0.405762 0.833984
vt 0.422119 0.818115
vt 0.420166 0.812012
vt 0.382080 0.848633
vt 0.360596 0.832519
vt 0.396240 0.797363
vt 0.313965 0.860108
vt 0.303955 0.876465
vt 0.273682 0.863769
vt 0.634278 0.244629
vt 0.634278 0.224365
vt 0.624267 0.227539
vt 0.625488 0.255371
vt 0.613526 0.229981
vt 0.614502 0.258301
vt 0.608399 0.248779
vt 0.600586 0.232178
vt 0.601807 0.258057
vt 0.622559 0.281250
vt 0.634278 0.293701
vt 0.629394 0.298828
vt 0.619385 0.297119
vt 0.615234 0.280762
vt 0.607422 0.280029
vt 0.608399 0.299073
vt 0.600097 0.280029
vt 0.593750 0.261474
vt 0.586426 0.282715
vt 0.594238 0.248047
vt 0.588867 0.230957
vt 0.585205 0.248779
vt 0.577392 0.228760
vt 0.585449 0.260986
vt 0.576904 0.262207
vt 0.578125 0.283203
vt 0.576904 0.246826
vt 0.569580 0.282471
vt 0.558594 0.277588
vt 0.559326 0.258545
vt 0.568115 0.245117
vt 0.565430 0.223389
vt 0.553467 0.233399
vt 0.519043 0.555420
vt 0.503174 0.504151
vt 0.515625 0.554443
vt 0.514892 0.565918
vt 0.522949 0.569092
vt 0.531250 0.557861
vt 0.534912 0.550781
vt 0.538330 0.567139
vt 0.532471 0.579346
vt 0.522949 0.586426
vt 0.531738 0.597168
vt 0.511474 0.590332
vt 0.527099 0.606934
vt 0.518799 0.606201
vt 0.513428 0.605713
vt 0.516846 0.612061
vt 0.508789 0.599365
vt 0.504639 0.604248
vt 0.162598 0.456299
vt 0.209717 0.473877
vt 0.212891 0.461670
vt 0.208008 0.452149
vt 0.218506 0.451172
vt 0.268066 0.477295
vt 0.267578 0.460938
vt 0.269531 0.454102
vt 0.215821 0.484375
vt 0.266846 0.485840
vt 0.217774 0.497559
vt 0.269043 0.496338
vt 0.982178 0.530762
vt 0.957519 0.519287
vt 0.950928 0.549805
vt 0.976562 0.547852
vt 0.949219 0.540039
vt 0.946045 0.526123
vt 0.951172 0.507080
vt 0.961914 0.510498
vt 0.278076 0.403564
vt 0.327881 0.411133
vt 0.299316 0.399658
vt 0.375488 0.400391
vt 0.583496 0.803222
vt 0.569824 0.819580
vt 0.578858 0.901611
vt 0.824463 0.522217
vt 0.829102 0.509278
vt 0.814697 0.515381
vt 0.815918 0.495361
vt 0.801269 0.510742
vt 0.826904 0.500733
vt 0.800781 0.486816
vt 0.791016 0.514649
vt 0.801758 0.466309
vt 0.776611 0.473877
vt 0.814453 0.474609
vt 0.814941 0.464844
vt 0.838379 0.491211
vt 0.839599 0.514160
vt 0.851318 0.481934
vt 0.826660 0.489258
vt 0.826660 0.476807
vt 0.827637 0.463379
vt 0.838135 0.477051
vt 0.840332 0.451904
vt 0.328613 0.994629
vt 0.327881 0.982422
vt 0.323974 0.985596
vt 0.335938 0.992920
vt 0.335449 0.983154
vt 0.340821 0.983642
vt 0.341309 0.994873
vt 0.588135 0.543213
vt 0.583740 0.524414
vt 0.572266 0.529785
vt 0.583740 0.504639
vt 0.597656 0.505615
vt 0.586182 0.554443
vt 0.593262 0.525879
vt 0.598877 0.555176
vt 0.603516 0.522217
vt 0.611816 0.504883
vt 0.606934 0.542969
vt 0.614258 0.519287
vt 0.622314 0.521484
vt 0.625488 0.498291
vt 0.614990 0.551514
vt 0.629151 0.520508
vt 0.641113 0.500977
vt 0.622071 0.543701
vt 0.628906 0.547608
vt 0.639892 0.521484
vt 0.653076 0.517578
vt 0.642578 0.553222
vt 0.636963 0.541748
vt 0.628906 0.571778
vt 0.645019 0.573242
vt 0.649414 0.591309
vt 0.636231 0.588867
vt 0.627686 0.589356
vt 0.622559 0.582764
vt 0.618653 0.570068
vt 0.609619 0.572021
vt 0.610840 0.589599
vt 0.603760 0.572266
vt 0.592529 0.573974
vt 0.585449 0.577881
vt 0.579834 0.556885
vt 0.581299 0.581787
vt 0.863526 0.501953
vt 0.865234 0.488281
vt 0.855224 0.495606
vt 0.870117 0.512696
vt 0.851074 0.516846
vt 0.881836 0.537354
vt 0.866455 0.543946
vt 0.847656 0.530029
vt 0.838379 0.521484
vt 0.823731 0.529785
vt 0.820068 0.539551
vt 0.834961 0.540528
vt 0.650635 0.794678
vt 0.644043 0.748291
vt 0.635498 0.766113
vt 0.662842 0.773926
vt 0.629394 0.780517
vt 0.639892 0.807861
vt 0.624024 0.792481
vt 0.613281 0.783691
vt 0.608642 0.790283
vt 0.617920 0.803467
vt 0.594971 0.793457
vt 0.580078 0.791260
vt 0.630615 0.812256
vt 0.618164 0.816651
vt 0.631347 0.835205
vt 0.637451 0.834229
vt 0.632324 0.860108
vt 0.645996 0.829834
vt 0.652099 0.831543
vt 0.662354 0.843750
vt 0.886963 0.404297
vt 0.899170 0.415039
vt 0.889649 0.391113
vt 0.891846 0.423096
vt 0.911133 0.424316
vt 0.879151 0.413818
vt 0.905517 0.441162
vt 0.875488 0.427002
vt 0.849854 0.418457
vt 0.890381 0.439698
vt 0.907959 0.447510
vt 0.898438 0.450196
vt 0.885742 0.465088
vt 0.884278 0.451904
vt 0.057618 0.068359
vt 0.033936 0.072266
vt 0.035889 0.079590
vt 0.063721 0.074219
vt 0.025879 0.072266
vt 0.026367 0.063965
vt 0.011963 0.062988
vt 0.027344 0.100098
vt 0.014404 0.100098
vt 0.843017 0.546631
vt 0.840821 0.554688
vt 0.852783 0.555908
vt 0.834229 0.546631
vt 0.831299 0.554443
vt 0.845215 0.572998
vt 0.867920 0.560303
vt 0.836914 0.567627
vt 0.815918 0.552246
vt 0.824951 0.566406
vt 0.856934 0.580566
vt 0.834961 0.572510
vt 0.828369 0.576416
vt 0.839599 0.580566
vt 0.827149 0.590332
vt 0.833740 0.605224
vt 0.851318 0.588623
vt 0.864014 0.594727
vt 0.858399 0.598144
vt 0.845703 0.590332
vt 0.844727 0.599609
vt 0.837646 0.608887
vt 0.844238 0.610840
vt 0.849609 0.606446
vt 0.219482 0.160644
vt 0.206787 0.177490
vt 0.235107 0.175781
vt 0.225586 0.183106
vt 0.264404 0.182617
vt 0.257812 0.176758
vt 0.274658 0.189697
vt 0.922119 0.725342
vt 0.934814 0.720215
vt 0.917724 0.715088
vt 0.914795 0.729248
vt 0.905762 0.708740
vt 0.922363 0.703125
vt 0.912842 0.696289
vt 0.917236 0.694092
vt 0.928467 0.698486
vt 0.912597 0.676269
vt 0.934571 0.694092
vt 0.862305 0.186279
vt 0.874267 0.187500
vt 0.876709 0.180420
vt 0.865479 0.202881
vt 0.857422 0.220947
vt 0.849609 0.216309
vt 0.861572 0.237793
vt 0.866455 0.226562
vt 0.870606 0.208984
vt 0.886231 0.194824
vt 0.875244 0.217041
vt 0.874756 0.229492
vt 0.870606 0.236328
vt 0.889649 0.190430
vt 0.892822 0.186279
vt 0.881592 0.229736
vt 0.891113 0.211426
vt 0.894531 0.216797
vt 0.882812 0.244629
vt 0.885498 0.231446
vt 0.886963 0.240234
vt 0.525391 0.537354
vt 0.534912 0.520752
vt 0.523193 0.512939
vt 0.517090 0.515869
vt 0.510742 0.501953
vt 0.517334 0.492188
vt 0.535889 0.506836
vt 0.541260 0.501221
vt 0.531250 0.485352
vt 0.508301 0.484619
vt 0.500244 0.492432
vt 0.485108 0.485352
vt 0.473877 0.464356
vt 0.506836 0.469971
vt 0.459717 0.451904
vt 0.473877 0.478271
vt 0.474365 0.486084
vt 0.457764 0.487061
vt 0.754394 0.077881
vt 0.746582 0.049072
vt 0.746826 0.078125
vt 0.764404 0.076416
vt 0.741699 0.084961
vt 0.731446 0.091064
vt 0.743164 0.089599
vt 0.763428 0.092285
vt 0.776123 0.086426
vt 0.784424 0.083008
vt 0.335693 0.241455
vt 0.310302 0.242920
vt 0.309326 0.253906
vt 0.334473 0.229736
vt 0.301269 0.233399
vt 0.343750 0.247071
vt 0.341064 0.223144
vt 0.338623 0.218262
vt 0.314209 0.223877
vt 0.351807 0.212891
vt 0.374512 0.217529
vt 0.360352 0.223144
vt 0.377198 0.233154
vt 0.354736 0.230469
vt 0.357422 0.235840
vt 0.378418 0.239014
vt 0.355224 0.253174
vt 0.382080 0.245849
vt 0.335449 0.254639
vt 0.316406 0.261231
vt 0.338867 0.264404
vt 0.316406 0.270996
vt 0.331299 0.274170
vt 0.350098 0.268311
vt 0.363281 0.259033
vt 0.363769 0.265869
vt 0.385742 0.255127
vt 0.999756 0.527588
vt 0.996582 0.516846
vt 0.983154 0.516113
vt 0.983399 0.524414
vt 0.968506 0.515381
vt 0.991455 0.513184
vt 1.000000 0.512696
vt 0.444824 0.032471
vt 0.416992 0.042969
vt 0.442139 0.047119
vt 0.424805 0.049805
vt 0.407471 0.054932
vt 0.443848 0.057618
vt 0.426026 0.060791
vt 0.075439 0.353760
vt 0.077881 0.368408
vt 0.089844 0.356201
vt 0.109131 0.351562
vt 0.062256 0.346191
vt 0.103271 0.340821
vt 0.121826 0.354492
vt 0.125977 0.368164
vt 0.137939 0.353760
vt 0.125488 0.381348
vt 0.072266 0.377686
vt 0.110596 0.392578
vt 0.135498 0.378662
vt 0.137696 0.406983
vt 0.141357 0.360352
vt 0.142578 0.354981
vt 0.145508 0.360840
vt 0.153321 0.352051
vt 0.154785 0.356934
vt 0.157227 0.347168
vt 0.959717 0.196045
vt 0.954590 0.176514
vt 0.941651 0.199463
vt 0.940430 0.178467
vt 0.960205 0.151611
vt 0.996826 0.904541
vt 0.999756 0.890869
vt 0.984131 0.893311
vt 0.983642 0.874267
vt 0.984375 0.905274
vt 0.377930 0.013916
vt 0.371338 0.012939
vt 0.381836 0.020508
vt 0.360840 0.014160
vt 0.357177 0.019531
vt 0.374024 0.007812
vt 0.379394 0.008789
vt 0.611328 0.731446
vt 0.617676 0.689209
vt 0.603760 0.689941
vt 0.620117 0.731446
vt 0.597656 0.722901
vt 0.592529 0.780274
vt 0.594238 0.705811
vt 0.593262 0.698242
vt 0.072266 0.811767
vt 0.099854 0.751709
vt 0.084473 0.771484
vt 0.091552 0.732910
vt 0.085693 0.714111
vt 0.068115 0.717774
vt 0.080078 0.685547
vt 0.091552 0.694336
vt 0.103271 0.729248
vt 0.106201 0.699707
vt 0.098877 0.672608
vt 0.121094 0.739990
vt 0.126221 0.757324
vt 0.114258 0.720459
vt 0.120361 0.691651
vt 0.134521 0.731689
vt 0.756836 0.866455
vt 0.735840 0.900391
vt 0.747314 0.905517
vt 0.737061 0.916016
vt 0.748779 0.924805
vt 0.728516 0.913574
vt 0.719727 0.905762
vt 0.720215 0.922363
vt 0.729981 0.935059
vt 0.713623 0.944580
vt 0.719238 0.947754
vt 0.741455 0.928711
vt 0.739990 0.938721
vt 0.751709 0.937744
vt 0.758789 0.933106
vt 0.722656 0.129151
vt 0.728760 0.188477
vt 0.733887 0.171143
vt 0.719971 0.178467
vt 0.434326 0.664307
vt 0.436767 0.671631
vt 0.441894 0.665528
vt 0.446533 0.669434
vt 0.442871 0.659180
vt 0.428467 0.682617
vt 0.431641 0.651856
vt 0.461670 0.658447
vt 0.449463 0.672608
vt 0.450196 0.686279
vt 0.478760 0.654053
vt 0.476074 0.635742
vt 0.489014 0.634766
vt 0.475098 0.680176
vt 0.465821 0.699219
vt 0.491455 0.641113
vt 0.501465 0.608399
vt 0.483399 0.698731
vt 0.489014 0.664307
vt 0.485352 0.689453
vt 0.485596 0.680664
vt 0.502197 0.693847
vt 0.505371 0.699463
vt 0.493408 0.672119
vt 0.510254 0.670410
vt 0.519531 0.630859
vt 0.517822 0.668213
vt 0.511719 0.702149
vt 0.509766 0.719238
vt 0.522217 0.713379
vt 0.502441 0.675537
vt 0.497559 0.686767
vt 0.507568 0.935059
vt 0.489746 0.881836
vt 0.487793 0.960938
vt 0.494873 0.966553
vt 0.471191 0.954590
vt 0.467774 0.894043
vt 0.495117 0.976074
vt 0.468017 0.986572
vt 0.506104 0.992676
vt 0.469727 0.972901
vt 0.452149 0.958740
vt 0.456055 0.968506
vt 0.450684 0.885986
vt 0.451660 0.983887
vt 0.436279 0.933594
vt 0.441651 0.875000
vt 0.434571 0.962158
vt 0.409424 0.974854
vt 0.395996 0.994141
vt 0.536621 0.135742
vt 0.529541 0.127930
vt 0.510986 0.127930
vt 0.519531 0.150391
vt 0.562988 0.137207
vt 0.575684 0.128174
vt 0.894043 0.741943
vt 0.878418 0.741211
vt 0.898438 0.750244
vt 0.904785 0.741211
vt 0.912597 0.750977
vt 0.906250 0.780762
vt 0.926758 0.733642
vt 0.915039 0.786377
vt 0.926758 0.788086
vt 0.036377 0.382812
vt 0.045899 0.377441
vt 0.038818 0.360596
vt 0.013184 0.372559
vt 0.022949 0.388427
vt 0.022461 0.413574
vt 0.013184 0.452392
vt 0.243164 0.114014
vt 0.237793 0.095459
vt 0.234375 0.105957
vt 0.218750 0.091797
vt 0.216797 0.102539
vt 0.242920 0.083740
vt 0.223144 0.080811
vt 0.214599 0.079102
vt 0.228760 0.073486
vt 0.223144 0.072266
vt 0.243896 0.074707
vt 0.226074 0.062988
vt 0.242432 0.063232
vt 0.964356 0.645752
vt 0.957519 0.646729
vt 0.960205 0.652588
vt 0.952637 0.639404
vt 0.947998 0.645508
vt 0.954590 0.632080
vt 0.969727 0.643799
vt 0.973389 0.639892
vt 0.984131 0.651367
vt 0.954834 0.622559
vt 0.974609 0.628418
vt 0.983887 0.626465
vt 0.971191 0.615234
vt 0.975342 0.622314
vt 0.979981 0.622559
vt 0.107177 0.903809
vt 0.114502 0.911133
vt 0.111084 0.898926
vt 0.111573 0.868164
vt 0.124756 0.888184
vt 0.090088 0.859375
vt 0.093262 0.845947
vt 0.080078 0.862549
vt 0.090332 0.894776
vt 0.070557 0.869385
vt 0.068848 0.877686
vt 0.063721 0.863769
vt 0.063477 0.872314
vt 0.070801 0.855469
vt 0.075927 0.838867
vt 0.097168 0.830322
vt 0.049561 0.852783
vt 0.067871 0.847901
vt 0.092285 0.826660
vt 0.067139 0.823974
vt 0.063721 0.833984
vt 0.087891 0.822266
vt 0.085205 0.809082
vt 0.090821 0.805664
vt 0.094482 0.784668
vt 0.510742 0.207519
vt 0.552979 0.217529
vt 0.510254 0.192139
vt 0.531983 0.218506
vt 0.483399 0.219971
vt 0.529297 0.881104
vt 0.518066 0.944336
vt 0.544189 0.883301
vt 0.514160 0.925049
vt 0.509278 0.903564
vt 0.528809 0.944336
vt 0.507812 0.984863
vt 0.552246 0.904541
vt 0.537109 0.960205
vt 0.561279 0.918457
vt 0.543457 0.979004
vt 0.565674 0.940186
vt 0.565918 0.959717
vt 0.131836 0.316651
vt 0.162842 0.297608
vt 0.131592 0.310059
vt 0.085938 0.306152
vt 0.100342 0.298828
vt 0.084717 0.300293
vt 0.148682 0.320801
vt 0.164307 0.313233
vt 0.147949 0.335938
vt 0.136719 0.336182
vt 0.171143 0.330566
vt 0.325927 0.510254
vt 0.336914 0.531738
vt 0.344971 0.485352
vt 0.355469 0.497559
vt 0.366699 0.472168
vt 0.375488 0.482177
vt 0.341064 0.544678
vt 0.375244 0.475098
vt 0.399658 0.482666
vt 0.399902 0.476562
vt 0.395508 0.487305
vt 0.379639 0.495361
vt 0.423584 0.487793
vt 0.425049 0.478516
vt 0.421142 0.470948
vt 0.907227 0.515625
vt 0.902344 0.464844
vt 0.895996 0.463135
vt 0.910889 0.456787
vt 0.648682 0.249512
vt 0.716553 0.224854
vt 0.638672 0.241455
vt 0.639160 0.224609
vt 0.257324 0.422363
vt 0.233643 0.423828
vt 0.275635 0.429932
vt 0.234375 0.411377
vt 0.246094 0.404541
vt 0.210938 0.412354
vt 0.218750 0.427246
vt 0.179199 0.407227
vt 0.570312 0.715821
vt 0.576416 0.737793
vt 0.577149 0.709717
vt 0.586914 0.707031
vt 0.588135 0.739502
vt 0.580078 0.762939
vt 0.570801 0.762696
vt 0.570557 0.808594
vt 0.959229 0.019531
vt 0.956055 0.022949
vt 0.965576 0.037842
vt 0.969483 0.024658
vt 0.973633 0.028076
vt 0.959961 0.045899
vt 0.964599 0.045410
vt 0.972168 0.047119
vt 0.977051 0.038330
vt 0.974609 0.055908
vt 0.986084 0.037354
vt 0.980224 0.020996
vt 0.990967 0.021972
vt 0.991943 0.037109
vt 0.864502 0.602295
vt 0.872803 0.612793
vt 0.874756 0.602539
vt 0.885498 0.603516
vt 0.882080 0.618408
vt 0.863769 0.616455
vt 0.855957 0.611572
vt 0.870606 0.624756
vt 0.881836 0.630859
vt 0.860108 0.627686
vt 0.869385 0.633789
vt 0.880615 0.650879
vt 0.849609 0.633545
vt 0.839844 0.621582
vt 0.836914 0.630615
vt 0.849121 0.652344
vt 0.867676 0.659424
vt 0.847656 0.666260
vt 0.879639 0.659424
vt 0.885498 0.660401
vt 0.549316 0.625977
vt 0.538818 0.656983
vt 0.554443 0.652832
vt 0.553222 0.602295
vt 0.562500 0.627686
vt 0.565430 0.661865
vt 0.542969 0.680176
vt 0.517822 0.696778
vt 0.558838 0.678711
vt 0.556885 0.685303
vt 0.549316 0.688721
vt 0.542724 0.706543
vt 0.588379 0.702637
vt 0.577637 0.687256
vt 0.581543 0.681396
vt 0.586914 0.670410
vt 0.713623 0.900146
vt 0.726318 0.897217
vt 0.716797 0.891113
vt 0.675781 0.875488
vt 0.675537 0.861572
vt 0.684326 0.857422
vt 0.724609 0.877197
vt 0.686767 0.847901
vt 0.680908 0.852295
vt 0.671142 0.868653
vt 0.669678 0.873291
vt 0.653564 0.861816
vt 0.669922 0.850097
vt 0.657471 0.870606
vt 0.667969 0.879394
vt 0.643799 0.876709
vt 0.918946 0.925293
vt 0.911621 0.924316
vt 0.913330 0.929932
vt 0.911377 0.884521
vt 0.918946 0.876221
vt 0.902099 0.923340
vt 0.905274 0.931885
vt 0.896240 0.885254
vt 0.892334 0.927734
vt 0.889404 0.915528
vt 0.888184 0.877930
vt 0.886474 0.925781
vt 0.882080 0.925537
vt 0.504394 0.803467
vt 0.515625 0.810059
vt 0.504394 0.724121
vt 0.524658 0.760742
vt 0.535644 0.821533
vt 0.537597 0.806396
vt 0.536865 0.767822
vt 0.549805 0.803467
vt 0.544678 0.715821
vt 0.981689 0.510498
vt 0.985352 0.501465
vt 0.959961 0.502686
vt 0.981446 0.491455
vt 0.949707 0.491943
vt 0.777588 0.404785
vt 0.763916 0.397949
vt 0.777588 0.448731
vt 0.748779 0.416992
vt 0.742432 0.405762
vt 0.765381 0.450196
vt 0.750733 0.434082
vt 0.785156 0.447021
vt 0.790039 0.462158
vt 0.784912 0.409180
vt 0.781983 0.386719
vt 0.804443 0.437012
vt 0.808838 0.455078
vt 0.808594 0.393311
vt 0.805664 0.383301
vt 0.797119 0.409180
vt 0.812988 0.424316
vt 0.816651 0.399658
vt 0.812256 0.409424
vt 0.391846 0.942627
vt 0.398438 0.955566
vt 0.428711 0.929199
vt 0.428467 0.938965
vt 0.398682 0.977295
vt 0.390137 0.963135
vt 0.340576 0.954102
vt 0.340088 0.938477
vt 0.336670 0.944092
vt 0.335693 0.953125
vt 0.318115 0.948731
vt 0.318359 0.944336
vt 0.309326 0.935791
vt 0.331299 0.937500
vt 0.325439 0.932373
vt 0.711182 0.058106
vt 0.679688 0.080566
vt 0.708496 0.086914
vt 0.662842 0.088379
vt 0.696533 0.058838
vt 0.679443 0.071045
vt 0.632324 0.011963
vt 0.634766 0.006592
vt 0.625244 0.012696
vt 0.643555 0.021972
vt 0.643555 0.007324
vt 0.654297 0.014160
vt 0.638428 0.002197
vt 0.678711 0.786377
vt 0.682861 0.797119
vt 0.686524 0.783936
vt 0.667724 0.809814
vt 0.683838 0.814209
vt 0.691651 0.816651
vt 0.696289 0.800781
vt 0.698731 0.784668
vt 0.696533 0.757080
vt 0.687744 0.757080
vt 0.674561 0.769531
vt 0.659668 0.758789
vt 0.672363 0.738281
vt 0.697510 0.735840
vt 0.681641 0.740479
vt 0.692139 0.726562
vt 0.923340 0.029052
vt 0.944824 0.028564
vt 0.942383 0.001221
vt 0.923584 0.003174
vt 0.952637 0.015381
vt 0.955566 0.003174
vt 0.519531 0.010986
vt 0.517578 0.016846
vt 0.520264 0.016602
vt 0.514892 0.023193
vt 0.525391 0.020996
vt 0.523438 0.030517
vt 0.519531 0.034424
vt 0.525391 0.039062
vt 0.682617 0.281006
vt 0.671631 0.293457
vt 0.685791 0.292236
vt 0.680664 0.272705
vt 0.673584 0.273926
vt 0.694336 0.277588
vt 0.692627 0.290283
vt 0.678711 0.302002
vt 0.684082 0.299561
vt 0.687988 0.307373
vt 0.699463 0.299561
vt 0.700196 0.288574
vt 0.693847 0.299805
vt 0.689941 0.313233
vt 0.672852 0.309814
vt 0.680664 0.319336
vt 0.696778 0.320801
vt 0.703369 0.314209
vt 0.708496 0.332519
vt 0.715576 0.327149
vt 0.709961 0.339356
vt 0.714111 0.342285
vt 0.723144 0.351318
vt 0.726562 0.311035
vt 0.722412 0.271973
vt 0.734863 0.280762
vt 0.741943 0.267578
vt 0.729736 0.303955
vt 0.738769 0.304443
vt 0.735108 0.307617
vt 0.733154 0.310302
vt 0.736816 0.318115
vt 0.740967 0.312744
vt 0.331055 0.449951
vt 0.320557 0.434571
vt 0.311767 0.463135
vt 0.337158 0.477051
vt 0.348389 0.463623
vt 0.317871 0.487061
vt 0.346436 0.450927
vt 0.376465 0.464844
vt 0.364014 0.443848
vt 0.352051 0.442139
vt 0.299805 0.474365
vt 0.297608 0.466309
vt 0.290771 0.445068
vt 0.277588 0.477295
vt 0.285889 0.490723
vt 0.281738 0.462891
vt 0.276367 0.451416
vt 0.279297 0.437256
vt 0.268066 0.444336
vt 0.289795 0.433106
vt 0.281006 0.425293
vt 0.781006 0.912354
vt 0.769531 0.911133
vt 0.778564 0.927734
vt 0.787842 0.899170
vt 0.764649 0.926269
vt 0.761963 0.944092
vt 0.772949 0.951904
vt 0.753418 0.951172
vt 0.784424 0.954590
vt 0.777588 0.962891
vt 0.763428 0.975097
vt 0.787354 0.976074
vt 0.720703 0.013184
vt 0.739746 0.005859
vt 0.725586 0.007812
vt 0.723877 0.000244
vt 0.598389 0.077881
vt 0.617920 0.076416
vt 0.596680 0.074463
vt 0.607910 0.084473
vt 0.596924 0.069824
vt 0.610840 0.068115
vt 0.567871 0.062988
vt 0.578613 0.072754
vt 0.861084 0.958252
vt 0.849365 0.970215
vt 0.858154 0.968506
vt 0.879151 0.960693
vt 0.863037 0.978028
vt 0.867188 0.988037
vt 0.880859 0.987549
vt 0.876465 0.975342
vt 0.879394 0.949951
vt 0.857666 0.952637
vt 0.883789 0.952149
vt 0.884766 0.948242
vt 0.850097 0.940430
vt 0.878174 0.943604
vt 0.857422 0.933838
vt 0.853760 0.929443
vt 0.870849 0.936524
vt 0.877197 0.928222
vt 0.876953 0.045899
vt 0.882080 0.037842
vt 0.866699 0.035401
vt 0.888428 0.038086
vt 0.891602 0.031494
vt 0.894531 0.041748
vt 0.887939 0.045410
vt 0.892822 0.056885
vt 0.915283 0.044189
vt 0.886963 0.066406
vt 0.873779 0.050781
vt 0.880615 0.068604
vt 0.861328 0.043457
vt 0.871338 0.052734
vt 0.809814 0.976318
vt 0.791260 0.950928
vt 0.804199 0.981446
vt 0.809326 0.989746
vt 0.788574 0.993896
vt 0.789062 0.986328
vt 0.795410 0.978028
vt 0.665283 0.409180
vt 0.673096 0.419189
vt 0.667969 0.400879
vt 0.675781 0.409912
vt 0.683349 0.415771
vt 0.682129 0.406006
vt 0.663818 0.377198
vt 0.678467 0.394531
vt 0.675049 0.390381
vt 0.687988 0.408203
vt 0.677246 0.377930
vt 0.692871 0.383301
vt 0.699219 0.406250
vt 0.684082 0.375733
vt 0.691651 0.359131
vt 0.688233 0.354981
vt 0.673340 0.367188
vt 0.659424 0.364502
vt 0.700439 0.346924
vt 0.684571 0.340332
vt 0.698242 0.330811
vt 0.678955 0.348389
vt 0.618408 0.332764
vt 0.612549 0.341064
vt 0.668213 0.359619
vt 0.383789 0.987061
vt 0.377686 0.986816
vt 0.380859 0.999512
vt 0.369873 1.000000
vt 0.369141 0.986328
vt 0.220459 0.009766
vt 0.211914 0.024414
vt 0.220947 0.031250
vt 0.222412 0.535889
vt 0.204834 0.494385
vt 0.190186 0.534912
vt 0.224121 0.512207
vt 0.234131 0.532959
vt 0.222656 0.545166
vt 0.242676 0.512696
vt 0.232422 0.554199
vt 0.252930 0.521240
vt 0.287842 0.495606
vt 0.308349 0.495849
vt 0.262696 0.538086
vt 0.318848 0.511963
vt 0.227295 0.560547
vt 0.244141 0.599854
vt 0.250000 0.590821
vt 0.310791 0.533691
vt 0.257324 0.561767
vt 0.259766 0.586670
vt 0.271484 0.572266
vt 0.317383 0.542724
vt 0.322754 0.532715
vt 0.319580 0.548828
vt 0.331543 0.540771
vt 0.983887 0.136231
vt 0.980469 0.158936
vt 0.985108 0.157471
vt 0.975586 0.153809
vt 0.983642 0.119385
vt 0.330566 0.058594
vt 0.320312 0.055176
vt 0.321045 0.063721
vt 0.330078 0.066894
vt 0.310547 0.056641
vt 0.312744 0.049316
vt 0.308838 0.073486
vt 0.315430 0.074707
vt 0.323974 0.075196
vt 0.306152 0.096191
vt 0.304199 0.078125
vt 0.966064 0.980469
vt 0.959717 0.984863
vt 0.956543 0.995606
vt 0.954590 0.979492
vt 0.954590 0.968750
vt 0.946289 0.962646
vt 0.949951 0.956055
vt 0.964356 0.968506
vt 0.970947 0.974609
vt 0.976318 0.985840
vt 0.980957 0.979736
vt 0.977051 0.968750
vt 0.968262 0.954102
vt 0.937256 0.085938
vt 0.937256 0.133301
vt 0.955322 0.133057
vt 0.022461 0.780274
vt 0.014160 0.777588
vt 0.012696 0.782471
vt 0.799072 0.740722
vt 0.806885 0.745117
vt 0.801269 0.735352
vt 0.785401 0.749024
vt 0.793946 0.758301
vt 0.776856 0.733887
vt 0.760010 0.758789
vt 0.768311 0.740479
vt 0.751221 0.748047
vt 0.733399 0.739746
vt 0.744385 0.732666
vt 0.755371 0.729736
vt 0.743653 0.718262
vt 0.788330 0.769287
vt 0.758301 0.766846
vt 0.802734 0.776611
vt 0.771240 0.778809
vt 0.798584 0.780274
vt 0.784668 0.718017
vt 0.761474 0.708984
vt 0.791260 0.704834
vt 0.789062 0.723389
vt 0.804932 0.721191
vt 0.798340 0.716553
vt 0.792969 0.710449
vt 0.795166 0.702881
vt 0.804932 0.703125
vt 0.043701 0.727295
vt 0.038086 0.709472
vt 0.035401 0.721680
vt 0.035644 0.729736
vt 0.048584 0.724854
vt 0.044189 0.708740
vt 0.059082 0.723144
vt 0.048828 0.740722
vt 0.034912 0.753418
vt 0.055176 0.771484
vt 0.056885 0.782227
vt 0.060791 0.783203
vt 0.033203 0.770752
vt 0.030274 0.767822
vt 0.032715 0.776611
vt 0.021484 0.773193
vt 0.025146 0.756347
vt 0.015625 0.757080
vt 0.019531 0.750488
vt 0.046143 0.783447
vt 0.024658 0.790039
vt 0.056885 0.804932
vt 0.069580 0.800049
vt 0.012939 0.829590
vt 0.059082 0.822998
vt 0.879151 0.694824
vt 0.850586 0.728028
vt 0.885498 0.701416
vt 0.857910 0.698731
vt 0.882812 0.672119
vt 0.853760 0.676026
vt 0.879639 0.664795
vt 0.743896 0.977295
vt 0.739990 0.964844
vt 0.737305 0.978271
vt 0.743896 0.983887
vt 0.086426 0.082276
vt 0.071045 0.069092
vt 0.069336 0.091797
vt 0.075196 0.064209
vt 0.078125 0.063232
vt 0.077881 0.099121
vt 0.098389 0.098877
vt 0.114258 0.090088
vt 0.107422 0.081543
vt 0.120606 0.076904
vt 0.685059 0.835205
vt 0.699219 0.837158
vt 0.704346 0.829590
vt 0.710205 0.835205
vt 0.713623 0.831299
vt 0.720459 0.837646
vt 0.717529 0.852295
vt 0.724609 0.851318
vt 0.721924 0.866699
vt 0.723389 0.810059
vt 0.732178 0.832764
vt 0.709472 0.820557
vt 0.727295 0.779785
vt 0.698974 0.822754
vt 0.708496 0.796875
vt 0.704590 0.791504
vt 0.640625 0.206299
vt 0.623291 0.195312
vt 0.614502 0.204834
vt 0.593994 0.188965
vt 0.628418 0.219238
vt 0.612061 0.222901
vt 0.575196 0.221191
vt 0.587403 0.202149
vt 0.566651 0.215821
vt 0.566162 0.209717
vt 0.565918 0.202149
vt 0.580811 0.193115
vt 0.593994 0.171875
vt 0.571289 0.185791
vt 0.585693 0.163818
vt 0.577149 0.174561
vt 0.789795 0.592285
vt 0.776611 0.586182
vt 0.778076 0.597168
vt 0.820312 0.582031
vt 0.807129 0.596924
vt 0.815430 0.564453
vt 0.785156 0.579346
vt 0.771729 0.579102
vt 0.804443 0.552002
vt 0.774658 0.567627
vt 0.764160 0.576904
vt 0.789307 0.547119
vt 0.747559 0.562744
vt 0.781738 0.541504
vt 0.815430 0.538086
vt 0.815186 0.546387
vt 0.811524 0.530029
vt 0.798828 0.523438
vt 0.808838 0.520996
vt 0.991699 0.556396
vt 0.982178 0.560791
vt 0.997803 0.563965
vt 0.977051 0.571778
vt 0.964844 0.555176
vt 0.958984 0.214844
vt 0.955566 0.201904
vt 0.951660 0.208496
vt 0.948731 0.219727
vt 0.947266 0.206055
vt 0.950928 0.249756
vt 0.959472 0.241211
vt 0.939209 0.241943
vt 0.937988 0.219727
vt 0.500244 0.338135
vt 0.516846 0.313965
vt 0.501709 0.307617
vt 0.528321 0.278076
vt 0.522461 0.263916
vt 0.502930 0.284668
vt 0.511474 0.268066
vt 0.507080 0.263916
vt 0.515869 0.250488
vt 0.493896 0.275146
vt 0.500733 0.258057
vt 0.467774 0.289795
vt 0.481446 0.271729
vt 0.473144 0.275879
vt 0.471436 0.259033
vt 0.452881 0.273682
vt 0.433106 0.290039
vt 0.460938 0.265625
vt 0.707764 0.914551
vt 0.691162 0.958984
vt 0.708984 0.959717
vt 0.717774 0.983154
vt 0.715576 0.968506
vt 0.695312 0.971924
vt 0.682617 0.975586
vt 0.681641 0.986328
vt 0.656738 0.990967
vt 0.691406 0.985840
vt 0.715576 0.995849
vt 0.732910 0.995606
vt 0.706299 0.736816
vt 0.711914 0.728760
vt 0.708496 0.722168
vt 0.710449 0.738037
vt 0.717041 0.736328
vt 0.725586 0.727295
vt 0.718994 0.740967
vt 0.726074 0.722168
vt 0.723877 0.741943
vt 0.729248 0.737549
vt 0.726807 0.743896
vt 0.725342 0.754151
vt 0.721436 0.743408
vt 0.719483 0.746094
vt 0.722656 0.747071
vt 0.719238 0.756104
vt 0.718262 0.746094
vt 0.718017 0.757568
vt 0.711426 0.705322
vt 0.721924 0.698486
vt 0.731201 0.714599
vt 0.739746 0.707031
vt 0.736328 0.691406
vt 0.729492 0.690430
vt 0.721191 0.688965
vt 0.717529 0.691894
vt 0.708008 0.674561
vt 0.702637 0.697998
vt 0.691406 0.691894
vt 0.708984 0.681396
vt 0.712158 0.690918
vt 0.701660 0.685791
vt 0.949463 0.992188
vt 0.942871 0.978271
vt 0.941651 0.991455
vt 0.949463 0.979492
vt 0.938965 0.963623
vt 0.933106 0.963379
vt 0.943359 0.945801
vt 0.937256 0.937012
vt 0.924561 0.946778
vt 0.922852 0.964599
vt 0.912842 0.983154
vt 0.927246 0.960693
vt 0.922852 0.950684
vt 0.242432 0.378906
vt 0.241699 0.393311
vt 0.244385 0.389160
vt 0.258789 0.410401
vt 0.269531 0.410156
vt 0.276123 0.389649
vt 0.285156 0.370849
vt 0.288086 0.357422
vt 0.245849 0.356201
vt 0.240234 0.365479
vt 0.234863 0.368408
vt 0.236816 0.362305
vt 0.230713 0.377198
vt 0.232666 0.365723
vt 0.219971 0.363281
vt 0.220215 0.366699
vt 0.218994 0.369141
vt 0.208984 0.359863
vt 0.215576 0.373535
vt 0.213135 0.365234
vt 0.196045 0.363526
vt 0.445557 0.027344
vt 0.441162 0.010986
vt 0.430908 0.029297
vt 0.420410 0.013916
vt 0.416504 0.029297
vt 0.415527 0.037109
vt 0.554688 0.306641
vt 0.556153 0.319336
vt 0.567627 0.290771
vt 0.543946 0.337646
vt 0.551514 0.338867
vt 0.538086 0.333252
vt 0.558349 0.357177
vt 0.522705 0.339599
vt 0.552246 0.363526
vt 0.558838 0.367676
vt 0.565186 0.366699
vt 0.564697 0.376465
vt 0.541504 0.367188
vt 0.523926 0.358887
vt 0.517090 0.326416
vt 0.519043 0.342285
vt 0.511231 0.334717
vt 0.146729 0.372071
vt 0.159424 0.391358
vt 0.177002 0.389160
vt 0.158691 0.403321
vt 0.173096 0.402832
vt 0.157227 0.431885
vt 0.167236 0.435791
vt 0.189453 0.385010
vt 0.189697 0.395019
vt 0.163086 0.366211
vt 0.189697 0.376709
vt 0.201416 0.391846
vt 0.213379 0.389160
vt 0.237061 0.383057
vt 0.064209 0.140381
vt 0.072266 0.131836
vt 0.058106 0.134521
vt 0.074463 0.135498
vt 0.071533 0.122314
vt 0.058349 0.125244
vt 0.067627 0.118652
vt 0.068848 0.115479
vt 0.079102 0.127441
vt 0.074951 0.109619
vt 0.100830 0.127441
vt 0.094238 0.108399
vt 0.072754 0.103516
vt 0.095215 0.116211
vt 0.105224 0.118408
vt 0.104004 0.103760
vt 0.116943 0.113769
vt 0.113281 0.134277
vt 0.311035 0.421142
vt 0.364746 0.416504
vt 0.268066 0.419922
vt 0.239746 0.993164
vt 0.227783 0.982422
vt 0.231446 0.989746
vt 0.227539 0.997071
vt 0.179932 0.346680
vt 0.190918 0.337891
vt 0.175293 0.336182
vt 0.194336 0.351074
vt 0.195068 0.359131
vt 0.213135 0.352783
vt 0.211426 0.340088
vt 0.203369 0.329834
vt 0.234131 0.350342
vt 0.231201 0.360108
vt 0.204590 0.319336
vt 0.175781 0.312012
vt 0.246338 0.338867
vt 0.246826 0.352051
vt 0.176514 0.300049
vt 0.227295 0.317627
vt 0.254151 0.335449
vt 0.260254 0.327392
vt 0.193115 0.303223
vt 0.182129 0.287842
vt 0.198731 0.291260
vt 0.208740 0.308594
vt 0.227295 0.302734
vt 0.262696 0.309326
vt 0.224609 0.287354
vt 0.239502 0.289307
vt 0.260010 0.302734
vt 0.992920 0.345948
vt 0.977539 0.347168
vt 0.984131 0.355713
vt 0.959961 0.356201
vt 0.976562 0.338623
vt 0.971191 0.346924
vt 0.961914 0.340332
vt 0.831787 0.127930
vt 0.860596 0.163086
vt 0.842774 0.128174
vt 0.851562 0.183838
vt 0.885742 0.173340
vt 0.879639 0.133301
vt 0.995849 0.948242
vt 1.000000 0.949463
vt 0.995849 0.941162
vt 0.967529 0.949463
vt 0.979492 0.936767
vt 0.988281 0.933594
vt 0.981689 0.931641
vt 0.990234 0.923584
vt 0.114990 0.605957
vt 0.101318 0.612549
vt 0.106201 0.618896
vt 0.122802 0.621094
vt 0.101318 0.638916
vt 0.123291 0.637696
vt 0.132812 0.609863
vt 0.140869 0.629883
vt 0.112305 0.645752
vt 0.128418 0.642334
vt 0.112549 0.658203
vt 0.126709 0.654541
vt 0.112305 0.673096
vt 0.124756 0.664795
vt 0.140869 0.660401
vt 0.145752 0.646729
vt 0.160156 0.655762
vt 0.167481 0.629639
vt 0.163574 0.658936
vt 0.170899 0.639649
vt 0.179199 0.630859
vt 0.179443 0.632568
vt 0.158936 0.616943
vt 0.174316 0.621826
vt 0.189209 0.625488
vt 0.144287 0.599854
vt 0.125977 0.585693
vt 0.157227 0.601807
vt 0.149414 0.594483
vt 0.176026 0.611328
vt 0.199951 0.611328
vt 0.199707 0.623535
vt 0.204834 0.620361
vt 0.204346 0.615722
vt 0.215088 0.614258
vt 0.161621 0.596436
vt 0.154053 0.586914
vt 0.147461 0.587403
vt 0.160401 0.590576
vt 0.166504 0.582276
vt 0.170654 0.581787
vt 0.176758 0.603516
vt 0.171143 0.594238
vt 0.176269 0.586426
vt 0.191651 0.583008
vt 0.184814 0.591309
vt 0.189209 0.599365
vt 0.193848 0.604492
vt 0.196289 0.596924
vt 0.208984 0.600342
vt 0.221191 0.597656
vt 0.235352 0.594971
vt 0.238281 0.603271
vt 0.644287 0.075439
vt 0.636963 0.090332
vt 0.651367 0.092041
vt 0.653076 0.079834
vt 0.655274 0.084717
vt 0.664307 0.080323
vt 0.661865 0.074219
vt 0.648438 0.066162
vt 0.642578 0.071533
vt 0.662354 0.063232
vt 0.650635 0.050537
vt 0.663330 0.050293
vt 0.889160 0.934326
vt 0.906250 0.986816
vt 0.916992 0.939453
vt 0.815430 0.387696
vt 0.822998 0.395508
vt 0.828613 0.381348
vt 0.833252 0.406006
vt 0.821045 0.409424
vt 0.847412 0.412842
vt 0.862305 0.410401
vt 0.876465 0.406006
vt 0.877441 0.392090
vt 0.838379 0.366943
vt 0.873535 0.362793
vt 0.853271 0.356689
vt 0.840088 0.348633
vt 0.829346 0.343994
vt 0.826416 0.357910
vt 0.261231 0.865722
vt 0.243408 0.840821
vt 0.250488 0.860840
vt 0.269531 0.878418
vt 0.248047 0.865967
vt 0.253662 0.873535
vt 0.252198 0.874024
vt 0.254883 0.880371
vt 0.264160 0.884521
vt 0.274658 0.884521
vt 0.274902 0.877930
vt 0.261474 0.898682
vt 0.255615 0.904053
vt 0.283448 0.874756
vt 0.272949 0.872071
vt 0.287354 0.880859
vt 0.271240 0.886963
vt 0.270996 0.896484
vt 0.265869 0.903809
vt 0.244873 0.914551
vt 0.276611 0.893311
vt 0.261474 0.910889
vt 0.279785 0.902099
vt 0.276123 0.909668
vt 0.262207 0.914062
vt 0.281494 0.908691
vt 0.309814 0.881347
vt 0.306885 0.889404
vt 0.344238 0.877197
vt 0.290283 0.905762
vt 0.339356 0.891358
vt 0.336426 0.905762
vt 0.307373 0.917236
vt 0.338867 0.912597
vt 0.314941 0.924561
vt 0.348144 0.917481
vt 0.321533 0.927979
vt 0.348144 0.899170
vt 0.354981 0.895752
vt 0.351562 0.919189
vt 0.366943 0.903321
vt 0.444092 0.140137
vt 0.444824 0.143311
vt 0.461670 0.140137
vt 0.444580 0.135254
vt 0.461426 0.128174
vt 0.447266 0.148193
vt 0.485840 0.135254
vt 0.473144 0.141113
vt 0.463135 0.147461
vt 0.509766 0.140137
vt 0.481446 0.146729
vt 0.323242 0.049561
vt 0.328858 0.047852
vt 0.324463 0.039551
vt 0.332519 0.043946
vt 0.329346 0.032227
vt 0.337891 0.037109
vt 0.350098 0.023438
vt 0.333496 0.019287
vt 0.323242 0.026611
vt 0.323974 0.016113
vt 0.312256 0.019043
vt 0.318359 0.028564
vt 0.783203 0.270752
vt 0.769287 0.264649
vt 0.770752 0.293701
vt 0.785401 0.244141
vt 0.758301 0.278321
vt 0.777344 0.293946
vt 0.757080 0.310547
vt 0.784424 0.310547
vt 0.779541 0.320557
vt 0.337891 0.388672
vt 0.356934 0.384277
vt 0.360108 0.376221
vt 0.371826 0.380615
vt 0.364502 0.388184
vt 0.372071 0.394287
vt 0.391113 0.397461
vt 0.384766 0.369385
vt 0.370849 0.366699
vt 0.358154 0.358642
vt 0.400146 0.385742
vt 0.373047 0.353760
vt 0.356689 0.352783
vt 0.388672 0.359863
vt 0.370117 0.337646
vt 0.405029 0.366699
vt 0.416260 0.388427
vt 0.406494 0.352783
vt 0.429443 0.385742
vt 0.429688 0.355713
vt 0.439453 0.362305
vt 0.934082 0.739502
vt 0.971191 0.765381
vt 0.958496 0.744141
vt 0.941162 0.759766
vt 0.932617 0.728516
vt 0.947998 0.727295
vt 0.936767 0.757080
vt 0.931396 0.765381
vt 0.933106 0.746582
vt 0.962158 0.730957
vt 0.961182 0.725830
vt 0.951904 0.723144
vt 0.969727 0.725097
vt 0.966064 0.720703
vt 0.954102 0.095703
vt 0.958496 0.089599
vt 0.952881 0.082519
vt 0.951660 0.089356
vt 0.964599 0.096191
vt 0.964844 0.088135
vt 0.956299 0.080078
vt 0.960693 0.079346
vt 0.952881 0.075439
vt 0.929443 0.079346
vt 0.958984 0.066406
vt 0.932617 0.062256
vt 0.965332 0.051269
vt 0.134521 0.224365
vt 0.104736 0.208008
vt 0.083008 0.209961
vt 0.081787 0.217529
vt 0.123291 0.231934
vt 0.065186 0.204346
vt 0.074463 0.188965
vt 0.062256 0.186524
vt 0.068359 0.182373
vt 0.062256 0.232910
vt 0.081543 0.226562
vt 0.112061 0.239502
vt 0.065674 0.241455
vt 0.064209 0.242676
vt 0.258057 0.103516
vt 0.259033 0.076904
vt 0.249268 0.111084
vt 0.265625 0.079102
vt 0.272949 0.087646
vt 0.275879 0.062988
vt 0.282227 0.090821
vt 0.275635 0.092774
vt 0.283936 0.094482
vt 0.291016 0.092285
vt 0.295899 0.091309
vt 0.969971 0.589356
vt 0.947998 0.597412
vt 0.971680 0.594483
vt 0.953125 0.582519
vt 0.964844 0.581055
vt 0.953858 0.576660
vt 0.948242 0.582519
vt 0.970703 0.571533
vt 0.948731 0.557129
vt 0.972168 0.563965
vt 0.036621 0.995606
vt 0.051269 0.984863
vt 0.031006 0.984131
vt 0.058349 0.993653
vt 0.065674 0.982666
vt 0.087158 0.995606
vt 0.827881 0.759766
vt 0.841553 0.758545
vt 0.841553 0.716797
vt 0.833740 0.687012
vt 0.049805 0.475586
vt 0.013184 0.475586
vt 0.045654 0.489746
vt 0.625244 0.461914
vt 0.636719 0.452637
vt 0.626709 0.452392
vt 0.618653 0.461670
vt 0.635010 0.468994
vt 0.642334 0.451904
vt 0.629151 0.482666
vt 0.619873 0.486084
vt 0.608399 0.463623
vt 0.609131 0.490723
vt 0.645508 0.479981
vt 0.659912 0.469238
vt 0.662354 0.489014
vt 0.661377 0.441162
vt 0.672852 0.469483
vt 0.673584 0.490723
vt 0.695801 0.478760
vt 0.673340 0.446777
vt 0.688965 0.444336
vt 0.679443 0.467774
vt 0.186768 0.014649
vt 0.178467 0.018555
vt 0.170166 0.030029
vt 0.196533 0.018066
vt 0.197754 0.015137
vt 0.178467 0.001221
vt 0.174072 0.007080
vt 0.895752 0.825928
vt 0.883301 0.833984
vt 0.888916 0.833984
vt 0.882568 0.820068
vt 0.906006 0.821533
vt 0.891358 0.844483
vt 0.904541 0.836426
vt 0.887207 0.850830
vt 0.904785 0.845947
vt 0.909912 0.832031
vt 0.927002 0.835693
vt 0.907471 0.811524
vt 0.920899 0.847168
vt 0.915771 0.858887
vt 0.925049 0.856934
vt 0.904541 0.853760
vt 0.896729 0.854981
vt 0.883301 0.857666
vt 0.872314 0.858399
vt 0.873291 0.853271
vt 0.965821 0.610352
vt 0.978516 0.607666
vt 0.989990 0.583984
vt 0.985352 0.603516
vt 0.989258 0.594238
vt 0.995849 0.592774
vt 0.980957 0.612305
vt 0.993164 0.604004
vt 0.993896 0.614746
vt 0.995849 0.619873
vt 0.999756 0.606934
vt 0.894531 0.686279
vt 0.890625 0.694824
vt 0.891846 0.707764
vt 0.895019 0.694824
vt 0.896240 0.684082
vt 0.899414 0.684571
vt 0.903076 0.692627
vt 0.895752 0.710938
vt 0.900391 0.709229
vt 0.882812 0.718262
vt 0.881592 0.713623
vt 0.897949 0.728760
vt 0.905029 0.722656
vt 0.870117 0.730957
vt 0.898682 0.734131
vt 0.865479 0.727783
vt 0.486816 0.077149
vt 0.495361 0.084961
vt 0.518799 0.084961
vt 0.465576 0.083252
vt 0.906494 0.412354
vt 0.914062 0.414795
vt 0.911377 0.386719
vt 0.925537 0.414551
vt 0.903321 0.389160
vt 0.898438 0.391602
vt 0.887207 0.384277
vt 0.881104 0.375244
vt 0.917724 0.371094
vt 0.925049 0.372559
vt 0.923828 0.387451
vt 0.934814 0.373047
vt 0.929688 0.392823
vt 0.933594 0.418213
vt 0.625000 0.028809
vt 0.640625 0.039307
vt 0.632080 0.024414
vt 0.626709 0.020752
vt 0.643066 0.028809
vt 0.652588 0.027588
vt 0.658203 0.022705
vt 0.651367 0.036865
vt 0.652832 0.044434
vt 0.641113 0.045899
vt 0.661377 0.045166
vt 0.927002 0.059814
vt 0.924316 0.053222
vt 0.892578 0.071289
vt 0.897705 0.062500
vt 0.888916 0.096191
vt 0.922852 0.083496
vt 0.044678 0.117188
vt 0.014160 0.117188
vt 0.016358 0.124756
vt 0.014404 0.940186
vt 0.013184 0.974609
vt 0.018311 0.975097
vt 0.022217 0.970459
vt 0.061035 0.457031
vt 0.065918 0.453125
vt 0.054443 0.435059
vt 0.039551 0.435791
vt 0.048828 0.439209
vt 0.031982 0.436767
vt 0.061524 0.461426
vt 0.021729 0.438477
vt 0.037354 0.455323
vt 0.068848 0.465088
vt 0.063232 0.471924
vt 0.041748 0.468017
vt 0.050293 0.494873
vt 0.074219 0.475830
vt 0.075684 0.450196
vt 0.093994 0.436279
vt 0.075439 0.460449
vt 0.082764 0.456543
vt 0.082276 0.464844
vt 0.088623 0.454102
vt 0.095703 0.465821
vt 0.106689 0.450439
vt 0.091797 0.483887
vt 0.084717 0.487549
vt 0.103516 0.478271
vt 0.104248 0.492920
vt 0.112305 0.469727
vt 0.124756 0.464111
vt 0.121826 0.475586
vt 0.292969 0.990967
vt 0.292969 0.975586
vt 0.286377 0.997071
vt 0.282715 0.986572
vt 0.285889 0.978271
vt 0.016602 0.743408
vt 0.000244 0.746826
vt 0.001465 0.753662
vt 0.008789 0.732910
vt 0.005859 0.723877
vt 0.022217 0.732666
vt 0.030274 0.745117
vt 0.429688 0.076416
vt 0.439941 0.070801
vt 0.436524 0.065674
vt 0.441162 0.078857
vt 0.453125 0.076660
vt 0.463135 0.071045
vt 0.439941 0.089111
vt 0.463623 0.075196
vt 0.454590 0.089356
vt 0.437500 0.117676
vt 0.416260 0.110352
vt 0.427979 0.092285
vt 0.428467 0.082519
vt 0.420654 0.071045
vt 0.411865 0.063232
vt 0.411377 0.074219
vt 0.405517 0.080323
vt 0.395019 0.071533
vt 0.407471 0.067139
vt 0.355469 0.068359
vt 0.296387 0.003906
vt 0.303223 0.010986
vt 0.305420 0.011963
vt 0.308594 0.012451
vt 0.313721 0.009766
vt 0.320557 0.011474
vt 0.304199 0.013672
vt 0.305908 0.017578
vt 0.300293 0.027344
vt 0.307129 0.018311
vt 0.388184 0.237305
vt 0.391358 0.233399
vt 0.381348 0.221680
vt 0.389892 0.240479
vt 0.396729 0.242920
vt 0.392334 0.248291
vt 0.405517 0.239746
vt 0.400879 0.233154
vt 0.405029 0.250000
vt 0.423828 0.238037
vt 0.401856 0.258057
vt 0.415527 0.258301
vt 0.407227 0.270752
vt 0.400879 0.267823
vt 0.417236 0.269287
vt 0.404052 0.285401
vt 0.399170 0.279785
vt 0.412109 0.283448
vt 0.418946 0.277588
vt 0.405517 0.291992
vt 0.978760 0.679688
vt 0.978516 0.671387
vt 0.970215 0.678711
vt 0.980469 0.687744
vt 0.955566 0.671875
vt 0.984863 0.660644
vt 0.974365 0.690186
vt 0.983642 0.697754
vt 0.958496 0.685791
vt 0.949219 0.678955
vt 0.949707 0.675781
vt 0.676514 0.697266
vt 0.668946 0.708008
vt 0.668457 0.722168
vt 0.691406 0.717774
vt 0.700684 0.722168
vt 0.683106 0.691894
vt 0.680176 0.693359
vt 0.675781 0.684326
vt 0.675781 0.671142
vt 0.672608 0.644531
vt 0.669189 0.637939
vt 0.633545 0.985596
vt 0.643066 0.975586
vt 0.629639 0.978028
vt 0.643555 0.988769
vt 0.636963 0.968506
vt 0.625000 0.972412
vt 0.625977 0.958984
vt 0.118652 0.199463
vt 0.145508 0.219238
vt 0.148193 0.212158
vt 0.123291 0.195312
vt 0.149170 0.206787
vt 0.125244 0.184814
vt 0.113281 0.182861
vt 0.109863 0.187988
vt 0.098144 0.173340
vt 0.106689 0.198486
vt 0.114746 0.205811
vt 0.085938 0.180664
vt 0.089111 0.202881
vt 0.969971 0.084961
vt 0.972656 0.098633
vt 0.990722 0.085938
vt 0.996826 0.113769
vt 0.973633 0.113769
vt 0.960693 0.107666
vt 0.738526 0.178711
vt 0.745606 0.174561
vt 0.748535 0.170899
vt 0.743408 0.139893
vt 0.756836 0.178223
vt 0.766358 0.156006
vt 0.773682 0.163818
vt 0.801026 0.176758
vt 0.238769 0.025146
vt 0.226318 0.036621
vt 0.232178 0.038086
vt 0.231446 0.025391
vt 0.245361 0.031250
vt 0.231934 0.018311
vt 0.225830 0.011963
vt 0.233154 0.013184
vt 0.259277 0.032959
vt 0.254394 0.037842
vt 0.200439 0.082764
vt 0.210205 0.097412
vt 0.210449 0.080323
vt 0.209717 0.054443
vt 0.198242 0.072266
vt 0.187012 0.087891
vt 0.208984 0.050049
vt 0.189453 0.074219
vt 0.201172 0.055176
vt 0.014892 0.050049
vt 0.037354 0.043457
vt 0.014892 0.032227
vt 0.034424 0.024414
vt 0.047852 0.023926
vt 0.051026 0.039062
vt 0.038086 0.063477
vt 0.050049 0.052734
vt 0.041993 0.052002
vt 0.959717 0.400635
vt 0.969483 0.401367
vt 0.962158 0.380371
vt 0.954102 0.383789
vt 0.953858 0.363281
vt 0.969971 0.382812
vt 0.961426 0.364746
vt 0.969727 0.366943
vt 0.977295 0.377686
vt 0.972412 0.365234
vt 0.609375 0.144043
vt 0.573731 0.147217
vt 0.637696 0.146240
vt 0.684814 0.045899
vt 0.671875 0.041016
vt 0.668701 0.052979
vt 0.678955 0.055908
vt 0.693604 0.052979
vt 0.699951 0.051269
vt 0.709717 0.037597
vt 0.691651 0.034180
vt 0.709472 0.026367
vt 0.686767 0.028809
vt 0.681396 0.025635
vt 0.668213 0.033691
vt 0.993653 0.130615
vt 0.989502 0.154297
vt 0.997071 0.130615
vt 0.993164 0.118164
vt 0.989258 0.127930
vt 0.494141 0.019531
vt 0.496582 0.010010
vt 0.488281 0.017334
vt 0.499756 0.014649
vt 0.501953 0.007080
vt 0.500733 0.029297
vt 0.495606 0.033936
vt 0.890381 0.765137
vt 0.880127 0.755127
vt 0.884278 0.800049
vt 0.876221 0.787597
vt 0.902344 0.787354
vt 0.884033 0.813721
vt 0.904541 0.287842
vt 0.906250 0.283448
vt 0.897217 0.281738
vt 0.896972 0.290771
vt 0.895508 0.297363
vt 0.900879 0.292481
vt 0.888184 0.299316
vt 0.882324 0.267823
vt 0.895019 0.269531
vt 0.891846 0.259033
vt 0.877197 0.279541
vt 0.880371 0.320557
vt 0.363281 0.271973
vt 0.374267 0.278076
vt 0.376953 0.269043
vt 0.361328 0.282715
vt 0.378174 0.284668
vt 0.386231 0.296631
vt 0.393311 0.312744
vt 0.378906 0.309326
vt 0.389892 0.315674
vt 0.380859 0.322021
vt 0.369873 0.309326
vt 0.348633 0.288330
vt 0.363769 0.317627
vt 0.341064 0.286865
vt 0.371582 0.320068
vt 0.386231 0.325927
vt 0.384766 0.337402
vt 0.396240 0.340332
vt 0.391113 0.327149
vt 0.391358 0.345215
vt 0.395019 0.350830
vt 0.601318 0.804199
vt 0.599365 0.806641
vt 0.595703 0.826660
vt 0.605224 0.826416
vt 0.606446 0.806641
vt 0.611328 0.809326
vt 0.603760 0.854736
vt 0.594238 0.856446
vt 0.601318 0.873047
vt 0.593506 0.881592
vt 0.608642 0.876465
vt 0.608642 0.853271
vt 0.613281 0.835693
vt 0.615722 0.883789
vt 0.618896 0.900391
vt 0.619873 0.854736
vt 0.008545 0.907227
vt 0.008545 0.880371
vt 0.000244 0.885010
vt 0.522705 0.223877
vt 0.474365 0.225830
vt 0.520752 0.235107
vt 0.554932 0.223389
vt 0.013916 0.837158
vt 0.015625 0.838867
vt 0.040039 0.833984
vt 0.016602 0.853028
vt 0.010010 0.840088
vt 0.310791 0.101562
vt 0.283936 0.100342
vt 0.286621 0.110596
vt 0.298096 0.122071
vt 0.289062 0.118164
vt 0.316894 0.109863
vt 0.308349 0.125000
vt 0.322021 0.079590
vt 0.326660 0.084717
vt 0.333496 0.089844
vt 0.338867 0.091064
vt 0.324707 0.118164
vt 0.342285 0.095703
vt 0.346680 0.098144
vt 0.333984 0.124512
vt 0.351807 0.100098
vt 0.948242 0.378662
vt 0.940430 0.390137
vt 0.949463 0.415771
vt 0.949463 0.366455
vt 0.004639 0.707519
vt 0.004151 0.704102
vt 0.000488 0.704102
vt 0.003662 0.690186
vt 0.000244 0.709229
vt 0.001465 0.710938
vt 0.001465 0.719238
vt 0.003174 0.676514
vt 0.000000 0.672608
vt 0.004883 0.685791
vt 0.004639 0.657715
vt 0.201416 0.023926
vt 0.205566 0.028809
vt 0.204834 0.014649
vt 0.178467 0.034424
vt 0.207764 0.036133
vt 0.215088 0.035156
vt 0.399658 0.062500
vt 0.399414 0.054932
vt 0.392334 0.061279
vt 0.393311 0.034180
vt 0.379883 0.034668
vt 0.399658 0.033447
vt 0.401123 0.025635
vt 0.382812 0.025879
vt 0.361573 0.024658
vt 0.368896 0.034668
vt 0.375488 0.039551
vt 0.131348 0.053955
vt 0.120118 0.062988
vt 0.140381 0.079590
vt 0.150146 0.065186
vt 0.141113 0.047119
vt 0.162842 0.060547
vt 0.162842 0.081055
vt 0.153809 0.040771
vt 0.183106 0.053711
vt 0.171875 0.054932
vt 0.164795 0.041504
vt 0.932129 0.706299
vt 0.958984 0.696533
vt 0.943604 0.693847
vt 0.957276 0.706543
vt 0.973389 0.699707
vt 0.001221 0.478760
vt 0.003418 0.497071
vt 0.006592 0.497802
vt 0.001465 0.494873
vt 0.000244 0.505371
vt 0.002686 0.500977
vt 0.003174 0.501465
vt 0.516358 0.078369
vt 0.541260 0.071777
vt 0.488281 0.070068
vt 0.874024 0.316406
vt 0.873535 0.294434
vt 0.869629 0.312988
vt 0.868164 0.328613
vt 0.872314 0.336670
vt 0.865479 0.318115
vt 0.867188 0.313477
vt 0.864502 0.319092
vt 0.865234 0.348144
vt 0.870849 0.355957
vt 0.866943 0.354492
vt 0.876709 0.350830
vt 0.712646 0.012451
vt 0.706543 0.016846
vt 0.714111 0.016358
vt 0.702392 0.014649
vt 0.708984 0.001953
vt 0.704102 0.002930
vt 0.685791 0.007568
vt 0.681396 0.002441
vt 0.686767 0.020996
vt 0.691162 0.023438
vt 0.009277 0.704102
vt 0.022949 0.696778
vt 0.021484 0.694580
vt 0.023926 0.705811
vt 0.026856 0.693115
vt 0.009277 0.717529
vt 0.014649 0.719727
vt 0.031982 0.712158
vt 0.022461 0.725342
vt 0.003418 0.642090
vt 0.000488 0.625244
vt 0.001465 0.653321
vt 0.509278 0.055908
vt 0.513184 0.038818
vt 0.504883 0.054932
vt 0.518311 0.043457
vt 0.513428 0.058838
vt 0.505371 0.037109
vt 0.507080 0.019531
vt 0.499267 0.053222
vt 0.499756 0.038574
vt 0.608154 0.092774
vt 0.551269 0.092774
vt 0.592285 0.095948
vt 0.972901 0.183594
vt 0.969971 0.172607
vt 0.970947 0.214111
vt 0.290283 0.303467
vt 0.267090 0.313721
vt 0.293701 0.313477
vt 0.279541 0.321533
vt 0.295166 0.317627
vt 0.319580 0.315674
vt 0.319580 0.311524
vt 0.321289 0.303223
vt 0.343994 0.313721
vt 0.349609 0.309082
vt 0.349854 0.314698
vt 0.345459 0.316894
vt 0.353027 0.318604
vt 0.000244 0.565918
vt 0.005371 0.554443
vt 0.001465 0.543701
vt 0.001221 0.538330
vt 0.456787 0.022461
vt 0.461914 0.020508
vt 0.456787 0.004883
vt 0.468994 0.005127
vt 0.465821 0.000000
vt 0.469238 0.018555
vt 0.476318 0.006836
vt 0.475098 0.001953
vt 0.715576 0.070068
vt 0.719238 0.074707
vt 0.719483 0.062988
vt 0.726318 0.064209
vt 0.713623 0.040528
vt 0.733154 0.080566
vt 0.717041 0.085205
vt 0.997314 0.080078
vt 0.998779 0.096924
vt 0.999756 0.075196
vt 0.998291 0.075196
vt 0.489990 0.032227
vt 0.479248 0.016846
vt 0.482422 0.029052
vt 0.466552 0.034424
vt 0.467529 0.044922
vt 0.456787 0.045899
vt 0.044434 0.847412
vt 0.025146 0.843262
vt 0.020996 0.853271
vt 0.038086 0.854004
vt 0.039551 0.841797
vt 0.060547 0.842529
vt 0.862549 0.797608
vt 0.850342 0.814209
vt 0.864746 0.799316
vt 0.854736 0.825439
vt 0.851562 0.839356
vt 0.853028 0.840332
vt 0.856689 0.843017
vt 0.864990 0.815186
vt 0.869141 0.799561
vt 0.872071 0.800537
vt 0.871826 0.817383
vt 0.874512 0.800049
vt 0.868896 0.832519
vt 0.858154 0.858887
vt 0.877930 0.801758
vt 0.875977 0.840821
vt 0.876953 0.820068
vt 0.541992 0.013428
vt 0.531983 0.021972
vt 0.547608 0.016358
vt 0.547852 0.039307
vt 0.553711 0.024658
vt 0.559326 0.013184
vt 0.565918 0.019531
vt 0.555420 0.035889
vt 0.562500 0.027099
vt 0.566406 0.041748
vt 0.020752 0.136474
vt 0.023926 0.133789
vt 0.015869 0.138672
vt 0.026856 0.129883
vt 0.027344 0.135742
vt 0.648438 0.982666
vt 0.651367 0.988037
vt 0.647949 0.973389
vt 0.652099 0.970703
vt 0.538818 0.006836
vt 0.544678 0.007080
vt 0.540039 0.001709
vt 0.545899 0.004639
vt 0.535644 0.004639
vt 0.529053 0.015381
vt 0.528809 0.000244
vt 0.974854 0.812256
vt 0.971924 0.814453
vt 0.974854 0.814941
vt 0.967041 0.821778
vt 0.974609 0.821289
vt 0.975586 0.831299
vt 0.969727 0.840332
vt 0.976318 0.850830
vt 0.963623 0.840088
vt 0.968017 0.854981
vt 0.986816 0.486573
vt 0.983399 0.482666
vt 0.981934 0.484375
vt 0.977783 0.486573
vt 0.883057 0.107422
vt 0.886963 0.120606
vt 0.897705 0.120606
vt 0.869141 0.106201
vt 0.883789 0.097412
vt 0.856934 0.098633
vt 0.859375 0.105469
vt 0.854492 0.111816
vt 0.839599 0.114990
vt 0.844238 0.123047
vt 0.852051 0.118164
vt 0.864258 0.119873
vt 0.876221 0.123779
vt 0.980957 0.203369
vt 0.980957 0.163574
vt 0.977783 0.198486
vt 0.366699 0.119141
vt 0.356689 0.120849
vt 0.358154 0.128418
vt 0.354736 0.127441
vt 0.370606 0.125000
vt 0.373779 0.119141
vt 0.368164 0.113281
vt 0.377686 0.126221
vt 0.387451 0.105713
vt 0.388672 0.095703
vt 0.417969 0.120849
vt 0.391846 0.098144
vt 0.397461 0.099609
vt 0.394287 0.096680
vt 0.395264 0.091797
vt 0.135498 0.006347
vt 0.137939 0.008057
vt 0.140869 0.003906
vt 0.134033 0.003174
vt 0.134033 0.000000
vt 0.139893 0.008057
vt 0.142334 0.008057
vt 0.142334 0.008545
vt 0.140625 0.013672
vt 0.135254 0.012939
vt 0.134277 0.015381
vt 0.949219 0.286377
vt 0.944824 0.286621
vt 0.949707 0.288818
vt 0.950684 0.291260
vt 0.971191 0.290039
vt 0.975097 0.284668
vt 0.961182 0.280517
vt 0.979248 0.264649
vt 0.965332 0.273926
vt 0.978028 0.263427
vt 0.972901 0.256348
vt 0.949219 0.278564
vt 0.948731 0.275635
vt 0.944092 0.262451
vt 0.960693 0.263184
vt 0.970947 0.254639
vt 0.964599 0.248047
vt 0.987061 0.722168
vt 0.984863 0.719971
vt 0.982666 0.723144
vt 0.983154 0.721191
vt 0.983642 0.719483
vt 0.982910 0.720459
vt 0.976562 0.721924
vt 0.981689 0.725097
vt 0.975586 0.726318
vt 0.982178 0.726074
vt 0.893066 0.534912
vt 0.904297 0.560791
vt 0.899658 0.533936
vt 0.908203 0.530517
vt 0.893555 0.502197
vt 0.000732 0.970215
vt 0.004883 0.981201
vt 0.007080 0.975097
vt 0.005371 0.969483
vt 0.005127 0.964111
vt 0.000244 0.965088
vt 0.007080 0.965088
vt 0.007324 0.961670
vt 0.355469 0.992432
vt 0.360840 0.992676
vt 0.362061 0.986084
vt 0.356201 0.984619
vt 0.351807 0.992676
vt 0.348633 0.985352
vt 0.348633 0.992432
vt 0.346436 0.991455
vt 0.270019 0.107666
vt 0.259521 0.119629
vt 0.270508 0.114258
vt 0.253662 0.129394
vt 0.244141 0.120849
vt 0.250488 0.130615
vt 0.252930 0.154297
vt 0.250977 0.160156
vt 0.245117 0.128174
vt 0.248779 0.162842
vt 0.216797 0.109375
vt 0.215576 0.113769
vt 0.242920 0.129639
vt 0.244385 0.130371
vt 0.532471 0.096436
vt 0.506104 0.098877
vt 0.562744 0.099121
vt 0.007568 0.573486
vt 0.003174 0.570312
vt 0.007080 0.597901
vt 0.003174 0.597901
vt 0.662109 0.098877
vt 0.635986 0.096436
vt 0.604492 0.099121
vt 0.083252 0.016113
vt 0.081543 0.013672
vt 0.049561 0.009766
vt 0.081055 0.009766
vt 0.078613 0.019531
vt 0.847412 0.041504
vt 0.849121 0.029541
vt 0.817139 0.033936
vt 0.810303 0.050049
vt 0.823486 0.024903
vt 0.811035 0.022705
vt 0.818115 0.019776
vt 0.746094 0.625244
vt 0.743164 0.621338
vt 0.735596 0.625733
vt 0.719483 0.622071
vt 0.742188 0.616943
vt 0.729004 0.633545
vt 0.716064 0.637696
vt 0.726074 0.648438
vt 0.746582 0.630127
vt 0.716309 0.639404
vt 0.703858 0.642090
vt 0.738281 0.653076
vt 0.697266 0.635010
vt 0.701416 0.647217
vt 0.706055 0.653321
vt 0.707764 0.660889
vt 0.712403 0.662109
vt 0.712403 0.669922
vt 0.734131 0.656983
vt 0.715821 0.619385
vt 0.714599 0.610108
vt 0.721191 0.607910
vt 0.718750 0.608154
vt 0.714599 0.588379
vt 0.713623 0.595703
vt 0.713623 0.609863
vt 0.711182 0.583984
vt 0.710205 0.607178
vt 0.979248 0.361328
vt 0.982178 0.373779
vt 0.991211 0.383789
vt 0.981446 0.382324
vt 0.981934 0.386231
vt 0.976807 0.400391
vt 0.998535 0.386963
vt 0.666504 0.092774
vt 0.667481 0.094971
vt 0.724121 0.093262
vt 0.946533 0.500977
vt 0.943604 0.495117
vt 0.941894 0.498779
vt 0.939209 0.523438
vt 0.940674 0.491699
vt 0.939941 0.472412
vt 0.389649 0.138916
vt 0.392334 0.141113
vt 0.408936 0.140381
vt 0.374024 0.141846
vt 0.408936 0.142578
vt 0.439941 0.140869
vt 0.784424 0.014160
vt 0.813233 0.011231
vt 0.783691 0.011719
vt 0.817627 0.014160
vt 0.989258 0.054443
vt 0.991943 0.059082
vt 0.990967 0.041260
vt 0.990479 0.077637
vt 0.391358 0.209473
vt 0.385010 0.164551
vt 0.387451 0.187988
vt 0.383789 0.211670
vt 0.383057 0.213623
vt 0.390137 0.211670
vt 0.409912 0.229981
vt 0.380371 0.216797
vt 0.750244 0.096436
vt 0.715576 0.098633
vt 0.734375 0.098877
vt 0.773438 0.099365
vt 0.996582 0.250488
vt 0.996582 0.215821
vt 0.994385 0.237305
vt 0.001221 0.442627
vt 0.005127 0.423340
vt 0.002930 0.420654
vt 0.003174 0.444092
vt 0.006592 0.445312
vt 0.996826 0.150879
vt 0.994141 0.160644
vt 0.994873 0.186524
vt 0.975830 0.250733
vt 0.976807 0.207764
vt 0.972656 0.242188
vt 0.979004 0.250488
vt 0.566651 0.614014
vt 0.571778 0.656494
vt 0.570801 0.604736
vt 0.556396 0.582276
vt 0.560547 0.605469
vt 0.561767 0.575684
vt 0.573974 0.604981
vt 0.574707 0.582276
vt 0.570557 0.578858
vt 0.557617 0.570557
vt 0.559326 0.577881
vt 0.563477 0.572510
vt 0.570801 0.556641
vt 0.575196 0.571778
vt 0.575439 0.554199
vt 0.981446 0.856201
vt 0.988526 0.850342
vt 0.985596 0.826416
vt 0.980713 0.824951
vt 0.991455 0.829834
vt 0.993653 0.853028
vt 0.999512 0.824951
vt 0.998535 0.818604
vt 0.998535 0.785644
vt 0.996582 0.795654
vt 0.959472 0.846436
vt 0.959472 0.823974
vt 0.955811 0.849121
vt 0.959229 0.870849
vt 0.992676 0.770752
vt 0.986816 0.793946
vt 0.996582 0.772705
vt 0.985596 0.803955
vt 0.989014 0.770996
vt 0.860596 0.015137
vt 0.894287 0.015137
vt 0.861328 0.012207
vt 0.851562 0.024414
vt 0.873779 0.023926
vt 0.864746 0.019531
vt 0.834961 0.020508
vt 0.939941 0.276611
vt 0.937988 0.249268
vt 0.938233 0.271729
vt 0.938477 0.297852
vt 0.979248 0.303223
vt 0.978028 0.291504
vt 0.976562 0.313477
vt 0.977783 0.334473
vt 0.204346 0.044189
vt 0.224121 0.041993
vt 0.195801 0.040283
vt 0.178223 0.042724
vt 0.025879 0.019043
vt 0.057618 0.018799
vt 0.032471 0.013672
vt 0.030029 0.010254
vt 0.866699 0.282715
vt 0.863769 0.302002
vt 0.868653 0.290039
vt 0.872559 0.272949
vt 0.864746 0.287109
vt 0.870849 0.261963
vt 0.863281 0.266846
vt 0.868164 0.251465
vt 0.858887 0.265381
vt 0.858642 0.276123
vt 0.865479 0.242188
vt 0.868653 0.250244
vt 0.858887 0.250977
vt 0.488037 0.239990
vt 0.507568 0.240479
vt 0.490723 0.237549
vt 0.468750 0.236084
vt 0.477295 0.239014
vt 0.467774 0.238281
vt 0.465821 0.238769
vt 0.466797 0.233399
vt 0.479492 0.232178
vt 0.450927 0.235107
vt 0.450927 0.238769
vt 0.461182 0.228271
vt 0.447754 0.229492
vt 0.428467 0.238281
vt 0.440430 0.241699
vt 0.430176 0.233154
vt 0.442383 0.231689
vt 0.448486 0.224854
vt 0.802490 0.072021
vt 0.806153 0.076660
vt 0.805664 0.050049
vt 0.805908 0.080078
vt 0.798584 0.094238
vt 0.791504 0.092285
vt 0.806641 0.080811
vt 0.809814 0.083008
vt 0.591797 0.008301
vt 0.579834 0.000977
vt 0.576660 0.007080
vt 0.596191 0.002197
vt 0.600097 0.007812
vt 0.597412 0.001465
vt 0.596436 0.014160
vt 0.574951 0.016602
vt 0.591553 0.021484
vt 0.593262 0.021484
vt 0.573974 0.023193
vt 0.954834 0.480957
vt 0.949951 0.472168
vt 0.948731 0.479492
vt 0.949219 0.480469
vt 0.948974 0.481201
vt 0.948974 0.482666
vt 0.947266 0.483399
vt 0.948486 0.481934
vt 0.949219 0.484375
vt 0.950684 0.484131
vt 0.949951 0.486328
vt 0.949219 0.485352
vt 0.948731 0.485840
vt 0.948242 0.486816
vt 0.958008 0.466309
vt 0.958008 0.455078
vt 0.966553 0.465576
vt 0.967285 0.456055
vt 0.964599 0.449951
vt 0.981934 0.455811
vt 0.976318 0.460449
vt 0.981201 0.470459
vt 0.971436 0.469971
vt 0.970947 0.485840
vt 0.963623 0.476562
vt 0.966797 0.479492
vt 0.513428 0.004883
vt 0.506347 0.000488
vt 0.506104 0.007324
vt 0.510986 0.011963
vt 0.513672 0.011474
vt 0.508301 0.015137
vt 0.447021 0.200439
vt 0.472656 0.209961
vt 0.471436 0.205566
vt 0.444580 0.203125
vt 0.439209 0.164795
vt 0.475098 0.214111
vt 0.466552 0.215576
vt 0.468262 0.219971
vt 0.440674 0.209961
vt 0.428711 0.207276
vt 0.461670 0.222656
vt 0.442139 0.214356
vt 0.419434 0.232666
vt 0.910401 0.608642
vt 0.934571 0.622071
vt 0.937256 0.619629
vt 0.929199 0.625977
vt 0.928955 0.624024
vt 0.934326 0.626465
vt 0.938721 0.628418
vt 0.933838 0.631104
vt 0.932617 0.628174
vt 0.930420 0.638672
vt 0.938477 0.634766
vt 0.946045 0.623291
vt 0.947021 0.630127
vt 0.946045 0.637207
vt 0.939697 0.642334
vt 0.948242 0.616943
vt 0.937744 0.616455
vt 0.951416 0.611084
vt 0.953613 0.611572
vt 0.955566 0.612305
vt 0.956543 0.608887
vt 0.220947 0.986816
vt 0.222656 0.979736
vt 0.202149 0.983887
vt 0.202149 0.990722
vt 0.222901 0.991699
vt 0.006347 0.508057
vt 0.000000 0.529785
vt 0.006836 0.532715
vt 0.005859 0.535156
vt 0.338135 0.005615
vt 0.345703 0.004151
vt 0.333740 0.002686
vt 0.335938 0.007324
vt 0.339599 0.008057
vt 0.337646 0.007812
vt 0.346191 0.011231
vt 0.334717 0.012696
vt 0.354981 0.006104
vt 0.350342 0.001953
vt 0.354492 0.005127
vt 0.355224 0.001221
vt 0.347901 0.011719
vt 0.351318 0.012451
vt 0.353271 0.018066
vt 0.346680 0.015869
vt 0.345948 0.013672
vt 0.000244 0.413818
vt 0.002686 0.416016
vt 0.002686 0.391846
vt 0.561279 0.985596
vt 0.558594 0.986328
vt 0.576416 0.991699
vt 0.563233 0.984863
vt 0.568359 0.975586
vt 0.568359 0.966064
vt 0.567139 0.969971
vt 0.562744 0.972901
vt 0.562500 0.977539
vt 0.558349 0.978516
vt 0.547608 0.986572
vt 0.756104 0.025146
vt 0.751221 0.037354
vt 0.758789 0.026856
vt 0.753906 0.026123
vt 0.746826 0.021972
vt 0.749756 0.031006
vt 0.746094 0.032227
vt 0.743164 0.036865
vt 0.743653 0.031738
vt 0.738037 0.024170
vt 0.738526 0.033691
vt 0.737793 0.017578
vt 0.742432 0.014892
vt 0.738037 0.013916
vt 0.729492 0.016602
vt 0.731201 0.024170
vt 0.721191 0.019531
vt 0.731201 0.034424
vt 0.725830 0.026367
vt 0.719238 0.028321
vt 0.727051 0.031738
vt 0.722656 0.033203
vt 0.726807 0.037109
vt 0.727295 0.045410
vt 0.742188 0.044678
vt 0.733887 0.050781
vt 0.721680 0.042236
vt 0.721924 0.036377
vt 0.718017 0.032227
vt 0.714356 0.026856
vt 0.713623 0.031738
vt 0.893799 0.974121
vt 0.889160 0.956055
vt 0.891846 0.971436
vt 0.894776 0.971924
vt 0.893555 0.974854
vt 0.896240 0.975830
vt 0.892578 0.975342
vt 0.894776 0.979248
vt 0.892334 0.979004
vt 0.889892 0.990967
vt 0.898193 0.981689
vt 0.000244 0.358887
vt 0.003418 0.355224
vt 0.001221 0.335693
vt 0.955078 0.904053
vt 0.957031 0.921875
vt 0.958252 0.905029
vt 0.955322 0.880127
vt 0.958252 0.875488
vt 0.004394 0.949951
vt 0.008545 0.945801
vt 0.004151 0.945312
vt 0.008789 0.937744
vt 0.000000 0.936279
vt 0.000488 0.955811
vt 0.004639 0.957519
vt 0.850830 0.014160
vt 0.825928 0.012696
vt 0.823731 0.015137
vt 0.855957 0.011474
vt 0.822266 0.009277
vt 0.000732 0.924316
vt 0.002197 0.909912
vt 0.000488 0.909912
vt 0.005615 0.931885
vt 0.008301 0.915283
vt 0.768311 0.995361
vt 0.781250 0.997803
vt 0.780517 0.979492
vt 0.768066 0.979736
vt 0.759278 0.980957
vt 0.760742 0.997559
vt 0.765869 0.997803
vt 0.459961 0.989502
vt 0.454102 0.992676
vt 0.463135 0.992676
vt 0.462646 0.979736
vt 0.464356 0.026123
vt 0.452392 0.033936
vt 0.449951 0.039062
vt 0.450196 0.009766
vt 0.036621 0.108643
vt 0.034912 0.103516
vt 0.011719 0.111816
vt 0.041504 0.101074
vt 0.044678 0.111816
vt 0.054199 0.104004
vt 0.049805 0.099609
vt 0.054932 0.112793
vt 0.065430 0.109619
vt 0.067871 0.101318
vt 0.178467 0.261963
vt 0.227783 0.259766
vt 0.218018 0.251709
vt 0.181885 0.251221
vt 0.147949 0.257324
vt 0.179932 0.270264
vt 0.203369 0.269776
vt 0.001953 0.321777
vt 0.007812 0.335449
vt 0.003662 0.312988
vt 0.007568 0.312988
vt 0.979004 0.868896
vt 0.974121 0.877197
vt 0.978271 0.906983
vt 0.976807 0.868164
vt 0.972901 0.864502
vt 0.969483 0.869629
vt 0.968506 0.874756
vt 0.962891 0.876221
vt 0.258057 0.044922
vt 0.237305 0.042481
vt 0.228516 0.043946
vt 0.976807 0.716309
vt 0.964599 0.713623
vt 0.962891 0.715576
vt 0.985108 0.707764
vt 0.974121 0.707031
vt 0.953858 0.714844
vt 0.072266 0.052979
vt 0.099854 0.053222
vt 0.083740 0.050781
vt 0.073974 0.054688
vt 0.071289 0.050049
vt 0.065430 0.057861
vt 0.064941 0.052490
vt 0.057373 0.054443
vt 0.069580 0.046631
vt 0.056153 0.050293
vt 0.064941 0.046631
vt 0.060791 0.041260
vt 0.069580 0.043946
vt 0.055420 0.043457
vt 0.496582 0.064941
vt 0.509278 0.063477
vt 0.479736 0.063232
vt 0.478760 0.065430
vt 0.456055 0.063721
vt 0.610596 0.412842
vt 0.601318 0.453369
vt 0.620849 0.411133
vt 0.595947 0.446289
vt 0.603760 0.499512
vt 0.584961 0.441651
vt 0.600830 0.400879
vt 0.575928 0.417236
vt 0.264892 0.030029
vt 0.257324 0.012207
vt 0.253906 0.014649
vt 0.246094 0.009033
vt 0.262207 0.010743
vt 0.253418 0.005371
vt 0.265625 0.004394
vt 0.528564 0.994629
vt 0.538086 0.989014
vt 0.531006 0.969238
vt 0.521972 0.973389
vt 0.529053 0.958252
vt 0.274170 0.044189
vt 0.998291 0.065674
vt 0.996826 0.049561
vt 0.996338 0.070312
vt 0.999756 0.061768
vt 0.740234 0.943847
vt 0.739014 0.945557
vt 0.752930 0.968750
vt 0.756592 0.967774
vt 0.747803 0.965821
vt 0.737305 0.945801
vt 0.750488 0.993164
vt 0.969971 0.126953
vt 0.969971 0.159912
vt 0.971436 0.145019
vt 0.972168 0.120361
vt 0.975586 0.992188
vt 0.996094 0.990479
vt 0.995606 0.985352
vt 0.980469 0.996094
vt 0.965576 0.994141
vt 0.664062 0.017823
vt 0.662354 0.033203
vt 0.666016 0.023438
vt 0.668946 0.006836
vt 0.672608 0.008789
vt 0.670166 0.021240
vt 0.677246 0.008545
vt 0.675781 0.022217
vt 0.678955 0.010986
vt 0.583252 0.027832
vt 0.590821 0.035401
vt 0.589844 0.029785
vt 0.575928 0.031738
vt 0.574707 0.043213
vt 0.572998 0.040771
vt 0.581543 0.047119
vt 0.573731 0.044678
vt 0.573731 0.055420
vt 0.583008 0.059814
vt 0.587891 0.048096
vt 0.594727 0.050781
vt 0.591553 0.056641
vt 0.599121 0.056153
vt 0.597412 0.064453
vt 0.903076 0.001953
vt 0.891846 0.000000
vt 0.900635 0.013184
vt 0.908447 0.014160
vt 0.912597 0.000244
vt 0.913086 0.011474
vt 0.914307 0.021240
vt 0.308838 0.985840
vt 0.300293 0.973633
vt 0.297608 0.974121
vt 0.304932 0.988037
vt 0.307129 0.979492
vt 0.318359 0.990967
vt 0.318359 0.985596
vt 0.314209 0.978028
vt 0.015381 0.298096
vt 0.015137 0.302002
vt 0.024170 0.293213
vt 0.011231 0.296387
vt 0.816894 0.632324
vt 0.820312 0.591553
vt 0.814453 0.635498
vt 0.820068 0.664307
vt 0.818604 0.665283
vt 0.825928 0.704590
vt 0.829834 0.674805
vt 0.824951 0.664307
vt 0.832031 0.632080
vt 0.835449 0.670654
vt 0.002441 0.387451
vt 0.002441 0.363526
vt 0.000244 0.380859
vt 0.008545 0.850097
vt 0.002441 0.868164
vt 0.001465 0.876709
vt 0.000000 0.847901
vt 0.004394 0.848389
vt 0.996582 0.043701
vt 0.998535 0.044922
vt 0.997803 0.025879
vt 0.970215 0.924072
vt 0.968017 0.900879
vt 0.964844 0.898926
vt 0.973144 0.913818
vt 0.970947 0.929688
vt 0.979004 0.911621
vt 0.966553 0.940674
vt 0.168213 0.007812
vt 0.146729 0.008301
vt 0.161377 0.010986
vt 0.154785 0.010986
vt 0.168213 0.021484
vt 0.041260 0.212891
vt 0.057861 0.236084
vt 0.056641 0.197266
vt 0.043946 0.166260
vt 0.029785 0.213623
vt 0.832276 0.965088
vt 0.842285 0.925537
vt 0.827149 0.917724
vt 0.822266 0.941162
vt 0.840821 0.963135
vt 0.835938 0.986816
vt 0.590088 0.083252
vt 0.570312 0.078613
vt 0.537842 0.081543
vt 0.562988 0.067139
vt 0.548828 0.085205
vt 0.035889 0.162842
vt 0.033691 0.163818
vt 0.030517 0.185547
vt 0.034180 0.157715
vt 0.039307 0.162109
vt 0.031738 0.126221
vt 0.007568 0.630371
vt 0.007568 0.602783
vt 0.006104 0.626221
vt 0.007812 0.451172
vt 0.004883 0.467774
vt 0.007080 0.476318
vt 0.005127 0.449707
vt 0.886474 0.026367
vt 0.879639 0.020996
vt 0.879394 0.027099
vt 0.878174 0.021729
vt 0.916016 0.026611
vt 0.112061 0.048828
vt 0.112061 0.046631
vt 0.099609 0.045654
vt 0.083740 0.041260
vt 0.110352 0.052246
vt 0.116699 0.055664
vt 0.129639 0.046631
vt 0.125000 0.040528
vt 0.055420 0.959229
vt 0.056396 0.964111
vt 0.058838 0.961182
vt 0.057861 0.965088
vt 0.093018 0.959229
vt 0.940918 0.468506
vt 0.945801 0.467529
vt 0.939209 0.429688
vt 0.944092 0.418213
vt 0.552734 0.150391
vt 0.594727 0.130859
vt 0.543457 0.152344
vt 0.608154 0.154541
vt 0.885986 0.361084
vt 0.887451 0.369873
vt 0.913086 0.345703
vt 0.909180 0.316651
vt 0.878174 0.334473
vt 0.896729 0.309082
vt 0.019043 0.142822
vt 0.022461 0.154053
vt 0.029297 0.154297
vt 0.026611 0.144287
vt 0.286621 0.208008
vt 0.316651 0.182861
vt 0.302002 0.185303
vt 0.289795 0.212646
vt 0.319824 0.193604
vt 0.323486 0.178223
vt 0.312256 0.207276
vt 0.322510 0.209961
vt 0.295654 0.215332
vt 0.298340 0.223389
vt 0.281738 0.240723
vt 0.299316 0.226318
vt 0.990479 0.191894
vt 0.990479 0.226807
vt 0.992920 0.191406
vt 0.015869 0.003662
vt 0.006104 0.000000
vt 0.006347 0.008545
vt 0.012696 0.012207
vt 0.008057 0.018066
vt 0.018799 0.018311
vt 0.023682 0.008301
vt 0.028321 0.000977
vt 0.479736 0.052490
vt 0.451904 0.052002
vt 0.455078 0.057129
vt 0.480713 0.056885
vt 0.478271 0.049316
vt 0.485352 0.058838
vt 0.483887 0.050781
vt 0.483399 0.044434
vt 0.494873 0.057373
vt 0.492920 0.038330
vt 0.473144 0.105224
vt 0.442871 0.106201
vt 0.472412 0.108154
vt 0.482422 0.092041
vt 0.505859 0.090821
vt 0.488526 0.106689
vt 0.479004 0.111084
vt 0.473633 0.115234
vt 0.479981 0.127441
vt 0.486328 0.127930
vt 0.492920 0.130371
vt 0.498047 0.110596
vt 0.500733 0.102051
vt 0.285401 0.144287
vt 0.266358 0.127930
vt 0.263916 0.129394
vt 0.305176 0.140869
vt 0.303223 0.129151
vt 0.318115 0.148193
vt 0.295166 0.151367
vt 0.326660 0.145019
vt 0.328613 0.141113
vt 0.323486 0.129394
vt 0.814941 0.309326
vt 0.795410 0.353027
vt 0.820801 0.356689
vt 0.789795 0.346436
vt 0.789551 0.360840
vt 0.813721 0.381592
vt 0.116699 0.964356
vt 0.156250 0.960938
vt 0.100586 0.959961
vt 0.782959 0.036377
vt 0.774170 0.034424
vt 0.769043 0.037109
vt 0.778564 0.019776
vt 0.772949 0.023193
vt 0.783691 0.025391
vt 0.789795 0.029052
vt 0.801758 0.046143
vt 0.104981 0.986328
vt 0.116943 0.968750
vt 0.036865 0.969971
vt 0.129639 0.972656
vt 0.128906 0.993896
vt 0.145264 0.981689
vt 0.156982 0.965821
vt 0.152344 0.989990
vt 0.914307 0.309571
vt 0.914307 0.255127
vt 0.910401 0.310547
vt 0.503418 0.381104
vt 0.503174 0.383545
vt 0.560547 0.381592
vt 0.049805 0.529297
vt 0.062500 0.523926
vt 0.052490 0.515869
vt 0.065186 0.502441
vt 0.068359 0.511963
vt 0.125977 0.495361
vt 0.035401 0.510254
vt 0.042969 0.498535
vt 0.014892 0.512939
vt 0.020996 0.494141
vt 0.626465 0.088135
vt 0.627441 0.068848
vt 0.623535 0.071533
vt 0.619141 0.054443
vt 0.605469 0.048828
vt 0.630859 0.040771
vt 0.636719 0.059571
vt 0.630615 0.078125
vt 0.630859 0.080323
vt 0.633789 0.083984
vt 0.945557 0.654541
vt 0.935791 0.660156
vt 0.940430 0.661621
vt 0.932861 0.668701
vt 0.902832 0.671631
vt 0.924316 0.672119
vt 0.942871 0.673096
vt 0.935547 0.678711
vt 0.945312 0.686524
vt 0.947021 0.663086
vt 0.945557 0.657227
vt 0.952637 0.657959
vt 0.951904 0.652832
vt 0.964599 0.769776
vt 0.964599 0.813965
vt 0.969238 0.778076
vt 0.890381 0.160889
vt 0.894287 0.179443
vt 0.906250 0.171631
vt 0.906983 0.187500
vt 0.911621 0.179688
vt 0.925049 0.180420
vt 0.890137 0.150146
vt 0.905274 0.158691
vt 0.894776 0.134766
vt 0.909424 0.132080
vt 0.885986 0.139893
vt 0.927002 0.047119
vt 0.955566 0.041993
vt 0.914551 0.033447
vt 0.946045 0.034180
vt 0.021972 0.160401
vt 0.021972 0.228027
vt 0.027099 0.193604
vt 0.776856 0.092529
vt 0.787842 0.101318
vt 0.797852 0.102783
vt 0.781738 0.102539
vt 0.792236 0.126465
vt 0.809814 0.128906
vt 0.808106 0.141357
vt 0.815918 0.125000
vt 0.807861 0.095948
vt 0.826904 0.093506
vt 0.828369 0.121582
vt 0.823242 0.137696
vt 0.834472 0.095948
vt 0.835449 0.120118
vt 0.147949 0.765137
vt 0.135010 0.755615
vt 0.101562 0.811767
vt 0.149902 0.758789
vt 0.139160 0.750000
vt 0.151367 0.749024
vt 0.140137 0.699951
vt 0.157471 0.762451
vt 0.145264 0.675293
vt 0.158203 0.749756
vt 0.150879 0.692871
vt 0.483399 0.189697
vt 0.475830 0.174072
vt 0.445068 0.167236
vt 0.481689 0.198486
vt 0.503662 0.203369
vt 0.497071 0.184082
vt 0.486816 0.169189
vt 0.478027 0.161865
vt 0.496582 0.167481
vt 0.511963 0.177490
vt 0.502686 0.160644
vt 0.524170 0.174805
vt 0.418701 0.218262
vt 0.413818 0.161377
vt 0.414551 0.229004
vt 0.419922 0.183838
vt 0.375244 0.131348
vt 0.371094 0.133301
vt 0.437012 0.130371
vt 0.169189 0.086426
vt 0.125000 0.084229
vt 0.122071 0.091552
vt 0.176026 0.095215
vt 0.172852 0.083740
vt 0.915771 0.585205
vt 0.907959 0.579346
vt 0.896484 0.583740
vt 0.919189 0.594238
vt 0.897461 0.588135
vt 0.899903 0.577637
vt 0.899414 0.565918
vt 0.878906 0.589356
vt 0.882080 0.596924
vt 0.897461 0.593262
vt 0.875488 0.582276
vt 0.864502 0.579834
vt 0.875977 0.565430
vt 0.018066 0.237061
vt 0.025391 0.247071
vt 0.041504 0.225586
vt 0.057618 0.249024
vt 0.042969 0.260010
vt 0.018555 0.256104
vt 0.026123 0.270996
vt 0.023682 0.281494
vt 0.066651 0.254151
vt 0.087158 0.243896
vt 0.045166 0.272217
vt 0.026123 0.289062
vt 0.047852 0.361816
vt 0.050537 0.339356
vt 0.043701 0.354248
vt 0.027099 0.315918
vt 0.016846 0.352783
vt 0.017090 0.319824
vt 0.051026 0.322021
vt 0.026123 0.300537
vt 0.068115 0.335205
vt 0.056153 0.342529
vt 0.057129 0.302979
vt 0.067383 0.307373
vt 0.038330 0.292481
vt 0.077637 0.286621
vt 0.055664 0.285156
vt 0.052002 0.274902
vt 0.690918 0.632080
vt 0.678222 0.638916
vt 0.697754 0.675781
vt 0.676514 0.604492
vt 0.664795 0.619141
vt 0.684814 0.606689
vt 0.700684 0.607666
vt 0.689209 0.600586
vt 0.676026 0.594971
vt 0.664551 0.586914
vt 0.472901 0.381836
vt 0.574951 0.295166
vt 0.594727 0.315918
vt 0.605469 0.313721
vt 0.600342 0.301269
vt 0.606446 0.308106
vt 0.601807 0.330078
vt 0.597412 0.354004
vt 0.638916 0.324951
vt 0.633545 0.305420
vt 0.644043 0.308106
vt 0.649658 0.326172
vt 0.648438 0.287598
vt 0.657959 0.291992
vt 0.657959 0.301026
vt 0.659424 0.306152
vt 0.662597 0.316406
vt 0.670166 0.321045
vt 0.676026 0.329102
vt 0.925781 0.808106
vt 0.922119 0.795166
vt 0.908936 0.802979
vt 0.954102 0.787842
vt 0.954102 0.799316
vt 0.939941 0.822510
vt 0.960205 0.818604
vt 0.924561 0.819092
vt 0.939453 0.841064
vt 0.043457 0.146729
vt 0.050293 0.151856
vt 0.050781 0.135986
vt 0.059814 0.158447
vt 0.058349 0.147461
vt 0.057373 0.182861
vt 0.105469 0.137939
vt 0.066162 0.172363
vt 0.107910 0.157227
vt 0.105224 0.163330
vt 0.165771 0.031250
vt 0.158936 0.023682
vt 0.139160 0.038574
vt 0.136231 0.027588
vt 0.151123 0.016846
vt 0.137451 0.020996
vt 0.135254 0.038086
vt 0.135254 0.042969
vt 0.141357 0.291748
vt 0.104493 0.284668
vt 0.124024 0.295899
vt 0.128906 0.274658
vt 0.064453 0.274170
vt 0.074463 0.270508
vt 0.074219 0.260254
vt 0.089599 0.255615
vt 0.112549 0.261474
vt 0.091797 0.250488
vt 0.125000 0.266846
vt 0.115479 0.252930
vt 0.131348 0.246094
vt 0.134766 0.232666
vt 0.140625 0.232422
vt 0.897705 0.192627
vt 0.907227 0.212646
vt 0.910644 0.199707
vt 0.914307 0.211670
vt 0.898682 0.243408
vt 0.906738 0.242920
vt 0.922852 0.245606
vt 0.934082 0.220459
vt 0.922852 0.192139
vt 0.382568 0.982178
vt 0.321289 0.966553
vt 0.331787 0.977295
vt 0.300537 0.967285
vt 0.312744 0.952149
vt 0.297363 0.959961
vt 0.292969 0.944336
vt 0.281006 0.972901
vt 0.280517 0.957031
vt 0.263916 0.964844
vt 0.260010 0.987793
vt 0.229492 0.271484
vt 0.250733 0.277099
vt 0.260010 0.266602
vt 0.235352 0.258789
vt 0.265137 0.257324
vt 0.284180 0.281738
vt 0.295410 0.252441
vt 0.281250 0.246094
vt 0.276856 0.264892
vt 0.307129 0.261474
vt 0.289795 0.274902
vt 0.310059 0.272949
vt 0.320801 0.290039
vt 0.289062 0.294434
vt 0.275146 0.291504
vt 0.261474 0.295166
vt 0.273193 0.303955
vt 0.855469 0.924805
vt 0.876221 0.911865
vt 0.873291 0.903076
vt 0.855957 0.906006
vt 0.847901 0.876953
vt 0.869873 0.871338
vt 0.853028 0.863769
vt 0.880371 0.898926
vt 0.875244 0.863526
vt 0.878906 0.876221
vt 0.879883 0.866211
vt 0.192139 0.148926
vt 0.186279 0.130859
vt 0.180420 0.139404
vt 0.182129 0.156982
vt 0.181885 0.171143
vt 0.200928 0.140625
vt 0.201904 0.170899
vt 0.211182 0.153564
vt 0.232910 0.132324
vt 0.218994 0.153564
vt 0.240723 0.135498
vt 0.333496 0.583008
vt 0.278809 0.574951
vt 0.302490 0.586914
vt 0.355469 0.591309
vt 0.366699 0.574951
vt 0.368164 0.584961
vt 0.369385 0.594727
vt 0.364990 0.605469
vt 0.371338 0.604248
vt 0.377930 0.585449
vt 0.383301 0.599854
vt 0.382812 0.618653
vt 0.392578 0.615967
vt 0.414795 0.621582
vt 0.392823 0.584717
vt 0.396973 0.552490
vt 0.373779 0.561767
vt 0.401367 0.561767
vt 0.415039 0.552979
vt 0.399170 0.583496
vt 0.991211 0.730713
vt 0.986816 0.734619
vt 0.998779 0.749756
vt 0.994629 0.764649
vt 0.978760 0.767334
vt 0.966797 0.738281
vt 0.852051 0.751953
vt 0.865967 0.737549
vt 0.850830 0.732666
vt 0.863037 0.767090
vt 0.872559 0.765137
vt 0.873779 0.736328
vt 0.870361 0.794922
vt 0.570068 0.343750
vt 0.570068 0.430664
vt 0.576660 0.342774
usemtl mat
f 885/1 882/2 879/3
f 882/2 885/1 883/4
f 885/1 879/3 884/5
f 885/1 884/5 883/4
f 884/6 879/7 883/8
f 883/8 879/7 880/9
f 883/8 880/9 878/10
f 878/10 880/9 877/11
f 877/11 880/9 879/7
f 878/10 877/11 874/12
f 874/12 877/11 873/13
f 877/11 879/7 876/14
f 877/11 876/14 873/13
f 876/14 879/7 881/15
f 881/15 879/7 882/16
f 881/15 882/16 883/17
f 881/15 883/17 878/18
f 881/15 878/18 875/19
f 881/15 875/19 876/14
f 875/19 878/18 874/20
f 872/21 873/13 876/14
f 872/21 876/14 875/19
f 875/19 874/20 870/22
f 875/19 870/22 872/21
f 870/22 874/20 867/23
f 873/13 872/21 871/24
f 873/13 871/24 874/12
f 874/12 871/24 867/25
f 867/25 871/24 865/26
f 867/25 865/26 844/27
f 871/24 872/21 863/28
f 871/24 863/28 865/26
f 863/28 872/21 870/22
f 865/26 863/28 844/27
f 861/29 870/22 867/23
f 870/22 861/29 863/28
f 844/27 863/28 785/30
f 785/30 863/28 861/29
f 844/27 785/30 799/31
f 799/31 785/30 695/32
f 695/32 785/30 625/33
f 625/33 785/30 674/34
f 861/29 867/23 841/35
f 841/35 867/23 844/36
f 841/35 844/36 799/37
f 785/30 861/29 801/38
f 785/30 801/38 674/34
f 861/29 841/35 830/39
f 861/29 830/39 801/38
f 674/34 801/38 748/40
f 748/40 801/38 830/39
f 674/34 748/40 673/41
f 748/40 830/39 771/42
f 748/40 771/42 673/41
f 771/42 830/39 841/35
f 673/41 771/42 773/43
f 773/43 771/42 841/35
f 773/43 841/35 799/37
f 673/41 773/43 695/44
f 695/44 773/43 799/37
f 729/45 819/46 698/47
f 819/46 729/45 689/48
f 698/47 819/46 791/49
f 819/46 689/48 757/50
f 689/48 729/45 651/51
f 651/51 729/45 698/47
f 757/50 689/48 666/52
f 666/52 689/48 651/51
f 651/51 698/47 701/53
f 651/51 701/53 666/52
f 698/47 791/49 800/54
f 800/54 791/49 838/55
f 800/54 838/55 811/56
f 701/53 698/47 740/57
f 740/57 698/47 800/54
f 800/54 811/56 749/58
f 701/53 740/57 693/59
f 701/53 693/59 666/52
f 740/57 800/54 770/60
f 770/60 800/54 746/61
f 770/60 746/61 740/57
f 746/61 800/54 749/58
f 713/62 650/63 749/58
f 740/57 746/61 720/64
f 740/57 720/64 693/59
f 746/61 749/58 699/65
f 746/61 699/65 720/64
f 749/58 650/63 677/66
f 749/58 677/66 699/65
f 720/64 699/65 685/67
f 720/64 685/67 693/59
f 685/67 699/65 677/66
f 693/59 685/67 639/68
f 639/68 685/67 677/66
f 693/59 639/68 666/52
f 639/68 677/66 620/69
f 620/69 677/66 563/70
f 639/68 620/69 706/71
f 706/71 620/69 563/70
f 639/68 706/71 666/52
f 706/71 563/70 676/72
f 666/52 706/71 734/73
f 666/52 734/73 757/50
f 757/50 734/73 784/74
f 757/50 784/74 822/75
f 822/75 784/74 765/76
f 765/76 784/74 734/73
f 822/75 765/76 758/77
f 758/77 765/76 688/78
f 727/79 734/73 706/71
f 734/73 727/79 765/76
f 727/79 706/71 676/72
f 688/78 765/76 709/80
f 709/80 765/76 727/79
f 688/78 709/80 656/81
f 688/78 656/81 626/82
f 623/83 676/72 571/84
f 676/72 623/83 727/79
f 727/79 623/83 657/85
f 656/81 709/80 631/86
f 656/81 631/86 657/85
f 707/87 709/80 727/79
f 709/80 707/87 631/86
f 727/79 657/85 622/88
f 727/79 622/88 707/87
f 622/88 657/85 631/86
f 622/88 631/86 707/87
f 1453/89 1492/90 1516/91
f 1492/90 1453/89 1473/92
f 1473/92 1453/89 1290/93
f 1290/93 1453/89 1281/94
f 1281/94 1453/89 1516/91
f 1492/90 1473/92 1494/95
f 1281/94 1516/91 1321/96
f 1281/94 1321/96 1291/97
f 1321/96 1516/91 1371/98
f 1321/96 1371/98 1291/97
f 1291/97 1371/98 1374/99
f 1291/97 1374/99 1370/100
f 1370/100 1374/99 1346/101
f 1346/101 1374/99 1336/102
f 1556/103 1516/91 1492/90
f 1516/91 1556/103 1562/104
f 1562/104 1556/103 1533/105
f 1533/105 1556/103 1492/90
f 1533/105 1492/90 1494/95
f 1533/105 1494/95 1530/106
f 845/107 837/108 819/109
f 819/109 837/108 791/110
f 791/110 837/108 848/111
f 848/111 837/108 845/107
f 791/110 848/111 838/112
f 845/107 819/109 852/113
f 848/111 845/107 857/114
f 857/114 845/107 852/113
f 852/113 819/109 835/115
f 835/115 819/109 757/116
f 835/115 757/116 822/117
f 835/115 822/117 852/113
f 860/118 838/112 848/111
f 860/118 848/111 857/114
f 857/114 852/113 859/119
f 857/114 859/119 860/118
f 859/119 852/113 822/117
f 838/112 860/118 855/120
f 855/120 860/118 859/119
f 838/112 855/120 843/121
f 843/121 855/120 866/122
f 866/122 855/120 859/119
f 843/121 866/122 864/123
f 859/119 822/117 828/124
f 859/119 828/124 866/122
f 828/124 822/117 758/125
f 828/124 758/125 762/126
f 866/122 828/124 862/127
f 866/122 862/127 864/123
f 862/127 828/124 851/128
f 864/123 862/127 849/129
f 849/129 862/127 851/128
f 1290/130 1410/131 1473/132
f 1473/132 1410/131 1446/133
f 1410/131 1290/130 1324/134
f 1446/133 1410/131 1468/135
f 1468/135 1410/131 1324/134
f 1446/133 1468/135 1500/136
f 1500/136 1468/135 1562/137
f 1562/137 1468/135 1516/138
f 1516/138 1468/135 1371/139
f 1371/139 1468/135 1324/134
f 1371/139 1324/134 1446/140
f 1371/139 1446/140 1500/141
f 650/142 603/143 677/144
f 677/144 603/143 563/145
f 603/143 650/142 633/146
f 633/146 650/142 713/147
f 633/146 713/147 627/148
f 603/143 633/146 576/149
f 603/143 576/149 563/145
f 576/149 633/146 627/148
f 563/145 576/149 527/150
f 527/150 576/149 627/148
f 563/145 527/150 676/151
f 527/150 627/148 619/152
f 676/151 527/150 635/153
f 676/151 635/153 571/154
f 571/154 635/153 665/155
f 571/154 665/155 667/156
f 635/153 527/150 587/157
f 635/153 587/157 665/155
f 665/155 587/157 667/156
f 587/157 527/150 619/152
f 667/156 587/157 566/158
f 587/157 619/152 641/159
f 641/159 619/152 681/160
f 566/158 587/157 613/161
f 613/161 587/157 641/159
f 566/158 613/161 606/162
f 641/159 681/160 661/163
f 641/159 661/163 613/161
f 613/161 661/163 606/162
f 661/163 681/160 697/164
f 606/162 661/163 647/165
f 647/165 661/163 697/164
f 713/166 619/167 627/168
f 619/167 713/166 764/169
f 619/167 764/169 821/170
f 764/169 713/166 787/171
f 787/171 713/166 749/172
f 787/171 749/172 811/173
f 787/171 811/173 794/174
f 794/174 811/173 838/175
f 794/174 838/175 787/171
f 821/170 764/169 797/176
f 797/176 764/169 787/171
f 787/171 838/175 806/177
f 787/171 806/177 810/178
f 810/178 806/177 838/175
f 787/171 810/178 797/176
f 810/178 838/175 843/179
f 821/170 797/176 836/180
f 836/180 797/176 810/178
f 821/170 836/180 850/181
f 821/170 850/181 846/182
f 846/182 850/181 826/183
f 846/182 826/183 803/184
f 826/183 850/181 825/185
f 744/186 723/187 803/184
f 850/181 836/180 842/188
f 850/181 842/188 825/185
f 744/186 803/184 824/189
f 824/189 803/184 826/183
f 826/183 825/185 832/190
f 832/190 825/185 842/188
f 826/183 832/190 824/189
f 842/188 836/180 856/191
f 842/188 856/191 832/190
f 832/190 856/191 824/189
f 856/191 836/180 810/178
f 766/192 744/186 824/189
f 824/189 856/191 840/193
f 840/193 856/191 810/178
f 766/192 824/189 817/194
f 817/194 824/189 840/193
f 828/195 766/192 851/196
f 851/196 766/192 849/197
f 840/193 810/178 804/198
f 766/192 817/194 831/199
f 766/192 831/199 849/197
f 817/194 840/193 847/200
f 817/194 847/200 831/199
f 840/193 804/198 823/201
f 840/193 823/201 847/200
f 849/197 831/199 853/202
f 853/202 831/199 847/200
f 849/197 853/202 864/203
f 864/203 853/202 843/179
f 808/204 804/198 810/178
f 804/198 808/204 823/201
f 808/204 810/178 843/179
f 833/205 847/200 823/201
f 833/205 823/201 808/204
f 847/200 833/205 853/202
f 808/204 843/179 829/206
f 808/204 829/206 833/205
f 829/206 843/179 853/202
f 829/206 853/202 833/205
f 559/207 673/208 695/209
f 559/207 695/209 625/210
f 673/208 559/207 574/211
f 559/207 625/210 453/212
f 673/208 574/211 462/213
f 453/212 625/210 674/214
f 574/211 559/207 434/215
f 434/215 559/207 453/212
f 574/211 434/215 462/213
f 673/208 462/213 553/216
f 673/217 553/218 674/214
f 674/214 553/218 476/219
f 674/214 476/219 453/212
f 453/212 476/219 265/220
f 453/212 265/220 251/221
f 453/212 251/221 434/215
f 251/221 265/220 101/222
f 251/221 101/222 71/223
f 434/215 251/221 266/224
f 266/224 251/221 71/223
f 434/215 266/224 462/213
f 266/224 71/223 93/225
f 266/224 93/225 313/226
f 266/224 313/226 462/213
f 313/226 93/225 162/227
f 462/213 313/226 441/228
f 462/213 441/228 553/216
f 553/216 441/228 476/229
f 441/228 313/226 256/230
f 256/230 313/226 162/227
f 441/228 256/230 476/229
f 256/230 162/227 101/231
f 476/229 256/230 265/232
f 265/232 256/230 101/231
f 1281/233 1263/234 1290/235
f 1290/235 1263/234 1324/236
f 1324/236 1263/234 1336/237
f 1263/234 1281/233 1248/238
f 1248/238 1281/233 1291/239
f 1248/238 1291/239 1245/240
f 1248/238 1245/240 1229/241
f 1248/238 1229/241 1263/234
f 1263/234 1229/241 1336/237
f 1462/242 1346/243 1336/237
f 1462/242 1336/237 1322/244
f 1322/244 1336/237 1229/241
f 1370/245 1322/244 1353/246
f 1353/246 1322/244 1317/247
f 1317/247 1322/244 1229/241
f 1317/247 1229/241 1305/248
f 1305/248 1229/241 1212/249
f 1317/247 1305/248 1440/250
f 1305/248 1212/249 1311/251
f 1440/250 1305/248 1351/252
f 1351/252 1305/248 1311/251
f 621/253 577/254 606/255
f 621/253 606/255 647/256
f 577/254 621/253 610/257
f 577/254 610/257 556/258
f 621/253 647/256 678/259
f 678/259 647/256 697/260
f 610/257 621/253 646/261
f 646/261 621/253 678/259
f 556/258 610/257 596/262
f 596/262 610/257 646/261
f 556/258 596/262 532/263
f 678/259 697/260 582/264
f 678/259 582/264 646/261
f 582/264 697/260 667/265
f 596/262 646/261 615/266
f 532/263 596/262 567/267
f 567/267 596/262 615/266
f 532/263 567/267 502/268
f 615/266 646/261 608/269
f 615/266 608/269 567/267
f 608/269 646/261 582/264
f 502/268 567/267 549/270
f 502/268 549/270 466/271
f 567/267 608/269 593/272
f 567/267 593/272 549/270
f 593/272 608/269 582/264
f 549/270 593/272 550/273
f 466/271 549/270 488/274
f 488/274 549/270 550/273
f 466/271 488/274 421/275
f 550/273 593/272 526/276
f 550/273 526/276 488/274
f 526/276 593/272 582/264
f 421/275 488/274 448/277
f 448/277 488/274 526/276
f 421/275 448/277 347/278
f 526/276 582/264 457/279
f 448/277 526/276 490/280
f 490/280 526/276 457/279
f 448/277 490/280 408/281
f 448/277 408/281 347/278
f 408/281 490/280 442/282
f 442/282 490/280 457/279
f 347/278 408/281 361/283
f 361/283 408/281 442/282
f 347/278 361/283 270/284
f 270/284 361/283 324/285
f 270/284 324/285 211/286
f 361/283 442/282 399/287
f 361/283 399/287 324/285
f 399/287 442/282 457/279
f 324/285 399/287 381/288
f 381/288 399/287 391/289
f 381/288 391/289 482/290
f 381/288 482/290 514/291
f 399/287 457/279 294/292
f 294/292 457/279 327/293
f 327/293 457/279 395/294
f 327/293 395/294 268/295
f 502/296 466/297 395/294
f 502/296 395/294 450/298
f 450/298 395/294 457/279
f 502/296 450/298 532/299
f 450/298 457/279 573/300
f 573/300 457/279 582/264
f 532/299 450/298 500/301
f 500/301 450/298 573/300
f 573/300 582/264 667/265
f 532/299 500/301 556/302
f 573/300 667/265 566/303
f 556/302 500/301 520/304
f 556/302 520/304 577/305
f 500/301 573/300 547/306
f 547/306 573/300 566/303
f 500/301 547/306 520/304
f 520/304 547/306 577/305
f 547/306 566/303 606/307
f 547/306 606/307 577/305
f 1446/308 1470/309 1473/310
f 1470/309 1446/308 1324/311
f 1470/309 1324/311 1336/312
f 1473/310 1470/309 1494/313
f 1470/309 1336/312 1374/314
f 1494/313 1470/309 1486/315
f 1494/313 1486/315 1530/316
f 1486/315 1470/309 1462/317
f 1486/315 1462/317 1426/318
f 1462/317 1470/309 1485/319
f 1485/319 1470/309 1374/314
f 1485/319 1374/314 1371/320
f 1485/319 1371/320 1500/321
f 1485/319 1500/321 1562/322
f 716/323 681/324 619/325
f 681/324 716/323 697/326
f 697/326 716/323 667/327
f 667/327 716/323 728/328
f 728/328 716/323 756/329
f 756/329 716/323 778/330
f 778/330 716/323 619/325
f 778/330 619/325 821/331
f 778/330 821/331 818/332
f 818/332 821/331 846/333
f 1530/334 1562/335 1533/336
f 443/337 451/338 433/339
f 433/339 451/338 380/340
f 380/340 451/338 487/341
f 487/341 451/338 503/342
f 503/342 451/338 443/337
f 433/339 380/340 307/343
f 307/343 380/340 269/344
f 307/343 269/344 280/345
f 307/343 280/345 433/339
f 280/345 269/344 286/346
f 433/339 280/345 375/347
f 433/339 375/347 443/337
f 375/347 280/345 286/346
f 435/348 503/342 443/337
f 443/337 375/347 343/349
f 343/349 375/347 286/346
f 443/337 343/349 402/350
f 443/337 402/350 435/348
f 343/349 286/346 311/351
f 343/349 311/351 402/350
f 460/352 286/346 468/353
f 286/346 460/352 403/354
f 286/346 403/354 311/351
f 403/354 460/352 509/355
f 402/350 311/351 486/356
f 486/356 311/351 403/354
f 402/350 486/356 435/348
f 403/354 509/355 446/357
f 403/354 446/357 486/356
f 446/357 509/355 507/358
f 486/356 446/357 498/359
f 486/356 498/359 435/348
f 498/359 446/357 507/358
f 435/348 498/359 427/360
f 427/360 498/359 507/358
f 435/348 427/360 363/361
f 435/348 363/361 452/362
f 452/362 363/361 513/363
f 363/361 427/360 426/364
f 363/361 426/364 513/363
f 513/363 426/364 423/365
f 513/363 423/365 445/366
f 423/365 426/364 463/367
f 423/365 463/367 445/366
f 426/364 427/360 545/368
f 426/364 545/368 463/367
f 463/367 545/368 445/366
f 545/368 427/360 507/358
f 545/368 507/358 555/369
f 555/369 507/358 663/370
f 445/366 545/368 609/371
f 445/366 609/371 535/372
f 545/368 555/369 618/373
f 618/373 555/369 663/370
f 545/368 618/373 640/374
f 545/368 640/374 609/371
f 618/373 663/370 672/375
f 618/373 672/375 640/374
f 672/375 663/370 705/376
f 640/374 672/375 687/377
f 687/377 672/375 705/376
f 640/374 687/377 609/371
f 687/377 705/376 724/378
f 611/379 535/372 609/371
f 535/372 611/379 658/380
f 658/380 611/379 609/371
f 535/372 658/380 598/381
f 609/371 687/377 684/382
f 684/382 687/377 724/378
f 609/371 684/382 658/380
f 684/382 724/378 718/383
f 718/383 724/378 776/384
f 684/382 718/383 642/385
f 684/382 642/385 658/380
f 642/385 718/383 655/386
f 658/380 642/385 544/387
f 658/380 544/387 655/388
f 658/380 655/388 598/381
f 598/381 655/388 718/389
f 598/381 718/389 690/390
f 828/391 805/392 766/393
f 766/393 805/392 782/394
f 766/393 782/394 744/395
f 744/395 782/394 654/396
f 744/395 654/396 723/397
f 723/397 654/396 738/398
f 714/399 782/394 726/400
f 782/394 714/399 652/401
f 782/394 652/401 654/396
f 652/401 714/399 670/402
f 652/401 670/402 600/403
f 652/401 600/403 654/396
f 654/396 600/403 597/404
f 597/404 600/403 506/405
f 630/406 738/398 654/396
f 630/406 654/396 597/404
f 738/398 630/406 728/407
f 597/404 506/405 419/408
f 728/407 630/406 604/409
f 604/409 630/406 597/404
f 728/407 604/409 667/410
f 667/410 604/409 571/411
f 604/409 597/404 479/412
f 604/409 479/412 571/411
f 479/412 597/404 419/408
f 571/411 479/412 371/413
f 479/412 419/408 359/414
f 479/412 359/414 371/413
f 503/415 575/416 487/417
f 487/417 575/416 512/418
f 435/419 452/420 503/415
f 503/415 452/420 513/421
f 503/415 513/421 575/416
f 575/416 513/421 508/422
f 508/422 513/421 445/423
f 575/416 508/422 562/424
f 508/422 445/423 535/425
f 562/424 508/422 557/426
f 557/426 508/422 584/427
f 508/422 535/425 534/428
f 508/422 534/428 584/427
f 584/427 534/428 564/429
f 564/429 534/428 557/430
f 557/430 534/428 562/431
f 762/432 760/433 828/434
f 828/434 760/433 805/435
f 760/433 762/432 700/436
f 805/435 760/433 798/437
f 626/438 656/439 700/436
f 700/436 656/439 726/440
f 700/436 726/440 760/433
f 726/440 656/439 657/441
f 726/440 657/441 623/442
f 726/440 623/442 714/443
f 805/435 798/437 814/444
f 805/435 814/444 782/445
f 772/446 726/440 782/445
f 772/446 782/445 814/444
f 726/440 772/446 775/447
f 775/447 772/446 814/444
f 775/447 814/444 798/437
f 726/440 775/447 760/433
f 760/433 775/447 798/437
f 1485/448 1495/449 1462/450
f 1462/450 1495/449 1346/451
f 1495/449 1485/448 1562/452
f 1346/451 1495/449 1370/453
f 1495/449 1562/452 1481/454
f 1495/449 1481/454 1370/453
f 1370/453 1481/454 1426/455
f 1370/453 1426/455 1322/456
f 1322/456 1426/455 1462/457
f 1426/455 1481/454 1448/458
f 1448/458 1481/454 1484/459
f 1481/454 1562/452 1563/460
f 1481/454 1563/460 1484/459
f 1484/459 1563/460 1488/461
f 1563/460 1562/452 1530/462
f 1563/460 1530/462 1547/463
f 778/464 754/465 756/466
f 756/466 754/465 728/467
f 728/467 754/465 725/468
f 754/465 778/464 796/469
f 796/469 778/464 818/470
f 754/465 796/469 789/471
f 754/465 789/471 755/472
f 789/471 796/469 807/473
f 789/471 807/473 802/474
f 796/469 818/470 816/475
f 796/469 816/475 807/473
f 816/475 818/470 795/476
f 807/473 816/475 792/477
f 792/477 816/475 795/476
f 807/473 792/477 793/478
f 793/478 792/477 780/479
f 795/476 818/470 846/480
f 795/476 846/480 803/481
f 795/476 803/481 723/482
f 795/476 723/482 738/483
f 795/476 738/483 792/477
f 792/477 738/483 728/484
f 792/477 728/484 753/485
f 1486/486 1476/487 1530/488
f 1448/489 1486/486 1426/490
f 1486/486 1448/489 1476/487
f 1476/487 1448/489 1317/491
f 1476/487 1317/491 1440/492
f 1530/488 1476/487 1509/493
f 1530/488 1509/493 1547/494
f 1476/487 1440/492 1464/495
f 1476/487 1464/495 1509/493
f 1464/495 1440/492 1428/496
f 1464/495 1428/496 1311/497
f 1464/495 1311/497 1292/498
f 1509/493 1464/495 1460/499
f 1509/493 1460/499 1483/500
f 1460/499 1464/495 1449/501
f 1449/501 1464/495 1450/502
f 1450/502 1464/495 1292/498
f 1450/502 1292/498 1343/503
f 540/504 688/505 626/506
f 688/505 540/504 758/507
f 758/507 540/504 605/508
f 758/507 605/508 762/509
f 762/509 605/508 632/510
f 762/509 632/510 700/511
f 466/512 421/513 395/514
f 395/514 421/513 319/515
f 395/514 319/515 268/516
f 319/515 421/513 347/517
f 268/516 319/515 237/518
f 237/518 319/515 347/517
f 268/516 237/518 118/519
f 237/518 347/517 270/520
f 237/518 270/520 118/519
f 380/521 487/522 352/523
f 380/521 352/523 269/524
f 352/523 487/522 512/525
f 269/524 352/523 379/526
f 269/524 379/526 286/527
f 286/527 379/526 468/528
f 379/526 352/523 429/529
f 468/528 379/526 430/530
f 430/530 379/526 429/529
f 468/528 430/530 525/531
f 525/531 430/530 612/532
f 612/532 430/530 429/529
f 429/529 352/523 535/533
f 535/533 352/523 512/525
f 535/533 512/525 534/534
f 534/534 512/525 544/535
f 544/535 512/525 584/536
f 584/536 512/525 575/537
f 584/536 575/537 557/538
f 557/538 575/537 564/539
f 429/529 535/533 598/540
f 429/529 598/540 595/541
f 429/529 595/541 612/532
f 595/541 598/540 690/542
f 612/532 595/541 668/543
f 668/543 595/541 690/542
f 755/544 725/545 754/546
f 725/545 755/544 781/547
f 781/547 755/544 789/548
f 781/547 789/548 802/549
f 793/550 802/549 807/551
f 802/549 793/550 780/552
f 781/547 802/549 788/553
f 788/553 802/549 780/552
f 725/545 781/547 763/554
f 763/554 781/547 788/553
f 725/545 763/554 735/555
f 788/553 780/552 753/556
f 753/556 780/552 792/557
f 788/553 753/556 747/558
f 747/558 753/556 732/559
f 788/553 747/558 769/560
f 769/560 747/558 732/559
f 763/554 788/553 751/561
f 763/554 751/561 735/555
f 751/561 788/553 769/560
f 703/562 725/545 735/555
f 703/562 735/555 751/561
f 725/545 703/562 728/563
f 751/561 769/560 739/564
f 751/561 739/564 703/562
f 739/564 769/560 730/565
f 739/564 730/565 703/562
f 752/566 769/560 732/559
f 769/560 752/566 730/565
f 752/566 732/559 711/567
f 703/562 730/565 722/568
f 722/568 730/565 752/566
f 675/569 728/563 703/562
f 675/569 703/562 722/568
f 722/568 752/566 736/570
f 736/570 752/566 711/567
f 736/570 711/567 717/571
f 717/571 711/567 683/572
f 736/570 717/571 719/573
f 719/573 717/571 691/574
f 722/568 736/570 704/575
f 704/575 736/570 719/573
f 704/575 719/573 691/574
f 722/568 704/575 675/569
f 704/575 691/574 649/576
f 704/575 649/576 675/569
f 675/569 649/576 634/577
f 675/569 634/577 728/563
f 728/563 634/577 753/578
f 753/578 634/577 732/579
f 732/579 634/577 711/580
f 711/580 634/577 683/581
f 623/582 571/583 484/584
f 484/584 571/583 371/585
f 484/584 371/585 386/586
f 670/587 714/588 623/582
f 670/587 623/582 589/589
f 589/589 623/582 484/584
f 670/587 589/589 522/590
f 522/590 589/589 484/584
f 670/587 522/590 600/591
f 600/591 522/590 551/592
f 551/592 522/590 484/584
f 600/591 551/592 506/593
f 551/592 484/584 493/594
f 551/592 493/594 506/593
f 493/594 484/584 386/586
f 506/593 493/594 473/595
f 473/595 493/594 496/596
f 496/596 493/594 386/586
f 496/596 386/586 417/597
f 564/598 581/599 584/600
f 655/601 544/602 584/600
f 655/601 584/600 642/603
f 642/603 584/600 581/599
f 642/603 581/599 572/604
f 642/603 572/604 564/605
f 564/605 572/604 562/606
f 642/603 564/605 575/607
f 642/603 575/607 562/608
f 642/603 562/608 544/609
f 562/610 581/611 564/612
f 581/611 562/610 534/613
f 581/611 534/613 572/614
f 572/614 534/613 544/615
f 572/614 544/615 562/616
f 516/617 540/618 626/619
f 516/617 626/619 624/620
f 624/620 626/619 700/621
f 516/617 624/620 537/622
f 624/620 700/621 632/623
f 537/622 624/620 601/624
f 601/624 624/620 632/623
f 537/622 601/624 499/625
f 601/624 632/623 599/626
f 601/624 599/626 499/625
f 540/627 516/628 464/629
f 464/629 516/628 465/630
f 540/627 464/629 384/631
f 540/627 384/631 461/632
f 461/632 384/631 255/633
f 461/632 255/633 321/634
f 384/631 464/629 278/635
f 278/635 464/629 465/630
f 278/635 465/630 366/636
f 278/635 366/636 302/637
f 302/637 366/636 253/638
f 366/636 465/630 432/639
f 253/638 366/636 337/640
f 337/640 366/636 432/639
f 337/640 432/639 417/641
f 1370/642 1353/643 1291/644
f 1291/644 1353/643 1245/645
f 1245/645 1353/643 1351/646
f 1245/645 1351/646 1343/647
f 1343/647 1351/646 1311/648
f 1317/649 1448/650 1353/651
f 1353/651 1448/650 1484/652
f 1353/651 1484/652 1351/653
f 1351/653 1484/652 1488/654
f 1351/653 1488/654 1440/655
f 691/656 643/657 649/658
f 649/658 643/657 607/659
f 643/657 691/656 682/660
f 682/660 691/656 717/661
f 607/659 643/657 648/662
f 648/662 643/657 682/660
f 682/660 717/661 680/663
f 682/660 680/663 648/662
f 680/663 717/661 692/664
f 680/663 692/664 648/662
f 692/664 717/661 683/665
f 692/664 683/665 653/666
f 653/666 683/665 617/667
f 692/664 653/666 645/668
f 645/668 653/666 617/667
f 648/662 692/664 660/669
f 660/669 692/664 645/668
f 638/670 607/659 648/662
f 638/670 648/662 660/669
f 607/659 638/670 578/671
f 638/670 660/669 616/672
f 616/672 660/669 645/668
f 578/671 638/670 585/673
f 585/673 638/670 616/672
f 578/671 585/673 531/674
f 616/672 645/668 628/675
f 585/673 616/672 594/676
f 594/676 616/672 628/675
f 585/673 594/676 531/674
f 628/675 645/668 614/677
f 628/675 614/677 594/676
f 588/678 645/668 617/667
f 645/668 588/678 614/677
f 588/678 617/667 521/679
f 588/678 521/679 546/680
f 588/678 546/680 568/681
f 588/678 568/681 614/677
f 614/677 568/681 592/682
f 586/683 594/676 614/677
f 594/676 586/683 531/674
f 586/683 614/677 592/682
f 592/682 568/681 489/684
f 531/674 586/683 538/685
f 586/683 592/682 560/686
f 586/683 560/686 538/685
f 538/685 560/686 592/682
f 531/674 538/685 467/687
f 592/682 489/684 514/688
f 592/682 514/688 538/685
f 538/685 514/688 467/687
f 514/688 489/684 542/689
f 467/687 514/688 482/690
f 779/691 696/692 718/693
f 718/693 696/692 679/694
f 718/693 679/694 690/695
f 696/692 779/691 742/696
f 696/692 742/696 679/694
f 742/696 779/691 767/697
f 767/697 779/691 790/698
f 767/697 790/698 774/699
f 742/696 767/697 750/700
f 750/700 767/697 774/699
f 742/696 750/700 679/694
f 679/694 750/700 690/695
f 750/700 774/699 743/701
f 750/700 743/701 690/695
f 605/702 540/703 461/704
f 561/705 632/706 605/702
f 605/702 461/704 536/707
f 605/702 536/707 561/705
f 536/707 461/704 370/708
f 561/705 536/707 471/709
f 370/708 461/704 262/710
f 471/709 536/707 370/708
f 370/708 262/710 180/711
f 370/708 180/711 254/712
f 370/708 254/712 471/709
f 561/705 471/709 474/713
f 471/709 254/712 330/714
f 474/713 471/709 483/715
f 483/715 471/709 330/714
f 558/716 634/717 649/718
f 634/717 558/716 683/719
f 558/716 649/718 607/720
f 558/716 607/720 578/721
f 683/719 558/716 617/722
f 617/722 558/716 521/723
f 558/716 578/721 531/724
f 521/723 558/716 390/725
f 390/725 558/716 531/724
f 390/725 531/724 467/726
f 786/727 779/728 718/729
f 786/727 718/729 776/730
f 779/728 786/727 790/731
f 786/727 776/730 743/732
f 786/727 743/732 790/731
f 790/731 743/732 759/733
f 790/731 759/733 774/734
f 774/734 759/733 743/732
f 384/735 278/736 283/737
f 283/737 278/736 214/738
f 214/738 278/736 108/739
f 214/738 108/739 128/740
f 108/739 278/736 302/741
f 108/739 302/741 171/742
f 171/742 302/741 273/743
f 171/742 273/743 367/744
f 171/742 367/744 254/745
f 219/746 384/747 283/748
f 214/749 128/750 219/746
f 214/749 219/746 262/751
f 219/746 283/748 340/752
f 340/752 283/748 214/753
f 340/752 214/753 262/754
f 340/752 262/754 461/755
f 219/746 340/752 304/756
f 340/752 461/755 288/757
f 340/752 288/757 304/756
f 304/756 288/757 219/746
f 219/746 288/757 262/751
f 288/757 461/755 321/758
f 288/757 321/758 264/759
f 288/757 264/759 194/760
f 288/757 194/760 262/751
f 194/760 264/759 156/761
f 262/751 194/760 179/762
f 262/751 179/762 180/763
f 491/764 374/765 381/766
f 491/764 381/766 514/767
f 491/764 514/767 542/768
f 491/764 542/768 374/765
f 381/766 374/765 324/769
f 324/769 374/765 295/770
f 374/765 542/768 482/771
f 374/765 482/771 391/772
f 246/773 344/774 365/775
f 344/774 246/773 222/776
f 344/774 222/776 135/777
f 365/775 344/774 406/778
f 344/774 135/777 216/779
f 300/780 406/778 418/781
f 418/781 406/778 344/774
f 344/774 216/779 316/782
f 316/782 216/779 238/783
f 344/774 316/782 505/784
f 505/784 316/782 436/785
f 418/781 344/774 485/786
f 485/786 344/774 505/784
f 418/781 485/786 495/787
f 485/786 505/784 552/788
f 485/786 552/788 495/787
f 255/789 384/790 219/791
f 321/792 255/789 195/793
f 195/793 255/789 176/794
f 255/789 219/791 199/795
f 255/789 199/795 176/794
f 199/795 219/791 128/796
f 199/795 128/796 156/797
f 199/795 156/797 264/798
f 199/795 264/798 176/794
f 176/794 264/798 225/799
f 225/799 264/798 321/800
f 118/801 270/802 211/803
f 324/804 295/805 211/803
f 118/801 211/803 144/806
f 144/806 211/803 295/805
f 118/801 144/806 51/807
f 118/801 51/807 942/808
f 144/806 295/805 240/809
f 240/809 295/805 305/810
f 240/809 305/810 252/811
f 240/809 252/811 197/812
f 240/809 197/812 144/806
f 942/808 51/807 83/813
f 83/813 51/807 144/806
f 83/813 144/806 197/812
f 942/808 83/813 923/814
f 285/815 233/816 197/812
f 197/812 233/816 247/817
f 197/812 247/817 83/813
f 83/813 247/817 158/818
f 923/814 83/813 58/819
f 58/819 83/813 158/818
f 58/819 158/818 160/820
f 160/820 158/818 345/821
f 58/819 160/820 182/822
f 182/822 160/820 276/823
f 182/822 276/823 345/824
f 58/819 182/822 82/825
f 82/825 182/822 39/826
f 365/827 409/828 246/829
f 409/828 365/827 552/830
f 552/830 365/827 495/831
f 495/831 365/827 406/832
f 495/831 406/832 397/833
f 397/833 406/832 300/834
f 495/831 397/833 418/835
f 418/835 397/833 300/834
f 409/828 552/830 548/836
f 548/836 552/830 505/837
f 548/836 505/837 436/838
f 409/828 548/836 449/839
f 449/839 548/836 436/838
f 449/839 436/838 411/840
f 411/840 436/838 316/841
f 411/840 316/841 238/842
f 411/840 238/842 392/843
f 411/840 392/843 449/839
f 449/839 392/843 287/844
f 449/839 287/844 409/828
f 287/844 392/843 218/845
f 409/828 287/844 258/846
f 409/828 258/846 246/829
f 246/829 258/846 146/847
f 246/829 146/847 222/848
f 222/848 146/847 135/849
f 135/849 146/847 258/846
f 258/846 287/844 97/850
f 258/846 97/850 135/849
f 97/850 287/844 218/845
f 135/849 97/850 64/851
f 97/850 218/845 29/852
f 97/850 29/852 64/851
f 29/852 218/845 205/853
f 64/851 29/852 890/854
f 29/852 205/853 52/855
f 29/852 52/855 890/854
f 417/856 332/857 337/858
f 337/858 332/857 253/859
f 332/857 417/856 386/860
f 253/859 332/857 299/861
f 299/861 332/857 386/860
f 253/859 299/861 302/862
f 302/862 299/861 386/860
f 302/862 386/860 273/863
f 414/864 305/865 295/866
f 305/865 414/864 480/867
f 414/864 295/866 458/868
f 480/867 414/864 518/869
f 518/869 414/864 458/868
f 480/867 518/869 489/870
f 489/870 518/869 542/871
f 542/871 518/869 482/872
f 482/872 518/869 458/868
f 458/868 295/866 336/873
f 336/873 295/866 391/874
f 391/874 295/866 374/875
f 336/873 391/874 399/876
f 336/873 399/876 294/877
f 768/878 776/879 741/880
f 776/879 768/878 715/881
f 715/881 768/878 741/880
f 741/880 776/879 724/882
f 776/879 715/881 733/883
f 776/879 733/883 743/884
f 743/884 733/883 668/885
f 743/884 668/885 690/886
f 733/883 715/881 686/887
f 733/883 686/887 668/885
f 668/885 686/887 629/888
f 668/885 629/888 612/889
f 686/887 715/881 664/890
f 686/887 664/890 629/888
f 612/889 629/888 602/891
f 602/891 629/888 664/890
f 612/889 602/891 525/892
f 664/890 715/881 708/893
f 708/893 715/881 741/880
f 602/891 664/890 669/894
f 669/894 664/890 708/893
f 708/893 741/880 702/895
f 708/893 702/895 669/894
f 702/895 741/880 731/896
f 702/895 731/896 669/894
f 731/896 741/880 710/897
f 710/897 741/880 724/882
f 710/897 724/882 705/898
f 710/897 705/898 663/899
f 731/896 710/897 644/900
f 644/900 710/897 663/899
f 669/894 731/896 637/901
f 637/901 731/896 644/900
f 644/900 663/899 590/902
f 644/900 590/902 637/901
f 590/902 663/899 507/903
f 590/902 507/903 509/904
f 590/902 509/904 565/905
f 590/902 565/905 637/901
f 637/901 565/905 669/894
f 669/894 565/905 602/891
f 602/891 565/905 525/892
f 525/892 565/905 529/906
f 525/892 529/906 469/907
f 525/892 469/907 468/908
f 468/908 469/907 373/909
f 468/908 373/909 339/910
f 468/908 339/910 460/911
f 1488/912 1489/913 1440/914
f 1440/914 1489/913 1428/915
f 1428/915 1489/913 1311/916
f 1311/916 1489/913 1343/917
f 1489/913 1488/912 1563/918
f 1343/917 1489/913 1450/919
f 1489/913 1563/918 1555/920
f 1489/913 1555/920 1450/919
f 1555/920 1563/918 1547/921
f 1450/919 1555/920 1451/922
f 1450/919 1451/922 1449/923
f 1451/922 1555/920 1557/924
f 1557/924 1555/920 1547/921
f 1451/922 1557/924 1439/925
f 1439/925 1557/924 1301/926
f 1557/924 1547/921 1546/927
f 1546/927 1547/921 1509/928
f 1546/927 1509/928 1483/929
f 1557/924 1546/927 1526/930
f 1557/924 1526/930 1301/926
f 1301/926 1526/930 1231/931
f 1301/926 1231/931 1192/932
f 1192/932 1231/931 1061/933
f 1061/933 1231/931 1380/934
f 1380/934 1231/931 1526/930
f 1380/934 1526/930 1452/935
f 496/936 417/937 432/938
f 496/936 432/938 580/939
f 496/936 580/939 473/940
f 473/940 580/939 541/941
f 473/940 541/941 472/942
f 473/940 472/942 431/943
f 472/942 541/941 579/944
f 305/945 336/946 252/947
f 458/948 305/945 480/949
f 305/945 458/948 336/946
f 294/950 39/951 336/946
f 336/946 39/951 182/952
f 336/946 182/952 285/953
f 285/953 182/952 233/954
f 336/946 285/953 252/947
f 252/947 285/953 393/955
f 252/947 393/955 424/956
f 252/947 424/956 415/957
f 252/947 415/957 197/958
f 415/957 424/956 454/959
f 537/960 465/961 516/962
f 465/961 537/960 432/963
f 432/963 537/960 519/964
f 432/963 519/964 580/965
f 580/965 519/964 579/966
f 579/966 519/964 523/967
f 579/966 523/967 472/968
f 472/968 523/967 431/969
f 431/969 523/967 519/964
f 431/969 519/964 537/960
f 431/969 537/960 499/970
f 431/969 499/970 367/971
f 509/972 460/973 339/974
f 509/972 339/974 529/975
f 509/972 529/975 565/976
f 529/975 339/974 245/977
f 529/975 245/977 357/978
f 357/978 245/977 37/979
f 529/975 357/978 469/980
f 357/978 37/979 227/981
f 357/978 227/981 469/980
f 469/980 227/981 169/982
f 469/980 169/982 373/983
f 373/983 169/982 147/984
f 373/983 147/984 339/985
f 339/985 147/984 245/986
f 170/987 314/988 206/989
f 170/987 206/989 31/990
f 31/990 206/989 174/991
f 206/989 314/988 394/992
f 394/992 314/988 388/993
f 394/992 388/993 524/994
f 394/992 524/994 504/995
f 504/995 524/994 455/996
f 394/992 504/995 355/997
f 355/997 504/995 455/996
f 394/992 355/997 206/989
f 355/997 455/996 259/998
f 355/997 259/998 206/989
f 206/989 259/998 174/991
f 174/991 259/998 196/999
f 174/991 196/999 69/1000
f 69/1000 196/999 966/1001
f 69/1000 966/1001 918/1002
f 966/1001 196/999 3/1003
f 966/1001 3/1003 1115/1004
f 196/999 259/998 243/1005
f 196/999 243/1005 3/1003
f 243/1005 259/998 291/1006
f 3/1003 243/1005 79/1007
f 79/1007 243/1005 291/1006
f 118/1008 120/1009 268/1010
f 268/1010 120/1009 327/1011
f 120/1009 118/1008 982/1012
f 982/1012 118/1008 942/1013
f 120/1009 982/1012 1067/1014
f 982/1012 942/1013 1049/1015
f 120/1009 1067/1014 39/1016
f 120/1009 39/1016 327/1011
f 327/1011 39/1016 294/1017
f 1049/1015 942/1013 923/1018
f 1049/1015 923/1018 995/1019
f 995/1019 923/1018 900/1020
f 900/1020 923/1018 58/1021
f 900/1020 58/1021 82/1022
f 900/1020 82/1022 155/1023
f 201/1024 321/1025 195/1026
f 321/1025 201/1024 161/1027
f 195/1028 176/1029 151/1030
f 151/1030 176/1029 112/1031
f 151/1030 112/1031 225/1032
f 225/1032 112/1031 75/1033
f 75/1033 112/1031 159/1034
f 112/1031 176/1029 893/1035
f 893/1035 176/1029 66/1036
f 893/1035 66/1036 987/1037
f 159/1034 112/1031 89/1038
f 89/1038 112/1031 893/1035
f 159/1034 89/1038 122/1039
f 122/1039 89/1038 57/1040
f 57/1040 89/1038 893/1035
f 57/1040 893/1035 75/1041
f 57/1040 75/1041 138/1042
f 138/1042 75/1041 159/1043
f 220/1044 314/1045 170/1046
f 314/1045 220/1044 297/1047
f 314/1045 297/1047 388/1048
f 388/1048 297/1047 404/1049
f 297/1047 220/1044 281/1050
f 297/1047 281/1050 404/1049
f 388/1048 404/1049 410/1051
f 410/1051 404/1049 281/1050
f 388/1048 410/1051 524/1052
f 524/1052 410/1051 351/1053
f 351/1053 410/1051 335/1054
f 335/1054 410/1051 281/1050
f 335/1054 281/1050 229/1055
f 229/1055 281/1050 191/1056
f 191/1056 281/1050 220/1044
f 229/1055 191/1056 27/1057
f 191/1056 220/1044 119/1058
f 119/1058 220/1044 170/1046
f 27/1057 191/1056 906/1059
f 906/1059 191/1056 119/1058
f 27/1057 906/1059 959/1060
f 27/1057 959/1060 948/1061
f 959/1060 906/1059 1083/1062
f 959/1060 1083/1062 948/1061
f 948/1061 1083/1062 1131/1063
f 1083/1062 906/1059 119/1058
f 1083/1062 119/1058 993/1064
f 44/1065 119/1058 170/1046
f 44/1065 170/1046 31/1066
f 993/1064 119/1058 4/1067
f 4/1067 119/1058 44/1065
f 4/1067 44/1065 31/1066
f 993/1064 4/1067 50/1068
f 4/1067 31/1066 174/1069
f 4/1067 174/1069 50/1068
f 50/1068 174/1069 69/1070
f 301/1071 158/1072 247/1073
f 301/1071 247/1073 401/1074
f 158/1072 301/1071 233/1075
f 158/1072 233/1075 182/1076
f 158/1072 182/1076 345/1077
f 195/1078 151/1079 122/1080
f 122/1080 151/1079 159/1081
f 159/1081 151/1079 225/1082
f 159/1081 225/1082 161/1083
f 161/1083 225/1082 321/1084
f 482/1085 458/1086 467/1087
f 467/1087 458/1086 393/1088
f 393/1088 458/1086 480/1089
f 489/1090 454/1091 480/1089
f 480/1089 454/1091 393/1088
f 393/1088 454/1091 424/1092
f 467/1087 393/1088 323/1093
f 467/1087 323/1093 390/1094
f 390/1094 323/1093 183/1095
f 323/1093 393/1088 415/1096
f 415/1096 393/1088 285/1097
f 415/1096 285/1097 197/1098
f 323/1093 415/1096 301/1099
f 323/1093 301/1099 276/1100
f 276/1100 301/1099 345/1101
f 301/1099 415/1096 233/1102
f 233/1102 415/1096 247/1103
f 247/1103 415/1096 401/1104
f 1229/1105 1190/1106 1212/1107
f 1190/1106 1229/1105 1245/1108
f 1212/1107 1190/1106 1161/1109
f 1190/1106 1245/1108 1294/1110
f 1212/1107 1161/1109 1264/1111
f 1212/1107 1264/1111 1277/1112
f 1212/1107 1277/1112 1295/1113
f 1212/1107 1295/1113 1292/1114
f 1212/1107 1292/1114 1311/1115
f 1294/1110 1245/1108 1313/1116
f 1313/1116 1245/1108 1343/1117
f 1313/1116 1343/1117 1292/1118
f 1313/1116 1292/1118 1295/1119
f 1294/1110 1313/1116 1444/1120
f 1444/1120 1313/1116 1295/1119
f 1294/1110 1444/1120 1451/1121
f 1444/1120 1295/1119 1449/1122
f 1444/1120 1449/1122 1451/1121
f 273/1123 386/1124 371/1125
f 273/1123 371/1125 359/1126
f 273/1123 359/1126 367/1127
f 367/1127 359/1126 419/1128
f 367/1127 419/1128 506/1129
f 367/1127 506/1129 473/1130
f 367/1127 473/1130 431/1131
f 94/1132 201/1133 195/1134
f 201/1133 94/1132 65/1135
f 201/1133 65/1135 161/1136
f 94/1132 195/1134 122/1137
f 94/1132 122/1137 911/1138
f 911/1138 122/1137 21/1139
f 21/1139 122/1137 908/1140
f 599/1141 632/1142 561/1143
f 599/1141 561/1143 539/1144
f 599/1141 539/1144 528/1145
f 599/1141 528/1145 497/1146
f 599/1141 497/1146 511/1147
f 176/1148 156/1149 102/1150
f 156/1149 176/1148 225/1151
f 176/1148 102/1150 66/1152
f 983/1153 987/1154 66/1152
f 983/1153 66/1152 75/1155
f 66/1152 102/1150 153/1156
f 66/1152 153/1156 75/1155
f 153/1156 102/1150 38/1157
f 75/1155 153/1156 225/1158
f 153/1156 38/1157 76/1159
f 153/1156 76/1159 225/1158
f 102/1160 156/1161 128/1162
f 102/1160 128/1162 78/1163
f 102/1160 78/1163 38/1164
f 78/1163 128/1162 194/1165
f 38/1164 78/1163 930/1166
f 78/1163 194/1165 76/1167
f 78/1163 76/1167 930/1166
f 76/1167 194/1165 156/1168
f 76/1167 156/1168 225/1169
f 930/1166 76/1167 40/1170
f 40/1170 76/1167 909/1171
f 930/1166 40/1170 108/1172
f 930/1166 108/1172 1036/1173
f 1036/1173 108/1172 171/1174
f 128/1175 108/1176 194/1177
f 194/1177 108/1176 179/1178
f 179/1178 108/1176 40/1179
f 179/1178 40/1179 909/1180
f 179/1178 909/1180 180/1181
f 180/1181 909/1180 171/1182
f 180/1181 171/1182 254/1183
f 171/1182 909/1180 1036/1184
f 94/1185 911/1186 5/1187
f 122/1188 57/1189 902/1190
f 902/1190 57/1189 56/1191
f 122/1188 902/1190 908/1192
f 902/1190 56/1191 1045/1193
f 1045/1193 56/1191 990/1194
f 902/1190 1045/1193 1053/1195
f 908/1192 902/1190 62/1196
f 62/1196 902/1190 1053/1195
f 62/1196 1053/1195 990/1197
f 908/1192 62/1196 63/1198
f 62/1196 990/1197 56/1199
f 63/1198 62/1196 138/1200
f 138/1200 62/1196 56/1199
f 138/1200 56/1199 57/1201
f 63/1198 138/1200 161/1202
f 161/1202 138/1200 159/1203
f 65/1204 94/1205 5/1206
f 65/1204 5/1206 910/1207
f 65/1204 910/1207 106/1208
f 106/1208 910/1207 140/1209
f 910/1207 5/1206 988/1210
f 988/1210 5/1206 911/1211
f 988/1210 911/1211 945/1212
f 988/1210 945/1212 979/1213
f 988/1210 979/1213 1078/1214
f 988/1210 1078/1214 1140/1215
f 988/1210 1140/1215 1143/1216
f 988/1210 1143/1216 910/1207
f 910/1207 1143/1216 921/1217
f 910/1207 921/1217 140/1209
f 921/1217 1143/1216 1051/1218
f 140/1209 921/1217 53/1219
f 140/1209 53/1219 163/1220
f 163/1220 53/1219 85/1221
f 85/1221 53/1219 168/1222
f 168/1222 53/1219 134/1223
f 134/1223 53/1219 921/1217
f 921/1217 1051/1218 35/1224
f 921/1217 35/1224 134/1223
f 35/1224 1051/1218 1055/1225
f 35/1224 1055/1225 957/1226
f 134/1223 35/1224 129/1227
f 35/1224 957/1226 916/1228
f 35/1224 916/1228 129/1227
f 129/1227 916/1228 953/1229
f 539/1230 561/1231 470/1232
f 470/1232 561/1231 474/1233
f 470/1232 474/1233 420/1234
f 420/1234 474/1233 517/1235
f 517/1235 474/1233 554/1236
f 554/1236 474/1233 483/1237
f 580/1238 579/1239 541/1240
f 326/1241 160/1242 345/1243
f 160/1242 326/1241 276/1244
f 326/1241 345/1243 320/1245
f 320/1245 345/1243 385/1246
f 385/1246 345/1243 301/1247
f 385/1246 301/1247 401/1248
f 385/1246 401/1248 415/1249
f 385/1246 415/1249 454/1250
f 320/1245 385/1246 382/1251
f 320/1245 382/1251 284/1252
f 385/1246 454/1250 568/1253
f 568/1253 454/1250 489/1254
f 284/1252 382/1251 221/1255
f 385/1246 568/1253 475/1256
f 385/1246 475/1256 382/1251
f 475/1256 568/1253 492/1257
f 492/1257 568/1253 546/1258
f 492/1257 546/1258 521/1259
f 475/1256 492/1257 376/1260
f 475/1256 376/1260 382/1251
f 376/1260 492/1257 521/1259
f 382/1251 376/1260 221/1255
f 376/1260 521/1259 213/1261
f 376/1260 213/1261 221/1255
f 213/1261 521/1259 390/1262
f 221/1255 213/1261 928/1263
f 221/1255 928/1263 1/1264
f 1/1264 928/1263 1129/1265
f 216/1266 135/1267 64/1268
f 216/1266 64/1268 238/1269
f 238/1269 64/1268 890/1270
f 238/1269 890/1270 189/1271
f 189/1271 890/1270 74/1272
f 74/1272 890/1270 961/1273
f 74/1272 961/1273 115/1274
f 74/1272 115/1274 189/1271
f 238/1269 189/1271 349/1275
f 238/1269 349/1275 392/1276
f 392/1276 349/1275 372/1277
f 372/1277 349/1275 312/1278
f 349/1275 189/1271 289/1279
f 349/1275 289/1279 312/1278
f 289/1279 189/1271 290/1280
f 289/1279 290/1280 312/1278
f 290/1280 189/1271 115/1274
f 312/1278 290/1280 249/1281
f 249/1281 290/1280 236/1282
f 236/1282 290/1280 115/1274
f 236/1282 115/1274 107/1283
f 236/1282 107/1283 181/1284
f 898/1285 115/1274 961/1273
f 115/1274 898/1285 107/1283
f 898/1285 961/1273 1028/1286
f 898/1285 1028/1286 940/1287
f 898/1285 940/1287 107/1283
f 940/1287 1028/1286 1108/1288
f 181/1284 107/1283 42/1289
f 42/1289 107/1283 940/1287
f 181/1284 42/1289 36/1290
f 36/1290 42/1289 940/1287
f 181/1284 36/1290 188/1291
f 940/1287 1108/1288 994/1292
f 940/1287 994/1292 36/1290
f 188/1291 36/1290 137/1293
f 137/1293 36/1290 61/1294
f 61/1294 36/1290 949/1295
f 994/1292 1108/1288 1058/1296
f 994/1292 1058/1296 36/1290
f 36/1290 1058/1296 949/1295
f 1058/1296 1108/1288 1193/1297
f 1058/1296 1193/1297 949/1295
f 949/1295 1193/1297 1073/1298
f 46/1299 161/1300 65/1301
f 46/1299 65/1301 106/1302
f 46/1299 106/1302 60/1303
f 945/1304 897/1305 46/1299
f 945/1304 46/1299 60/1303
f 945/1304 60/1303 979/1306
f 979/1306 60/1303 34/1307
f 34/1307 60/1303 192/1308
f 34/1307 192/1308 173/1309
f 60/1303 106/1302 292/1310
f 60/1303 292/1310 192/1308
f 192/1308 292/1310 173/1309
f 173/1309 292/1310 224/1311
f 224/1311 292/1310 263/1312
f 263/1312 292/1310 275/1313
f 263/1312 275/1313 315/1314
f 275/1313 292/1310 338/1315
f 338/1315 292/1310 396/1316
f 897/1317 21/1318 105/1319
f 897/1317 105/1319 161/1320
f 161/1320 105/1319 63/1321
f 105/1319 21/1318 1258/1322
f 63/1321 105/1319 1139/1323
f 1139/1323 105/1319 1258/1322
f 63/1321 1139/1323 1145/1324
f 1258/1322 21/1318 908/1325
f 1258/1322 908/1325 1230/1326
f 1230/1326 908/1325 63/1327
f 1230/1326 63/1327 1145/1328
f 82/1329 39/1330 250/1331
f 82/1329 250/1331 155/1332
f 250/1331 39/1330 209/1333
f 209/1333 39/1330 155/1334
f 155/1334 39/1330 900/1335
f 900/1335 39/1330 947/1336
f 945/1337 911/1338 897/1339
f 897/1339 911/1338 21/1340
f 46/1341 897/1342 161/1343
f 900/1344 947/1345 995/1346
f 995/1346 947/1345 1089/1347
f 995/1346 1089/1347 1049/1348
f 1089/1347 947/1345 1003/1349
f 1049/1348 1089/1347 1175/1350
f 1049/1348 1175/1350 982/1351
f 982/1351 1175/1350 1297/1352
f 982/1351 1297/1352 1067/1353
f 1297/1352 1175/1350 1217/1354
f 1217/1354 1175/1350 1089/1347
f 1297/1352 1217/1354 1267/1355
f 978/1356 1003/1349 947/1345
f 978/1356 947/1345 39/1357
f 978/1356 39/1357 1067/1358
f 1062/1359 1089/1347 1003/1349
f 1089/1347 1062/1359 1217/1354
f 1062/1359 1003/1349 978/1356
f 1124/1360 1267/1355 1217/1354
f 1124/1360 1217/1354 1062/1359
f 1267/1355 1124/1360 1199/1361
f 978/1356 1067/1358 1044/1362
f 978/1356 1044/1362 1062/1359
f 1062/1359 1044/1362 1124/1360
f 1124/1360 1044/1362 1199/1361
f 1044/1362 1067/1358 1195/1363
f 1044/1362 1195/1363 1199/1361
f 1295/1364 1460/1365 1449/1366
f 1460/1365 1295/1364 1277/1367
f 1460/1365 1277/1367 1401/1368
f 1401/1368 1277/1367 1451/1369
f 1451/1369 1277/1367 1294/1370
f 99/1371 938/1372 52/1373
f 52/1373 938/1372 890/1374
f 890/1374 938/1372 961/1375
f 99/1371 52/1373 205/1376
f 938/1372 99/1371 895/1377
f 938/1372 895/1377 961/1375
f 99/1371 205/1376 164/1378
f 99/1371 164/1378 895/1377
f 961/1375 895/1377 992/1379
f 961/1375 992/1379 1028/1380
f 992/1379 895/1377 13/1381
f 13/1381 895/1377 164/1378
f 1028/1380 992/1379 986/1382
f 986/1382 992/1379 13/1381
f 1028/1380 986/1382 1034/1383
f 1028/1380 1034/1383 1108/1384
f 986/1382 13/1381 68/1385
f 986/1382 68/1385 1034/1383
f 68/1385 13/1381 164/1378
f 1108/1384 1034/1383 1080/1386
f 1108/1384 1080/1386 1193/1387
f 1080/1386 1034/1383 907/1388
f 907/1388 1034/1383 68/1385
f 1080/1386 907/1388 932/1389
f 932/1389 907/1388 68/1385
f 1193/1387 1080/1386 1166/1390
f 1166/1390 1080/1386 932/1389
f 1193/1387 1166/1390 1073/1391
f 1073/1391 1166/1390 931/1392
f 1166/1390 932/1389 1030/1393
f 1166/1390 1030/1393 931/1392
f 931/1392 1030/1393 932/1389
f 931/1392 932/1389 177/1394
f 177/1394 932/1389 68/1385
f 931/1392 177/1394 80/1395
f 61/1396 80/1395 137/1397
f 137/1397 80/1395 177/1394
f 137/1397 177/1394 188/1398
f 188/1398 177/1394 181/1399
f 177/1394 68/1385 193/1400
f 177/1394 193/1400 181/1399
f 193/1400 68/1385 248/1401
f 193/1400 248/1401 181/1399
f 181/1399 248/1401 236/1402
f 248/1401 68/1385 164/1378
f 236/1402 248/1401 249/1403
f 249/1403 248/1401 164/1378
f 249/1403 164/1378 312/1404
f 312/1404 164/1378 205/1376
f 312/1404 205/1376 372/1405
f 372/1405 205/1376 218/1406
f 372/1405 218/1406 392/1407
f 968/1408 38/1409 930/1410
f 968/1408 930/1410 1035/1411
f 1035/1411 930/1410 1036/1412
f 1035/1411 1036/1412 1200/1413
f 1200/1413 1036/1412 1082/1414
f 1082/1414 1036/1412 976/1415
f 976/1415 1036/1412 909/1416
f 976/1415 909/1416 76/1417
f 976/1415 76/1417 38/1418
f 976/1415 38/1418 968/1419
f 447/1420 539/1421 470/1422
f 539/1421 447/1420 528/1423
f 447/1420 470/1422 428/1424
f 447/1420 428/1424 378/1425
f 378/1425 428/1424 440/1426
f 440/1426 428/1424 341/1427
f 440/1426 341/1427 405/1428
f 440/1426 405/1428 497/1429
f 497/1429 405/1428 481/1430
f 497/1429 481/1430 511/1431
f 440/1426 497/1429 438/1432
f 440/1426 438/1432 378/1425
f 438/1432 497/1429 425/1433
f 438/1432 425/1433 354/1434
f 438/1432 354/1434 405/1435
f 438/1432 405/1435 378/1425
f 405/1435 354/1434 242/1436
f 378/1425 405/1435 341/1437
f 378/1425 341/1437 306/1438
f 306/1438 341/1437 223/1439
f 554/1440 499/1441 599/1442
f 499/1441 554/1440 494/1443
f 499/1441 494/1443 416/1444
f 494/1443 554/1440 483/1445
f 416/1444 494/1443 439/1446
f 494/1443 483/1445 420/1447
f 420/1447 483/1445 330/1448
f 494/1443 420/1447 517/1449
f 494/1443 517/1449 439/1446
f 439/1446 517/1449 437/1450
f 437/1450 517/1449 511/1451
f 511/1451 517/1449 599/1452
f 599/1452 517/1449 554/1453
f 893/1454 987/1455 1008/1456
f 893/1454 1008/1456 75/1457
f 1008/1456 987/1455 1035/1458
f 1035/1458 987/1455 983/1459
f 1035/1458 983/1459 968/1460
f 1008/1456 1035/1458 1119/1461
f 1119/1461 1035/1458 1200/1462
f 163/1463 235/1464 140/1465
f 235/1464 163/1463 226/1466
f 235/1464 226/1466 272/1467
f 140/1465 235/1464 271/1468
f 140/1465 271/1468 106/1469
f 235/1464 272/1467 241/1470
f 235/1464 241/1470 271/1468
f 241/1470 272/1467 198/1471
f 241/1470 198/1471 168/1472
f 106/1469 271/1468 292/1473
f 241/1470 168/1472 212/1474
f 241/1470 212/1474 271/1468
f 212/1474 168/1472 134/1475
f 212/1474 134/1475 244/1476
f 212/1474 244/1476 271/1468
f 244/1476 134/1475 129/1477
f 244/1476 129/1477 203/1478
f 346/1479 292/1473 271/1468
f 346/1479 271/1468 244/1476
f 292/1473 346/1479 396/1480
f 396/1480 346/1479 412/1481
f 346/1479 244/1476 328/1482
f 328/1482 244/1476 203/1478
f 412/1481 346/1479 329/1483
f 329/1483 346/1479 328/1482
f 329/1483 328/1482 203/1478
f 329/1483 203/1478 228/1484
f 329/1483 228/1484 224/1485
f 329/1483 224/1485 315/1486
f 254/1487 367/1488 330/1489
f 330/1489 367/1488 356/1490
f 330/1489 356/1490 207/1491
f 330/1489 207/1491 267/1492
f 207/1491 356/1490 178/1493
f 209/1494 155/1495 261/1496
f 209/1494 261/1496 183/1497
f 183/1497 261/1496 320/1498
f 261/1496 155/1495 250/1499
f 261/1496 250/1499 320/1498
f 320/1498 250/1499 326/1500
f 326/1500 250/1499 276/1501
f 276/1501 250/1499 209/1502
f 276/1501 209/1502 323/1503
f 323/1503 209/1502 183/1504
f 229/1505 260/1506 335/1507
f 260/1506 229/1505 139/1508
f 139/1508 229/1505 11/1509
f 11/1509 229/1505 27/1510
f 11/1509 27/1510 948/1511
f 139/1508 11/1509 955/1512
f 955/1512 11/1509 948/1511
f 260/1506 139/1508 127/1513
f 127/1513 139/1508 955/1512
f 310/1514 335/1507 260/1506
f 310/1514 260/1506 127/1513
f 127/1513 955/1512 111/1515
f 127/1513 111/1515 310/1514
f 955/1512 948/1511 20/1516
f 955/1512 20/1516 111/1515
f 111/1515 20/1516 310/1514
f 20/1516 948/1511 926/1517
f 348/1518 335/1507 310/1514
f 335/1507 348/1518 351/1519
f 310/1514 20/1516 81/1520
f 81/1520 20/1516 926/1517
f 348/1518 310/1514 210/1521
f 348/1518 210/1521 351/1519
f 210/1521 310/1514 81/1520
f 351/1519 210/1521 167/1522
f 167/1522 210/1521 81/1520
f 81/1520 926/1517 215/1523
f 167/1522 81/1520 47/1524
f 81/1520 215/1523 117/1525
f 81/1520 117/1525 47/1524
f 470/1526 420/1527 369/1528
f 470/1526 369/1528 360/1529
f 360/1529 369/1528 293/1530
f 293/1530 369/1528 267/1531
f 267/1531 369/1528 439/1532
f 267/1531 439/1532 437/1533
f 267/1531 437/1533 309/1534
f 293/1530 267/1531 207/1535
f 293/1530 207/1535 231/1536
f 231/1536 207/1535 186/1537
f 186/1537 207/1535 67/1538
f 67/1538 207/1535 178/1539
f 67/1538 178/1539 17/1540
f 186/1537 67/1538 165/1541
f 186/1537 165/1541 223/1542
f 223/1542 165/1541 306/1543
f 980/1544 75/1545 1008/1546
f 75/1545 980/1544 983/1547
f 980/1544 1008/1546 1045/1548
f 1045/1548 1008/1546 1053/1549
f 980/1544 1045/1548 990/1550
f 980/1544 990/1550 1082/1551
f 980/1544 1082/1551 983/1547
f 983/1547 1082/1551 976/1552
f 983/1547 976/1552 968/1553
f 116/1554 226/1555 163/1556
f 226/1555 116/1554 166/1557
f 226/1555 166/1557 272/1558
f 116/1554 163/1556 886/1559
f 272/1558 166/1557 142/1560
f 98/1561 198/1562 272/1558
f 98/1561 272/1558 142/1560
f 98/1561 142/1560 7/1563
f 7/1563 142/1560 999/1564
f 999/1564 142/1560 887/1565
f 999/1564 887/1565 1116/1566
f 142/1560 166/1557 920/1567
f 142/1560 920/1567 887/1565
f 887/1565 920/1567 1116/1566
f 920/1567 166/1557 116/1554
f 1116/1566 920/1567 971/1568
f 971/1568 920/1567 116/1554
f 971/1568 116/1554 886/1559
f 1116/1566 971/1568 1169/1569
f 1169/1569 971/1568 886/1559
f 1169/1569 886/1559 977/1570
f 1169/1569 977/1570 1194/1571
f 977/1570 886/1559 6/1572
f 6/1572 886/1559 163/1556
f 6/1572 163/1556 85/1573
f 6/1572 85/1573 84/1574
f 6/1572 84/1574 977/1570
f 84/1574 85/1573 168/1575
f 84/1574 168/1575 198/1576
f 84/1574 198/1576 98/1577
f 977/1570 84/1574 958/1578
f 958/1578 84/1574 98/1577
f 977/1570 958/1578 1194/1571
f 958/1578 98/1577 7/1579
f 1194/1571 958/1578 1084/1580
f 1084/1580 958/1578 7/1579
f 1190/1581 1294/1582 1192/1583
f 1190/1581 1192/1583 1161/1584
f 1161/1584 1192/1583 1004/1585
f 1192/1583 1294/1582 1301/1586
f 1301/1586 1294/1582 1277/1587
f 420/1588 330/1589 369/1590
f 369/1590 330/1589 358/1591
f 358/1591 330/1589 267/1592
f 369/1590 358/1591 439/1593
f 358/1591 267/1592 416/1594
f 358/1591 416/1594 439/1593
f 147/1595 169/1596 54/1597
f 147/1595 54/1597 954/1598
f 147/1595 954/1598 245/1599
f 245/1599 954/1598 37/1600
f 954/1598 54/1597 1047/1601
f 1047/1601 54/1597 1048/1602
f 1048/1602 54/1597 169/1596
f 1047/1601 1048/1602 1185/1603
f 1048/1602 169/1596 984/1604
f 984/1604 169/1596 227/1605
f 984/1604 227/1605 37/1606
f 1048/1602 984/1604 1102/1607
f 1102/1607 984/1604 936/1608
f 1185/1603 1048/1602 1145/1609
f 1145/1609 1048/1602 1102/1607
f 1185/1603 1145/1609 1139/1610
f 1145/1609 1102/1607 1178/1611
f 1145/1609 1178/1611 1230/1612
f 1230/1612 1178/1611 1244/1613
f 1230/1612 1244/1613 1258/1614
f 583/1615 530/1616 524/1617
f 524/1617 530/1616 455/1618
f 455/1618 530/1616 456/1619
f 428/1620 470/1621 511/1622
f 511/1622 470/1621 360/1623
f 428/1620 511/1622 481/1624
f 1401/1625 1392/1626 1460/1627
f 1460/1627 1392/1626 1409/1628
f 1460/1627 1409/1628 1483/1629
f 1392/1626 1401/1625 1439/1630
f 1439/1630 1401/1625 1451/1631
f 364/1632 447/1633 378/1634
f 447/1633 364/1632 407/1635
f 364/1632 378/1634 308/1636
f 364/1632 308/1636 275/1637
f 308/1636 378/1634 322/1638
f 322/1638 378/1634 362/1639
f 390/1640 183/1641 213/1642
f 213/1642 183/1641 90/1643
f 213/1642 90/1643 889/1644
f 213/1642 889/1644 928/1645
f 928/1645 889/1644 1037/1646
f 1037/1646 889/1644 919/1647
f 889/1644 90/1643 145/1648
f 889/1644 145/1648 919/1647
f 145/1648 90/1643 183/1641
f 919/1647 145/1648 95/1649
f 919/1647 95/1649 946/1650
f 145/1648 183/1641 284/1651
f 284/1651 183/1641 320/1652
f 95/1649 145/1648 202/1653
f 202/1653 145/1648 284/1651
f 95/1649 202/1653 1/1654
f 202/1653 284/1651 221/1655
f 202/1653 221/1655 1/1654
f 1019/1656 969/1657 1017/1658
f 1017/1658 969/1657 1090/1659
f 1017/1658 1090/1659 1111/1660
f 1090/1659 969/1657 1043/1661
f 1043/1661 969/1657 1020/1662
f 1043/1661 1020/1662 1096/1663
f 1043/1661 1096/1663 1222/1664
f 1043/1661 1222/1664 1090/1659
f 1222/1664 1096/1663 1265/1665
f 1222/1664 1265/1665 1331/1666
f 1090/1659 1222/1664 1146/1667
f 1090/1659 1146/1667 1111/1660
f 1146/1667 1222/1664 1165/1668
f 1146/1667 1165/1668 1096/1669
f 1146/1667 1096/1669 1111/1660
f 1111/1660 1096/1669 1020/1670
f 407/1671 528/1672 447/1673
f 528/1672 407/1671 497/1674
f 899/1675 896/1676 1009/1677
f 1009/1677 896/1676 997/1678
f 899/1675 1009/1677 1022/1679
f 1022/1679 1009/1677 997/1678
f 896/1676 899/1675 69/1680
f 896/1676 69/1680 997/1678
f 899/1675 1022/1679 894/1681
f 899/1675 894/1681 69/1680
f 894/1681 1022/1679 991/1682
f 991/1682 1022/1679 997/1678
f 997/1678 69/1680 956/1683
f 997/1678 956/1683 991/1682
f 956/1683 69/1680 918/1684
f 991/1682 956/1683 975/1685
f 991/1682 975/1685 1130/1686
f 1130/1686 975/1685 1071/1687
f 975/1685 956/1683 86/1688
f 86/1688 956/1683 110/1689
f 1071/1687 975/1685 996/1690
f 1071/1687 996/1690 1228/1691
f 86/1688 110/1689 175/1692
f 975/1685 86/1688 49/1693
f 975/1685 49/1693 996/1690
f 86/1688 175/1692 208/1694
f 49/1693 86/1688 154/1695
f 154/1695 86/1688 208/1694
f 208/1694 175/1692 274/1696
f 208/1694 274/1696 154/1695
f 274/1696 175/1692 230/1697
f 49/1693 154/1695 130/1698
f 152/1699 996/1690 49/1693
f 152/1699 49/1693 130/1698
f 996/1690 152/1699 1023/1700
f 1023/1700 152/1699 131/1701
f 274/1696 230/1697 152/1699
f 131/1701 152/1699 303/1702
f 303/1702 152/1699 230/1697
f 303/1702 230/1697 291/1703
f 303/1702 291/1703 259/1704
f 152/1699 130/1698 185/1705
f 152/1699 185/1705 274/1696
f 185/1705 130/1698 154/1695
f 257/1706 154/1695 274/1696
f 154/1695 257/1706 185/1705
f 185/1705 257/1706 274/1696
f 1019/1707 1017/1708 1140/1709
f 1019/1707 1140/1709 1078/1710
f 1140/1709 1017/1708 1198/1711
f 1198/1711 1017/1708 1111/1712
f 1140/1709 1198/1711 1143/1713
f 1306/1714 1051/1715 1143/1713
f 1306/1714 1143/1713 1253/1716
f 1253/1716 1143/1713 1198/1711
f 1198/1711 1111/1712 1133/1717
f 1198/1711 1133/1717 1253/1716
f 1253/1716 1133/1717 1177/1718
f 1133/1717 1111/1712 1020/1719
f 1177/1718 1133/1717 1232/1720
f 1133/1717 1020/1719 1019/1721
f 1019/1721 1020/1719 969/1722
f 1133/1717 1019/1721 1078/1723
f 1133/1717 1078/1723 979/1724
f 1133/1717 979/1724 1232/1720
f 1232/1720 979/1724 34/1725
f 383/1726 356/1727 367/1728
f 383/1726 367/1728 499/1729
f 383/1726 499/1729 279/1730
f 383/1726 279/1730 356/1727
f 356/1727 279/1730 178/1731
f 1053/1732 1008/1733 1119/1734
f 1053/1732 1119/1734 990/1735
f 990/1735 1119/1734 1070/1736
f 1070/1736 1119/1734 1244/1737
f 990/1735 1070/1736 1082/1738
f 1070/1736 1244/1737 1178/1739
f 1082/1738 1070/1736 1279/1740
f 1279/1740 1070/1736 1178/1739
f 303/1741 259/1742 455/1743
f 303/1741 455/1743 456/1744
f 303/1741 456/1744 333/1745
f 303/1741 333/1745 131/1746
f 131/1746 333/1745 1023/1747
f 511/1748 360/1749 437/1750
f 437/1750 360/1749 428/1751
f 437/1750 428/1751 481/1752
f 428/1751 360/1749 293/1753
f 428/1751 293/1753 368/1754
f 428/1751 368/1754 341/1755
f 368/1754 293/1753 400/1756
f 368/1754 400/1756 405/1757
f 400/1756 293/1753 350/1758
f 405/1757 400/1756 481/1759
f 481/1759 400/1756 350/1758
f 481/1759 350/1758 437/1760
f 1264/1761 1301/1762 1277/1763
f 1301/1762 1264/1761 1392/1764
f 1301/1762 1392/1764 1439/1765
f 1392/1764 1264/1761 1409/1766
f 1409/1766 1264/1761 1161/1767
f 1409/1766 1161/1767 1126/1768
f 1126/1768 1161/1767 1004/1769
f 1409/1766 1126/1768 1461/1770
f 1461/1770 1126/1768 1162/1771
f 1162/1771 1126/1768 1042/1772
f 1461/1770 1162/1771 1213/1773
f 1213/1773 1162/1771 1156/1774
f 1156/1774 1162/1771 1110/1775
f 50/1776 69/1777 894/1778
f 1130/1779 894/1778 991/1780
f 894/1778 1130/1779 1197/1781
f 894/1778 1197/1781 50/1776
f 1197/1781 1130/1779 1304/1782
f 50/1776 1197/1781 1266/1783
f 50/1776 1266/1783 993/1784
f 993/1784 1266/1783 1179/1785
f 993/1784 1179/1785 1083/1786
f 1083/1786 1179/1785 1255/1787
f 1255/1787 1179/1785 1266/1783
f 1083/1786 1255/1787 1174/1788
f 1255/1787 1266/1783 1369/1789
f 1369/1789 1266/1783 1197/1781
f 1369/1789 1197/1781 1304/1782
f 1369/1789 1304/1782 1522/1790
f 1522/1790 1304/1782 1372/1791
f 1254/1792 1369/1789 1434/1793
f 1434/1793 1369/1789 1522/1790
f 1522/1790 1372/1791 1389/1794
f 1434/1793 1522/1790 1585/1795
f 1434/1793 1585/1795 1566/1796
f 1585/1795 1522/1790 1415/1797
f 1415/1797 1522/1790 1389/1794
f 1585/1795 1415/1797 1474/1798
f 1474/1798 1415/1797 1517/1799
f 1517/1799 1415/1797 1389/1794
f 1517/1799 1389/1794 1573/1800
f 444/1801 497/1802 407/1803
f 497/1802 444/1801 425/1804
f 425/1804 444/1801 387/1805
f 162/1806 998/1807 101/1808
f 998/1807 162/1806 888/1809
f 888/1809 162/1806 93/1810
f 101/1808 998/1807 1021/1811
f 1021/1811 998/1807 1158/1812
f 101/1808 1021/1811 71/1813
f 71/1813 1021/1811 1032/1814
f 71/1813 1032/1814 93/1815
f 93/1815 1032/1814 1046/1816
f 93/1815 1046/1816 888/1817
f 888/1817 1046/1816 998/1818
f 389/1819 524/1820 351/1821
f 389/1819 351/1821 117/1822
f 117/1822 351/1821 167/1823
f 117/1822 167/1823 47/1824
f 524/1820 389/1819 533/1825
f 524/1820 533/1825 583/1826
f 533/1825 389/1819 456/1827
f 533/1825 456/1827 583/1826
f 456/1827 389/1819 333/1828
f 583/1826 456/1827 530/1829
f 1119/1830 1200/1831 1244/1832
f 1244/1832 1200/1831 1293/1833
f 1244/1832 1293/1833 1376/1834
f 1293/1833 1200/1831 1279/1835
f 1293/1833 1279/1835 1376/1834
f 1279/1835 1200/1831 1082/1836
f 1376/1834 1279/1835 1283/1837
f 1283/1837 1279/1835 1093/1838
f 1283/1837 1093/1838 1081/1839
f 1093/1838 1279/1835 1102/1840
f 1102/1840 1279/1835 1178/1841
f 1093/1838 1102/1840 936/1842
f 1093/1838 936/1842 941/1843
f 1093/1838 941/1843 1081/1839
f 1081/1839 941/1843 922/1844
f 396/1845 407/1846 364/1847
f 407/1846 396/1845 444/1848
f 396/1849 364/1850 338/1851
f 338/1851 364/1850 275/1852
f 416/1853 279/1854 499/1855
f 279/1854 416/1853 309/1856
f 309/1856 416/1853 267/1857
f 279/1854 309/1856 184/1858
f 279/1854 184/1858 178/1859
f 178/1859 184/1858 17/1860
f 378/1861 306/1862 362/1863
f 362/1863 306/1862 425/1864
f 425/1864 306/1862 354/1865
f 354/1865 306/1862 232/1866
f 232/1866 306/1862 165/1867
f 232/1866 165/1867 322/1868
f 926/1869 948/1870 1131/1871
f 926/1869 1131/1871 1060/1872
f 1060/1872 1131/1871 1134/1873
f 1083/1874 1174/1875 1131/1871
f 1131/1871 1174/1875 1255/1876
f 1131/1871 1255/1876 1254/1877
f 1131/1871 1254/1877 1134/1873
f 1254/1877 1255/1876 1369/1878
f 1134/1873 1254/1877 1385/1879
f 1134/1873 1385/1879 1085/1880
f 1085/1880 1385/1879 1213/1881
f 1213/1881 1385/1879 1461/1882
f 1199/1883 1347/1884 1267/1885
f 1267/1885 1347/1884 1297/1886
f 1297/1886 1347/1884 1416/1887
f 1347/1884 1199/1883 1314/1888
f 1314/1888 1199/1883 1195/1889
f 1416/1887 1347/1884 1432/1890
f 1432/1890 1347/1884 1314/1888
f 1416/1887 1432/1890 1521/1891
f 1314/1888 1195/1889 1384/1892
f 1314/1888 1384/1892 1432/1890
f 1521/1891 1432/1890 1514/1893
f 1514/1893 1432/1890 1384/1892
f 1521/1891 1514/1893 1608/1894
f 1384/1892 1195/1889 1391/1895
f 1391/1895 1195/1889 1362/1896
f 1391/1895 1362/1896 1471/1897
f 1384/1892 1391/1895 1531/1898
f 1514/1893 1384/1892 1625/1899
f 1625/1899 1384/1892 1531/1898
f 1514/1893 1625/1899 1608/1894
f 1625/1899 1531/1898 1599/1900
f 1608/1894 1625/1899 1636/1901
f 1608/1894 1636/1901 1645/1902
f 918/1903 966/1904 1007/1905
f 956/1906 918/1903 110/1907
f 110/1907 918/1903 1007/1905
f 110/1907 1007/1905 1065/1908
f 1007/1905 966/1904 1095/1909
f 1095/1909 966/1904 1188/1910
f 1065/1908 1007/1905 1153/1911
f 1153/1911 1007/1905 1095/1909
f 1153/1911 1095/1909 1196/1912
f 1196/1912 1095/1909 1173/1913
f 1196/1912 1173/1913 1274/1914
f 1153/1911 1196/1912 1358/1915
f 1153/1911 1358/1915 1205/1916
f 1065/1908 1153/1911 1325/1917
f 1325/1917 1153/1911 1205/1916
f 1325/1917 1205/1916 1358/1915
f 1065/1908 1325/1917 1339/1918
f 1339/1918 1325/1917 1358/1915
f 308/1919 322/1920 282/1921
f 308/1919 282/1921 48/1922
f 48/1922 282/1921 33/1923
f 33/1923 282/1921 114/1924
f 114/1924 282/1921 342/1925
f 114/1924 342/1925 125/1926
f 114/1924 125/1926 109/1927
f 114/1924 109/1927 33/1923
f 48/1922 33/1923 15/1928
f 48/1922 15/1928 41/1929
f 15/1928 33/1923 984/1930
f 984/1930 33/1923 936/1931
f 41/1929 15/1928 929/1932
f 929/1932 15/1928 984/1930
f 41/1929 929/1932 30/1933
f 929/1932 984/1930 37/1934
f 322/1935 298/1936 282/1937
f 298/1936 322/1935 172/1938
f 172/1938 322/1935 165/1939
f 282/1937 298/1936 353/1940
f 353/1940 298/1936 172/1938
f 282/1937 353/1940 342/1941
f 353/1940 172/1938 234/1942
f 342/1941 353/1940 425/1943
f 353/1940 234/1942 334/1944
f 353/1940 334/1944 425/1943
f 334/1944 234/1942 232/1945
f 425/1943 334/1944 362/1946
f 334/1944 232/1945 322/1947
f 334/1944 322/1947 362/1946
f 396/1948 412/1949 444/1950
f 444/1950 412/1949 387/1951
f 387/1951 412/1949 329/1952
f 387/1951 329/1952 315/1953
f 387/1951 315/1953 318/1954
f 318/1954 315/1953 275/1955
f 318/1954 275/1955 308/1956
f 341/1957 368/1958 223/1959
f 223/1959 368/1958 405/1960
f 223/1959 405/1960 242/1961
f 1165/1962 1222/1963 1262/1964
f 1262/1964 1222/1963 1303/1965
f 1303/1965 1222/1963 1331/1966
f 1262/1964 1303/1965 1302/1967
f 1302/1967 1303/1965 1286/1968
f 1165/1962 1262/1964 1171/1969
f 1171/1969 1262/1964 1241/1970
f 1165/1962 1171/1969 1154/1971
f 1165/1962 1154/1971 1096/1972
f 1154/1971 1171/1969 1167/1973
f 1167/1973 1171/1969 1184/1974
f 1096/1972 1154/1971 1284/1975
f 1096/1972 1284/1975 1265/1976
f 1154/1971 1167/1973 1208/1977
f 1154/1971 1208/1977 1284/1975
f 1208/1977 1167/1973 1256/1978
f 1284/1975 1208/1977 1303/1979
f 1208/1977 1256/1978 1286/1980
f 1208/1977 1286/1980 1303/1979
f 308/1981 377/1982 318/1983
f 318/1983 377/1982 387/1984
f 387/1984 377/1982 425/1985
f 425/1985 377/1982 342/1986
f 342/1986 377/1982 125/1987
f 125/1987 377/1982 308/1981
f 125/1987 308/1981 48/1988
f 125/1987 48/1988 41/1989
f 125/1987 41/1989 123/1990
f 123/1990 41/1989 187/1991
f 187/1991 41/1989 133/1992
f 133/1992 41/1989 113/1993
f 113/1993 41/1989 30/1994
f 113/1993 30/1994 16/1995
f 230/1996 149/1997 291/1998
f 291/1998 149/1997 79/1999
f 149/1997 230/1996 175/2000
f 149/1997 175/2000 110/2001
f 1337/2002 1385/2003 1254/2004
f 1337/2002 1254/2004 1434/2005
f 1337/2002 1434/2005 1385/2003
f 1385/2003 1434/2005 1504/2006
f 1504/2006 1434/2005 1566/2007
f 1385/2003 1504/2006 1461/2008
f 1139/2009 1258/2010 1185/2011
f 1244/2012 1376/2013 1258/2010
f 1258/2010 1376/2013 1331/2014
f 1258/2010 1331/2014 1265/2015
f 1258/2010 1265/2015 1185/2011
f 1185/2011 1265/2015 1283/2016
f 1185/2011 1283/2016 1081/2017
f 1185/2011 1081/2017 1041/2018
f 1185/2011 1041/2018 1047/2019
f 1047/2019 1041/2018 954/2020
f 954/2020 1041/2018 37/2021
f 1041/2018 1081/2017 922/2022
f 37/2021 1041/2018 929/2023
f 929/2023 1041/2018 922/2022
f 929/2023 922/2022 30/2024
f 1067/2025 1297/2026 1362/2027
f 1067/2025 1362/2027 1195/2028
f 1362/2027 1297/2026 1416/2029
f 1362/2027 1416/2029 1521/2030
f 1409/2031 1461/2032 1483/2033
f 1483/2033 1461/2032 1504/2034
f 1483/2033 1504/2034 1546/2035
f 1546/2035 1504/2034 1586/2036
f 1586/2036 1504/2034 1544/2037
f 1586/2036 1544/2037 1566/2038
f 1241/2039 1262/2040 1382/2041
f 1184/2042 1171/2043 1241/2039
f 1184/2042 1241/2039 1307/2044
f 1307/2044 1241/2039 1375/2045
f 1375/2045 1241/2039 1382/2041
f 1382/2041 1262/2040 1302/2046
f 1382/2041 1302/2046 1352/2047
f 1352/2047 1302/2046 1411/2048
f 1375/2045 1382/2041 1424/2049
f 1375/2045 1424/2049 1467/2050
f 1382/2041 1352/2047 1458/2051
f 1458/2051 1352/2047 1411/2048
f 1382/2041 1458/2051 1424/2049
f 1411/2048 1302/2046 1393/2052
f 1411/2048 1393/2052 1458/2051
f 1458/2051 1393/2052 1424/2049
f 1393/2052 1302/2046 1286/2053
f 1393/2052 1286/2053 1256/2054
f 1393/2052 1256/2054 1350/2055
f 1393/2052 1350/2055 1419/2056
f 1393/2052 1419/2056 1424/2049
f 1419/2056 1350/2055 1284/2057
f 1419/2056 1284/2057 1390/2058
f 1419/2056 1390/2058 1424/2049
f 1390/2058 1284/2057 1303/2059
f 1390/2058 1303/2059 1331/2060
f 1390/2058 1331/2060 1376/2061
f 1390/2058 1376/2061 1518/2062
f 1390/2058 1518/2062 1424/2049
f 1424/2049 1518/2062 1467/2050
f 1467/2050 1518/2062 1520/2063
f 1430/2064 1344/2065 1520/2063
f 1430/2064 1520/2063 1510/2066
f 1510/2066 1520/2063 1518/2062
f 1430/2064 1510/2066 1441/2067
f 1441/2067 1510/2066 1523/2068
f 1523/2068 1510/2066 1527/2069
f 1527/2069 1510/2066 1518/2062
f 1527/2069 1518/2062 1443/2070
f 1527/2069 1443/2070 1457/2071
f 1055/2072 1051/2073 1272/2074
f 1055/2072 1272/2074 1249/2075
f 1055/2072 1249/2075 1077/2076
f 1249/2075 1272/2074 1345/2077
f 1055/2072 1077/2076 957/2078
f 957/2078 1077/2076 1092/2079
f 957/2078 1092/2079 944/2080
f 957/2078 944/2080 916/2081
f 1345/2077 1272/2074 1327/2082
f 1360/2083 1272/2074 1051/2073
f 1272/2074 1360/2083 1327/2082
f 1360/2083 1051/2073 1306/2084
f 1327/2082 1360/2083 1520/2085
f 1327/2082 1520/2085 1344/2086
f 1520/2085 1360/2083 1467/2087
f 1467/2087 1360/2083 1306/2084
f 1467/2087 1306/2084 1375/2088
f 1375/2088 1306/2084 1232/2089
f 1375/2088 1232/2089 1307/2090
f 1232/2089 1306/2084 1253/2091
f 1232/2089 1253/2091 1177/2092
f 350/2093 293/2094 309/2095
f 350/2093 309/2095 437/2096
f 309/2095 293/2094 231/2097
f 309/2095 231/2097 186/2098
f 309/2095 186/2098 242/2099
f 242/2099 186/2098 223/2100
f 309/2095 242/2099 184/2101
f 184/2101 242/2099 232/2102
f 232/2102 242/2099 354/2103
f 184/2101 232/2102 190/2104
f 1504/2105 1566/2106 1454/2107
f 1454/2107 1566/2106 1544/2108
f 1454/2107 1544/2108 1504/2105
f 1064/2109 1103/2110 1086/2111
f 1103/2110 1064/2109 1054/2112
f 1086/2111 1103/2110 1127/2113
f 1127/2113 1103/2110 1151/2114
f 1086/2111 1127/2113 1160/2115
f 1086/2111 1160/2115 1106/2116
f 1127/2117 1151/2118 1181/2119
f 1127/2117 1181/2119 1216/2120
f 1181/2119 1151/2118 1275/2121
f 1275/2121 1151/2118 1391/2122
f 1275/2121 1391/2122 1471/2123
f 1275/2121 1471/2123 1319/2124
f 1275/2121 1319/2124 1181/2119
f 1181/2119 1319/2124 1216/2120
f 1127/2117 1216/2120 1100/2125
f 1127/2117 1100/2125 1064/2126
f 1100/2125 1216/2120 1106/2127
f 1100/2125 1106/2127 1138/2128
f 1064/2126 1100/2125 1054/2129
f 1100/2125 1138/2128 1125/2130
f 1100/2125 1125/2130 1054/2129
f 1054/2129 1125/2130 1128/2131
f 1054/2129 1128/2131 1142/2132
f 1128/2131 1125/2130 1176/2133
f 1128/2131 1176/2133 1234/2134
f 1234/2134 1176/2133 1125/2130
f 1004/2135 1042/2136 1126/2137
f 1001/2138 1056/2139 1042/2136
f 1056/2139 1001/2138 927/2140
f 1001/2138 1042/2136 937/2141
f 1001/2138 937/2141 927/2140
f 937/2141 1042/2136 1004/2135
f 927/2140 937/2141 124/2142
f 124/2142 937/2141 1004/2135
f 927/2140 124/2142 87/2143
f 124/2142 1004/2135 88/2144
f 88/2144 1004/2135 1027/2145
f 88/2144 1027/2145 891/2146
f 1027/2145 1004/2135 1192/2147
f 891/2146 1027/2145 1061/2148
f 1061/2148 1027/2145 1192/2147
f 1073/2149 931/2150 1079/2151
f 1073/2149 1079/2151 1182/2152
f 1182/2152 1079/2151 973/2153
f 973/2153 1079/2151 1074/2154
f 1074/2154 1079/2151 1068/2155
f 926/2156 1060/2157 8/2158
f 8/2158 1060/2157 1002/2159
f 1002/2159 1060/2157 1085/2160
f 1002/2159 1085/2160 1024/2161
f 1002/2159 1024/2161 8/2158
f 926/2156 8/2158 215/2162
f 8/2158 1024/2161 903/2163
f 215/2162 8/2158 28/2164
f 28/2164 8/2158 903/2163
f 903/2163 1024/2161 1056/2165
f 215/2162 28/2164 126/2166
f 126/2166 28/2164 903/2163
f 903/2163 1056/2165 87/2167
f 87/2167 1056/2165 927/2168
f 903/2163 87/2167 126/2166
f 126/2166 87/2167 157/2169
f 157/2169 87/2167 55/2170
f 157/2169 55/2170 126/2166
f 126/2166 55/2170 12/2171
f 136/2172 215/2162 126/2166
f 136/2172 126/2166 12/2171
f 215/2162 136/2172 117/2173
f 12/2171 55/2170 939/2174
f 12/2171 939/2174 1023/2175
f 1023/2175 939/2174 1122/2176
f 12/2171 1023/2175 934/2177
f 934/2177 1023/2175 333/2178
f 389/2179 117/2173 333/2178
f 12/2171 934/2177 45/2180
f 45/2180 934/2177 333/2178
f 12/2171 45/2180 136/2172
f 45/2180 333/2178 117/2173
f 45/2180 117/2173 136/2172
f 1103/2181 1183/2182 1151/2183
f 1151/2183 1183/2182 1054/2184
f 1054/2184 1183/2182 1088/2185
f 224/2186 263/2187 315/2188
f 173/2189 964/2190 34/2191
f 964/2190 173/2189 32/2192
f 32/2192 173/2189 150/2193
f 150/2193 173/2189 224/2194
f 32/2192 150/2193 92/2195
f 150/2193 224/2194 228/2196
f 92/2195 150/2193 132/2197
f 92/2195 132/2197 113/2198
f 113/2198 132/2197 133/2199
f 132/2197 150/2193 200/2200
f 132/2197 200/2200 133/2199
f 200/2200 150/2193 228/2196
f 133/2199 200/2200 187/2201
f 203/2202 22/2203 228/2196
f 228/2196 22/2203 43/2204
f 187/2201 200/2200 143/2205
f 228/2196 43/2204 148/2206
f 228/2196 148/2206 200/2200
f 200/2200 148/2206 143/2205
f 148/2206 43/2204 32/2207
f 148/2206 32/2207 92/2208
f 148/2206 92/2208 143/2205
f 143/2205 92/2208 91/2209
f 143/2205 91/2209 104/2210
f 91/2209 92/2208 113/2211
f 104/2210 91/2209 26/2212
f 26/2212 91/2209 113/2211
f 1106/2213 1064/2214 1086/2215
f 1064/2214 1106/2213 1127/2216
f 1127/2216 1106/2213 1160/2217
f 1546/2218 1586/2219 1587/2220
f 1546/2218 1587/2220 1526/2221
f 1587/2220 1586/2219 1585/2222
f 1585/2222 1586/2219 1566/2223
f 1587/2220 1585/2222 1474/2224
f 1526/2221 1587/2220 1515/2225
f 1515/2225 1587/2220 1474/2224
f 1526/2221 1515/2225 1452/2226
f 1515/2225 1474/2224 1610/2227
f 1610/2227 1474/2224 1517/2228
f 1042/2229 1110/2230 1162/2231
f 1110/2230 1042/2229 1156/2232
f 1156/2232 1042/2229 1213/2233
f 1085/2234 1213/2233 1024/2235
f 1024/2235 1213/2233 1218/2236
f 1218/2236 1213/2233 1042/2229
f 1218/2236 1042/2229 1099/2237
f 1099/2237 1042/2229 1056/2238
f 1099/2237 1056/2238 1141/2239
f 1099/2237 1141/2239 1061/2240
f 1099/2237 1061/2240 1218/2236
f 1218/2236 1061/2240 1380/2241
f 3/2242 974/2243 1115/2244
f 1085/2245 1060/2246 1134/2247
f 1189/2248 1077/2249 1249/2250
f 1077/2249 1189/2248 1224/2251
f 1077/2249 1224/2251 1092/2252
f 1189/2248 1249/2250 1412/2253
f 1092/2252 1224/2251 1276/2254
f 1224/2251 1189/2248 1387/2255
f 1387/2255 1189/2248 1412/2253
f 1276/2254 1224/2251 1406/2256
f 1406/2256 1224/2251 1387/2255
f 1406/2256 1387/2255 1554/2257
f 1554/2257 1387/2255 1560/2258
f 1560/2258 1387/2255 1549/2259
f 1549/2259 1387/2255 1412/2253
f 1560/2258 1549/2259 1606/2260
f 1026/2261 1092/2252 1276/2254
f 1026/2261 1276/2254 1211/2262
f 1092/2252 1026/2261 944/2263
f 1026/2261 1211/2262 1152/2264
f 944/2263 1026/2261 965/2265
f 965/2265 1026/2261 1152/2264
f 1606/2260 1549/2259 1469/2266
f 1469/2266 1549/2259 1412/2253
f 1606/2260 1469/2266 1568/2267
f 1568/2267 1469/2266 1357/2268
f 1469/2266 1412/2253 1413/2269
f 1469/2266 1413/2269 1357/2268
f 1413/2269 1412/2253 1249/2250
f 1413/2269 1249/2250 1345/2270
f 1413/2269 1345/2270 1427/2271
f 1357/2268 1413/2269 1329/2272
f 1329/2272 1413/2269 1427/2271
f 1357/2268 1329/2272 1364/2273
f 1364/2273 1329/2272 1427/2271
f 1364/2273 1427/2271 1298/2274
f 1361/2275 1283/2276 1265/2277
f 1361/2275 1265/2277 1284/2278
f 1283/2276 1361/2275 1443/2279
f 1283/2276 1443/2279 1376/2280
f 1376/2280 1443/2279 1518/2281
f 1443/2279 1361/2275 1441/2282
f 1441/2282 1361/2275 1284/2278
f 1441/2282 1284/2278 1350/2283
f 1441/2282 1350/2283 1430/2284
f 1341/2285 1344/2286 1430/2284
f 1430/2284 1350/2283 1296/2287
f 1296/2287 1350/2283 1273/2288
f 1430/2284 1296/2287 1307/2289
f 1296/2287 1273/2288 1184/2290
f 1296/2287 1184/2290 1307/2289
f 1184/2290 1273/2288 1226/2291
f 1226/2291 1273/2288 1350/2283
f 1184/2290 1226/2291 1167/2292
f 1226/2291 1350/2283 1256/2293
f 1226/2291 1256/2293 1167/2292
f 1430/2284 1307/2289 1308/2294
f 1430/2284 1308/2294 1341/2285
f 1308/2294 1307/2289 1232/2295
f 1341/2285 1308/2294 1123/2296
f 1123/2296 1308/2294 1232/2295
f 1341/2285 1123/2296 1202/2297
f 1123/2296 1232/2295 34/2298
f 1202/2297 1123/2296 964/2299
f 964/2299 1123/2296 34/2298
f 79/2300 974/2301 3/2302
f 974/2301 79/2300 935/2303
f 935/2303 79/2300 149/2304
f 935/2303 149/2304 952/2305
f 952/2305 149/2304 110/2306
f 1103/2307 1054/2308 1088/2309
f 1103/2307 1088/2309 1183/2310
f 925/2311 1079/2312 931/2313
f 1079/2312 925/2311 1068/2314
f 1068/2314 925/2311 1040/2315
f 925/2311 931/2313 80/2316
f 925/2311 80/2316 61/2317
f 925/2311 61/2317 949/2318
f 925/2311 949/2318 973/2319
f 973/2319 949/2318 1073/2320
f 1160/2321 1106/2322 1238/2323
f 1238/2323 1106/2322 1216/2324
f 1238/2323 1216/2324 1233/2325
f 1233/2325 1216/2324 1125/2326
f 1125/2326 1216/2324 1319/2327
f 1125/2326 1319/2327 1234/2328
f 1234/2328 1319/2327 1471/2329
f 1233/2325 1125/2326 1333/2330
f 1333/2330 1125/2326 1138/2331
f 1238/2323 1233/2325 1285/2332
f 1285/2332 1233/2325 1333/2330
f 1285/2332 1333/2330 1575/2333
f 1238/2323 1285/2332 1138/2334
f 1285/2332 1575/2333 1395/2335
f 1285/2332 1395/2335 1138/2334
f 1138/2334 1395/2335 1378/2336
f 928/2337 1037/2338 1129/2339
f 1129/2339 1037/2338 1219/2340
f 1/2341 1129/2339 1031/2342
f 1031/2342 1129/2339 1268/2343
f 1268/2343 1129/2339 1326/2344
f 1326/2344 1129/2339 1219/2340
f 1268/2343 1326/2344 1431/2345
f 1431/2345 1326/2344 1425/2346
f 1425/2346 1326/2344 1493/2347
f 1326/2344 1219/2340 1403/2348
f 1326/2344 1403/2348 1493/2347
f 1403/2348 1219/2340 1142/2349
f 1493/2347 1403/2348 1471/2350
f 1403/2348 1142/2349 1128/2351
f 1471/2350 1403/2348 1234/2352
f 1234/2352 1403/2348 1128/2351
f 67/2353 172/2354 165/2355
f 936/2356 67/2353 17/2357
f 67/2353 936/2356 33/2358
f 172/2354 67/2353 121/2359
f 121/2359 67/2353 33/2358
f 172/2354 121/2359 234/2360
f 121/2359 33/2358 109/2361
f 234/2360 121/2359 190/2362
f 190/2362 121/2359 109/2361
f 234/2360 190/2362 232/2363
f 190/2362 109/2361 73/2364
f 190/2362 73/2364 184/2365
f 184/2365 73/2364 17/2366
f 73/2364 109/2361 70/2367
f 70/2367 109/2361 125/2368
f 73/2364 70/2367 892/2369
f 73/2364 892/2369 17/2366
f 17/2366 892/2369 936/2370
f 936/2370 892/2369 941/2371
f 1073/2372 1147/2373 973/2374
f 973/2374 1147/2373 1182/2375
f 1147/2373 1073/2372 1287/2376
f 1160/2377 1238/2378 1138/2379
f 1160/2377 1138/2379 1170/2380
f 1170/2380 1138/2379 1106/2381
f 1160/2377 1170/2380 1288/2382
f 1160/2377 1288/2382 1225/2383
f 1288/2382 1170/2380 1225/2384
f 1225/2384 1170/2380 1106/2381
f 1225/2384 1106/2381 1160/2385
f 110/2386 1065/2387 952/2388
f 952/2388 1065/2387 1206/2389
f 952/2388 1206/2389 1204/2390
f 952/2388 1204/2390 1029/2391
f 1029/2391 1204/2390 1259/2392
f 1259/2392 1204/2390 1186/2393
f 1259/2392 1186/2393 1029/2391
f 1186/2393 1204/2390 1289/2394
f 952/2388 1029/2391 1069/2395
f 1069/2395 1029/2391 1186/2393
f 1069/2395 1186/2393 1289/2394
f 1069/2395 1289/2394 1220/2396
f 952/2388 1069/2395 935/2397
f 1069/2395 1220/2396 1097/2398
f 1069/2395 1097/2398 1039/2399
f 1069/2395 1039/2399 935/2397
f 1039/2399 1097/2398 1180/2400
f 935/2397 1039/2399 1095/2401
f 935/2397 1095/2401 1066/2402
f 1095/2401 1039/2399 1173/2403
f 966/2404 1115/2405 1188/2406
f 1188/2406 1115/2405 1379/2407
f 1188/2406 1379/2407 1274/2408
f 1379/2407 1115/2405 1203/2409
f 1203/2409 1115/2405 1235/2410
f 1203/2409 1235/2410 1105/2411
f 1105/2411 1235/2410 1310/2412
f 1203/2409 1105/2411 1091/2413
f 1203/2409 1091/2413 1379/2407
f 1379/2407 1091/2413 1271/2414
f 1379/2407 1271/2414 1402/2415
f 1073/2416 1182/2417 1287/2418
f 1074/2419 1068/2420 1182/2417
f 1182/2417 1068/2420 1116/2421
f 1116/2421 1068/2420 1025/2422
f 1182/2417 1116/2421 1169/2423
f 1116/2421 1025/2422 1013/2424
f 1116/2421 1013/2424 999/2425
f 999/2425 1013/2424 1018/2426
f 1018/2426 1013/2424 925/2427
f 925/2427 1013/2424 1040/2428
f 1040/2428 1013/2424 1025/2422
f 1040/2428 1025/2422 1018/2429
f 1040/2428 1018/2429 1068/2430
f 1068/2430 1018/2429 967/2431
f 1018/2429 1025/2422 1015/2432
f 1018/2429 1015/2432 905/2433
f 1373/2434 1182/2417 1169/2423
f 1182/2417 1373/2434 1287/2418
f 1373/2434 1169/2423 1359/2435
f 1359/2435 1169/2423 1194/2436
f 1359/2435 1194/2436 1084/2437
f 1359/2435 1084/2437 1215/2438
f 1359/2435 1215/2438 1282/2439
f 1359/2435 1282/2439 1406/2440
f 1359/2435 1406/2440 1447/2441
f 1359/2435 1447/2441 1373/2434
f 1447/2441 1406/2440 1554/2442
f 1499/2443 1287/2418 1373/2434
f 1499/2443 1373/2434 1447/2441
f 1287/2418 1499/2443 1505/2444
f 1447/2441 1554/2442 1548/2445
f 1499/2443 1447/2441 1498/2446
f 1498/2446 1447/2441 1548/2445
f 1505/2444 1499/2443 1569/2447
f 1569/2447 1499/2443 1498/2446
f 1505/2444 1569/2447 1554/2442
f 1569/2447 1498/2446 1548/2445
f 1569/2447 1548/2445 1554/2442
f 1054/2448 1214/2449 1151/2450
f 1214/2449 1054/2448 1142/2451
f 1214/2449 1142/2451 1335/2452
f 1214/2449 1335/2452 1397/2453
f 1214/2449 1397/2453 1151/2450
f 1397/2453 1335/2452 1442/2454
f 1397/2453 1442/2454 1581/2455
f 1397/2453 1581/2455 1545/2456
f 1151/2450 1397/2453 1531/2457
f 1151/2450 1531/2457 1391/2458
f 1531/2457 1397/2453 1436/2459
f 1436/2459 1397/2453 1545/2456
f 1436/2459 1545/2456 1506/2460
f 1074/2461 1182/2462 1147/2463
f 1247/2464 1235/2465 1147/2463
f 1147/2463 1235/2465 1115/2466
f 1147/2463 1115/2466 1074/2461
f 1074/2461 1115/2466 974/2467
f 1011/2468 1015/2469 974/2467
f 974/2467 1015/2469 1025/2470
f 974/2467 1025/2470 1074/2461
f 1074/2461 1025/2470 967/2471
f 967/2471 1025/2470 1068/2472
f 1074/2461 967/2471 973/2473
f 905/2474 1015/2475 967/2471
f 967/2471 1015/2475 917/2476
f 967/2471 917/2476 973/2473
f 973/2473 917/2476 905/2477
f 905/2477 917/2476 1018/2478
f 973/2473 905/2477 925/2479
f 925/2479 905/2477 967/2480
f 925/2479 967/2480 1018/2481
f 1362/2482 1521/2483 1471/2484
f 1471/2484 1521/2483 1608/2485
f 1471/2484 1608/2485 1591/2486
f 1471/2484 1591/2486 1600/2487
f 1046/2488 1158/2489 998/2490
f 1158/2489 1046/2488 1270/2491
f 1158/2489 1270/2491 1340/2492
f 1270/2491 1046/2488 1236/2493
f 1340/2492 1270/2491 1445/2494
f 1270/2491 1236/2493 1113/2495
f 1445/2494 1270/2491 1388/2496
f 1388/2496 1270/2491 1113/2495
f 1445/2494 1388/2496 1457/2497
f 1445/2494 1457/2497 1441/2498
f 1441/2498 1457/2497 1443/2499
f 1388/2496 1113/2495 1300/2500
f 1300/2500 1113/2495 1148/2501
f 1155/2502 1113/2495 1236/2493
f 1113/2495 1155/2502 1087/2503
f 1087/2503 1155/2502 1101/2504
f 1095/2505 1188/2506 1066/2507
f 1066/2507 1188/2506 1274/2508
f 1066/2507 1274/2508 1132/2509
f 1132/2509 1274/2508 1173/2510
f 1132/2509 1173/2510 1039/2511
f 1066/2507 1132/2509 1011/2512
f 1011/2512 1132/2509 1091/2513
f 1066/2507 1011/2512 935/2514
f 935/2514 1011/2512 974/2515
f 1011/2512 1091/2513 1105/2516
f 1011/2512 1105/2516 1121/2517
f 1011/2512 1121/2517 1094/2518
f 1147/2519 1250/2520 1247/2521
f 1250/2520 1147/2519 1287/2522
f 1247/2521 1250/2520 1157/2523
f 1247/2521 1157/2523 1121/2524
f 1121/2524 1157/2523 1094/2525
f 1094/2525 1157/2523 1107/2526
f 1250/2520 1287/2522 1278/2527
f 1250/2520 1278/2527 1157/2523
f 1107/2526 1157/2523 1209/2528
f 1278/2527 1287/2522 1505/2529
f 1209/2528 1157/2523 1363/2530
f 1209/2528 1363/2530 1112/2531
f 1157/2523 1278/2527 1408/2532
f 1408/2532 1278/2527 1505/2529
f 1157/2523 1408/2532 1363/2530
f 1363/2530 1408/2532 1513/2533
f 1513/2533 1408/2532 1505/2529
f 1363/2530 1513/2533 1405/2534
f 1513/2533 1505/2529 1577/2535
f 1577/2535 1505/2529 1554/2536
f 1225/2537 1330/2538 1160/2539
f 1636/2540 1625/2541 1637/2542
f 1637/2542 1625/2541 1666/2543
f 1637/2542 1666/2543 1636/2540
f 1071/2544 1251/2545 1130/2546
f 1251/2545 1071/2544 1172/2547
f 1172/2547 1071/2544 1228/2548
f 1172/2547 1228/2548 1221/2549
f 1251/2545 1172/2547 1338/2550
f 1338/2550 1172/2547 1221/2549
f 1130/2546 1251/2545 1407/2551
f 1407/2551 1251/2545 1338/2550
f 1338/2550 1221/2549 1339/2552
f 1338/2550 1339/2552 1407/2551
f 1339/2552 1221/2549 1206/2553
f 1130/2546 1407/2551 1491/2554
f 1130/2546 1491/2554 1304/2555
f 1407/2551 1339/2552 1465/2556
f 1465/2556 1339/2552 1358/2557
f 1407/2551 1465/2556 1491/2554
f 1304/2555 1491/2554 1372/2558
f 1491/2554 1465/2556 1435/2559
f 1435/2559 1465/2556 1400/2560
f 1435/2559 1400/2560 1289/2561
f 1372/2558 1491/2554 1399/2562
f 1372/2558 1399/2562 1260/2563
f 1260/2563 1399/2562 1269/2564
f 1399/2562 1491/2554 1420/2565
f 1420/2565 1491/2554 1435/2559
f 1399/2562 1420/2565 1269/2564
f 1435/2559 1289/2561 1332/2566
f 1435/2559 1332/2566 1420/2565
f 1420/2565 1332/2566 1269/2564
f 1332/2566 1289/2561 1204/2567
f 1269/2564 1332/2566 1228/2568
f 1228/2568 1332/2566 1204/2567
f 1228/2568 1204/2567 1221/2569
f 1221/2569 1204/2567 1206/2570
f 919/2571 1014/2572 1037/2573
f 1037/2573 1014/2572 1219/2574
f 1014/2572 919/2571 946/2575
f 1219/2574 1014/2572 1057/2576
f 1057/2576 1014/2572 946/2575
f 1219/2574 1057/2576 1050/2577
f 1050/2577 1057/2576 946/2575
f 1135/2578 1381/2579 1246/2580
f 1381/2579 1135/2578 1367/2581
f 1246/2580 1381/2579 1459/2582
f 1246/2580 1459/2582 1223/2583
f 141/2584 124/2585 88/2586
f 141/2584 88/2586 459/2587
f 459/2587 88/2586 277/2588
f 277/2588 88/2586 217/2589
f 277/2588 217/2589 296/2590
f 296/2590 217/2589 141/2591
f 916/2592 944/2593 965/2594
f 916/2592 965/2594 989/2595
f 989/2595 965/2594 1072/2596
f 989/2595 1072/2596 1104/2597
f 916/2592 989/2595 953/2598
f 989/2595 1104/2597 1109/2599
f 989/2595 1109/2599 953/2598
f 1164/2600 1187/2601 1104/2597
f 1104/2597 1187/2601 1109/2599
f 1364/2602 1298/2603 1187/2601
f 1427/2604 1345/2605 1298/2603
f 1298/2603 1345/2605 1327/2606
f 1298/2603 1327/2606 1187/2601
f 1187/2601 1327/2606 1237/2607
f 1187/2601 1237/2607 1109/2599
f 1237/2607 1327/2606 1344/2608
f 1109/2599 1237/2607 1136/2609
f 1136/2609 1237/2607 1344/2608
f 1341/2610 1202/2611 1344/2608
f 1344/2608 1202/2611 1136/2609
f 1136/2609 1202/2611 1150/2612
f 1150/2612 1202/2611 1155/2613
f 1109/2599 1136/2609 1006/2614
f 1109/2599 1006/2614 953/2598
f 1136/2609 1150/2612 1075/2615
f 1136/2609 1075/2615 1006/2614
f 1075/2615 1150/2612 1101/2616
f 953/2598 1006/2614 22/2617
f 953/2598 22/2617 203/2618
f 22/2617 1006/2614 904/2619
f 22/2617 904/2619 43/2620
f 1006/2614 1075/2615 1000/2621
f 1006/2614 1000/2621 904/2619
f 1075/2615 1101/2616 1016/2622
f 1075/2615 1016/2622 1000/2621
f 1016/2622 1101/2616 1118/2623
f 1113/2624 1087/2625 1118/2623
f 1118/2623 1087/2625 1016/2622
f 1016/2622 1087/2625 1159/2626
f 904/2619 1000/2621 915/2627
f 904/2619 915/2627 43/2620
f 964/2628 32/2629 43/2620
f 964/2628 43/2620 915/2627
f 964/2628 915/2627 951/2630
f 951/2630 915/2627 9/2631
f 9/2631 915/2627 72/2632
f 915/2627 1000/2621 950/2633
f 72/2632 915/2627 23/2634
f 23/2634 915/2627 950/2633
f 72/2632 23/2634 59/2635
f 72/2632 59/2635 2/2636
f 59/2635 23/2634 10/2637
f 59/2635 10/2637 2/2636
f 10/2637 23/2634 950/2633
f 2/2636 10/2637 970/2638
f 970/2638 10/2637 950/2633
f 972/2639 950/2633 1000/2621
f 950/2633 972/2639 970/2638
f 970/2638 972/2639 1038/2640
f 1038/2640 972/2639 924/2641
f 972/2639 1000/2621 1016/2622
f 972/2639 1016/2622 924/2641
f 924/2641 1016/2622 14/2642
f 14/2642 1016/2622 70/2643
f 70/2643 1016/2622 892/2644
f 123/2645 187/2646 143/2647
f 123/2645 143/2647 103/2648
f 103/2648 143/2647 104/2649
f 103/2648 104/2649 16/2650
f 103/2648 16/2650 30/2651
f 123/2645 103/2648 70/2652
f 70/2652 103/2648 30/2651
f 123/2645 70/2652 125/2653
f 70/2652 30/2651 922/2654
f 70/2652 922/2654 14/2655
f 14/2655 922/2654 943/2656
f 129/2657 953/2658 203/2659
f 113/2660 16/2661 26/2662
f 933/2663 16/2661 943/2664
f 16/2661 933/2663 26/2662
f 26/2662 933/2663 960/2665
f 26/2662 960/2665 914/2666
f 26/2662 914/2666 9/2667
f 26/2662 9/2667 72/2668
f 26/2662 72/2668 104/2669
f 104/2669 72/2668 2/2670
f 104/2669 2/2670 24/2671
f 104/2669 24/2671 14/2672
f 104/2669 14/2672 943/2673
f 104/2669 943/2673 16/2674
f 1084/2675 7/2676 999/2677
f 1084/2675 999/2677 1215/2678
f 1215/2678 999/2677 1018/2679
f 1215/2678 1018/2679 1114/2680
f 1098/2681 1112/2682 1114/2680
f 1215/2678 1114/2680 1210/2683
f 1210/2683 1114/2680 1112/2682
f 1215/2678 1210/2683 1252/2684
f 1215/2678 1252/2684 1282/2685
f 1210/2683 1112/2682 1318/2686
f 1318/2686 1112/2682 1363/2687
f 1276/2688 1406/2689 1282/2685
f 1276/2688 1282/2685 1211/2690
f 1211/2690 1282/2685 1252/2684
f 1252/2684 1210/2683 1227/2691
f 1227/2691 1210/2683 1334/2692
f 1227/2691 1334/2692 1252/2684
f 1334/2692 1210/2683 1318/2686
f 1386/2693 1318/2686 1363/2687
f 1318/2686 1386/2693 1334/2692
f 1386/2693 1363/2687 1405/2694
f 1252/2684 1334/2692 1328/2695
f 1252/2684 1328/2695 1211/2690
f 1328/2695 1334/2692 1386/2693
f 1386/2693 1405/2694 1437/2696
f 1211/2690 1328/2695 1404/2697
f 1404/2697 1328/2695 1386/2693
f 1386/2693 1437/2696 1512/2698
f 1386/2693 1512/2698 1404/2697
f 1512/2698 1437/2696 1496/2699
f 1404/2697 1512/2698 1519/2700
f 1211/2690 1404/2697 1152/2701
f 1152/2701 1404/2697 1168/2702
f 1152/2701 1168/2702 965/2703
f 1168/2702 1404/2697 1368/2704
f 965/2703 1168/2702 1072/2705
f 1072/2705 1168/2702 1368/2704
f 1072/2705 1368/2704 1201/2706
f 1201/2706 1368/2704 1456/2707
f 1201/2706 1456/2707 1299/2708
f 1299/2708 1456/2707 1543/2709
f 1201/2706 1299/2708 1357/2710
f 1357/2710 1299/2708 1543/2709
f 1201/2706 1357/2710 1072/2705
f 1357/2710 1543/2709 1568/2711
f 1072/2705 1357/2710 1164/2712
f 1072/2705 1164/2712 1104/2713
f 1164/2712 1357/2710 1364/2714
f 1164/2712 1364/2714 1187/2715
f 1380/2716 1452/2717 1619/2718
f 1380/2716 1619/2718 1323/2719
f 1323/2719 1619/2718 1582/2720
f 1619/2718 1452/2717 1515/2721
f 1582/2720 1619/2718 1756/2722
f 1619/2718 1515/2721 1686/2723
f 1619/2718 1686/2723 1756/2722
f 1686/2723 1515/2721 1610/2724
f 1756/2722 1686/2723 1896/2725
f 1686/2723 1610/2724 1729/2726
f 1686/2723 1729/2726 1896/2725
f 1636/2727 1666/2728 1645/2729
f 1645/2729 1666/2728 1625/2730
f 1645/2729 1625/2730 1646/2731
f 1646/2731 1625/2730 1639/2732
f 1646/2731 1639/2732 1667/2733
f 1646/2731 1667/2733 1602/2734
f 1646/2731 1602/2734 1631/2735
f 1631/2735 1602/2734 1591/2736
f 1631/2735 1591/2736 1608/2737
f 1631/2735 1608/2737 1645/2738
f 1196/2739 1097/2740 1356/2741
f 1097/2740 1196/2739 1312/2742
f 1356/2741 1097/2740 1220/2743
f 1196/2739 1356/2741 1358/2744
f 1358/2744 1356/2741 1477/2745
f 1358/2744 1477/2745 1465/2746
f 1465/2746 1477/2745 1400/2747
f 1196/2748 1274/2749 1312/2750
f 1312/2750 1274/2749 1377/2751
f 1377/2751 1274/2749 1379/2752
f 1377/2751 1379/2752 1477/2753
f 1377/2751 1477/2753 1356/2754
f 1377/2751 1356/2754 1243/2755
f 1312/2750 1377/2751 1180/2756
f 1312/2750 1180/2756 1097/2757
f 1180/2756 1377/2751 1243/2755
f 1243/2755 1356/2754 1220/2758
f 1180/2756 1243/2755 1132/2759
f 1180/2756 1132/2759 1039/2760
f 1132/2759 1243/2755 1271/2761
f 1132/2759 1271/2761 1091/2762
f 1243/2755 1220/2758 1309/2763
f 1243/2755 1309/2763 1271/2761
f 1309/2763 1220/2758 1289/2764
f 1271/2761 1309/2763 1365/2765
f 1309/2763 1289/2764 1400/2766
f 1309/2763 1400/2766 1365/2765
f 1365/2765 1400/2766 1480/2767
f 1480/2767 1400/2766 1477/2768
f 712/2769 141/2770 459/2771
f 141/2770 712/2769 510/2772
f 712/2769 459/2771 745/2773
f 745/2773 459/2771 671/2774
f 510/2772 712/2769 570/2775
f 510/2772 570/2775 591/2776
f 570/2775 712/2769 662/2777
f 671/2774 459/2771 543/2778
f 671/2774 543/2778 570/2779
f 671/2774 570/2779 662/2780
f 570/2779 543/2778 569/2781
f 570/2779 569/2781 591/2782
f 1024/2783 1218/2784 1141/2785
f 1024/2783 1141/2785 1056/2786
f 1380/2787 1323/2788 1218/2784
f 1218/2784 1323/2788 1191/2789
f 1218/2784 1191/2789 1141/2785
f 1191/2789 1323/2788 1242/2790
f 1141/2785 1191/2789 1117/2791
f 1141/2785 1117/2791 1061/2792
f 1117/2791 1191/2789 1063/2793
f 1061/2792 1117/2791 891/2794
f 891/2794 1117/2791 1063/2793
f 891/2794 1063/2793 963/2795
f 1021/2796 1158/2797 1340/2798
f 1021/2796 1340/2798 1316/2799
f 1021/2796 1316/2799 1032/2800
f 1316/2799 1340/2798 1490/2801
f 1490/2801 1340/2798 1445/2802
f 1490/2801 1445/2802 1523/2803
f 1523/2803 1445/2802 1441/2804
f 1316/2799 1490/2801 1280/2805
f 1032/2800 1316/2799 1236/2806
f 1236/2806 1316/2799 1280/2805
f 1032/2800 1236/2806 1046/2807
f 1236/2806 1280/2805 1155/2808
f 1155/2808 1280/2805 1150/2809
f 745/2810 858/2811 712/2812
f 858/2811 745/2810 854/2813
f 854/2813 745/2810 834/2814
f 858/2811 854/2813 869/2815
f 869/2815 854/2813 834/2814
f 869/2815 834/2814 820/2816
f 820/2816 834/2814 839/2817
f 820/2816 839/2817 827/2818
f 869/2815 820/2816 809/2819
f 869/2815 809/2819 813/2820
f 141/2821 100/2822 124/2823
f 100/2822 141/2821 239/2824
f 239/2824 141/2821 217/2825
f 239/2824 217/2825 204/2826
f 239/2824 204/2826 331/2827
f 204/2826 217/2825 88/2828
f 204/2826 88/2828 18/2829
f 18/2829 88/2828 891/2830
f 1/2831 946/2832 95/2833
f 946/2832 1/2831 1031/2834
f 946/2832 1031/2834 1050/2835
f 1050/2835 1031/2834 1268/2836
f 1135/2837 1246/2838 1223/2839
f 1135/2837 1223/2839 1367/2840
f 1206/2841 1065/2842 1339/2843
f 1455/2844 1527/2845 1457/2846
f 1455/2844 1457/2846 1388/2847
f 1527/2845 1455/2844 1550/2848
f 1527/2845 1550/2848 1523/2849
f 1455/2844 1388/2847 1564/2850
f 1455/2844 1564/2850 1550/2848
f 1564/2850 1388/2847 1508/2851
f 1508/2851 1388/2847 1300/2852
f 1508/2851 1300/2852 1396/2853
f 1550/2848 1564/2850 1607/2854
f 1550/2848 1607/2854 1523/2849
f 1523/2849 1607/2854 1604/2855
f 1604/2855 1607/2854 1511/2856
f 1523/2849 1604/2855 1490/2857
f 1604/2855 1511/2856 1578/2858
f 1604/2855 1578/2858 1490/2857
f 1578/2858 1511/2856 1421/2859
f 1578/2858 1421/2859 1383/2860
f 1490/2857 1578/2858 1423/2861
f 1490/2857 1423/2861 1280/2862
f 1578/2858 1383/2860 1529/2863
f 1529/2863 1383/2860 1280/2862
f 1578/2858 1529/2863 1423/2861
f 1423/2861 1529/2863 1280/2862
f 398/2864 296/2865 141/2866
f 398/2864 141/2866 510/2867
f 398/2864 510/2867 478/2868
f 296/2865 398/2864 413/2869
f 296/2865 413/2869 331/2870
f 981/2871 914/2872 962/2873
f 914/2872 981/2871 9/2874
f 9/2874 981/2871 951/2875
f 962/2873 914/2872 1005/2876
f 981/2871 962/2873 1076/2877
f 981/2871 1076/2877 951/2875
f 1076/2877 962/2873 1005/2876
f 1005/2876 914/2872 960/2878
f 1076/2877 1005/2876 1052/2879
f 1052/2879 1005/2876 960/2878
f 951/2875 1076/2877 1033/2880
f 1033/2880 1076/2877 1052/2879
f 951/2875 1033/2880 1202/2881
f 951/2875 1202/2881 964/2882
f 1202/2881 1033/2880 1155/2883
f 1155/2883 1033/2880 1052/2879
f 1155/2883 1052/2879 1118/2884
f 1155/2883 1118/2884 1101/2885
f 1118/2884 1052/2879 1038/2886
f 1038/2886 1052/2879 970/2887
f 970/2887 1052/2879 960/2878
f 970/2887 960/2878 2/2888
f 2/2888 960/2878 24/2889
f 24/2889 960/2878 933/2890
f 858/2891 839/2892 712/2893
f 712/2893 839/2892 812/2894
f 712/2893 812/2894 777/2895
f 777/2895 812/2894 761/2896
f 812/2894 839/2892 834/2897
f 761/2896 812/2894 827/2898
f 812/2894 834/2897 783/2899
f 812/2894 783/2899 827/2898
f 783/2899 834/2897 745/2900
f 827/2898 783/2899 820/2901
f 662/2902 712/2903 777/2904
f 662/2902 777/2904 721/2905
f 761/2906 721/2905 737/2907
f 737/2907 721/2905 671/2908
f 671/2908 721/2905 783/2909
f 783/2909 721/2905 777/2904
f 671/2908 783/2909 745/2910
f 783/2909 777/2904 737/2911
f 737/2911 777/2904 761/2912
f 783/2909 737/2911 809/2913
f 783/2909 809/2913 820/2914
f 809/2913 737/2911 659/2915
f 809/2913 659/2915 813/2916
f 659/2915 737/2911 636/2917
f 1378/2918 1333/2919 1138/2920
f 1333/2919 1378/2918 1536/2921
f 1235/2922 1247/2923 1472/2924
f 1472/2924 1247/2923 1121/2925
f 1402/2926 1310/2927 1235/2922
f 1402/2926 1235/2922 1472/2924
f 1402/2926 1472/2924 1379/2928
f 1379/2928 1472/2924 1477/2929
f 1477/2929 1472/2924 1577/2930
f 1577/2930 1472/2924 1513/2931
f 1513/2931 1472/2924 1355/2932
f 1355/2932 1472/2924 1121/2925
f 1513/2931 1355/2932 1405/2933
f 1355/2932 1121/2925 1310/2934
f 1310/2934 1121/2925 1105/2935
f 459/2936 277/2937 478/2938
f 459/2936 478/2938 543/2939
f 478/2938 277/2937 398/2940
f 422/2941 413/2942 398/2940
f 422/2941 398/2940 325/2943
f 325/2943 398/2940 277/2937
f 325/2943 277/2937 331/2944
f 331/2944 277/2937 296/2945
f 325/2943 331/2944 204/2946
f 1631/2947 1645/2948 1672/2949
f 1672/2949 1645/2948 1669/2950
f 1631/2947 1672/2949 1641/2951
f 1631/2947 1641/2951 1669/2952
f 1011/2953 1094/2954 1015/2955
f 1669/2956 1645/2957 1646/2958
f 1669/2956 1646/2958 1631/2959
f 100/2960 87/2961 124/2962
f 331/2963 100/2960 239/2964
f 100/2960 331/2963 413/2965
f 100/2960 413/2965 77/2966
f 100/2960 77/2966 87/2961
f 77/2966 413/2965 501/2967
f 77/2966 501/2967 317/2968
f 87/2961 77/2966 25/2969
f 77/2966 317/2968 18/2970
f 77/2966 18/2970 25/2969
f 18/2970 317/2968 204/2971
f 891/2972 963/2973 18/2970
f 18/2970 963/2973 25/2969
f 87/2961 25/2969 96/2974
f 87/2961 96/2974 55/2975
f 96/2974 25/2969 912/2976
f 96/2974 912/2976 901/2977
f 912/2976 25/2969 913/2978
f 912/2976 913/2978 901/2977
f 913/2978 25/2969 963/2973
f 96/2974 901/2977 19/2979
f 96/2974 19/2979 55/2975
f 19/2979 901/2977 913/2978
f 55/2975 19/2979 1012/2980
f 1012/2980 19/2979 913/2978
f 1012/2980 913/2978 963/2973
f 55/2975 1012/2980 939/2981
f 1012/2980 963/2973 1144/2982
f 1144/2982 963/2973 1063/2983
f 1012/2980 1144/2982 1163/2984
f 1163/2984 1144/2982 1320/2985
f 939/2981 1012/2980 1120/2986
f 1120/2986 1012/2980 1163/2984
f 1120/2986 1163/2984 1320/2985
f 939/2981 1120/2986 1122/2987
f 1120/2986 1320/2985 1260/2988
f 1120/2986 1260/2988 1122/2987
f 1015/2989 1112/2990 917/2991
f 917/2991 1112/2990 1018/2992
f 1018/2992 1112/2990 1098/2993
f 1599/2994 1639/2995 1625/2996
f 1639/2995 1599/2994 1652/2997
f 1639/2995 1652/2997 1667/2998
f 1667/2998 1652/2997 1602/2999
f 1602/2999 1652/2997 1599/2994
f 1602/2999 1599/2994 1531/3000
f 1436/3001 1503/3002 1531/3003
f 1503/3002 1436/3001 1438/3004
f 1531/3003 1503/3002 1506/3005
f 1506/3005 1503/3002 1438/3004
f 1531/3003 1506/3005 1590/3006
f 1506/3005 1438/3004 1398/3007
f 1398/3007 1438/3004 1436/3001
f 1506/3005 1398/3007 1502/3008
f 1502/3008 1398/3007 1478/3009
f 1219/3010 1398/3007 1142/3011
f 1142/3011 1398/3007 1335/3012
f 1398/3007 1436/3001 1414/3013
f 1398/3007 1414/3013 1335/3012
f 1414/3013 1436/3001 1506/3014
f 1414/3013 1506/3014 1532/3015
f 1414/3013 1532/3015 1528/3016
f 1414/3013 1528/3016 1335/3012
f 1335/3012 1528/3016 1442/3017
f 1288/3018 1225/3019 1418/3020
f 1015/3021 1094/3022 1098/3023
f 1015/3021 1098/3023 1107/3024
f 1015/3021 1107/3024 1112/3025
f 1112/3025 1107/3024 1209/3026
f 1107/3024 1098/3023 1114/3027
f 1107/3024 1114/3027 1094/3028
f 1094/3028 1114/3027 1018/3029
f 1094/3028 1018/3029 1098/3030
f 1590/3031 1602/3032 1531/3033
f 1602/3032 1590/3031 1598/3034
f 1602/3032 1598/3034 1624/3035
f 1624/3035 1598/3034 1601/3036
f 1602/3032 1624/3035 1600/3037
f 1602/3032 1600/3037 1591/3038
f 1624/3035 1601/3036 1605/3039
f 1624/3035 1605/3039 1600/3037
f 1600/3037 1605/3039 1471/3040
f 1605/3039 1601/3036 1583/3041
f 1471/3040 1605/3039 1493/3042
f 1493/3042 1605/3039 1583/3041
f 1493/3042 1583/3041 1538/3043
f 1538/3043 1583/3041 1584/3044
f 1493/3042 1538/3043 1425/3045
f 1538/3043 1584/3044 1532/3046
f 1532/3046 1584/3044 1576/3047
f 1425/3045 1538/3043 1502/3048
f 1502/3048 1538/3043 1532/3046
f 1425/3045 1502/3048 1431/3049
f 1502/3048 1532/3046 1506/3050
f 933/3051 943/3052 985/3053
f 933/3051 985/3053 24/3054
f 1059/3055 943/3052 922/3056
f 943/3052 1059/3055 985/3053
f 24/3054 985/3053 924/3057
f 24/3054 924/3057 14/3058
f 924/3057 985/3053 1038/3059
f 1038/3059 985/3053 1118/3060
f 1118/3060 985/3053 1059/3055
f 1118/3060 1059/3055 1113/3061
f 827/3062 839/3063 858/3064
f 827/3062 858/3064 868/3065
f 868/3065 858/3064 869/3066
f 868/3065 869/3066 813/3067
f 827/3062 868/3065 815/3068
f 815/3068 868/3065 813/3067
f 827/3062 815/3068 761/3069
f 761/3069 815/3068 694/3070
f 694/3070 815/3068 813/3067
f 694/3070 813/3067 501/3071
f 694/3070 501/3071 413/3072
f 721/3073 694/3074 662/3075
f 694/3074 721/3073 761/3076
f 662/3075 694/3074 636/3077
f 662/3075 636/3077 671/3078
f 671/3078 636/3077 737/3079
f 1059/3080 922/3081 941/3082
f 1059/3080 941/3082 1010/3083
f 1010/3083 941/3082 892/3084
f 1010/3083 892/3084 1016/3085
f 1010/3083 1016/3085 1159/3086
f 1010/3083 1159/3086 1149/3087
f 1149/3087 1159/3086 1315/3088
f 1059/3080 1010/3083 1148/3089
f 1148/3089 1010/3083 1149/3087
f 1148/3089 1149/3087 1315/3088
f 1059/3080 1148/3089 1113/3090
f 1148/3089 1315/3088 1396/3091
f 1148/3089 1396/3091 1300/3092
f 1023/3093 1122/3094 996/3095
f 996/3095 1122/3094 1228/3096
f 1228/3096 1122/3094 1269/3097
f 1269/3097 1122/3094 1260/3098
f 1389/3099 1372/3100 1366/3101
f 1389/3099 1366/3101 1573/3102
f 1366/3101 1372/3100 1260/3103
f 1573/3102 1366/3101 1323/3104
f 1323/3104 1366/3101 1260/3103
f 1323/3104 1260/3103 1242/3105
f 1242/3105 1260/3103 1463/3106
f 515/3107 478/3108 510/3109
f 478/3108 515/3107 477/3110
f 515/3107 510/3109 591/3111
f 477/3110 515/3107 422/3112
f 477/3110 422/3112 325/3113
f 422/3112 515/3107 413/3114
f 413/3114 515/3107 694/3115
f 694/3115 515/3107 591/3111
f 694/3115 591/3111 636/3116
f 1573/3117 1323/3118 1582/3119
f 1573/3117 1582/3119 1723/3120
f 1573/3117 1723/3120 1635/3121
f 1573/3117 1635/3121 1517/3122
f 1635/3121 1723/3120 1747/3123
f 1517/3122 1635/3121 1610/3124
f 1635/3121 1747/3123 1729/3125
f 1635/3121 1729/3125 1610/3124
f 1050/3126 1207/3127 1219/3128
f 1219/3128 1207/3127 1398/3129
f 1398/3129 1207/3127 1478/3130
f 1478/3130 1207/3127 1348/3131
f 1207/3127 1050/3126 1268/3132
f 1348/3131 1207/3127 1240/3133
f 1207/3127 1268/3132 1137/3134
f 1207/3127 1137/3134 1240/3133
f 1240/3133 1137/3134 1268/3132
f 1378/3135 1395/3136 1597/3137
f 1378/3135 1597/3137 1536/3138
f 1536/3138 1597/3137 1633/3139
f 1597/3137 1395/3136 1575/3140
f 1633/3139 1597/3137 1653/3141
f 1653/3141 1597/3137 1575/3140
f 1653/3141 1575/3140 1628/3142
f 1628/3142 1575/3140 1536/3143
f 1628/3142 1536/3143 1618/3144
f 1418/3145 1288/3146 1553/3147
f 1595/3148 1581/3149 1442/3150
f 1595/3148 1442/3150 1528/3151
f 1595/3148 1528/3151 1611/3152
f 1595/3148 1611/3152 1629/3153
f 1595/3148 1629/3153 1670/3154
f 1595/3148 1670/3154 1660/3155
f 1595/3148 1660/3155 1581/3149
f 1660/3155 1670/3154 1709/3156
f 1660/3155 1709/3156 1638/3157
f 1660/3155 1638/3157 1581/3149
f 1581/3149 1638/3157 1611/3158
f 1581/3149 1611/3158 1528/3159
f 1534/3160 1418/3161 1553/3162
f 1418/3161 1534/3160 1552/3163
f 1418/3161 1552/3163 1542/3164
f 1545/3165 1590/3166 1506/3167
f 1590/3166 1545/3165 1532/3168
f 1590/3166 1532/3168 1576/3169
f 1532/3168 1545/3165 1528/3170
f 1528/3170 1545/3165 1581/3171
f 1672/3172 1669/3173 1724/3174
f 1724/3174 1669/3173 1693/3175
f 1672/3172 1724/3174 1641/3176
f 1641/3176 1724/3174 1713/3177
f 543/3178 478/3179 477/3180
f 543/3178 477/3180 569/3181
f 636/3182 591/3183 569/3181
f 636/3182 569/3181 659/3184
f 659/3184 569/3181 477/3180
f 659/3184 477/3180 317/3185
f 317/3185 477/3180 325/3186
f 317/3185 325/3186 204/3187
f 659/3184 317/3185 501/3188
f 659/3184 501/3188 813/3189
f 1271/3190 1310/3191 1402/3192
f 1310/3191 1271/3190 1365/3193
f 1310/3191 1365/3193 1355/3194
f 1355/3194 1365/3193 1405/3195
f 1405/3195 1365/3193 1437/3196
f 1437/3196 1365/3193 1501/3197
f 1437/3196 1501/3197 1487/3198
f 1487/3198 1501/3197 1535/3199
f 1501/3197 1365/3193 1539/3200
f 1501/3197 1539/3200 1535/3199
f 1539/3200 1365/3193 1480/3201
f 1539/3200 1480/3201 1577/3202
f 1577/3202 1480/3201 1477/3203
f 1535/3199 1539/3200 1579/3204
f 1579/3204 1539/3200 1577/3202
f 1535/3199 1579/3204 1537/3205
f 1579/3204 1577/3202 1554/3206
f 1579/3204 1554/3206 1537/3205
f 1537/3205 1554/3206 1512/3207
f 1537/3205 1512/3207 1496/3208
f 1512/3207 1554/3206 1560/3209
f 1512/3207 1560/3209 1606/3210
f 1191/3211 1242/3212 1463/3213
f 1191/3211 1463/3213 1354/3214
f 1191/3211 1354/3214 1063/3215
f 1063/3215 1354/3214 1144/3216
f 1354/3214 1463/3213 1609/3217
f 1609/3217 1463/3213 1663/3218
f 1609/3217 1663/3218 1734/3219
f 1734/3219 1663/3218 1797/3220
f 1609/3217 1734/3219 1718/3221
f 1354/3214 1609/3217 1613/3222
f 1613/3222 1609/3217 1718/3221
f 1354/3214 1613/3222 1525/3223
f 1613/3222 1718/3221 1759/3224
f 1613/3222 1759/3224 1525/3223
f 1759/3224 1718/3221 1826/3225
f 1525/3223 1759/3224 1655/3226
f 1333/3227 1536/3228 1575/3229
f 1693/3230 1669/3231 1641/3232
f 1693/3230 1641/3232 1713/3233
f 1542/3234 1553/3235 1418/3236
f 1553/3235 1542/3234 1567/3237
f 1567/3237 1542/3234 1589/3238
f 1511/3239 1607/3240 1564/3241
f 1511/3239 1564/3241 1396/3242
f 1396/3242 1564/3241 1508/3243
f 1511/3239 1396/3242 1429/3244
f 1429/3244 1396/3242 1315/3245
f 1603/3246 1511/3239 1594/3247
f 1594/3247 1511/3239 1429/3244
f 1594/3247 1429/3244 1551/3248
f 1551/3248 1429/3244 1558/3249
f 1429/3244 1315/3245 1421/3250
f 1429/3244 1421/3250 1558/3249
f 1558/3249 1421/3250 1570/3251
f 1570/3251 1421/3250 1592/3252
f 1592/3252 1421/3250 1511/3253
f 1592/3252 1511/3253 1603/3254
f 1589/3255 1567/3256 1641/3257
f 1589/3255 1641/3257 1552/3258
f 1534/3259 1553/3260 1589/3261
f 1589/3261 1553/3260 1567/3262
f 1534/3259 1589/3261 1542/3263
f 1534/3259 1542/3263 1559/3264
f 1559/3264 1542/3263 1552/3265
f 1559/3264 1552/3265 1534/3259
f 1559/3266 1589/3267 1552/3268
f 1589/3267 1559/3266 1567/3269
f 1567/3269 1559/3266 1552/3268
f 1349/3270 1268/3271 1431/3272
f 1268/3271 1349/3270 1394/3273
f 1268/3271 1394/3273 1342/3274
f 1268/3271 1342/3274 1240/3275
f 1598/3276 1622/3277 1601/3278
f 1601/3278 1622/3277 1673/3279
f 1601/3278 1673/3279 1679/3280
f 1662/3281 1709/3282 1673/3279
f 1673/3279 1709/3282 1717/3283
f 1673/3279 1717/3283 1679/3280
f 1679/3280 1717/3283 1653/3284
f 1679/3280 1653/3284 1634/3285
f 1679/3280 1634/3285 1654/3286
f 1150/3287 1280/3288 1383/3289
f 1150/3287 1383/3289 1257/3290
f 1150/3287 1257/3290 1101/3291
f 1257/3290 1383/3289 1239/3292
f 1257/3290 1239/3292 1101/3291
f 1239/3292 1383/3289 1421/3293
f 1101/3291 1239/3292 1087/3294
f 1239/3292 1421/3293 1315/3295
f 1087/3294 1239/3292 1261/3296
f 1261/3296 1239/3292 1315/3295
f 1087/3294 1261/3296 1159/3297
f 1159/3297 1261/3296 1315/3295
f 1223/3298 1422/3299 1367/3300
f 1422/3299 1223/3298 1459/3301
f 1422/3299 1459/3301 1574/3302
f 1381/3303 1433/3304 1482/3305
f 1433/3304 1381/3303 1417/3306
f 1433/3304 1417/3306 1475/3307
f 1433/3304 1475/3307 1466/3308
f 1433/3304 1466/3308 1479/3309
f 1567/3310 1552/3311 1641/3312
f 1459/3313 1381/3314 1482/3315
f 1459/3313 1482/3315 1571/3316
f 1459/3313 1571/3316 1574/3317
f 1571/3316 1482/3315 1475/3318
f 1475/3318 1482/3315 1466/3319
f 1571/3316 1475/3318 1507/3320
f 1574/3317 1571/3316 1642/3321
f 1574/3317 1642/3321 1665/3322
f 1665/3322 1642/3321 1658/3323
f 1574/3317 1665/3322 1626/3324
f 1576/3325 1622/3326 1598/3327
f 1622/3326 1576/3325 1615/3328
f 1615/3328 1576/3325 1584/3329
f 1615/3328 1584/3329 1601/3330
f 1615/3328 1601/3330 1654/3331
f 1654/3331 1601/3330 1679/3332
f 1615/3328 1654/3331 1662/3333
f 1615/3328 1662/3333 1673/3334
f 1583/3335 1628/3336 1618/3337
f 1628/3336 1583/3335 1634/3338
f 1628/3336 1634/3338 1653/3339
f 1634/3338 1583/3335 1601/3340
f 1634/3338 1601/3340 1584/3341
f 1634/3338 1584/3341 1618/3342
f 1618/3342 1584/3341 1583/3343
f 1724/3344 1693/3345 1713/3346
f 1590/3347 1638/3348 1598/3349
f 1638/3348 1590/3347 1611/3350
f 1611/3350 1590/3347 1576/3351
f 1598/3349 1638/3348 1629/3352
f 1629/3352 1638/3348 1709/3353
f 1598/3349 1629/3352 1576/3354
f 1576/3354 1629/3352 1611/3355
f 1553/3356 1497/3357 1567/3358
f 1713/3359 1724/3360 1745/3361
f 1463/3362 1260/3363 1540/3364
f 1540/3364 1260/3363 1320/3365
f 1540/3364 1320/3365 1524/3366
f 1540/3364 1524/3366 1655/3367
f 1463/3362 1540/3364 1680/3368
f 1680/3368 1540/3364 1655/3367
f 1463/3362 1680/3368 1663/3369
f 1680/3368 1655/3367 1770/3370
f 1680/3368 1770/3370 1663/3369
f 1663/3369 1770/3370 1797/3371
f 1797/3371 1770/3370 1814/3372
f 1814/3372 1770/3370 1792/3373
f 1814/3372 1792/3373 1841/3374
f 1381/3375 1367/3376 1479/3377
f 1479/3377 1367/3376 1507/3378
f 1568/3379 1543/3380 1606/3381
f 1606/3381 1543/3380 1519/3382
f 1606/3381 1519/3382 1512/3383
f 1519/3382 1543/3380 1456/3384
f 1519/3382 1456/3384 1368/3385
f 1519/3382 1368/3385 1404/3386
f 1431/3387 1502/3388 1349/3389
f 1349/3389 1502/3388 1342/3390
f 1349/3389 1342/3390 1394/3391
f 1342/3390 1502/3388 1572/3392
f 1572/3392 1502/3388 1478/3393
f 1417/3394 1381/3395 1479/3396
f 1417/3394 1479/3396 1466/3397
f 1572/3398 1478/3399 1541/3400
f 1541/3400 1478/3399 1348/3401
f 1541/3400 1348/3401 1572/3398
f 1572/3398 1348/3401 1342/3402
f 1342/3402 1348/3401 1240/3403
f 1525/3404 1320/3405 1144/3406
f 1525/3404 1144/3406 1354/3407
f 1320/3405 1525/3404 1524/3408
f 1524/3408 1525/3404 1655/3409
f 1496/3410 1648/3411 1537/3412
f 1537/3412 1648/3411 1715/3413
f 1715/3413 1648/3411 1777/3414
f 1715/3413 1777/3414 1782/3415
f 1715/3413 1782/3415 1783/3416
f 1537/3412 1715/3413 1630/3417
f 1630/3417 1715/3413 1783/3416
f 1537/3412 1630/3417 1535/3418
f 1535/3418 1630/3417 1487/3419
f 1487/3419 1630/3417 1616/3420
f 1487/3419 1616/3420 1437/3421
f 1630/3417 1783/3416 1692/3422
f 1630/3417 1692/3422 1616/3420
f 1692/3422 1783/3416 1820/3423
f 1437/3421 1616/3420 1496/3424
f 1692/3422 1820/3423 1742/3425
f 1692/3422 1742/3425 1616/3420
f 1496/3424 1616/3420 1648/3426
f 1648/3426 1616/3420 1742/3425
f 1615/3427 1629/3428 1622/3429
f 1622/3429 1629/3428 1709/3430
f 1622/3429 1709/3430 1647/3431
f 1622/3429 1647/3431 1673/3432
f 1673/3432 1647/3431 1615/3433
f 1647/3431 1709/3430 1662/3434
f 1615/3433 1647/3431 1629/3435
f 1629/3435 1647/3431 1662/3434
f 1629/3435 1662/3434 1670/3436
f 1417/3437 1466/3438 1367/3439
f 1367/3439 1466/3438 1507/3440
f 1507/3440 1466/3438 1482/3441
f 1417/3442 1367/3443 1475/3444
f 1475/3444 1367/3443 1422/3445
f 1805/3446 1827/3447 1762/3448
f 1762/3448 1827/3447 1804/3449
f 1805/3446 1762/3448 1796/3450
f 1805/3446 1796/3450 1846/3451
f 1846/3451 1796/3450 1754/3452
f 1433/3453 1479/3454 1482/3455
f 1482/3455 1479/3454 1422/3456
f 1482/3455 1422/3456 1507/3457
f 1507/3457 1422/3456 1571/3458
f 1571/3458 1422/3456 1593/3459
f 1571/3458 1593/3459 1642/3460
f 1593/3459 1422/3456 1574/3461
f 1642/3460 1593/3459 1626/3462
f 1626/3462 1593/3459 1574/3461
f 1479/3463 1507/3464 1475/3465
f 1479/3463 1475/3465 1422/3466
f 1633/3467 1618/3468 1536/3469
f 1618/3468 1633/3467 1681/3470
f 1681/3470 1633/3467 1653/3471
f 1681/3470 1653/3471 1717/3472
f 1681/3470 1717/3472 1710/3473
f 1710/3473 1717/3472 1674/3474
f 1710/3473 1674/3474 1681/3470
f 1681/3470 1674/3474 1618/3468
f 1674/3474 1717/3472 1709/3475
f 1674/3474 1709/3475 1670/3476
f 1674/3474 1670/3476 1662/3477
f 1674/3474 1662/3477 1654/3478
f 1674/3474 1654/3478 1618/3468
f 1618/3468 1654/3478 1634/3479
f 1775/3480 1745/3481 1781/3482
f 1762/3483 1804/3484 1802/3485
f 1802/3485 1804/3484 1801/3486
f 1762/3483 1802/3485 1736/3487
f 1762/3483 1736/3487 1730/3488
f 1762/3483 1730/3488 1754/3489
f 1730/3488 1736/3487 1731/3490
f 1754/3489 1730/3488 1810/3491
f 1810/3491 1730/3488 1731/3490
f 1754/3489 1810/3491 1877/3492
f 1810/3491 1731/3490 1894/3493
f 1877/3492 1810/3491 1856/3494
f 1810/3491 1894/3493 1878/3495
f 1856/3494 1810/3491 1872/3496
f 1872/3496 1810/3491 1878/3495
f 1872/3496 1878/3495 1877/3497
f 1834/3498 1827/3499 1858/3500
f 1834/3498 1858/3500 1816/3501
f 1816/3501 1858/3500 1802/3502
f 1858/3500 1827/3499 1843/3503
f 1858/3500 1843/3503 1828/3504
f 1828/3504 1843/3503 1824/3505
f 1824/3505 1843/3503 1846/3506
f 1846/3506 1843/3503 1827/3499
f 1846/3506 1827/3499 1811/3507
f 1846/3506 1811/3507 1801/3508
f 1580/3509 1594/3510 1551/3511
f 1558/3512 1565/3513 1551/3511
f 1551/3511 1565/3513 1588/3514
f 1551/3511 1588/3514 1621/3515
f 1551/3511 1621/3515 1580/3509
f 1621/3515 1588/3514 1695/3516
f 1621/3515 1695/3516 1651/3517
f 1621/3515 1651/3517 1580/3509
f 1651/3517 1695/3516 1704/3518
f 1651/3517 1704/3518 1696/3519
f 1580/3509 1651/3517 1596/3520
f 1596/3520 1651/3517 1696/3519
f 1580/3509 1596/3520 1594/3510
f 1594/3510 1596/3520 1612/3521
f 1594/3510 1612/3521 1656/3522
f 1596/3520 1696/3519 1668/3523
f 1596/3520 1668/3523 1612/3521
f 1612/3521 1668/3523 1656/3522
f 1668/3523 1696/3519 1711/3524
f 1656/3522 1668/3523 1726/3525
f 1726/3525 1668/3523 1711/3524
f 1804/3526 1827/3527 1816/3528
f 1816/3528 1827/3527 1824/3529
f 1824/3529 1827/3527 1834/3530
f 1824/3529 1834/3530 1828/3531
f 1816/3528 1824/3529 1846/3532
f 1816/3528 1846/3532 1828/3533
f 1828/3533 1846/3532 1858/3534
f 1816/3528 1828/3533 1834/3535
f 1723/3536 1582/3537 1703/3538
f 1703/3538 1582/3537 1756/3539
f 1723/3536 1703/3538 1855/3540
f 1855/3540 1703/3538 1756/3539
f 1805/3541 1846/3542 1801/3543
f 1805/3541 1801/3543 1804/3544
f 1805/3541 1804/3544 1811/3545
f 1805/3541 1811/3545 1827/3546
f 1811/3545 1804/3544 1816/3547
f 1811/3545 1816/3547 1802/3548
f 1801/3549 1796/3550 1762/3551
f 1801/3549 1762/3551 1754/3552
f 1801/3549 1754/3552 1802/3553
f 1802/3553 1754/3552 1796/3554
f 1802/3553 1796/3554 1811/3555
f 1811/3555 1796/3554 1801/3556
f 1594/3557 1649/3558 1603/3559
f 1603/3559 1649/3558 1690/3560
f 1649/3558 1594/3557 1656/3561
f 1690/3560 1649/3558 1683/3562
f 1683/3562 1649/3558 1656/3561
f 1690/3560 1683/3562 1671/3563
f 1671/3563 1683/3562 1659/3564
f 1683/3562 1656/3561 1699/3565
f 1683/3562 1699/3565 1659/3564
f 1659/3564 1699/3565 1676/3566
f 1699/3565 1656/3561 1743/3567
f 1699/3565 1743/3567 1771/3568
f 1699/3565 1771/3568 1714/3569
f 1699/3565 1714/3569 1708/3570
f 1640/3571 1623/3572 1688/3573
f 1775/3574 1781/3575 1807/3576
f 1807/3576 1781/3575 1800/3577
f 1623/3578 1640/3579 1676/3580
f 1671/3581 1659/3582 1640/3583
f 1640/3583 1659/3582 1676/3584
f 1671/3581 1640/3583 1688/3585
f 1731/3586 1736/3587 1903/3588
f 1731/3586 1903/3588 1894/3589
f 1903/3588 1736/3587 1866/3590
f 1894/3589 1903/3588 1878/3591
f 1878/3591 1903/3588 1866/3590
f 1878/3591 1866/3590 1877/3592
f 1570/3593 1592/3594 1617/3595
f 1617/3595 1592/3594 1664/3596
f 1664/3596 1592/3594 1603/3597
f 1570/3593 1617/3595 1643/3598
f 1643/3598 1617/3595 1721/3599
f 1721/3599 1617/3595 1664/3596
f 1570/3593 1643/3598 1650/3600
f 1570/3593 1650/3600 1558/3601
f 1643/3598 1721/3599 1705/3602
f 1643/3598 1705/3602 1650/3600
f 1705/3602 1721/3599 1728/3603
f 1728/3603 1721/3599 1664/3596
f 1705/3602 1728/3603 1650/3600
f 1558/3601 1650/3600 1565/3604
f 1728/3603 1664/3596 1744/3605
f 1728/3603 1744/3605 1727/3606
f 1728/3603 1727/3606 1650/3600
f 1650/3600 1727/3606 1694/3607
f 1650/3600 1694/3607 1565/3604
f 1565/3604 1694/3607 1644/3608
f 1565/3604 1644/3608 1632/3609
f 1632/3609 1644/3608 1695/3610
f 1565/3604 1632/3609 1588/3611
f 1588/3611 1632/3609 1695/3610
f 1685/3612 1744/3605 1664/3596
f 1685/3612 1664/3596 1603/3597
f 1744/3605 1685/3612 1714/3613
f 1685/3612 1603/3597 1690/3614
f 1685/3612 1690/3614 1691/3615
f 1685/3612 1691/3615 1714/3613
f 1691/3615 1690/3614 1712/3616
f 1691/3615 1712/3616 1719/3617
f 1691/3615 1719/3617 1714/3613
f 1714/3613 1719/3617 1708/3618
f 1708/3618 1719/3617 1733/3619
f 1708/3618 1733/3619 1690/3620
f 1736/3621 1802/3622 1866/3623
f 1866/3623 1802/3622 1858/3624
f 1866/3623 1858/3624 1846/3625
f 1866/3623 1846/3625 1754/3626
f 1866/3623 1754/3626 1877/3627
f 1676/3628 1688/3629 1623/3630
f 1671/3631 1688/3632 1687/3633
f 1671/3631 1687/3633 1690/3634
f 1687/3633 1688/3632 1702/3635
f 1702/3635 1688/3632 1740/3636
f 1784/3637 1773/3638 1807/3639
f 1773/3638 1784/3637 1740/3640
f 1807/3639 1773/3638 1800/3641
f 1807/3639 1800/3641 1750/3642
f 1800/3643 1775/3644 1807/3645
f 1775/3644 1800/3643 1781/3646
f 1750/3647 1740/3648 1784/3649
f 1740/3648 1750/3647 1702/3650
f 1689/3651 1773/3652 1740/3653
f 1689/3651 1740/3653 1688/3654
f 1689/3651 1688/3654 1676/3655
f 1689/3651 1676/3655 1702/3656
f 1689/3651 1702/3656 1750/3657
f 1702/3656 1676/3655 1687/3658
f 1750/3659 1800/3660 1773/3661
f 1750/3659 1773/3661 1689/3662
f 1750/3663 1807/3664 1784/3665
f 1699/3666 1687/3667 1676/3668
f 1687/3667 1699/3666 1708/3669
f 1687/3667 1708/3669 1690/3670
f 1848/3671 1821/3672 1807/3673
f 1620/3674 1561/3675 1614/3676
f 1561/3675 1620/3674 1627/3677
f 1614/3678 1561/3679 1627/3680
f 1642/3681 1620/3682 1614/3678
f 1642/3681 1614/3678 1658/3683
f 1658/3683 1614/3678 1627/3680
f 1620/3684 1642/3685 1627/3680
f 1627/3680 1642/3685 1626/3686
f 1627/3680 1626/3686 1658/3683
f 1697/3687 1665/3688 1658/3683
f 1697/3687 1658/3683 1657/3689
f 1657/3689 1658/3683 1626/3686
f 1657/3689 1626/3686 1661/3690
f 1661/3690 1626/3686 1665/3691
f 1661/3690 1665/3691 1684/3692
f 1729/3693 1747/3694 1887/3695
f 1729/3693 1887/3695 1896/3696
f 1887/3695 1747/3694 1844/3697
f 1844/3697 1747/3694 1723/3698
f 1844/3697 1723/3698 1855/3699
f 1856/3700 1821/3701 1848/3702
f 1712/3703 1690/3704 1733/3705
f 1712/3703 1733/3705 1739/3706
f 1877/3707 1848/3708 1872/3709
f 1872/3709 1848/3708 1821/3710
f 1848/3708 1877/3707 1856/3711
f 1872/3712 1821/3713 1856/3714
f 1735/3715 1719/3716 1712/3717
f 1735/3715 1712/3717 1737/3718
f 1737/3719 1712/3720 1739/3721
f 1737/3719 1739/3721 1761/3722
f 1733/3723 1719/3724 1735/3725
f 1733/3723 1735/3725 1757/3726
f 1739/3727 1733/3728 1757/3729
f 1739/3727 1757/3729 1761/3730
f 1855/3731 1756/3732 1873/3733
f 1873/3733 1756/3732 1896/3734
f 1752/3735 1735/3736 1737/3737
f 1752/3735 1737/3737 1751/3738
f 1735/3736 1752/3735 1757/3739
f 1752/3735 1751/3738 1767/3740
f 1752/3735 1767/3740 1779/3741
f 1752/3735 1779/3741 1757/3739
f 1779/3741 1767/3740 1793/3742
f 1757/3739 1779/3741 1786/3743
f 1786/3743 1779/3741 1793/3742
f 1757/3739 1786/3743 1761/3744
f 1786/3743 1793/3742 1813/3745
f 1813/3745 1793/3742 1794/3746
f 1786/3743 1813/3745 1798/3747
f 1751/3748 1737/3749 1761/3750
f 1751/3748 1761/3750 1788/3751
f 1751/3748 1788/3751 1767/3752
f 1767/3752 1788/3751 1777/3753
f 1777/3753 1788/3751 1782/3754
f 1788/3751 1761/3750 1798/3755
f 1798/3755 1761/3750 1786/3756
f 1782/3754 1788/3751 1806/3757
f 1806/3757 1788/3751 1798/3755
f 1782/3754 1806/3757 1809/3758
f 1813/3759 1825/3760 1798/3755
f 1798/3755 1825/3760 1806/3757
f 1809/3758 1806/3757 1833/3761
f 1809/3758 1833/3761 1829/3762
f 1833/3761 1806/3757 1849/3763
f 1849/3763 1806/3757 1829/3764
f 1829/3764 1806/3757 1825/3760
f 1829/3764 1825/3760 1809/3765
f 1742/3766 1777/3767 1648/3768
f 1777/3767 1742/3766 1793/3769
f 1793/3769 1742/3766 1864/3770
f 1864/3770 1742/3766 1840/3771
f 1793/3769 1864/3770 1794/3772
f 1794/3772 1864/3770 1783/3773
f 1698/3774 1665/3775 1697/3776
f 1665/3775 1698/3774 1675/3777
f 1675/3777 1698/3774 1684/3778
f 1675/3777 1684/3778 1677/3779
f 1684/3778 1698/3774 1725/3780
f 1725/3780 1698/3774 1697/3776
f 1725/3780 1697/3776 1657/3781
f 1725/3780 1657/3781 1675/3782
f 1725/3780 1675/3782 1677/3783
f 1675/3782 1657/3781 1665/3784
f 1861/3785 1815/3786 1873/3787
f 1861/3785 1873/3787 1870/3788
f 1870/3788 1873/3787 1876/3789
f 1870/3788 1876/3789 1861/3785
f 1861/3785 1876/3789 1880/3790
f 1870/3791 1880/3790 1881/3792
f 1880/3790 1870/3791 1879/3793
f 1880/3790 1879/3793 1861/3785
f 1861/3785 1879/3793 1881/3794
f 1861/3785 1881/3794 1896/3795
f 1896/3795 1881/3794 1880/3796
f 1896/3795 1880/3796 1876/3797
f 1896/3795 1876/3797 1873/3798
f 1763/3799 1815/3786 1861/3785
f 1815/3786 1763/3799 1734/3800
f 1763/3799 1861/3785 1768/3801
f 1734/3800 1763/3799 1722/3802
f 1722/3802 1763/3799 1768/3801
f 1734/3800 1722/3802 1718/3803
f 1718/3803 1722/3802 1780/3804
f 1780/3804 1722/3802 1765/3805
f 1765/3805 1722/3802 1768/3801
f 1780/3804 1765/3805 1850/3806
f 1850/3806 1765/3805 1808/3807
f 1808/3807 1765/3805 1768/3801
f 1850/3806 1808/3807 1906/3808
f 1839/3809 1768/3801 1861/3785
f 1906/3808 1808/3807 1862/3810
f 1862/3810 1808/3807 1768/3801
f 1906/3808 1862/3810 1861/3785
f 1862/3810 1768/3801 1839/3809
f 1862/3810 1839/3809 1861/3785
f 1855/3811 1873/3812 1815/3813
f 1855/3811 1815/3813 1870/3814
f 1855/3811 1870/3814 1881/3815
f 1870/3814 1815/3813 1879/3816
f 1682/3817 1661/3818 1684/3819
f 1661/3818 1682/3817 1678/3820
f 1678/3820 1682/3817 1706/3821
f 1661/3818 1678/3820 1677/3822
f 1677/3822 1678/3820 1700/3823
f 1677/3822 1700/3823 1725/3824
f 1700/3823 1678/3820 1701/3825
f 1700/3823 1701/3825 1725/3824
f 1701/3825 1678/3820 1707/3826
f 1725/3824 1701/3825 1684/3827
f 1684/3827 1701/3825 1682/3828
f 1682/3828 1701/3825 1720/3829
f 1656/3830 1726/3831 1743/3832
f 1696/3833 1726/3831 1711/3834
f 1726/3831 1696/3833 1704/3835
f 1743/3832 1726/3831 1716/3836
f 1716/3836 1726/3831 1704/3835
f 1716/3836 1704/3835 1694/3837
f 1694/3837 1704/3835 1695/3838
f 1694/3837 1695/3838 1644/3839
f 1716/3836 1694/3837 1727/3840
f 1743/3832 1716/3836 1749/3841
f 1749/3841 1716/3836 1738/3842
f 1738/3842 1716/3836 1727/3840
f 1738/3842 1727/3840 1746/3843
f 1746/3843 1727/3840 1744/3844
f 1743/3832 1749/3841 1776/3845
f 1743/3832 1776/3845 1744/3846
f 1744/3846 1776/3845 1746/3847
f 1746/3847 1776/3845 1760/3848
f 1760/3848 1776/3845 1778/3849
f 1746/3847 1760/3848 1764/3850
f 1677/3851 1684/3852 1665/3853
f 1677/3851 1665/3853 1657/3854
f 1677/3851 1657/3854 1661/3855
f 1714/3856 1771/3857 1744/3858
f 1744/3858 1771/3857 1743/3859
f 1889/3860 1915/3861 1861/3862
f 1889/3860 1861/3862 1896/3863
f 1915/3861 1889/3860 1879/3864
f 1879/3864 1889/3860 1881/3865
f 1915/3861 1879/3864 1884/3866
f 1884/3866 1879/3864 1815/3867
f 1915/3861 1884/3866 1881/3868
f 1915/3861 1881/3868 1904/3869
f 1904/3869 1881/3868 1889/3870
f 1904/3869 1889/3870 1896/3871
f 1881/3868 1884/3866 1874/3872
f 1881/3868 1874/3872 1855/3873
f 1855/3873 1874/3872 1814/3874
f 1874/3872 1884/3866 1912/3875
f 1912/3875 1884/3866 1902/3876
f 1720/3877 1706/3878 1682/3879
f 1904/3880 1896/3881 1945/3882
f 1904/3880 1945/3882 1915/3883
f 1915/3883 1945/3882 1874/3884
f 1912/3885 1902/3886 1874/3884
f 1874/3884 1902/3886 1909/3887
f 1874/3884 1909/3887 1915/3883
f 1915/3883 1909/3887 1912/3888
f 1912/3888 1909/3887 1906/3889
f 1912/3888 1906/3889 1915/3883
f 1915/3883 1906/3889 1861/3890
f 1887/3891 1911/3892 1896/3893
f 1911/3892 1887/3891 1895/3894
f 1895/3894 1887/3891 1890/3895
f 1911/3892 1895/3894 1920/3896
f 1920/3896 1895/3894 1890/3895
f 1911/3892 1920/3896 1908/3897
f 1908/3897 1920/3896 1890/3895
f 1911/3892 1908/3897 1898/3898
f 1908/3897 1890/3895 1917/3899
f 1908/3897 1917/3899 1898/3898
f 1917/3899 1890/3895 1865/3900
f 1917/3899 1865/3900 1893/3901
f 1917/3899 1893/3901 1898/3898
f 1865/3900 1890/3895 1835/3902
f 1835/3902 1890/3895 1822/3903
f 1835/3902 1822/3903 1841/3904
f 1835/3902 1841/3904 1792/3905
f 1865/3900 1835/3902 1842/3906
f 1842/3906 1835/3902 1792/3905
f 1865/3900 1842/3906 1893/3901
f 1842/3906 1792/3905 1772/3907
f 1854/3908 1898/3898 1893/3901
f 1854/3908 1893/3901 1842/3906
f 1842/3906 1772/3907 1819/3909
f 1842/3906 1819/3909 1854/3908
f 1819/3909 1772/3907 1769/3910
f 1854/3908 1819/3909 1871/3911
f 1871/3911 1819/3909 1817/3912
f 1871/3911 1817/3912 1854/3908
f 1817/3912 1819/3909 1769/3910
f 1830/3913 1898/3898 1854/3908
f 1830/3913 1854/3908 1817/3912
f 1898/3898 1830/3913 1797/3914
f 1898/3898 1797/3914 1874/3915
f 1874/3915 1797/3914 1814/3916
f 1797/3914 1830/3913 1845/3917
f 1830/3913 1817/3912 1812/3918
f 1785/3919 1817/3912 1769/3910
f 1817/3912 1785/3919 1812/3918
f 1785/3919 1769/3910 1753/3920
f 1812/3918 1785/3919 1759/3921
f 1759/3921 1785/3919 1753/3920
f 1791/3922 1767/3923 1777/3924
f 1767/3923 1791/3922 1793/3925
f 1791/3922 1777/3924 1787/3926
f 1791/3922 1787/3926 1782/3927
f 1787/3926 1777/3924 1793/3928
f 1782/3927 1787/3926 1783/3929
f 1783/3929 1787/3926 1793/3928
f 1783/3929 1793/3928 1791/3930
f 1783/3929 1791/3930 1813/3931
f 1783/3929 1813/3931 1794/3932
f 1706/3933 1707/3934 1678/3935
f 1720/3936 1701/3937 1707/3938
f 1720/3936 1707/3938 1741/3939
f 1741/3939 1707/3938 1732/3940
f 1841/3941 1822/3942 1844/3943
f 1844/3943 1822/3942 1890/3944
f 1844/3943 1890/3944 1887/3945
f 1841/3941 1844/3943 1855/3946
f 1841/3941 1855/3946 1814/3947
f 1741/3948 1706/3949 1720/3950
f 1706/3949 1741/3948 1732/3951
f 1706/3949 1732/3951 1707/3952
f 1809/3953 1791/3954 1782/3955
f 1791/3954 1809/3953 1838/3956
f 1791/3954 1838/3956 1813/3957
f 1884/3958 1815/3959 1734/3960
f 1884/3958 1734/3960 1797/3961
f 1884/3958 1797/3961 1845/3962
f 1884/3958 1845/3962 1909/3963
f 1884/3958 1909/3963 1902/3964
f 1825/3965 1838/3966 1809/3967
f 1838/3966 1825/3965 1813/3968
f 1748/3969 1732/3970 1741/3971
f 1741/3971 1732/3970 1755/3972
f 1820/3973 1840/3974 1742/3975
f 1840/3974 1820/3973 1823/3976
f 1823/3976 1820/3973 1836/3977
f 1823/3976 1836/3977 1868/3978
f 1823/3976 1868/3978 1867/3979
f 1868/3978 1836/3977 1885/3980
f 1868/3978 1885/3980 1914/3981
f 1868/3978 1914/3981 1913/3982
f 1995/3983 1896/3984 1911/3985
f 1995/3983 1911/3985 1979/3986
f 1995/3983 1979/3986 2066/3987
f 1896/3984 1995/3983 2000/3988
f 1896/3984 2000/3988 1945/3989
f 1748/3990 1741/3991 1766/3992
f 1766/3992 1741/3991 1755/3993
f 1759/3994 1770/3995 1655/3996
f 1770/3995 1759/3994 1753/3997
f 1770/3995 1753/3997 1769/3998
f 1770/3995 1769/3998 1772/3999
f 1770/3995 1772/3999 1774/4000
f 1770/3995 1774/4000 1792/4001
f 1792/4001 1774/4000 1772/3999
f 1863/4002 1838/4003 1825/4004
f 1860/4005 1833/4006 1849/4007
f 1833/4006 1860/4005 1869/4008
f 1833/4006 1869/4008 1859/4009
f 1833/4006 1859/4009 1829/4010
f 1749/4011 1732/4012 1748/4013
f 1732/4012 1749/4011 1755/4014
f 1749/4011 1748/4013 1766/4015
f 1749/4011 1766/4015 1776/4016
f 1776/4016 1766/4015 1790/4017
f 1776/4016 1790/4017 1778/4018
f 1790/4017 1766/4015 1755/4019
f 1778/4018 1790/4017 1764/4020
f 1790/4017 1755/4019 1758/4021
f 1790/4017 1758/4021 1764/4020
f 1758/4021 1755/4019 1738/4022
f 1758/4021 1738/4022 1764/4020
f 1738/4022 1755/4019 1749/4023
f 1764/4020 1738/4022 1746/4024
f 1849/4025 1829/4026 1859/4027
f 1849/4025 1859/4027 1860/4028
f 1860/4028 1859/4027 1892/4029
f 1898/4030 1979/4031 1911/4032
f 1979/4031 1898/4030 1950/4033
f 1979/4031 1950/4033 2044/4034
f 1950/4033 1898/4030 1951/4035
f 1951/4035 1898/4030 1874/4036
f 1951/4035 1874/4036 1945/4037
f 1783/4038 1847/4039 1820/4040
f 1820/4040 1847/4039 1836/4041
f 1847/4039 1783/4038 1864/4042
f 1836/4041 1847/4039 1883/4043
f 1847/4039 1864/4042 1897/4044
f 1847/4039 1897/4044 1883/4043
f 1906/4045 1909/4046 1845/4047
f 1906/4045 1845/4047 1850/4048
f 1850/4048 1845/4047 1780/4049
f 1886/4050 1863/4003 1838/4002
f 1875/4051 1860/4052 1892/4053
f 1860/4052 1875/4051 1869/4054
f 1760/4055 1778/4056 1799/4057
f 1760/4055 1799/4057 1789/4058
f 1799/4057 1778/4056 1795/4059
f 1795/4059 1778/4056 1764/4060
f 1799/4057 1795/4059 1832/4061
f 1899/4062 1863/4063 1886/4064
f 1899/4062 1886/4064 1905/4065
f 1789/4066 1764/4067 1760/4068
f 1764/4067 1789/4066 1795/4069
f 1795/4069 1789/4066 1803/4070
f 1892/4071 1859/4072 1869/4073
f 1892/4071 1869/4073 1900/4074
f 1900/4074 1869/4073 1891/4075
f 1891/4075 1869/4073 1875/4076
f 1891/4075 1875/4076 1901/4077
f 1901/4077 1875/4076 1892/4078
f 1901/4077 1892/4078 1900/4079
f 1840/4080 1897/4081 1864/4082
f 1897/4081 1840/4080 1823/4083
f 1882/4084 1823/4083 1867/4085
f 1823/4083 1882/4084 1916/4086
f 1823/4083 1916/4086 1897/4081
f 1916/4086 1882/4084 1888/4087
f 1916/4086 1888/4087 1928/4088
f 1916/4086 1928/4088 1944/4089
f 1897/4081 1916/4086 1926/4090
f 1926/4090 1916/4086 1944/4089
f 1897/4081 1926/4090 1921/4091
f 1926/4090 1944/4089 1934/4092
f 1926/4090 1934/4092 1921/4091
f 1921/4091 1934/4092 1907/4093
f 1907/4093 1934/4092 1940/4094
f 1883/4095 1897/4096 1921/4097
f 1883/4095 1921/4097 1907/4098
f 1883/4095 1907/4098 1836/4099
f 1836/4099 1907/4098 1885/4100
f 1885/4100 1907/4098 1914/4101
f 1818/4102 1789/4103 1799/4104
f 1818/4102 1799/4104 1832/4105
f 1789/4103 1818/4102 1803/4106
f 1803/4106 1818/4102 1831/4107
f 1803/4106 1831/4107 1837/4108
f 1803/4106 1837/4108 1832/4109
f 1901/4110 1900/4111 1910/4112
f 1901/4110 1910/4112 1891/4113
f 1955/4114 1958/4115 1965/4116
f 1955/4114 1965/4116 1933/4117
f 1933/4117 1965/4116 1936/4118
f 1945/4119 2000/4120 2012/4121
f 2012/4121 2000/4120 2063/4122
f 2063/4122 2000/4120 1995/4123
f 1832/4124 1795/4125 1803/4126
f 1918/4127 1905/4128 1899/4129
f 1899/4129 1905/4128 1924/4130
f 1905/4128 1918/4127 1932/4131
f 1905/4128 1932/4131 1924/4130
f 1900/4132 1891/4133 1910/4134
f 1852/4135 1818/4136 1832/4137
f 1818/4136 1852/4135 1831/4138
f 1831/4138 1852/4135 1851/4139
f 1831/4138 1851/4139 1837/4140
f 1851/4139 1852/4135 1867/4141
f 1852/4142 1832/4143 1853/4144
f 1853/4144 1832/4143 1837/4145
f 1853/4144 1837/4145 1851/4146
f 1951/4147 1945/4148 2012/4149
f 1951/4147 2012/4149 2027/4150
f 1951/4147 2027/4150 1950/4151
f 1922/4152 1812/4153 1759/4154
f 1922/4152 1759/4154 1826/4155
f 1812/4153 1922/4152 1931/4156
f 1931/4156 1922/4152 1970/4157
f 1718/4158 1780/4159 1857/4160
f 1857/4160 1780/4159 1845/4161
f 1718/4158 1857/4160 1826/4162
f 1924/4163 1918/4164 1899/4165
f 1918/4164 1924/4163 1925/4166
f 1925/4166 1924/4163 1932/4167
f 1925/4166 1932/4167 1938/4168
f 1929/4169 1910/4170 1927/4171
f 1882/4172 1852/4173 1853/4174
f 1852/4173 1882/4172 1867/4175
f 1925/4176 1936/4177 1918/4178
f 1918/4178 1936/4177 1933/4179
f 1936/4177 1925/4176 1935/4180
f 1888/4181 1882/4182 1851/4183
f 1851/4183 1882/4182 1853/4184
f 1888/4181 1851/4183 1867/4185
f 1888/4181 1867/4185 1868/4186
f 1888/4181 1868/4186 1913/4187
f 1888/4181 1913/4187 1928/4188
f 1918/4189 1933/4190 1932/4191
f 1932/4191 1933/4190 1936/4192
f 1932/4191 1936/4192 1935/4193
f 1830/4194 1812/4195 1923/4196
f 1923/4196 1812/4195 1931/4197
f 1935/4198 1925/4199 1938/4200
f 1935/4198 1938/4200 1932/4201
f 1845/4202 1830/4203 1923/4204
f 1845/4202 1923/4204 1953/4205
f 1845/4202 1953/4205 1857/4206
f 1857/4206 1953/4205 1930/4207
f 1938/4208 1929/4209 1927/4210
f 1938/4208 1927/4210 1935/4211
f 1941/4212 1929/4213 1938/4214
f 1929/4213 1941/4212 1939/4215
f 1929/4213 1939/4215 1935/4216
f 1929/4213 1935/4216 1927/4217
f 1935/4216 1939/4215 1959/4218
f 1935/4216 1959/4218 1938/4219
f 1959/4218 1939/4215 1942/4220
f 1938/4219 1959/4218 1941/4221
f 1941/4221 1959/4218 1942/4220
f 1941/4221 1942/4220 1949/4222
f 1941/4221 1949/4222 1939/4223
f 2017/4224 1988/4225 2009/4226
f 1940/4227 1934/4228 1944/4229
f 1940/4227 1944/4229 1937/4230
f 1937/4230 1944/4229 1928/4231
f 1937/4230 1928/4231 1913/4232
f 1937/4230 1913/4232 1940/4227
f 1940/4227 1913/4232 1914/4233
f 1940/4227 1914/4233 1907/4234
f 1948/4235 1942/4236 1939/4237
f 1948/4235 1939/4237 1949/4238
f 1942/4236 1948/4235 1957/4239
f 1948/4235 1949/4238 1947/4240
f 1957/4239 1948/4235 1943/4241
f 1943/4241 1948/4235 1947/4240
f 1957/4239 1943/4241 1960/4242
f 1943/4241 1947/4240 1963/4243
f 1960/4242 1943/4241 1978/4244
f 1978/4244 1943/4241 1963/4243
f 1949/4245 1942/4246 1957/4247
f 1956/4248 1949/4245 1992/4249
f 1992/4249 1949/4245 1977/4250
f 1949/4245 1957/4247 1969/4251
f 1949/4245 1969/4251 1977/4250
f 1969/4251 1957/4247 1960/4252
f 1969/4251 1960/4252 1985/4253
f 1969/4251 1985/4253 1991/4254
f 1969/4251 1991/4254 1977/4250
f 1977/4250 1991/4254 1978/4255
f 1977/4250 1978/4255 1963/4256
f 1977/4250 1963/4256 1982/4257
f 2028/4258 2009/4259 2017/4260
f 2009/4259 2028/4258 2038/4261
f 2009/4259 2038/4261 2039/4262
f 2038/4261 2028/4258 2053/4263
f 2053/4263 2028/4258 2039/4264
f 2038/4261 2053/4263 2056/4265
f 2038/4261 2056/4265 2050/4266
f 2038/4261 2050/4266 2039/4262
f 2039/4262 2050/4266 2053/4267
f 2012/4268 2068/4269 2027/4270
f 2068/4269 2012/4268 2063/4271
f 2027/4270 2068/4269 2075/4272
f 2027/4270 2075/4272 2055/4273
f 2028/4274 2017/4275 2039/4276
f 1956/4277 1947/4278 1949/4279
f 1953/4280 1963/4281 1947/4278
f 1953/4280 1947/4278 1946/4282
f 1946/4282 1947/4278 1956/4277
f 1946/4282 1956/4277 1963/4283
f 1963/4283 1956/4277 1976/4284
f 2027/4285 2044/4286 1950/4287
f 2044/4286 2027/4285 2060/4288
f 2060/4288 2027/4285 2055/4289
f 2060/4288 2055/4289 2084/4290
f 2060/4288 2084/4290 2078/4291
f 2084/4290 2055/4289 2087/4292
f 2084/4290 2087/4292 2078/4291
f 2009/4293 2039/4294 2017/4295
f 1967/4296 1961/4297 1936/4298
f 2075/4299 2068/4300 2086/4301
f 2086/4301 2068/4300 2066/4302
f 2066/4302 2068/4300 2063/4303
f 2066/4302 2063/4303 1995/4304
f 2086/4301 2066/4302 2076/4305
f 2086/4301 2076/4305 2075/4299
f 2076/4305 2066/4302 2078/4306
f 2075/4299 2076/4305 2055/4307
f 2076/4305 2078/4306 2087/4308
f 2076/4305 2087/4308 2055/4307
f 1960/4309 1974/4310 1984/4311
f 1984/4311 1974/4310 2006/4312
f 1984/4311 2006/4312 2030/4313
f 2006/4312 1974/4310 2015/4314
f 2015/4314 1974/4310 2002/4315
f 1974/4310 1960/4309 1972/4316
f 1972/4316 1960/4309 1978/4317
f 1972/4316 1978/4317 1987/4318
f 1960/4319 1984/4320 1985/4321
f 1985/4321 1984/4320 2003/4322
f 2003/4322 1984/4320 2030/4323
f 2003/4322 2030/4323 2002/4324
f 1985/4321 2003/4322 1974/4325
f 1974/4325 2003/4322 1987/4326
f 1974/4325 1987/4326 2002/4327
f 1985/4321 1974/4325 1972/4328
f 1985/4321 1972/4328 1991/4329
f 1991/4329 1972/4328 1987/4330
f 1991/4329 1987/4330 2003/4331
f 1990/4332 1956/4333 1992/4334
f 1992/4335 1977/4336 1980/4337
f 1980/4337 1977/4336 2004/4338
f 1980/4337 2004/4338 1982/4339
f 1980/4337 1982/4339 1963/4340
f 1992/4335 1980/4337 2005/4341
f 1980/4337 1963/4340 1976/4342
f 1980/4337 1976/4342 2005/4341
f 2005/4341 1976/4342 2004/4343
f 2004/4343 1976/4342 1982/4344
f 2005/4341 2004/4343 1989/4345
f 1953/4346 1923/4347 1986/4348
f 1986/4348 1923/4347 1931/4349
f 1826/4350 1962/4351 1922/4352
f 1977/4353 1997/4354 2004/4355
f 1997/4354 1977/4353 1982/4356
f 2004/4355 1997/4354 2014/4357
f 2004/4355 2014/4357 2029/4358
f 2029/4358 2014/4357 2043/4359
f 2004/4355 2029/4358 2018/4360
f 2004/4355 2018/4360 1989/4361
f 1989/4361 2018/4360 1982/4362
f 1982/4362 2018/4360 2007/4363
f 2007/4363 2018/4360 2040/4364
f 1982/4362 2007/4363 1997/4365
f 1997/4365 2007/4363 2014/4366
f 2044/4367 2066/4368 1979/4369
f 2066/4368 2044/4367 2057/4370
f 2066/4368 2057/4370 2070/4371
f 2070/4371 2057/4370 2072/4372
f 2070/4371 2072/4372 2050/4373
f 2072/4372 2057/4370 2060/4374
f 2050/4373 2072/4372 2053/4375
f 2072/4372 2060/4374 2078/4376
f 2053/4375 2072/4372 2056/4377
f 2056/4377 2072/4372 2078/4376
f 1990/4378 1976/4379 1956/4380
f 1992/4381 2023/4382 1990/4378
f 1990/4378 2023/4382 1999/4383
f 1990/4378 1999/4383 1976/4379
f 1976/4379 1999/4383 1989/4384
f 1976/4379 1989/4384 1982/4385
f 1989/4384 1999/4383 2005/4386
f 2005/4386 1999/4383 2021/4387
f 2005/4386 2021/4387 1992/4388
f 1992/4388 2021/4387 2023/4389
f 1857/4390 1962/4391 1826/4392
f 1962/4391 1857/4390 1930/4393
f 1952/4394 1954/4395 1919/4396
f 2070/4397 2050/4398 2056/4399
f 2070/4397 2056/4399 2078/4400
f 2070/4397 2078/4400 2066/4401
f 1963/4402 1953/4403 1981/4404
f 1963/4402 1981/4404 1946/4405
f 1946/4405 1981/4404 1973/4406
f 1981/4404 1953/4403 1971/4407
f 1971/4407 1953/4403 1986/4408
f 1973/4406 1981/4404 2007/4409
f 1973/4406 2007/4409 1998/4410
f 1973/4406 1998/4410 1971/4411
f 2007/4409 1981/4404 2014/4412
f 2014/4412 1981/4404 1971/4407
f 2014/4412 1971/4407 2034/4413
f 2034/4413 1971/4407 2013/4414
f 1991/4415 2003/4416 2013/4417
f 2013/4417 2003/4416 2036/4418
f 2036/4418 2003/4416 2010/4419
f 2010/4419 2003/4416 2002/4420
f 2010/4419 2002/4420 1987/4421
f 2010/4419 1987/4421 1978/4422
f 2036/4418 2010/4419 2033/4423
f 2036/4418 2033/4423 2026/4424
f 2033/4423 2010/4419 2013/4425
f 2013/4425 2010/4419 1978/4422
f 2013/4425 1978/4422 1991/4426
f 1946/4427 1973/4428 1953/4429
f 1953/4429 1973/4428 1966/4430
f 1953/4429 1966/4430 1930/4431
f 1930/4431 1966/4430 1962/4432
f 1966/4430 1973/4428 1994/4433
f 1966/4430 1994/4433 1968/4434
f 1994/4433 1973/4428 1986/4435
f 1986/4435 1973/4428 1971/4436
f 1968/4434 1994/4433 2016/4437
f 2016/4437 1994/4433 1986/4435
f 2016/4437 1986/4435 2011/4438
f 1968/4434 2016/4437 1996/4439
f 2016/4437 2011/4438 2019/4440
f 1996/4439 2016/4437 2035/4441
f 2035/4441 2016/4437 2019/4440
f 1996/4439 2035/4441 2024/4442
f 2024/4442 2035/4441 2019/4440
f 1970/4443 1986/4444 1931/4445
f 1986/4444 1970/4443 2008/4446
f 1986/4444 2008/4446 2011/4447
f 2008/4446 1970/4443 2001/4448
f 2001/4448 1970/4443 1975/4449
f 2001/4448 1975/4449 2008/4446
f 2008/4446 1975/4449 1993/4450
f 2008/4446 1993/4450 2019/4451
f 2008/4446 2019/4451 2020/4452
f 1967/4297 1961/4296 1983/4453
f 2002/4454 2030/4455 2032/4456
f 2002/4454 2032/4456 2015/4457
f 2015/4457 2032/4456 2026/4458
f 2032/4456 2030/4455 2046/4459
f 2046/4459 2030/4455 2073/4460
f 2032/4456 2046/4459 2051/4461
f 2026/4458 2032/4456 2036/4462
f 2036/4462 2032/4456 2051/4461
f 2036/4462 2051/4461 2045/4463
f 2045/4463 2051/4461 2065/4464
f 2013/4465 2036/4462 2034/4466
f 2034/4466 2036/4462 2045/4463
f 2034/4466 2045/4463 2044/4467
f 2044/4467 2045/4463 2057/4468
f 2057/4468 2045/4463 2060/4469
f 2060/4469 2045/4463 2065/4464
f 2060/4469 2065/4464 2058/4470
f 2058/4470 2065/4464 2049/4471
f 1998/4472 2013/4473 1971/4474
f 2013/4473 1998/4472 2033/4475
f 2033/4475 1998/4472 2020/4476
f 2020/4476 1998/4472 2011/4477
f 2020/4476 2011/4477 2008/4478
f 2011/4477 1998/4472 2007/4479
f 2011/4477 2007/4479 2040/4480
f 2023/4481 2022/4482 1999/4483
f 1999/4483 2022/4482 2041/4484
f 1999/4483 2041/4484 2025/4485
f 2041/4484 2022/4482 2059/4486
f 2025/4485 2041/4484 2018/4487
f 2041/4484 2059/4486 2054/4488
f 2018/4487 2041/4484 2040/4489
f 2041/4484 2054/4488 2043/4490
f 2041/4484 2043/4490 2040/4489
f 2014/4491 2034/4492 2043/4493
f 2043/4493 2034/4492 2058/4494
f 2058/4494 2034/4492 2044/4495
f 2058/4494 2044/4495 2060/4496
f 2043/4493 2058/4494 2049/4497
f 2043/4493 2049/4497 2040/4498
f 2006/4499 2048/4500 2030/4501
f 2048/4500 2006/4499 2015/4502
f 2094/4503 2048/4500 2082/4504
f 2082/4504 2048/4500 2077/4505
f 2077/4505 2048/4500 2015/4502
f 2077/4505 2015/4502 2067/4506
f 2067/4506 2015/4502 2042/4507
f 2067/4506 2042/4507 2073/4508
f 2042/4507 2015/4502 2026/4509
f 2073/4508 2042/4507 2046/4510
f 2042/4507 2026/4509 2033/4511
f 2042/4507 2033/4511 2046/4510
f 2046/4510 2033/4511 2051/4512
f 2051/4512 2033/4511 2047/4513
f 1999/4514 2025/4515 2021/4516
f 2021/4516 2025/4515 2031/4517
f 2031/4517 2025/4515 2018/4518
f 2031/4517 2018/4518 2029/4519
f 2031/4517 2029/4519 2043/4520
f 2031/4517 2043/4520 2054/4521
f 2031/4517 2054/4521 2021/4516
f 2021/4516 2054/4521 2023/4522
f 1922/4523 1962/4524 1970/4525
f 1970/4525 1962/4524 1975/4526
f 1975/4526 1962/4524 1966/4527
f 1975/4526 1966/4527 1964/4528
f 1964/4528 1966/4527 1968/4529
f 1975/4526 1964/4528 1993/4530
f 1993/4530 1964/4528 1968/4529
f 1993/4530 1968/4529 1996/4531
f 1993/4530 1996/4531 2024/4532
f 1993/4530 2024/4532 2019/4533
f 2023/4534 2054/4535 2061/4536
f 2023/4534 2061/4536 2022/4537
f 2022/4537 2061/4536 2059/4538
f 2061/4536 2054/4535 2090/4539
f 2081/4540 2062/4541 2059/4538
f 2081/4540 2059/4538 2071/4542
f 2071/4542 2059/4538 2061/4536
f 2081/4540 2071/4542 2088/4543
f 2071/4542 2061/4536 2089/4544
f 2071/4542 2089/4544 2088/4543
f 2089/4544 2061/4536 2090/4539
f 2088/4543 2089/4544 2095/4545
f 2095/4545 2089/4544 2090/4539
f 2095/4545 2090/4539 2093/4546
f 2093/4546 2090/4539 2085/4547
f 2085/4547 2090/4539 2074/4548
f 2074/4548 2090/4539 2054/4535
f 2074/4548 2054/4535 2059/4549
f 2074/4548 2059/4549 2062/4550
f 2049/4551 2065/4552 2051/4553
f 2049/4551 2051/4553 2064/4554
f 2064/4554 2051/4553 2093/4555
f 2093/4555 2051/4553 2080/4556
f 2093/4555 2080/4556 2096/4557
f 2080/4556 2051/4553 2047/4558
f 2096/4557 2080/4556 2073/4559
f 2080/4556 2047/4558 2069/4560
f 2073/4559 2080/4556 2067/4561
f 2067/4561 2080/4556 2069/4560
f 2037/4562 2033/4563 2020/4564
f 2037/4562 2020/4564 2019/4565
f 2037/4562 2019/4565 2011/4566
f 2033/4563 2037/4562 2047/4567
f 2037/4562 2011/4566 2040/4568
f 2037/4562 2040/4568 2047/4567
f 2047/4567 2040/4568 2052/4569
f 2047/4567 2052/4569 2083/4570
f 2083/4570 2052/4569 2064/4571
f 2083/4570 2064/4571 2093/4572
f 2073/4573 2030/4574 2048/4575
f 2073/4573 2048/4575 2094/4576
f 2073/4573 2094/4576 2096/4577
f 2096/4577 2094/4576 2097/4578
f 2097/4578 2094/4576 2091/4579
f 2091/4579 2094/4576 2082/4580
f 2091/4579 2082/4580 2077/4581
f 2097/4578 2091/4579 2092/4582
f 2097/4578 2092/4582 2096/4577
f 2091/4579 2077/4581 2079/4583
f 2091/4579 2079/4583 2092/4582
f 2079/4583 2077/4581 2067/4584
f 2079/4583 2067/4584 2069/4585
f 2079/4583 2069/4585 2047/4586
f 2079/4583 2047/4586 2083/4587
f 2079/4583 2083/4587 2092/4582
f 2095/4588 2096/4577 2092/4582
f 2096/4577 2095/4588 2093/4589
f 2095/4588 2092/4582 2088/4590
f 2088/4590 2092/4582 2083/4587
f 2088/4590 2083/4587 2081/4591
f 2081/4591 2083/4587 2093/4592
f 2040/4593 2049/4594 2062/4595
f 2062/4595 2049/4594 2074/4596
f 2074/4596 2049/4594 2085/4597
f 2085/4597 2049/4594 2064/4598
f 2062/4599 2052/4600 2040/4601
f 2052/4600 2062/4599 2081/4602
f 2052/4600 2081/4602 2085/4603
f 2052/4600 2085/4603 2064/4604
f 2085/4603 2081/4602 2093/4605
f 2001/4606 1983/4607 2008/4608
