# 由 tools/bbmodel_to_obj.py 从 mud.bbmodel 转换
mtllib mud.mtl
o model
v 0.569092 0.241455 0.814698
v 0.603760 0.232666 0.789795
v 0.609619 0.254638 0.813721
v 0.652588 0.253662 0.787354
v 0.656494 0.277588 0.812744
v 0.609131 0.271240 0.831787
v 0.563233 0.259522 0.836670
v 0.603760 0.287353 0.849365
v 0.526123 0.235107 0.815674
v 0.548096 0.274170 0.854736
v 0.500244 0.197998 0.787842
v 0.507080 0.216065 0.816162
v 0.500244 0.216553 0.817139
v 0.492920 0.215576 0.815674
v 0.512451 0.214112 0.812744
v 0.516846 0.211182 0.808349
v 0.518799 0.208740 0.803955
v 0.516358 0.206787 0.802490
v 0.514892 0.203369 0.796631
v 0.506104 0.198487 0.788818
v 0.510986 0.200440 0.791748
v 0.487549 0.213135 0.811767
v 0.484131 0.209717 0.806885
v 0.483154 0.206299 0.801026
v 0.484619 0.203857 0.795654
v 0.489014 0.199951 0.791748
v 0.493896 0.198487 0.788818
v 0.593994 0.303467 0.866943
v 0.578858 0.318115 0.882568
v 0.556885 0.329346 0.894287
v 0.530517 0.335205 0.901123
v 0.525635 0.283935 0.866943
v 0.451904 0.274170 0.854736
v 0.473877 0.235107 0.815674
v 0.485596 0.239502 0.822510
v 0.474365 0.283935 0.866943
v 0.578858 0.202393 0.756104
v 0.549072 0.208252 0.774170
v 0.556396 0.192138 0.744873
v 0.526123 0.206299 0.772217
v 0.514404 0.201904 0.765869
v 0.526611 0.197998 0.761474
v 0.486084 0.201904 0.765869
v 0.473877 0.206299 0.772217
v 0.473389 0.197998 0.761474
v 0.469483 0.335205 0.901123
v 0.443115 0.329346 0.894287
v 0.757568 0.260498 0.653076
v 0.733154 0.247803 0.680420
v 0.718994 0.222412 0.617432
v 0.731689 0.231201 0.594971
v 0.688233 0.214112 0.664307
v 0.718017 0.245850 0.698486
v 0.656494 0.186768 0.616455
v 0.671631 0.192138 0.588135
v 0.706787 0.293213 0.417236
v 0.761963 0.335205 0.451416
v 0.761963 0.327881 0.459229
v 0.649658 0.188232 0.635986
v 0.560791 0.156982 0.546631
v 0.599854 0.166260 0.547119
v 0.599854 0.164307 0.575439
v 0.577392 0.016846 0.613037
v 0.572021 0.014404 0.615967
v 0.576416 0.007080 0.609619
v 0.569580 0.028076 0.616455
v 0.573974 0.025147 0.616943
v 0.577881 0.027588 0.614014
v 0.564209 0.020752 0.619873
v 0.569092 0.022705 0.619385
v 0.552002 0.028076 0.617920
v 0.550537 0.020263 0.618896
v 0.550049 0.038818 0.607666
v 0.541748 0.031006 0.614502
v 0.574463 0.005127 0.589111
v 0.570068 0.003662 0.592041
v 0.564209 0.002685 0.593017
v 0.551514 0.014893 0.574951
v 0.552490 0.003662 0.592529
v 0.590576 0.049560 0.591064
v 0.592041 0.058838 0.581787
v 0.571533 0.056397 0.588623
v 0.533447 0.034424 0.610596
v 0.565186 0.019287 0.568604
v 0.587646 0.024170 0.563233
v 0.581787 0.012451 0.576904
v 0.571533 0.033447 0.552002
v 0.590088 0.035888 0.550049
v 0.542236 0.005615 0.589111
v 0.532959 0.009033 0.584717
v 0.458252 0.031006 0.614502
v 0.466552 0.034424 0.610596
v 0.449951 0.038818 0.607666
v 0.447998 0.028076 0.617920
v 0.448486 0.014893 0.574951
v 0.467041 0.009033 0.584717
v 0.457764 0.005615 0.589111
v 0.447510 0.003662 0.592529
v 0.435791 0.002685 0.593017
v 0.425537 0.005127 0.589111
v 0.601807 0.126221 0.472412
v 0.602295 0.080322 0.528076
v 0.601807 0.077393 0.522217
v 0.565674 0.126221 0.472412
v 0.565674 0.072998 0.516358
v 0.565674 0.074951 0.520264
v 0.597412 0.159424 0.501221
v 0.597412 0.149658 0.506104
v 0.565674 0.152588 0.510010
v 0.565674 0.157959 0.507080
v 0.565674 0.169190 0.487549
v 0.592041 0.166748 0.510986
v 0.597412 0.170654 0.505615
v 0.599854 0.171631 0.518799
v 0.601807 0.177978 0.503662
v 0.560791 0.160400 0.516846
v 0.566651 0.161865 0.512451
v 0.572021 0.161865 0.512939
v 0.565674 0.162353 0.507568
v 0.500244 0.164307 0.485108
v 0.565674 0.194580 0.437256
v 0.500244 0.156006 0.510986
v 0.433838 0.160888 0.518799
v 0.434326 0.162353 0.507080
v 0.402588 0.166748 0.544678
v 0.439209 0.156982 0.546631
v 0.402588 0.164307 0.572021
v 0.407959 0.166260 0.528564
v 0.407959 0.166748 0.510986
v 0.427979 0.161865 0.512939
v 0.433349 0.161865 0.512451
v 0.434326 0.169190 0.487549
v 0.434326 0.157959 0.507080
v 0.500244 0.223388 0.390381
v 0.434326 0.194580 0.437256
v 0.761474 0.635010 0.761474
v 0.802979 0.586670 0.721436
v 0.804443 0.593018 0.715088
v 0.436767 0.259522 0.836670
v 0.421142 0.318115 0.882568
v 0.406006 0.303467 0.866943
v 0.430908 0.241455 0.814698
v 0.390869 0.271240 0.831787
v 0.396240 0.287353 0.849365
v 0.396240 0.232666 0.789795
v 0.436279 0.223388 0.792724
v 0.390381 0.254638 0.813721
v 0.393311 0.243897 0.801514
v 0.406006 0.217041 0.772217
v 0.450927 0.208252 0.774170
v 0.421142 0.202393 0.756104
v 0.438721 0.194580 0.747314
v 0.263428 0.248291 0.677979
v 0.227295 0.300049 0.705322
v 0.248779 0.256103 0.661865
v 0.212646 0.311279 0.689209
v 0.343994 0.185791 0.613526
v 0.392823 0.170654 0.617432
v 0.350342 0.188232 0.635986
v 0.311767 0.214112 0.664307
v 0.281983 0.245850 0.698486
v 0.281006 0.222412 0.617432
v 0.328369 0.192138 0.588135
v 0.235596 0.266357 0.642334
v 0.433349 0.028076 0.618408
v 0.430908 0.022705 0.619385
v 0.435791 0.020752 0.619873
v 0.426026 0.025147 0.616943
v 0.422119 0.027588 0.614014
v 0.429932 0.003662 0.592041
v 0.434814 0.019287 0.568604
v 0.418213 0.012451 0.576904
v 0.412354 0.024170 0.563233
v 0.428467 0.033447 0.552002
v 0.423584 0.007080 0.609619
v 0.427979 0.014404 0.615967
v 0.422608 0.016846 0.613037
v 0.407959 0.058838 0.581787
v 0.409424 0.049560 0.591064
v 0.428467 0.056397 0.588623
v 0.409912 0.035888 0.549561
v 0.434326 0.074951 0.520264
v 0.434326 0.072998 0.516358
v 0.434326 0.126221 0.472412
v 0.398193 0.077393 0.522217
v 0.397705 0.080322 0.528076
v 0.398193 0.126221 0.472412
v 0.434326 0.152588 0.510010
v 0.402588 0.149658 0.506104
v 0.402588 0.159424 0.501221
v 0.316651 0.200440 0.561279
v 0.359131 0.188232 0.517334
v 0.402588 0.170654 0.505615
v 0.402588 0.177978 0.503662
v 0.312744 0.209717 0.539307
v 0.407959 0.164307 0.509521
v 0.402588 0.191162 0.474365
v 0.402588 0.166748 0.502686
v 0.293213 0.293213 0.417236
v 0.238037 0.327881 0.459229
v 0.238037 0.335205 0.451416
v 0.195557 0.593018 0.715088
v 0.197021 0.586670 0.720947
v 0.238526 0.635010 0.760986
v 0.806885 0.466065 0.306396
v 0.800537 0.468018 0.305908
v 0.806396 0.462647 0.298096
v 0.800537 0.462647 0.292724
v 0.797119 0.471435 0.297119
v 0.796631 0.473388 0.303467
v 0.805420 0.460205 0.290283
v 0.796142 0.469971 0.291260
v 0.777588 0.459717 0.280517
v 0.779541 0.455322 0.279053
v 0.784424 0.458740 0.281006
v 0.773193 0.448975 0.278076
v 0.767334 0.447022 0.278564
v 0.778564 0.449463 0.272705
v 0.776123 0.449951 0.277588
v 0.761474 0.444580 0.277588
v 0.779052 0.451416 0.276611
v 0.756104 0.442138 0.276123
v 0.778564 0.448487 0.264404
v 0.750733 0.440185 0.272705
v 0.728271 0.427978 0.264404
v 0.779541 0.445557 0.249267
v 0.780517 0.450928 0.260986
v 0.776123 0.469971 0.273682
v 0.776123 0.468506 0.277588
v 0.781983 0.470459 0.278564
v 0.775635 0.470459 0.270264
v 0.793213 0.462158 0.259521
v 0.782471 0.455322 0.258545
v 0.780029 0.463135 0.257568
v 0.790283 0.470459 0.260986
v 0.778076 0.466553 0.259521
v 0.780029 0.462647 0.247802
v 0.776611 0.469482 0.264404
v 0.775635 0.470459 0.267334
v 0.787842 0.473388 0.265869
v 0.775146 0.466065 0.247314
v 0.773682 0.468506 0.257568
v 0.759521 0.468018 0.276611
v 0.766846 0.470459 0.276123
v 0.766358 0.471924 0.271729
v 0.739990 0.434815 0.275635
v 0.728760 0.428467 0.267822
v 0.738526 0.436768 0.278076
v 0.749756 0.443603 0.276123
v 0.736084 0.441650 0.279541
v 0.748291 0.448975 0.277099
v 0.733642 0.447510 0.279541
v 0.733642 0.431885 0.275146
v 0.731689 0.430908 0.273682
v 0.729736 0.429443 0.270752
v 0.723877 0.430420 0.269287
v 0.729248 0.444092 0.269776
v 0.711182 0.451416 0.267334
v 0.710693 0.447998 0.263428
v 0.747803 0.463135 0.271729
v 0.752686 0.465088 0.275635
v 0.747803 0.462647 0.274170
v 0.744385 0.461182 0.272217
v 0.733642 0.464112 0.264892
v 0.747803 0.464112 0.267334
v 0.768311 0.468018 0.256592
v 0.769287 0.466553 0.246826
v 0.718506 0.446533 0.246338
v 0.742920 0.457763 0.274170
v 0.750244 0.460205 0.256104
v 0.719971 0.446533 0.251221
v 0.734619 0.447510 0.250733
v 0.752198 0.447022 0.254151
v 0.745361 0.453857 0.276123
v 0.730713 0.456299 0.273193
v 0.732178 0.454346 0.273682
v 0.722412 0.449951 0.271240
v 0.724365 0.450928 0.272705
v 0.720459 0.448975 0.268799
v 0.719483 0.448487 0.266358
v 0.718994 0.447998 0.263428
v 0.716553 0.443115 0.264404
v 0.565674 0.228760 0.395752
v 0.633057 0.241943 0.411377
v 0.632080 0.228760 0.427490
v 0.565674 0.208252 0.380615
v 0.565674 0.258057 0.361572
v 0.434326 0.228760 0.395752
v 0.565674 0.265381 0.322021
v 0.601807 0.289307 0.346436
v 0.634521 0.272217 0.375733
v 0.634521 0.262451 0.386474
v 0.633545 0.295654 0.354248
v 0.565674 0.281494 0.340576
v 0.434326 0.258057 0.361572
v 0.434326 0.208252 0.380615
v 0.348877 0.237060 0.435302
v 0.348389 0.251221 0.418701
v 0.615479 0.418701 0.292724
v 0.601807 0.414795 0.286377
v 0.599854 0.457763 0.284912
v 0.601807 0.468506 0.286865
v 0.732178 0.461182 0.269776
v 0.599365 0.465088 0.285889
v 0.596436 0.464600 0.284912
v 0.434326 0.265381 0.322021
v 0.402588 0.289307 0.346436
v 0.347412 0.270752 0.393799
v 0.434326 0.281494 0.340576
v 0.561767 0.408447 0.280517
v 0.565674 0.408935 0.281006
v 0.565674 0.370850 0.290283
v 0.563233 0.450928 0.278076
v 0.564697 0.450928 0.274170
v 0.601807 0.398193 0.236573
v 0.597901 0.465088 0.262451
v 0.597901 0.457763 0.269287
v 0.601807 0.456787 0.209229
v 0.565674 0.453857 0.266846
v 0.565674 0.461182 0.260010
v 0.565674 0.398193 0.236573
v 0.434326 0.408935 0.281006
v 0.438233 0.408447 0.280517
v 0.434326 0.370850 0.290283
v 0.598389 0.455322 0.280517
v 0.554443 0.459717 0.277099
v 0.561279 0.457763 0.278076
v 0.563721 0.459717 0.279053
v 0.597412 0.481201 0.250733
v 0.601807 0.502685 0.177490
v 0.597412 0.523682 0.238037
v 0.597412 0.512940 0.238526
v 0.437256 0.446533 0.276123
v 0.445557 0.459717 0.277099
v 0.439209 0.453857 0.276123
v 0.436279 0.456299 0.276611
v 0.565674 0.512940 0.235596
v 0.565674 0.523682 0.235108
v 0.565674 0.502685 0.177490
v 0.597412 0.544678 0.241943
v 0.601807 0.560791 0.143311
v 0.663330 0.745850 0.230713
v 0.644287 0.739502 0.235596
v 0.658936 0.738037 0.213135
v 0.641358 0.733154 0.217041
v 0.611084 0.745362 0.367432
v 0.614990 0.727783 0.349854
v 0.614990 0.750732 0.327881
v 0.613526 0.742920 0.320068
v 0.597412 0.742432 0.279541
v 0.597412 0.797607 0.372314
v 0.597412 0.683350 0.310303
v 0.595459 0.679932 0.307373
v 0.597412 0.682862 0.305908
v 0.596436 0.674072 0.275635
v 0.597412 0.676025 0.272705
v 0.597412 0.890381 0.278076
v 0.597412 0.756592 0.162354
v 0.597412 0.720459 0.176026
v 0.597412 0.739990 0.172119
v 0.582276 0.672119 0.298096
v 0.595459 0.672119 0.278076
v 0.566651 0.663818 0.290283
v 0.590088 0.644287 0.251709
v 0.546631 0.656494 0.283447
v 0.595459 0.645263 0.250733
v 0.590088 0.628662 0.239990
v 0.524170 0.652588 0.279541
v 0.500244 0.651612 0.278076
v 0.409912 0.644287 0.251709
v 0.595459 0.619385 0.235108
v 0.590088 0.618897 0.236084
v 0.475830 0.652588 0.279053
v 0.453369 0.656494 0.283447
v 0.433349 0.663818 0.290283
v 0.597412 0.925049 0.239990
v 0.597412 0.769287 0.147705
v 0.500244 0.809326 0.430420
v 0.536377 0.806397 0.427002
v 0.549072 0.803955 0.425049
v 0.536377 0.832275 0.405029
v 0.549072 0.826904 0.400146
v 0.585693 0.901612 0.288330
v 0.585693 0.936279 0.250244
v 0.549072 0.931397 0.283447
v 0.549072 0.918213 0.302979
v 0.500244 0.833252 0.406006
v 0.549072 0.927490 0.293213
v 0.547119 0.920654 0.303467
v 0.536377 0.921631 0.311767
v 0.546142 0.923096 0.304443
v 0.536377 0.923584 0.311767
v 0.610596 0.951416 0.318604
v 0.606689 0.964112 0.321533
v 0.554443 0.949951 0.322021
v 0.536377 0.948487 0.324951
v 0.500244 0.962158 0.324951
v 0.546142 0.948975 0.323974
v 0.500244 0.948487 0.324951
v 0.463623 0.948487 0.324951
v 0.393311 0.964112 0.321533
v 0.550537 0.941162 0.314209
v 0.546142 0.938721 0.317627
v 0.546142 0.929443 0.310791
v 0.549561 0.934815 0.304443
v 0.546142 0.925537 0.306396
v 0.463623 0.921631 0.311767
v 0.463623 0.923584 0.311767
v 0.453858 0.923096 0.304443
v 0.452881 0.920654 0.303467
v 0.450927 0.918213 0.302979
v 0.453858 0.925537 0.306396
v 0.445557 0.949951 0.322021
v 0.453858 0.948975 0.323974
v 0.389404 0.951416 0.318604
v 0.554443 0.951416 0.256104
v 0.613526 0.955322 0.250244
v 0.615479 0.951416 0.256592
v 0.554932 0.937256 0.285401
v 0.551026 0.935303 0.284912
v 0.552490 0.950928 0.256104
v 0.592529 0.930908 0.245361
v 0.591553 0.945068 0.238526
v 0.594971 0.942627 0.236084
v 0.549072 0.946533 0.253174
v 0.559814 0.946533 0.239502
v 0.585693 0.945557 0.239014
v 0.549072 0.929932 0.293701
v 0.597412 0.773682 0.134033
v 0.597412 0.912842 0.203369
v 0.597412 0.937744 0.230713
v 0.554443 0.947022 0.240479
v 0.549072 0.948975 0.242432
v 0.597412 0.949951 0.304932
v 0.597412 0.946533 0.298096
v 0.597412 0.980225 0.302490
v 0.597412 0.955810 0.309326
v 0.597412 0.964112 0.311279
v 0.597412 0.972412 0.309326
v 0.597412 0.945557 0.292724
v 0.597412 0.947022 0.287354
v 0.597412 0.986084 0.292236
v 0.597412 0.982666 0.264404
v 0.597412 0.959717 0.260986
v 0.597412 0.990478 0.278564
v 0.597412 0.989502 0.272217
v 0.611572 0.955810 0.248779
v 0.554443 0.955810 0.248779
v 0.614502 0.957763 0.248779
v 0.612061 0.958252 0.248779
v 0.593506 0.962647 0.256104
v 0.607178 0.962647 0.256104
v 0.612061 0.964112 0.253662
v 0.554443 0.964112 0.253174
v 0.597412 0.961182 0.258545
v 0.597412 0.961670 0.257568
v 0.597412 0.975830 0.258057
v 0.595947 0.962158 0.256592
v 0.594483 0.966553 0.255127
v 0.554443 0.962647 0.256104
v 0.552002 0.961670 0.249756
v 0.554443 0.961182 0.249756
v 0.554443 0.957763 0.248291
v 0.597412 0.969482 0.254639
v 0.597412 0.970459 0.254639
v 0.597412 0.970947 0.254639
v 0.601807 0.968018 0.252686
v 0.601318 0.964600 0.251709
v 0.601318 0.965576 0.249756
v 0.601807 0.968994 0.251709
v 0.598877 0.968994 0.254639
v 0.601807 0.969971 0.251221
v 0.598877 0.969971 0.254151
v 0.598389 0.967529 0.254639
v 0.596924 0.966553 0.255127
v 0.553955 0.970459 0.257080
v 0.557373 0.970947 0.257080
v 0.594483 0.990478 0.257080
v 0.594483 0.982666 0.249756
v 0.557373 0.982666 0.249756
v 0.442627 0.982666 0.249756
v 0.500244 0.991455 0.258057
v 0.500244 0.983643 0.252686
v 0.405517 0.990478 0.257080
v 0.550049 0.980713 0.247802
v 0.550537 0.949463 0.255127
v 0.552490 0.954834 0.247802
v 0.550049 0.952881 0.246338
v 0.556885 0.952393 0.245361
v 0.551026 0.966065 0.248291
v 0.550537 0.966065 0.253174
v 0.548584 0.964600 0.252197
v 0.500244 0.965088 0.252686
v 0.500244 0.964112 0.251221
v 0.550049 0.963623 0.249267
v 0.552002 0.967041 0.249267
v 0.451416 0.964600 0.252197
v 0.550537 0.964600 0.246826
v 0.550049 0.968994 0.244385
v 0.449463 0.966065 0.253174
v 0.448974 0.966065 0.248291
v 0.449951 0.963623 0.249267
v 0.545166 0.977295 0.245361
v 0.500244 0.973877 0.245849
v 0.454834 0.977295 0.245361
v 0.449951 0.980713 0.247802
v 0.553955 0.975830 0.245849
v 0.550537 0.974365 0.244873
v 0.548584 0.973388 0.243896
v 0.451416 0.973388 0.243896
v 0.449463 0.974365 0.244873
v 0.446045 0.975830 0.245361
v 0.405517 0.982666 0.249756
v 0.660401 0.739013 0.212646
v 0.627686 0.704346 0.160889
v 0.627686 0.701416 0.163818
v 0.626709 0.695068 0.159912
v 0.622314 0.691650 0.157471
v 0.626709 0.696533 0.157959
v 0.650635 0.680420 0.143799
v 0.675049 0.665772 0.130615
v 0.657959 0.680420 0.142823
v 0.669189 0.679932 0.140381
v 0.628174 0.651123 0.131592
v 0.664307 0.692138 0.151611
v 0.659424 0.688721 0.151123
v 0.644287 0.679443 0.144287
v 0.638916 0.677978 0.144776
v 0.633545 0.675537 0.145264
v 0.627686 0.672607 0.145752
v 0.619873 0.670654 0.141846
v 0.668213 0.703857 0.141846
v 0.672119 0.691162 0.127686
v 0.664795 0.706299 0.137451
v 0.627686 0.676025 0.148193
v 0.623291 0.676025 0.149658
v 0.625244 0.689209 0.154052
v 0.626709 0.690674 0.149170
v 0.619873 0.686768 0.151611
v 0.656983 0.709228 0.164795
v 0.656494 0.703369 0.157471
v 0.658447 0.706299 0.156006
v 0.655029 0.702881 0.157959
v 0.653076 0.699951 0.158448
v 0.659424 0.715088 0.162354
v 0.657959 0.711182 0.151123
v 0.656006 0.721435 0.158936
v 0.659424 0.708740 0.153564
v 0.647705 0.697510 0.157959
v 0.638428 0.696045 0.156494
v 0.638428 0.698487 0.159912
v 0.656983 0.713135 0.148193
v 0.659424 0.711182 0.150635
v 0.641846 0.696533 0.157471
v 0.626709 0.692627 0.154541
v 0.630127 0.693115 0.154052
v 0.627686 0.693115 0.154541
v 0.630615 0.710693 0.147217
v 0.629151 0.709717 0.147705
v 0.628662 0.707275 0.155029
v 0.648193 0.714112 0.145752
v 0.640869 0.711182 0.143799
v 0.634033 0.712158 0.146240
v 0.635498 0.707275 0.140381
v 0.662354 0.692138 0.121338
v 0.666260 0.692627 0.122802
v 0.670654 0.676025 0.110596
v 0.648682 0.702881 0.132568
v 0.655029 0.706299 0.133057
v 0.626709 0.694580 0.140381
v 0.612549 0.686279 0.143799
v 0.614990 0.685791 0.148193
v 0.626709 0.697022 0.139404
v 0.627686 0.698487 0.138916
v 0.626221 0.699951 0.136963
v 0.625733 0.696045 0.135498
v 0.620361 0.694092 0.135010
v 0.612061 0.688232 0.139892
v 0.614990 0.691650 0.136963
v 0.629639 0.709717 0.145264
v 0.630127 0.706787 0.141846
v 0.629639 0.706787 0.141846
v 0.629151 0.702393 0.139404
v 0.631104 0.707275 0.141846
v 0.631104 0.702881 0.139404
v 0.644287 0.698975 0.130615
v 0.640381 0.696045 0.128662
v 0.635498 0.693115 0.127198
v 0.622803 0.662353 0.111573
v 0.629639 0.689697 0.125733
v 0.622314 0.687744 0.124756
v 0.615479 0.681885 0.125244
v 0.614014 0.683838 0.127198
v 0.597412 0.566650 0.242920
v 0.597412 0.589112 0.240967
v 0.597412 0.610107 0.232177
v 0.565674 0.544678 0.239990
v 0.565674 0.566650 0.240967
v 0.565674 0.560791 0.143311
v 0.565674 0.589112 0.239014
v 0.565674 0.607666 0.231689
v 0.597412 0.661865 0.152099
v 0.597412 0.667237 0.163818
v 0.597412 0.619873 0.229736
v 0.597412 0.661377 0.143311
v 0.601807 0.632568 0.114014
v 0.600830 0.667725 0.142823
v 0.565674 0.633057 0.105224
v 0.570068 0.629638 0.106201
v 0.565674 0.629150 0.112061
v 0.434326 0.629150 0.112061
v 0.434326 0.616455 0.224854
v 0.434326 0.607666 0.226318
v 0.590088 0.629150 0.103271
v 0.577392 0.630615 0.102783
v 0.565674 0.639893 0.100342
v 0.590088 0.673584 0.091064
v 0.601807 0.686768 0.162354
v 0.601807 0.677490 0.155029
v 0.601807 0.674560 0.141358
v 0.601807 0.700440 0.164307
v 0.601807 0.675049 0.149170
v 0.601807 0.718994 0.162842
v 0.601807 0.735107 0.159424
v 0.601807 0.748291 0.152099
v 0.601807 0.757568 0.141358
v 0.601807 0.755127 0.067627
v 0.601807 0.760987 0.129151
v 0.601807 0.677002 0.102295
v 0.605713 0.690185 0.151123
v 0.609619 0.688232 0.147217
v 0.609619 0.689209 0.153076
v 0.604248 0.691162 0.155029
v 0.604248 0.691162 0.149658
v 0.601807 0.801025 0.082764
v 0.600830 0.767334 0.132080
v 0.601807 0.774170 0.065674
v 0.601807 0.786377 0.070557
v 0.565674 0.673584 0.091064
v 0.434326 0.560791 0.143311
v 0.429932 0.629638 0.106201
v 0.434326 0.633057 0.105224
v 0.409912 0.629150 0.103271
v 0.434326 0.639893 0.100342
v 0.434326 0.673584 0.091064
v 0.500244 0.752685 0.056396
v 0.605224 0.920654 0.196533
v 0.605713 0.917725 0.199463
v 0.605224 0.947022 0.239502
v 0.605713 0.943603 0.227783
v 0.604248 0.948975 0.241943
v 0.602783 0.949951 0.243408
v 0.605713 0.951904 0.237061
v 0.500244 0.955322 0.222901
v 0.597901 0.950440 0.220948
v 0.597412 0.925049 0.192627
v 0.500244 0.808838 0.074463
v 0.590088 0.808838 0.074463
v 0.561767 0.961182 0.233154
v 0.597901 0.957763 0.228760
v 0.553955 0.962647 0.231689
v 0.547608 0.966065 0.234619
v 0.500244 0.971435 0.239990
v 0.402588 0.925049 0.192627
v 0.446045 0.962647 0.231689
v 0.452392 0.966065 0.234619
v 0.402099 0.950440 0.220948
v 0.409912 0.808838 0.074463
v 0.597901 0.960205 0.231689
v 0.600342 0.960205 0.234131
v 0.601807 0.959228 0.232666
v 0.598389 0.960693 0.234619
v 0.587646 0.960693 0.232666
v 0.552002 0.962158 0.242432
v 0.556396 0.959717 0.240479
v 0.551026 0.964112 0.239990
v 0.554932 0.962647 0.235108
v 0.550537 0.965088 0.245361
v 0.549561 0.966553 0.243408
v 0.549072 0.967529 0.242920
v 0.551514 0.971924 0.244873
v 0.552002 0.968994 0.246826
v 0.547119 0.971924 0.242920
v 0.500244 0.967041 0.243408
v 0.500244 0.965576 0.244873
v 0.549561 0.965576 0.237061
v 0.546631 0.969971 0.240967
v 0.500244 0.967529 0.242920
v 0.453369 0.969971 0.240967
v 0.450439 0.966553 0.243408
v 0.543213 0.971435 0.240479
v 0.449463 0.964600 0.246826
v 0.449951 0.968994 0.244385
v 0.449463 0.965088 0.245361
v 0.450927 0.967529 0.242920
v 0.456787 0.971435 0.240479
v 0.452881 0.971924 0.242920
v 0.438233 0.961182 0.233154
v 0.402099 0.957763 0.228760
v 0.402588 0.224853 0.420166
v 0.347412 0.280029 0.383545
v 0.348877 0.303467 0.362061
v 0.435302 0.447022 0.270752
v 0.434326 0.398193 0.236573
v 0.434326 0.453369 0.252686
v 0.434326 0.448487 0.262939
v 0.402588 0.451904 0.265869
v 0.402588 0.456299 0.255127
v 0.398193 0.398193 0.236573
v 0.386963 0.472412 0.290283
v 0.402588 0.452881 0.280517
v 0.371338 0.423584 0.297608
v 0.402588 0.458252 0.281006
v 0.405517 0.459717 0.281006
v 0.402588 0.414795 0.286377
v 0.402588 0.450928 0.275635
v 0.434326 0.502685 0.177490
v 0.434326 0.522705 0.227295
v 0.434326 0.511963 0.226318
v 0.402588 0.511475 0.229736
v 0.402588 0.526123 0.230713
v 0.398193 0.502685 0.177490
v 0.398193 0.560791 0.143311
v 0.385010 0.750732 0.327881
v 0.385010 0.727783 0.349854
v 0.388916 0.745362 0.367432
v 0.402588 0.742432 0.279541
v 0.386474 0.742920 0.320068
v 0.402588 0.797607 0.371826
v 0.402588 0.682862 0.305908
v 0.404541 0.679932 0.307373
v 0.402588 0.683350 0.310303
v 0.402588 0.676025 0.272705
v 0.403564 0.674072 0.275635
v 0.402588 0.890381 0.278076
v 0.402588 0.756592 0.162354
v 0.402588 0.739990 0.172119
v 0.402588 0.720459 0.176026
v 0.417724 0.672119 0.298096
v 0.404541 0.672119 0.278076
v 0.402588 0.925049 0.239990
v 0.402588 0.769287 0.147705
v 0.450927 0.927490 0.293213
v 0.450927 0.931397 0.283447
v 0.414307 0.901612 0.288330
v 0.414307 0.936279 0.249756
v 0.449463 0.941162 0.314209
v 0.453858 0.938721 0.317627
v 0.450439 0.934815 0.304443
v 0.453858 0.929443 0.310791
v 0.450927 0.929932 0.293701
v 0.450927 0.946533 0.253174
v 0.448974 0.935303 0.284912
v 0.445068 0.937256 0.285401
v 0.447510 0.950928 0.256104
v 0.449463 0.949463 0.255127
v 0.445557 0.951416 0.256104
v 0.450927 0.948975 0.242432
v 0.445557 0.947022 0.240479
v 0.440186 0.946533 0.239502
v 0.414307 0.945557 0.239014
v 0.408448 0.945068 0.238526
v 0.407471 0.930908 0.245361
v 0.384521 0.951416 0.256104
v 0.386963 0.955322 0.249756
v 0.388427 0.955810 0.248779
v 0.445557 0.955810 0.248779
v 0.447510 0.954834 0.247802
v 0.443115 0.952393 0.245361
v 0.449951 0.952881 0.246338
v 0.385498 0.957763 0.248779
v 0.387939 0.958252 0.248291
v 0.445557 0.962647 0.256104
v 0.445557 0.964112 0.253174
v 0.406494 0.962647 0.256104
v 0.442627 0.970947 0.257080
v 0.446045 0.970459 0.257080
v 0.392823 0.962647 0.256104
v 0.404541 0.962158 0.256592
v 0.405517 0.966553 0.255127
v 0.447998 0.967041 0.249267
v 0.445557 0.961182 0.249756
v 0.447998 0.961670 0.249267
v 0.445557 0.957763 0.248291
v 0.402588 0.975830 0.258057
v 0.402588 0.969482 0.254639
v 0.403076 0.966553 0.254639
v 0.405029 0.942627 0.236084
v 0.402588 0.773682 0.134033
v 0.402588 0.912842 0.203369
v 0.402588 0.937744 0.230713
v 0.402588 0.980225 0.302490
v 0.402588 0.946533 0.298096
v 0.402588 0.949951 0.304932
v 0.402588 0.955810 0.309326
v 0.402588 0.945557 0.292724
v 0.402588 0.964112 0.311279
v 0.402588 0.972412 0.309326
v 0.402588 0.986084 0.292236
v 0.402588 0.947022 0.287354
v 0.402588 0.982666 0.264404
v 0.402588 0.959717 0.260986
v 0.402588 0.990478 0.278564
v 0.402588 0.989502 0.272217
v 0.402588 0.961670 0.257568
v 0.402588 0.961182 0.258545
v 0.402588 0.970459 0.254639
v 0.402588 0.970947 0.254151
v 0.401611 0.967529 0.254639
v 0.401123 0.968994 0.254639
v 0.398682 0.964600 0.251709
v 0.398193 0.968018 0.252197
v 0.398682 0.965576 0.249756
v 0.398193 0.968994 0.251709
v 0.401123 0.969971 0.254151
v 0.398193 0.969971 0.251221
v 0.434326 0.565185 0.236573
v 0.434326 0.543213 0.234619
v 0.434326 0.587158 0.234619
v 0.402588 0.543213 0.237061
v 0.402588 0.565185 0.239014
v 0.402588 0.587158 0.237061
v 0.402588 0.608643 0.228271
v 0.402588 0.617432 0.227783
v 0.402588 0.661865 0.152099
v 0.402588 0.661377 0.143311
v 0.398193 0.632568 0.114014
v 0.399170 0.667725 0.142334
v 0.398193 0.674560 0.141358
v 0.398193 0.677490 0.155029
v 0.398193 0.686768 0.162354
v 0.398193 0.700440 0.164307
v 0.398193 0.675049 0.148682
v 0.398193 0.718994 0.162842
v 0.398193 0.735107 0.159424
v 0.398193 0.748291 0.151611
v 0.398193 0.757568 0.141358
v 0.398193 0.677002 0.102295
v 0.398193 0.760987 0.129151
v 0.398193 0.755127 0.067627
v 0.380615 0.697998 0.153564
v 0.380615 0.700440 0.154541
v 0.380615 0.708252 0.148193
v 0.380615 0.703369 0.154541
v 0.380615 0.705810 0.153564
v 0.380615 0.696045 0.151123
v 0.380615 0.695557 0.148682
v 0.380615 0.696045 0.145752
v 0.380615 0.697998 0.143311
v 0.380615 0.700440 0.142334
v 0.380615 0.703369 0.142334
v 0.380615 0.707763 0.151123
v 0.380615 0.707763 0.145752
v 0.380615 0.705810 0.143311
v 0.399170 0.767334 0.132080
v 0.398193 0.801025 0.082764
v 0.398193 0.774170 0.065674
v 0.398193 0.786377 0.070557
v 0.394287 0.917725 0.199463
v 0.394776 0.920654 0.196533
v 0.447998 0.958252 0.246826
v 0.447998 0.962158 0.242432
v 0.443115 0.956787 0.242920
v 0.443604 0.959717 0.239990
v 0.448974 0.964112 0.239990
v 0.448486 0.971924 0.244873
v 0.447998 0.968994 0.246338
v 0.450439 0.965576 0.237061
v 0.445068 0.962647 0.235108
v 0.412354 0.960693 0.232666
v 0.402588 0.960205 0.231689
v 0.395752 0.948975 0.241943
v 0.397217 0.949951 0.242920
v 0.394776 0.947022 0.239502
v 0.394287 0.943603 0.227295
v 0.394287 0.951904 0.237061
v 0.401611 0.960693 0.234619
v 0.399658 0.960205 0.234131
v 0.398193 0.959228 0.232666
v 0.787354 0.410888 0.785889
v 0.772705 0.393799 0.797119
v 0.780517 0.347412 0.751221
v 0.795654 0.361084 0.737549
v 0.736572 0.362060 0.815186
v 0.743408 0.322510 0.775146
v 0.772705 0.300049 0.705322
v 0.787354 0.311279 0.689209
v 0.736572 0.282959 0.735596
v 0.761963 0.454834 0.831299
v 0.737549 0.421631 0.846924
v 0.804443 0.436279 0.765869
v 0.780029 0.488525 0.810791
v 0.704834 0.459228 0.880615
v 0.732178 0.507080 0.863037
v 0.743896 0.535888 0.847412
v 0.813233 0.383057 0.714599
v 0.718017 0.398682 0.851318
v 0.823974 0.403565 0.692627
v 0.815186 0.458252 0.745361
v 0.790283 0.511475 0.793213
v 0.751221 0.562744 0.828858
v 0.640869 0.230713 0.763427
v 0.593994 0.217041 0.772217
v 0.621826 0.210205 0.742432
v 0.704834 0.269287 0.758545
v 0.688721 0.238037 0.725830
v 0.663330 0.210205 0.696533
v 0.534424 0.228272 0.805908
v 0.563721 0.223388 0.792724
v 0.536865 0.220459 0.794189
v 0.509521 0.218506 0.821533
v 0.516846 0.216065 0.817139
v 0.518799 0.218506 0.818115
v 0.510498 0.221435 0.822510
v 0.519776 0.221924 0.817139
v 0.510986 0.224853 0.822021
v 0.526611 0.217529 0.810302
v 0.525146 0.214600 0.811279
v 0.522705 0.212158 0.811279
v 0.508057 0.216553 0.819092
v 0.514404 0.214112 0.815674
v 0.519287 0.211182 0.810302
v 0.500244 0.217041 0.820557
v 0.500244 0.218994 0.822998
v 0.500244 0.222412 0.824463
v 0.490479 0.218018 0.821045
v 0.491943 0.216065 0.818604
v 0.510986 0.231690 0.818604
v 0.520264 0.228272 0.813233
v 0.523682 0.230225 0.816162
v 0.512939 0.234619 0.822021
v 0.514404 0.239502 0.822510
v 0.531006 0.224365 0.806885
v 0.526611 0.223388 0.805420
v 0.519776 0.225342 0.815186
v 0.510986 0.228272 0.820068
v 0.526611 0.220947 0.808349
v 0.510498 0.230713 0.816651
v 0.518799 0.227783 0.812256
v 0.525146 0.223388 0.805420
v 0.509521 0.230225 0.816162
v 0.517822 0.227295 0.811279
v 0.523193 0.222412 0.804443
v 0.500244 0.226318 0.823974
v 0.500244 0.229248 0.822021
v 0.489502 0.220947 0.822021
v 0.488526 0.224365 0.821533
v 0.488526 0.227783 0.819580
v 0.500244 0.231690 0.818115
v 0.489502 0.230225 0.816162
v 0.500244 0.233154 0.820557
v 0.500244 0.231201 0.817627
v 0.500244 0.236084 0.824463
v 0.490479 0.230225 0.816162
v 0.489014 0.231690 0.818604
v 0.487061 0.234619 0.822021
v 0.500244 0.240967 0.824951
v 0.500244 0.286865 0.870849
v 0.534424 0.212647 0.782471
v 0.596924 0.193115 0.724854
v 0.566162 0.180908 0.712158
v 0.533447 0.217041 0.796142
v 0.531006 0.210205 0.785401
v 0.528564 0.217041 0.796142
v 0.526611 0.211182 0.787354
v 0.523682 0.203857 0.776611
v 0.525146 0.208252 0.804443
v 0.528076 0.209717 0.803467
v 0.529541 0.212647 0.802002
v 0.529541 0.215576 0.799561
v 0.521729 0.207763 0.804932
v 0.522705 0.206299 0.802490
v 0.519776 0.205810 0.802979
v 0.525635 0.207763 0.801514
v 0.527099 0.210693 0.800049
v 0.520752 0.200928 0.794677
v 0.523682 0.202393 0.792724
v 0.525146 0.204834 0.790771
v 0.527099 0.214112 0.798096
v 0.525146 0.208252 0.788818
v 0.525146 0.217041 0.796142
v 0.528076 0.218506 0.797119
v 0.523193 0.212158 0.788330
v 0.517822 0.201416 0.796142
v 0.517822 0.197998 0.785401
v 0.518799 0.199951 0.782959
v 0.515381 0.197022 0.788330
v 0.512939 0.197998 0.790283
v 0.508545 0.194580 0.784424
v 0.509521 0.195068 0.781006
v 0.510010 0.197022 0.778076
v 0.518799 0.203369 0.781494
v 0.510010 0.200440 0.776611
v 0.520264 0.205810 0.779541
v 0.517822 0.207275 0.781006
v 0.509521 0.204346 0.776611
v 0.507080 0.196045 0.787354
v 0.500244 0.195068 0.785889
v 0.500244 0.193603 0.782959
v 0.500244 0.194092 0.779541
v 0.492920 0.195557 0.786865
v 0.491455 0.194580 0.784424
v 0.490479 0.195068 0.781006
v 0.530517 0.185303 0.737549
v 0.510986 0.202393 0.774170
v 0.512939 0.199951 0.770264
v 0.500244 0.196045 0.776611
v 0.500244 0.199463 0.774658
v 0.500244 0.203369 0.775146
v 0.500244 0.198487 0.768311
v 0.500244 0.201416 0.772217
v 0.489990 0.197022 0.778076
v 0.489990 0.200440 0.776123
v 0.490479 0.204346 0.776611
v 0.500244 0.199951 0.763427
v 0.500244 0.194580 0.757080
v 0.487061 0.199951 0.770264
v 0.489014 0.202393 0.774170
v 0.500244 0.183350 0.736084
v 0.469483 0.185303 0.737549
v 0.649658 0.464600 0.912354
v 0.688233 0.437744 0.886474
v 0.663818 0.491943 0.907959
v 0.685303 0.542725 0.892823
v 0.629639 0.425049 0.912842
v 0.662842 0.402100 0.889892
v 0.688721 0.368408 0.859619
v 0.567139 0.374756 0.913818
v 0.596924 0.362549 0.900146
v 0.589599 0.437744 0.927490
v 0.621826 0.345459 0.882568
v 0.603760 0.479248 0.929443
v 0.640869 0.324951 0.861573
v 0.615967 0.518799 0.928467
v 0.627686 0.561768 0.919677
v 0.534424 0.382568 0.921631
v 0.546142 0.447998 0.938233
v 0.500244 0.385498 0.924561
v 0.500244 0.336182 0.902588
v 0.465576 0.382568 0.921631
v 0.552979 0.491455 0.941651
v 0.500244 0.495850 0.946045
v 0.500244 0.451416 0.942139
v 0.560791 0.541748 0.940186
v 0.499756 0.547607 0.945557
v 0.447021 0.491455 0.941651
v 0.453858 0.447998 0.938233
v 0.439209 0.541748 0.940186
v 0.704834 0.337158 0.827881
v 0.652588 0.302002 0.837646
v 0.710693 0.303467 0.793213
v 0.804443 0.329834 0.663330
v 0.780029 0.283935 0.609131
v 0.815186 0.348877 0.639892
v 0.831299 0.424560 0.670654
v 0.822510 0.368408 0.616455
v 0.789795 0.301025 0.586182
v 0.796631 0.320557 0.562744
v 0.739990 0.241943 0.572510
v 0.822510 0.480225 0.724854
v 0.796631 0.532959 0.774170
v 0.835693 0.445557 0.648193
v 0.826904 0.501709 0.703369
v 0.800537 0.554443 0.753662
v 0.826904 0.389404 0.593017
v 0.828369 0.405029 0.576416
v 0.837158 0.461182 0.631592
v 0.827881 0.517822 0.686767
v 0.822021 0.415283 0.568604
v 0.830811 0.470459 0.622314
v 0.822021 0.526123 0.676026
v 0.800537 0.339600 0.540771
v 0.748779 0.257568 0.546631
v 0.755127 0.275635 0.521240
v 0.759033 0.295166 0.496338
v 0.695068 0.224365 0.511963
v 0.700439 0.241455 0.485596
v 0.703858 0.260498 0.459717
v 0.802002 0.354737 0.524658
v 0.760498 0.309326 0.480713
v 0.796142 0.365967 0.518311
v 0.755127 0.321045 0.475342
v 0.802002 0.368897 0.510986
v 0.828369 0.419190 0.562256
v 0.760010 0.322510 0.467041
v 0.830323 0.426025 0.554443
v 0.803955 0.375732 0.502686
v 0.837646 0.475830 0.616943
v 0.828858 0.532959 0.671142
v 0.839599 0.482666 0.609619
v 0.830811 0.539795 0.664307
v 0.830323 0.434815 0.545654
v 0.839599 0.490967 0.601318
v 0.830811 0.548096 0.656006
v 0.828858 0.450440 0.530029
v 0.838135 0.506103 0.585693
v 0.829346 0.562744 0.639892
v 0.803955 0.385010 0.493896
v 0.802490 0.401612 0.478271
v 0.833252 0.528076 0.562256
v 0.823974 0.473388 0.507568
v 0.798096 0.425049 0.456299
v 0.825439 0.550537 0.539307
v 0.816651 0.496826 0.485596
v 0.791260 0.449951 0.435791
v 0.629639 0.187256 0.671631
v 0.585693 0.169678 0.653564
v 0.598877 0.168213 0.614502
v 0.534424 0.173096 0.703858
v 0.546142 0.160400 0.643311
v 0.500244 0.170166 0.701416
v 0.465576 0.173096 0.703858
v 0.500244 0.156982 0.639892
v 0.453858 0.160400 0.643311
v 0.552979 0.157471 0.602783
v 0.500244 0.153076 0.598389
v 0.447021 0.157471 0.602783
v 0.683349 0.200440 0.561279
v 0.687256 0.209717 0.539307
v 0.599854 0.167725 0.531494
v 0.621338 0.180908 0.509521
v 0.626221 0.194580 0.481201
v 0.629639 0.210205 0.453858
v 0.581787 0.020263 0.609619
v 0.584229 0.011963 0.603760
v 0.584717 0.035888 0.605224
v 0.588623 0.028565 0.600342
v 0.592041 0.019775 0.593506
v 0.565674 0.013428 0.616943
v 0.565674 0.005127 0.612061
v 0.583252 0.007080 0.597901
v 0.575928 0.003174 0.603271
v 0.565674 0.001221 0.606201
v 0.550537 0.013428 0.616455
v 0.550049 0.006103 0.611572
v 0.550537 0.002197 0.605224
v 0.563721 0.041748 0.604248
v 0.591064 0.014893 0.587158
v 0.573974 0.001221 0.598389
v 0.581299 0.004638 0.593506
v 0.588623 0.012451 0.582276
v 0.598877 0.033935 0.577392
v 0.595459 0.042725 0.585205
v 0.565186 0.000244 0.600830
v 0.551026 0.000732 0.600342
v 0.566651 0.056397 0.589599
v 0.561767 0.044678 0.601807
v 0.550049 0.040772 0.604248
v 0.602295 0.046631 0.562744
v 0.598389 0.028076 0.571045
v 0.601807 0.041260 0.556885
v 0.595459 0.025147 0.567139
v 0.598389 0.037842 0.552979
v 0.597412 0.054443 0.573486
v 0.601807 0.060303 0.540283
v 0.602295 0.062256 0.547119
v 0.597412 0.069580 0.561767
v 0.592041 0.072510 0.567627
v 0.550537 0.017334 0.572510
v 0.562256 0.021240 0.567139
v 0.567627 0.034424 0.552002
v 0.571533 0.073975 0.571533
v 0.566651 0.073975 0.572021
v 0.565674 0.052490 0.586182
v 0.565674 0.070557 0.568115
v 0.560303 0.042237 0.597901
v 0.560303 0.026123 0.571533
v 0.565674 0.038330 0.557861
v 0.565674 0.056885 0.538818
v 0.597412 0.090088 0.546631
v 0.592041 0.092041 0.551026
v 0.571533 0.093994 0.554932
v 0.566651 0.093994 0.554932
v 0.565674 0.091553 0.551026
v 0.537842 0.017334 0.612549
v 0.536865 0.010010 0.607178
v 0.537842 0.006103 0.601318
v 0.539307 0.023193 0.614990
v 0.531006 0.026612 0.610108
v 0.528564 0.022705 0.606201
v 0.527588 0.015381 0.601318
v 0.538818 0.004638 0.596436
v 0.528564 0.011963 0.594971
v 0.530029 0.009522 0.591064
v 0.500244 0.030029 0.605224
v 0.500244 0.038330 0.605713
v 0.500244 0.039795 0.604248
v 0.550049 0.038818 0.601318
v 0.500244 0.041748 0.601807
v 0.500244 0.040283 0.597901
v 0.550049 0.022705 0.575928
v 0.500244 0.024170 0.575439
v 0.500244 0.026612 0.601807
v 0.500244 0.019287 0.596924
v 0.500244 0.015869 0.590576
v 0.500244 0.013916 0.587158
v 0.468994 0.026612 0.610108
v 0.471436 0.022705 0.606201
v 0.472412 0.015381 0.601318
v 0.471436 0.011963 0.594971
v 0.449951 0.040772 0.604248
v 0.449951 0.038818 0.601318
v 0.449951 0.022705 0.575928
v 0.500244 0.012940 0.579834
v 0.500244 0.016357 0.574951
v 0.500244 0.019287 0.572510
v 0.550049 0.020752 0.572998
v 0.560303 0.024170 0.568115
v 0.565674 0.036377 0.553955
v 0.500244 0.022705 0.572510
v 0.469971 0.009522 0.591064
v 0.449463 0.017334 0.572510
v 0.449951 0.020752 0.572998
v 0.598389 0.054443 0.534912
v 0.590088 0.052002 0.532471
v 0.598389 0.072510 0.515869
v 0.590088 0.070068 0.513428
v 0.571533 0.052002 0.531983
v 0.565674 0.054932 0.534912
v 0.568115 0.052490 0.532959
v 0.571533 0.070068 0.512939
v 0.568115 0.071045 0.513916
v 0.592041 0.153565 0.511963
v 0.572021 0.155518 0.514892
v 0.566651 0.155029 0.514404
v 0.598389 0.120362 0.466552
v 0.590088 0.117920 0.464111
v 0.569092 0.120362 0.466552
v 0.577392 0.117920 0.464111
v 0.500244 0.152100 0.541260
v 0.592041 0.159424 0.508545
v 0.601807 0.191162 0.474365
v 0.597412 0.166748 0.502686
v 0.592041 0.164307 0.509521
v 0.572021 0.158935 0.512939
v 0.566651 0.158935 0.511963
v 0.756104 0.585205 0.810302
v 0.693604 0.572022 0.880615
v 0.699951 0.597900 0.863526
v 0.703858 0.622315 0.844971
v 0.759033 0.606690 0.790283
v 0.760010 0.620362 0.776611
v 0.802002 0.571045 0.737061
v 0.705811 0.644775 0.824463
v 0.706787 0.657959 0.810302
v 0.755615 0.626221 0.763916
v 0.702881 0.662842 0.796631
v 0.796142 0.578369 0.725342
v 0.762451 0.643310 0.753662
v 0.708252 0.680420 0.786865
v 0.707764 0.672119 0.794189
v 0.804443 0.600830 0.707276
v 0.708252 0.688721 0.776611
v 0.761963 0.652588 0.743408
v 0.802979 0.614013 0.692627
v 0.634033 0.593018 0.907471
v 0.638428 0.620850 0.891358
v 0.564697 0.570557 0.934814
v 0.568604 0.608643 0.922119
v 0.570557 0.637451 0.906006
v 0.572021 0.660400 0.886474
v 0.641358 0.646240 0.873291
v 0.499756 0.576416 0.940186
v 0.499756 0.614502 0.927490
v 0.499756 0.643799 0.911377
v 0.499756 0.666748 0.891846
v 0.642822 0.669678 0.853760
v 0.572998 0.682862 0.867432
v 0.499756 0.689697 0.872802
v 0.643311 0.685791 0.837158
v 0.572998 0.701416 0.850830
v 0.640381 0.690674 0.822998
v 0.571533 0.706299 0.837158
v 0.643799 0.701416 0.821045
v 0.644287 0.709228 0.813721
v 0.573486 0.718018 0.835693
v 0.573486 0.725830 0.828858
v 0.644287 0.717529 0.803955
v 0.573486 0.734131 0.818604
v 0.642822 0.732178 0.784424
v 0.706299 0.703857 0.757080
v 0.759521 0.668701 0.723389
v 0.640381 0.750244 0.755615
v 0.701904 0.722412 0.728760
v 0.754151 0.688232 0.696533
v 0.572998 0.748291 0.799561
v 0.571533 0.766357 0.770752
v 0.499756 0.708252 0.856689
v 0.499756 0.713135 0.842529
v 0.499756 0.724853 0.841552
v 0.499756 0.732666 0.834717
v 0.499756 0.740967 0.824951
v 0.499756 0.755127 0.805420
v 0.499756 0.772705 0.776611
v 0.695557 0.739013 0.698974
v 0.635986 0.766357 0.725342
v 0.569092 0.781982 0.739502
v 0.499756 0.787842 0.745361
v 0.798584 0.634522 0.668213
v 0.824463 0.584228 0.616455
v 0.791260 0.654053 0.643311
v 0.781006 0.672119 0.617432
v 0.745849 0.706299 0.667724
v 0.816651 0.605225 0.592529
v 0.805420 0.625244 0.568115
v 0.813721 0.572022 0.516846
v 0.805420 0.520263 0.464599
v 0.790771 0.643799 0.544678
v 0.799073 0.593018 0.495361
v 0.790771 0.543213 0.445557
v 0.767823 0.688721 0.592041
v 0.734131 0.721924 0.638428
v 0.772217 0.657959 0.524170
v 0.751221 0.700440 0.569092
v 0.719483 0.734619 0.608154
v 0.692627 0.746826 0.568115
v 0.722412 0.714600 0.534912
v 0.741455 0.677002 0.495361
v 0.780029 0.611084 0.477295
v 0.747803 0.635987 0.453369
v 0.686279 0.752685 0.668213
v 0.629639 0.779053 0.693115
v 0.675049 0.763428 0.635498
v 0.654053 0.771728 0.592041
v 0.697998 0.720459 0.511963
v 0.670654 0.748779 0.539795
v 0.635986 0.770752 0.560303
v 0.714111 0.687744 0.477783
v 0.635010 0.742432 0.496826
v 0.655517 0.719482 0.473389
v 0.668213 0.693115 0.447021
v 0.607666 0.761963 0.515869
v 0.566162 0.793701 0.706787
v 0.621826 0.787842 0.658936
v 0.562256 0.802002 0.672608
v 0.606689 0.792725 0.612549
v 0.499756 0.799560 0.712158
v 0.499756 0.807373 0.677490
v 0.554932 0.805420 0.624756
v 0.499756 0.809815 0.629151
v 0.594483 0.789795 0.578858
v 0.574951 0.776612 0.530029
v 0.548584 0.801025 0.589599
v 0.538330 0.785400 0.538818
v 0.499756 0.804443 0.593506
v 0.500244 0.788330 0.542236
v 0.589599 0.721924 0.455811
v 0.571533 0.736084 0.468994
v 0.550049 0.746338 0.478760
v 0.525635 0.752685 0.485108
v 0.500244 0.754638 0.487061
v 0.451416 0.801025 0.589599
v 0.461670 0.785400 0.538818
v 0.474365 0.752685 0.485108
v 0.485108 0.213135 0.814209
v 0.483154 0.214600 0.816162
v 0.480713 0.217529 0.816651
v 0.478271 0.210205 0.809326
v 0.481201 0.209228 0.808349
v 0.479736 0.220947 0.815674
v 0.475342 0.212647 0.808838
v 0.473877 0.215576 0.807861
v 0.479736 0.223877 0.813721
v 0.481201 0.226807 0.810791
v 0.476318 0.230225 0.816162
v 0.479736 0.228272 0.813233
v 0.482177 0.227295 0.811279
v 0.473877 0.218994 0.805908
v 0.475342 0.221924 0.802979
v 0.468994 0.224365 0.806885
v 0.473389 0.223388 0.805420
v 0.476807 0.222412 0.804443
v 0.466064 0.228272 0.805908
v 0.463135 0.220459 0.794189
v 0.480224 0.204834 0.801514
v 0.476807 0.205322 0.801514
v 0.473877 0.207275 0.800049
v 0.472412 0.209717 0.798584
v 0.472412 0.213135 0.796631
v 0.481689 0.201904 0.795166
v 0.478760 0.201904 0.793701
v 0.476807 0.203369 0.791748
v 0.475342 0.205810 0.789795
v 0.475342 0.208740 0.788330
v 0.486573 0.197998 0.790283
v 0.484131 0.197022 0.787842
v 0.482177 0.197510 0.785401
v 0.481201 0.199951 0.782959
v 0.480713 0.203369 0.781006
v 0.474854 0.217041 0.796142
v 0.471436 0.217041 0.796142
v 0.473389 0.211182 0.787354
v 0.476807 0.212158 0.788330
v 0.473877 0.216065 0.794677
v 0.476807 0.212158 0.787842
v 0.468994 0.210205 0.785401
v 0.466552 0.217041 0.796142
v 0.479736 0.205810 0.779541
v 0.482177 0.207275 0.781006
v 0.466064 0.212647 0.782471
v 0.476318 0.203857 0.776611
v 0.359131 0.230713 0.763427
v 0.347412 0.253662 0.787354
v 0.343506 0.277588 0.812744
v 0.378174 0.210205 0.742432
v 0.427979 0.182862 0.714111
v 0.403076 0.193115 0.724854
v 0.295166 0.269287 0.758545
v 0.311279 0.238037 0.725830
v 0.336670 0.210205 0.696533
v 0.432861 0.374756 0.913818
v 0.403076 0.362549 0.900146
v 0.410401 0.437744 0.927490
v 0.370361 0.425049 0.912842
v 0.378174 0.349365 0.885986
v 0.337158 0.402100 0.889892
v 0.359131 0.324951 0.861573
v 0.311279 0.368408 0.859619
v 0.396240 0.479248 0.929443
v 0.382568 0.523682 0.927490
v 0.350342 0.464600 0.912354
v 0.336182 0.491943 0.907959
v 0.311767 0.437744 0.886474
v 0.281983 0.398682 0.851318
v 0.295166 0.459228 0.880615
v 0.370849 0.569092 0.917236
v 0.314697 0.542725 0.892823
v 0.267822 0.507080 0.863037
v 0.262451 0.421631 0.846924
v 0.238037 0.454834 0.831299
v 0.347412 0.302002 0.837646
v 0.295166 0.337158 0.827881
v 0.289307 0.303467 0.793213
v 0.263428 0.362060 0.815186
v 0.256592 0.322510 0.775146
v 0.227295 0.393799 0.797119
v 0.219483 0.347412 0.751221
v 0.263428 0.282959 0.735596
v 0.212646 0.410888 0.785889
v 0.204346 0.361084 0.737549
v 0.195068 0.436279 0.765869
v 0.219971 0.488525 0.810791
v 0.256104 0.535888 0.847412
v 0.186767 0.383057 0.714599
v 0.176026 0.403565 0.692627
v 0.184326 0.458252 0.745361
v 0.209717 0.511475 0.793213
v 0.248779 0.562744 0.828858
v 0.406983 0.172119 0.656006
v 0.370361 0.187256 0.671631
v 0.462646 0.017334 0.612549
v 0.460693 0.023193 0.614990
v 0.463135 0.010010 0.607178
v 0.462646 0.006103 0.601318
v 0.461182 0.004638 0.596436
v 0.449951 0.006103 0.611572
v 0.449463 0.013428 0.616455
v 0.449463 0.020263 0.618896
v 0.449463 0.002197 0.605224
v 0.434326 0.013428 0.616943
v 0.434326 0.005127 0.612061
v 0.434326 0.001221 0.605713
v 0.436279 0.041748 0.604248
v 0.448974 0.000732 0.600342
v 0.434814 0.000244 0.600830
v 0.438233 0.044678 0.601807
v 0.439698 0.042237 0.597901
v 0.434326 0.052490 0.586182
v 0.433349 0.056397 0.589599
v 0.439698 0.026123 0.571533
v 0.434326 0.038330 0.557861
v 0.437744 0.021240 0.567139
v 0.439698 0.024170 0.568115
v 0.434326 0.036377 0.553955
v 0.432373 0.034424 0.552002
v 0.424073 0.003174 0.603271
v 0.418213 0.020263 0.609619
v 0.415771 0.011963 0.603760
v 0.416748 0.007080 0.597901
v 0.415283 0.035888 0.605224
v 0.411377 0.028565 0.600342
v 0.407959 0.019775 0.593506
v 0.426026 0.001221 0.598389
v 0.419189 0.004638 0.593506
v 0.408936 0.014893 0.587158
v 0.411377 0.012451 0.582276
v 0.405029 0.042725 0.585205
v 0.401123 0.033935 0.576904
v 0.405029 0.025147 0.567139
v 0.401611 0.028076 0.571045
v 0.401611 0.037842 0.552979
v 0.433349 0.073975 0.571533
v 0.434326 0.070557 0.568115
v 0.434326 0.056885 0.538818
v 0.428467 0.073975 0.571533
v 0.407959 0.072510 0.567627
v 0.402588 0.054443 0.572998
v 0.402588 0.069580 0.561767
v 0.397705 0.046631 0.562744
v 0.398682 0.041260 0.556885
v 0.398193 0.060303 0.540283
v 0.397705 0.062256 0.547119
v 0.434326 0.091553 0.551026
v 0.433349 0.093994 0.554932
v 0.428467 0.093994 0.554932
v 0.407959 0.092041 0.551026
v 0.402588 0.090088 0.546631
v 0.434326 0.054932 0.534912
v 0.432373 0.052490 0.532959
v 0.428467 0.052002 0.531983
v 0.409912 0.052002 0.532471
v 0.401611 0.054443 0.534912
v 0.431885 0.071045 0.513916
v 0.428467 0.070068 0.512939
v 0.409912 0.070068 0.513428
v 0.401611 0.072510 0.515869
v 0.433349 0.155029 0.514404
v 0.427979 0.155518 0.514892
v 0.407959 0.153565 0.511963
v 0.430908 0.120362 0.466552
v 0.422608 0.117920 0.464111
v 0.409912 0.117920 0.464111
v 0.401611 0.120362 0.466552
v 0.427979 0.158935 0.512939
v 0.433349 0.158935 0.511963
v 0.407959 0.159424 0.508545
v 0.354248 0.201904 0.489014
v 0.268311 0.231201 0.594971
v 0.260010 0.241943 0.572510
v 0.220459 0.283935 0.609131
v 0.304932 0.224365 0.511963
v 0.251221 0.257568 0.546631
v 0.210205 0.301025 0.586182
v 0.244873 0.275635 0.521240
v 0.299561 0.241455 0.485596
v 0.350830 0.218506 0.461670
v 0.203369 0.320068 0.562744
v 0.195557 0.329834 0.663330
v 0.184814 0.348877 0.639892
v 0.168213 0.424560 0.670654
v 0.177490 0.368408 0.616455
v 0.177490 0.480225 0.724854
v 0.202881 0.532959 0.773682
v 0.164307 0.445557 0.648193
v 0.173096 0.501709 0.703369
v 0.199463 0.554443 0.753662
v 0.173096 0.389404 0.593017
v 0.162842 0.463135 0.629639
v 0.172119 0.406982 0.574463
v 0.171631 0.519775 0.684326
v 0.177979 0.415283 0.568604
v 0.169189 0.470459 0.622314
v 0.177979 0.526123 0.676026
v 0.199463 0.339600 0.540771
v 0.240967 0.295166 0.496338
v 0.296142 0.260498 0.459717
v 0.197998 0.356201 0.523193
v 0.239990 0.310791 0.479248
v 0.203858 0.365967 0.518311
v 0.171631 0.419190 0.561767
v 0.197998 0.368897 0.510986
v 0.244873 0.321045 0.475342
v 0.239990 0.322510 0.467041
v 0.169677 0.426025 0.554443
v 0.196045 0.375732 0.502686
v 0.162354 0.475830 0.616455
v 0.171142 0.532959 0.671142
v 0.160401 0.482666 0.609619
v 0.169189 0.539795 0.664307
v 0.160401 0.490967 0.600830
v 0.169677 0.434815 0.545654
v 0.169189 0.548096 0.656006
v 0.171142 0.450440 0.530029
v 0.161865 0.506103 0.585205
v 0.171142 0.562744 0.639892
v 0.196045 0.385010 0.493896
v 0.197510 0.401612 0.478271
v 0.166748 0.528076 0.562256
v 0.176026 0.473388 0.507568
v 0.201904 0.425049 0.456299
v 0.174561 0.550537 0.539307
v 0.183349 0.496826 0.485596
v 0.208740 0.449951 0.435791
v 0.435302 0.570557 0.934814
v 0.431396 0.608643 0.922119
v 0.429443 0.637451 0.906006
v 0.365967 0.593018 0.907471
v 0.361572 0.620850 0.891358
v 0.427979 0.660400 0.886474
v 0.427002 0.682862 0.867432
v 0.358642 0.648682 0.870849
v 0.357178 0.669678 0.853760
v 0.306396 0.572022 0.880615
v 0.300049 0.597900 0.863526
v 0.296142 0.622315 0.844971
v 0.427002 0.701416 0.850830
v 0.427979 0.706299 0.837158
v 0.426514 0.718018 0.835693
v 0.426026 0.725830 0.828858
v 0.426514 0.734131 0.818604
v 0.427002 0.748291 0.799561
v 0.356689 0.686279 0.836670
v 0.359619 0.690674 0.822998
v 0.356201 0.701416 0.820557
v 0.355713 0.709228 0.813721
v 0.355713 0.717529 0.803467
v 0.356689 0.732178 0.784424
v 0.428467 0.766357 0.770264
v 0.359619 0.750244 0.755615
v 0.243896 0.585205 0.810302
v 0.294189 0.644775 0.824463
v 0.240967 0.606690 0.790283
v 0.293213 0.658447 0.809814
v 0.297119 0.662842 0.796631
v 0.292236 0.672119 0.794189
v 0.291260 0.680420 0.786377
v 0.291748 0.688721 0.776611
v 0.239502 0.621338 0.775635
v 0.293701 0.703857 0.756592
v 0.298096 0.722412 0.728760
v 0.244385 0.626221 0.763916
v 0.237549 0.643310 0.753662
v 0.238037 0.652588 0.743408
v 0.240479 0.668701 0.723389
v 0.245849 0.688232 0.696045
v 0.430420 0.781982 0.739502
v 0.364014 0.766357 0.725342
v 0.304443 0.739013 0.698974
v 0.197998 0.572998 0.734619
v 0.203858 0.578369 0.724854
v 0.195557 0.600830 0.707276
v 0.197021 0.614013 0.692627
v 0.254151 0.706299 0.667724
v 0.265869 0.721924 0.638428
v 0.313233 0.752685 0.668213
v 0.370361 0.779053 0.692627
v 0.208740 0.654053 0.643311
v 0.218994 0.672119 0.617432
v 0.232177 0.688721 0.591553
v 0.324951 0.763428 0.635498
v 0.280517 0.734619 0.608154
v 0.248779 0.700440 0.569092
v 0.306885 0.744873 0.565186
v 0.277588 0.714600 0.534912
v 0.345947 0.771240 0.591553
v 0.328858 0.746826 0.536377
v 0.302002 0.717041 0.507080
v 0.364014 0.770752 0.560303
v 0.392334 0.761963 0.515869
v 0.364990 0.742432 0.496826
v 0.344483 0.719482 0.473389
v 0.227783 0.657959 0.524170
v 0.259033 0.677002 0.495361
v 0.285889 0.687744 0.477783
v 0.331787 0.693115 0.447021
v 0.433838 0.793701 0.706787
v 0.437744 0.802002 0.672608
v 0.378174 0.787842 0.658936
v 0.445557 0.805420 0.624756
v 0.393311 0.792725 0.612061
v 0.405517 0.789795 0.578858
v 0.425049 0.776612 0.530029
v 0.449951 0.746338 0.478760
v 0.428467 0.736084 0.468994
v 0.410401 0.721924 0.455811
v 0.201416 0.634522 0.668213
v 0.175537 0.584228 0.616455
v 0.183349 0.605225 0.592041
v 0.194580 0.625244 0.568115
v 0.186279 0.572022 0.516358
v 0.194580 0.520263 0.464599
v 0.209229 0.643799 0.544678
v 0.200927 0.593018 0.495361
v 0.209229 0.543213 0.445068
v 0.219971 0.611084 0.477295
v 0.252197 0.635987 0.453369
v 0.704834 0.273682 0.443604
v 0.700928 0.285888 0.439209
v 0.704834 0.286865 0.429932
v 0.760986 0.349365 0.437256
v 0.706299 0.302978 0.406006
v 0.758057 0.372803 0.415771
v 0.704346 0.325440 0.385010
v 0.752198 0.397705 0.395264
v 0.700439 0.350830 0.364502
v 0.781006 0.474853 0.416748
v 0.744873 0.421631 0.378662
v 0.694580 0.378662 0.346436
v 0.734131 0.448975 0.362549
v 0.767823 0.500244 0.399658
v 0.819580 0.499268 0.335205
v 0.822510 0.486084 0.318604
v 0.825439 0.489502 0.316162
v 0.822510 0.502197 0.332764
v 0.809326 0.478760 0.323486
v 0.806396 0.491943 0.340088
v 0.819092 0.516357 0.347412
v 0.815674 0.513428 0.349854
v 0.802490 0.506103 0.355224
v 0.826416 0.477783 0.298584
v 0.823486 0.474365 0.301026
v 0.811767 0.467529 0.305420
v 0.826416 0.484619 0.294678
v 0.825439 0.495850 0.311767
v 0.822998 0.508057 0.327392
v 0.802002 0.490478 0.341064
v 0.804932 0.477295 0.324463
v 0.798096 0.504638 0.356201
v 0.796142 0.491455 0.339111
v 0.799073 0.478760 0.322998
v 0.792236 0.505615 0.353760
v 0.792236 0.494873 0.335693
v 0.795166 0.482666 0.320068
v 0.788330 0.508545 0.349854
v 0.795166 0.491943 0.315674
v 0.792236 0.503662 0.330322
v 0.788330 0.516357 0.343506
v 0.797119 0.482178 0.300049
v 0.813233 0.490967 0.291260
v 0.812256 0.501221 0.306885
v 0.809814 0.512940 0.321533
v 0.822021 0.468506 0.291260
v 0.825439 0.472412 0.288330
v 0.819092 0.464112 0.281983
v 0.822021 0.467529 0.279053
v 0.812256 0.463623 0.296142
v 0.811767 0.460693 0.287354
v 0.816651 0.463623 0.271729
v 0.814209 0.460693 0.274658
v 0.807373 0.458252 0.281006
v 0.825439 0.479248 0.284912
v 0.821045 0.490967 0.291260
v 0.820068 0.501709 0.307373
v 0.817627 0.513428 0.322021
v 0.822021 0.474365 0.275635
v 0.820068 0.486084 0.282471
v 0.817139 0.481690 0.274658
v 0.812744 0.486572 0.283936
v 0.796631 0.479737 0.294189
v 0.810791 0.483154 0.277588
v 0.796142 0.477295 0.288818
v 0.816651 0.470947 0.268311
v 0.802002 0.456299 0.277099
v 0.807861 0.458252 0.269776
v 0.809814 0.460693 0.266846
v 0.809814 0.468018 0.263916
v 0.812256 0.478272 0.268799
v 0.806885 0.480713 0.272705
v 0.806396 0.475830 0.264892
v 0.797608 0.461182 0.286865
v 0.802490 0.458252 0.284424
v 0.794189 0.468506 0.286865
v 0.793701 0.460693 0.283936
v 0.798096 0.456787 0.280517
v 0.790771 0.468018 0.283447
v 0.786865 0.467041 0.281494
v 0.789307 0.459717 0.281983
v 0.793213 0.455322 0.278564
v 0.787354 0.453857 0.277588
v 0.781983 0.466065 0.280517
v 0.794189 0.475342 0.284424
v 0.790771 0.473388 0.281006
v 0.786865 0.471924 0.279541
v 0.802002 0.478272 0.269287
v 0.774658 0.459228 0.282471
v 0.771240 0.458252 0.283447
v 0.772705 0.452881 0.281983
v 0.776611 0.454346 0.281006
v 0.764404 0.455322 0.283447
v 0.766358 0.450928 0.281983
v 0.757568 0.452881 0.282471
v 0.759521 0.447998 0.281006
v 0.769287 0.464112 0.282471
v 0.772705 0.465088 0.281983
v 0.776123 0.465088 0.279541
v 0.761963 0.461182 0.282959
v 0.772705 0.468994 0.279053
v 0.768311 0.468018 0.280029
v 0.760498 0.465576 0.280517
v 0.755127 0.458740 0.281983
v 0.754639 0.446045 0.279541
v 0.753174 0.450928 0.281006
v 0.750244 0.456299 0.280517
v 0.753174 0.462647 0.279541
v 0.748291 0.460205 0.278076
v 0.795654 0.454346 0.275146
v 0.800537 0.455322 0.267334
v 0.802002 0.457763 0.263916
v 0.801514 0.465088 0.260986
v 0.789307 0.452881 0.273682
v 0.792724 0.452881 0.265869
v 0.793701 0.455322 0.262451
v 0.798584 0.472900 0.262451
v 0.782959 0.454346 0.248779
v 0.795166 0.475830 0.266846
v 0.772217 0.471435 0.275146
v 0.745849 0.453857 0.277588
v 0.748291 0.449463 0.274658
v 0.729736 0.450928 0.273682
v 0.725342 0.442627 0.259521
v 0.751709 0.440185 0.262939
v 0.728760 0.424072 0.248779
v 0.772217 0.470947 0.262451
v 0.766846 0.470459 0.261474
v 0.748779 0.464112 0.261474
v 0.735596 0.453857 0.250244
v 0.751221 0.453857 0.253174
v 0.735108 0.464112 0.259033
v 0.735596 0.460205 0.253662
v 0.771240 0.472412 0.271240
v 0.771240 0.472412 0.266846
v 0.765869 0.471924 0.266846
v 0.601807 0.206787 0.446533
v 0.601807 0.224853 0.420166
v 0.564209 0.241455 0.393311
v 0.631104 0.254638 0.407959
v 0.601807 0.181397 0.414307
v 0.598389 0.175537 0.408448
v 0.590088 0.173096 0.406494
v 0.577392 0.173096 0.406006
v 0.569092 0.175537 0.408448
v 0.565674 0.181397 0.413818
v 0.601807 0.208252 0.380615
v 0.598389 0.201904 0.375244
v 0.590088 0.199463 0.372803
v 0.577392 0.199463 0.372803
v 0.569092 0.201904 0.374756
v 0.601807 0.265381 0.322021
v 0.598389 0.259522 0.316162
v 0.590088 0.257080 0.313721
v 0.569092 0.259522 0.316162
v 0.500244 0.236084 0.387939
v 0.500244 0.237060 0.377686
v 0.565186 0.242432 0.383057
v 0.633057 0.255127 0.398193
v 0.500244 0.252685 0.356201
v 0.435791 0.241455 0.393311
v 0.434814 0.242432 0.383057
v 0.577392 0.257080 0.313721
v 0.631104 0.322022 0.334229
v 0.686279 0.407959 0.331299
v 0.627686 0.351318 0.316651
v 0.601807 0.316650 0.326416
v 0.601807 0.346435 0.309326
v 0.622803 0.382080 0.302002
v 0.601807 0.378174 0.296142
v 0.675049 0.437256 0.317627
v 0.719483 0.475830 0.348877
v 0.750733 0.524658 0.388916
v 0.654053 0.491455 0.309814
v 0.693115 0.520263 0.337646
v 0.722412 0.554443 0.372314
v 0.731201 0.433838 0.277099
v 0.727783 0.437744 0.278076
v 0.728271 0.432862 0.275635
v 0.725830 0.431397 0.272705
v 0.724854 0.436279 0.276123
v 0.722412 0.435303 0.273193
v 0.724854 0.443603 0.278076
v 0.722412 0.442138 0.276123
v 0.719971 0.441162 0.273193
v 0.720459 0.434326 0.269776
v 0.718017 0.440185 0.269776
v 0.719971 0.432862 0.265381
v 0.717041 0.438721 0.265381
v 0.720459 0.430420 0.247802
v 0.717529 0.436279 0.247314
v 0.732666 0.451904 0.278076
v 0.724365 0.447998 0.276611
v 0.712646 0.456299 0.269287
v 0.714599 0.461182 0.268799
v 0.721436 0.446533 0.274658
v 0.718994 0.445557 0.272217
v 0.712158 0.446045 0.256592
v 0.717529 0.444580 0.268799
v 0.717529 0.466065 0.266358
v 0.719971 0.468506 0.260986
v 0.714599 0.447510 0.250244
v 0.717529 0.451904 0.246826
v 0.720459 0.458252 0.246826
v 0.721924 0.468018 0.255127
v 0.721924 0.464112 0.249756
v 0.703858 0.474853 0.260986
v 0.707276 0.476807 0.256104
v 0.708740 0.476318 0.250244
v 0.708740 0.472900 0.244873
v 0.697021 0.466065 0.263916
v 0.695068 0.462158 0.261474
v 0.694092 0.458740 0.257568
v 0.699951 0.470947 0.263916
v 0.695557 0.456787 0.250733
v 0.698486 0.457763 0.244385
v 0.702392 0.461670 0.241455
v 0.687256 0.482666 0.258057
v 0.683838 0.478760 0.258057
v 0.680908 0.474853 0.255615
v 0.679932 0.471435 0.251221
v 0.680908 0.469482 0.244873
v 0.684326 0.469971 0.238526
v 0.695557 0.487549 0.250733
v 0.691651 0.486084 0.255615
v 0.697021 0.486572 0.244873
v 0.696533 0.483154 0.239502
v 0.687744 0.497315 0.239502
v 0.685791 0.498291 0.245361
v 0.681885 0.497315 0.249756
v 0.677490 0.494385 0.252197
v 0.672119 0.548096 0.336670
v 0.636963 0.522705 0.311279
v 0.591553 0.503662 0.291748
v 0.673096 0.490967 0.252197
v 0.670166 0.487549 0.249756
v 0.668701 0.484619 0.245361
v 0.669678 0.482666 0.238526
v 0.668701 0.508057 0.246826
v 0.664307 0.505127 0.246338
v 0.660889 0.501709 0.243896
v 0.673584 0.510010 0.244385
v 0.601807 0.301025 0.287354
v 0.500244 0.276123 0.335205
v 0.598389 0.295166 0.281494
v 0.590088 0.293213 0.278564
v 0.577392 0.293213 0.278564
v 0.565674 0.308350 0.320557
v 0.565674 0.301025 0.287354
v 0.569092 0.295166 0.281006
v 0.500244 0.303467 0.314697
v 0.565674 0.318115 0.273193
v 0.565674 0.338135 0.302490
v 0.500244 0.333252 0.297608
v 0.601807 0.318115 0.273193
v 0.434326 0.308350 0.320557
v 0.434326 0.338135 0.302490
v 0.590088 0.311279 0.263916
v 0.598389 0.313232 0.266358
v 0.569092 0.313232 0.266358
v 0.577392 0.311279 0.263916
v 0.598389 0.333252 0.254151
v 0.590088 0.331787 0.251221
v 0.577392 0.331787 0.251221
v 0.569092 0.333252 0.254151
v 0.601807 0.337158 0.261474
v 0.565674 0.337158 0.261474
v 0.500244 0.366455 0.285401
v 0.500244 0.404541 0.276123
v 0.598389 0.394775 0.229248
v 0.590088 0.393799 0.225830
v 0.577392 0.393799 0.225830
v 0.569092 0.394775 0.229248
v 0.548096 0.494873 0.282471
v 0.596924 0.460205 0.279541
v 0.591064 0.460693 0.280029
v 0.570068 0.458252 0.276123
v 0.595947 0.462158 0.272217
v 0.590576 0.462647 0.272217
v 0.595947 0.468018 0.266358
v 0.590576 0.468018 0.266846
v 0.595459 0.483154 0.255615
v 0.590088 0.483643 0.256104
v 0.595459 0.513916 0.243408
v 0.590088 0.514404 0.244385
v 0.571533 0.460205 0.271240
v 0.571533 0.465576 0.265869
v 0.571533 0.482666 0.254151
v 0.565186 0.456299 0.274658
v 0.566651 0.458252 0.269776
v 0.566651 0.464112 0.263916
v 0.566651 0.481690 0.252197
v 0.565674 0.479737 0.247314
v 0.565674 0.456787 0.209229
v 0.572021 0.513916 0.242432
v 0.566651 0.513916 0.240479
v 0.500244 0.455810 0.273682
v 0.500244 0.490967 0.279053
v 0.574951 0.554443 0.307861
v 0.538330 0.545654 0.299072
v 0.500244 0.542725 0.296142
v 0.451904 0.494873 0.282471
v 0.461670 0.545654 0.299072
v 0.779541 0.445557 0.225830
v 0.782959 0.454346 0.226318
v 0.780517 0.462647 0.226807
v 0.779052 0.466553 0.206299
v 0.781494 0.458252 0.204346
v 0.778076 0.449951 0.202392
v 0.728760 0.424072 0.225342
v 0.775635 0.466065 0.227295
v 0.769287 0.466553 0.227295
v 0.718506 0.446533 0.227295
v 0.726807 0.428467 0.201904
v 0.774170 0.469482 0.207764
v 0.768311 0.469971 0.208252
v 0.717041 0.449951 0.208252
v 0.774658 0.458252 0.180908
v 0.778564 0.466553 0.183349
v 0.775635 0.473877 0.186767
v 0.771240 0.476807 0.189209
v 0.722901 0.437256 0.179932
v 0.765381 0.477295 0.190186
v 0.714111 0.457275 0.190186
v 0.760986 0.486572 0.173096
v 0.766846 0.486572 0.171631
v 0.771240 0.484131 0.168701
v 0.709717 0.467041 0.173096
v 0.773682 0.476807 0.163818
v 0.769287 0.469482 0.160401
v 0.717529 0.448487 0.159424
v 0.761474 0.498291 0.155517
v 0.755615 0.498291 0.157959
v 0.704346 0.478760 0.157471
v 0.767334 0.489990 0.146729
v 0.765869 0.496338 0.152099
v 0.763427 0.482666 0.142334
v 0.711182 0.462647 0.141358
v 0.697510 0.492920 0.144287
v 0.749267 0.511963 0.144287
v 0.754639 0.511963 0.141846
v 0.758545 0.510498 0.137939
v 0.760010 0.505127 0.131104
v 0.755615 0.498779 0.126221
v 0.703369 0.479248 0.125244
v 0.751221 0.523682 0.117920
v 0.745849 0.517822 0.112549
v 0.693604 0.500244 0.111573
v 0.720459 0.430420 0.225830
v 0.717529 0.436279 0.226318
v 0.718506 0.434326 0.204346
v 0.715576 0.440674 0.205811
v 0.715088 0.442138 0.183349
v 0.712646 0.447998 0.186279
v 0.706299 0.467041 0.241455
v 0.693604 0.478272 0.236084
v 0.688721 0.473388 0.235596
v 0.686767 0.494385 0.234131
v 0.682861 0.489990 0.230224
v 0.673096 0.482666 0.232666
v 0.677979 0.485596 0.229736
v 0.677490 0.510987 0.239990
v 0.679443 0.510010 0.234131
v 0.677979 0.507080 0.228271
v 0.707764 0.458740 0.168213
v 0.658936 0.499268 0.239990
v 0.659424 0.496826 0.233154
v 0.662842 0.496826 0.226807
v 0.651123 0.517822 0.239014
v 0.649170 0.515381 0.234619
v 0.649658 0.513428 0.227295
v 0.668213 0.499268 0.224365
v 0.674072 0.503174 0.224854
v 0.653076 0.512940 0.220948
v 0.658936 0.514893 0.218017
v 0.665283 0.518310 0.218994
v 0.710205 0.453369 0.164795
v 0.701904 0.470947 0.152099
v 0.703858 0.466553 0.147217
v 0.695068 0.486084 0.137451
v 0.696533 0.482178 0.132080
v 0.740967 0.528565 0.132080
v 0.689209 0.510987 0.132080
v 0.685791 0.505127 0.124756
v 0.687256 0.502197 0.118896
v 0.598389 0.452881 0.201904
v 0.590088 0.450928 0.198974
v 0.569092 0.452881 0.201904
v 0.577392 0.450928 0.198974
v 0.598389 0.498291 0.170654
v 0.590088 0.496826 0.168213
v 0.569092 0.498291 0.170654
v 0.577392 0.496826 0.168213
v 0.598389 0.557373 0.135986
v 0.590088 0.555908 0.133057
v 0.577392 0.555908 0.133057
v 0.569092 0.557373 0.135986
v 0.772217 0.563721 0.430420
v 0.740967 0.593994 0.411377
v 0.782959 0.558838 0.390381
v 0.790771 0.539795 0.380615
v 0.804443 0.546143 0.375244
v 0.797119 0.564697 0.385010
v 0.800537 0.567138 0.382080
v 0.807861 0.548584 0.372314
v 0.810791 0.528565 0.363526
v 0.814209 0.531494 0.360596
v 0.797119 0.522217 0.368896
v 0.778564 0.557373 0.390869
v 0.786377 0.538330 0.381104
v 0.793213 0.520752 0.369385
v 0.773193 0.556885 0.387939
v 0.781006 0.538330 0.378662
v 0.787354 0.521240 0.366943
v 0.788330 0.584228 0.391846
v 0.774170 0.578369 0.397217
v 0.770264 0.576904 0.397705
v 0.764892 0.576416 0.394287
v 0.769776 0.557862 0.382568
v 0.777099 0.540283 0.373779
v 0.783448 0.523682 0.362549
v 0.761963 0.576416 0.388916
v 0.763427 0.580810 0.379639
v 0.771240 0.563232 0.373779
v 0.778076 0.546631 0.365479
v 0.792236 0.586182 0.388916
v 0.782959 0.606201 0.393311
v 0.779052 0.604248 0.396240
v 0.764892 0.598877 0.401123
v 0.793701 0.588623 0.382080
v 0.802002 0.570068 0.375244
v 0.808838 0.552490 0.365967
v 0.804443 0.555420 0.358642
v 0.798096 0.572022 0.367432
v 0.790283 0.589600 0.373779
v 0.784912 0.607666 0.385986
v 0.781983 0.607666 0.377686
v 0.768799 0.624756 0.398193
v 0.772705 0.626221 0.395264
v 0.775635 0.627197 0.387939
v 0.772705 0.626221 0.379151
v 0.774658 0.605225 0.375244
v 0.765869 0.622803 0.376709
v 0.782959 0.587647 0.371338
v 0.760498 0.597412 0.401611
v 0.755615 0.595947 0.398193
v 0.752686 0.595459 0.392334
v 0.755127 0.598877 0.383545
v 0.790283 0.570557 0.365479
v 0.754639 0.618897 0.402588
v 0.762451 0.645752 0.394287
v 0.758545 0.644287 0.397217
v 0.743896 0.638916 0.401611
v 0.750244 0.617432 0.403076
v 0.745849 0.615478 0.399658
v 0.743408 0.614502 0.393799
v 0.745849 0.616943 0.384521
v 0.739990 0.636963 0.401611
v 0.735108 0.634522 0.398193
v 0.763427 0.644287 0.378662
v 0.756592 0.640869 0.376221
v 0.736572 0.634522 0.383545
v 0.765381 0.646240 0.386963
v 0.752198 0.664795 0.390869
v 0.747803 0.663818 0.393799
v 0.733154 0.657959 0.398193
v 0.755127 0.664795 0.384033
v 0.753662 0.661865 0.375733
v 0.747314 0.657959 0.372803
v 0.727295 0.651612 0.380127
v 0.737061 0.681885 0.387939
v 0.741455 0.683350 0.385498
v 0.744873 0.682373 0.378662
v 0.743896 0.678955 0.370361
v 0.738037 0.674560 0.367920
v 0.814698 0.535888 0.354736
v 0.819580 0.521240 0.341553
v 0.814209 0.526123 0.335693
v 0.810302 0.539795 0.347901
v 0.802490 0.538818 0.346436
v 0.806396 0.525147 0.334717
v 0.783936 0.530518 0.355224
v 0.797119 0.553955 0.357178
v 0.719971 0.651612 0.440674
v 0.714111 0.611572 0.400635
v 0.697998 0.577881 0.366943
v 0.733154 0.633057 0.392334
v 0.672608 0.665772 0.419677
v 0.668213 0.637940 0.392334
v 0.655517 0.612060 0.365967
v 0.599365 0.710693 0.444580
v 0.608642 0.692627 0.427002
v 0.611084 0.673584 0.408448
v 0.729248 0.656006 0.398193
v 0.724854 0.653076 0.394776
v 0.723389 0.651123 0.388916
v 0.722412 0.676513 0.392334
v 0.718506 0.674560 0.392334
v 0.714599 0.671143 0.388916
v 0.713135 0.668213 0.383057
v 0.717529 0.668213 0.374756
v 0.726318 0.699463 0.380127
v 0.711670 0.693603 0.384033
v 0.707764 0.691650 0.384521
v 0.730713 0.700440 0.377686
v 0.735108 0.699463 0.371338
v 0.734619 0.695068 0.363526
v 0.703858 0.687744 0.381104
v 0.702881 0.684326 0.375733
v 0.708252 0.683838 0.367432
v 0.695068 0.701416 0.372314
v 0.694580 0.697510 0.367432
v 0.700439 0.696533 0.360108
v 0.726318 0.713135 0.363037
v 0.721924 0.715088 0.369385
v 0.717041 0.714112 0.371826
v 0.702392 0.708252 0.375733
v 0.698486 0.705810 0.375733
v 0.707764 0.727783 0.360596
v 0.692627 0.721924 0.364014
v 0.688721 0.719482 0.364502
v 0.685791 0.714600 0.361572
v 0.607666 0.654053 0.389892
v 0.597412 0.635987 0.372314
v 0.586670 0.767334 0.411377
v 0.572021 0.778565 0.422608
v 0.550049 0.789307 0.432861
v 0.608154 0.735596 0.380127
v 0.599854 0.751709 0.395752
v 0.525635 0.795166 0.438721
v 0.611084 0.716553 0.361572
v 0.608154 0.697998 0.343017
v 0.596924 0.678467 0.324463
v 0.607178 0.718506 0.359619
v 0.604736 0.737060 0.377686
v 0.596436 0.752685 0.392823
v 0.607666 0.726318 0.351807
v 0.605224 0.744873 0.369873
v 0.596924 0.760010 0.385010
v 0.635010 0.588623 0.342529
v 0.607666 0.569092 0.322998
v 0.581787 0.620362 0.356689
v 0.565674 0.612549 0.348389
v 0.728271 0.690185 0.361084
v 0.720459 0.702881 0.353760
v 0.726318 0.707763 0.355713
v 0.712158 0.728760 0.358154
v 0.717041 0.726318 0.352783
v 0.718017 0.720459 0.345947
v 0.692139 0.708252 0.349854
v 0.712158 0.714600 0.343994
v 0.685791 0.710205 0.356689
v 0.709229 0.731201 0.333740
v 0.703858 0.725342 0.332276
v 0.683838 0.718994 0.338135
v 0.676514 0.721435 0.343994
v 0.702392 0.740967 0.344971
v 0.697998 0.739990 0.346924
v 0.682861 0.734131 0.350342
v 0.678955 0.731690 0.350830
v 0.676514 0.726318 0.347901
v 0.707764 0.738037 0.339599
v 0.698974 0.747803 0.324463
v 0.693115 0.751221 0.329346
v 0.688721 0.750244 0.330811
v 0.673584 0.743897 0.334717
v 0.700928 0.740478 0.319580
v 0.696045 0.734131 0.318604
v 0.676026 0.727295 0.323974
v 0.692627 0.747803 0.303467
v 0.687744 0.741455 0.302979
v 0.668213 0.734131 0.308349
v 0.690186 0.755615 0.307861
v 0.684326 0.759033 0.311767
v 0.669678 0.741455 0.334717
v 0.668213 0.730225 0.329346
v 0.667236 0.736084 0.332764
v 0.660889 0.749268 0.317139
v 0.664795 0.751709 0.316651
v 0.679443 0.758057 0.313233
v 0.658936 0.743408 0.315674
v 0.659912 0.737549 0.312744
v 0.660401 0.739990 0.291260
v 0.651611 0.743897 0.294678
v 0.650146 0.749756 0.296631
v 0.652099 0.755615 0.297608
v 0.656006 0.758545 0.297119
v 0.679932 0.747315 0.285889
v 0.684814 0.754150 0.285889
v 0.681885 0.761963 0.289307
v 0.654053 0.743408 0.273193
v 0.673096 0.750244 0.267822
v 0.677490 0.757080 0.267822
v 0.644776 0.746826 0.275146
v 0.642822 0.753174 0.276611
v 0.644287 0.759033 0.277099
v 0.648682 0.742920 0.254639
v 0.638916 0.746826 0.255127
v 0.636963 0.752685 0.255615
v 0.667724 0.749756 0.249267
v 0.634521 0.742920 0.235108
v 0.632568 0.749268 0.235108
v 0.580811 0.664307 0.309814
v 0.565186 0.655518 0.301026
v 0.548584 0.605713 0.341553
v 0.548584 0.649658 0.295166
v 0.523682 0.600342 0.335693
v 0.524170 0.645752 0.290283
v 0.500244 0.598388 0.333740
v 0.500244 0.644287 0.288818
v 0.476318 0.600342 0.335693
v 0.475830 0.645752 0.290283
v 0.604736 0.700440 0.342041
v 0.593506 0.681397 0.323486
v 0.578369 0.667725 0.309814
v 0.605224 0.707763 0.334229
v 0.593994 0.688721 0.316651
v 0.578369 0.674072 0.303467
v 0.608642 0.744873 0.369873
v 0.613037 0.726318 0.351807
v 0.597901 0.769287 0.394287
v 0.597412 0.773682 0.395752
v 0.610596 0.709717 0.332764
v 0.608154 0.707763 0.334229
v 0.580811 0.672119 0.301026
v 0.563233 0.659424 0.301514
v 0.547119 0.654053 0.295654
v 0.563721 0.665772 0.295166
v 0.565674 0.663818 0.293213
v 0.546631 0.659912 0.289795
v 0.547119 0.656982 0.286865
v 0.597412 0.648193 0.246338
v 0.597412 0.681885 0.174561
v 0.597412 0.699951 0.177490
v 0.409912 0.628662 0.239990
v 0.523682 0.650147 0.291260
v 0.524170 0.656006 0.285401
v 0.524170 0.652588 0.282471
v 0.500244 0.648682 0.289795
v 0.500244 0.655029 0.283936
v 0.500244 0.651612 0.281006
v 0.476318 0.650147 0.291260
v 0.475830 0.656006 0.285401
v 0.475830 0.652588 0.282471
v 0.500244 0.797607 0.441162
v 0.474365 0.795166 0.438721
v 0.548584 0.788818 0.428467
v 0.525146 0.794678 0.434326
v 0.500244 0.796631 0.436279
v 0.475342 0.794678 0.434326
v 0.583740 0.767822 0.407959
v 0.569580 0.778565 0.418701
v 0.569580 0.786377 0.411377
v 0.584229 0.775147 0.400146
v 0.548584 0.796631 0.421142
v 0.575439 0.787842 0.412842
v 0.588135 0.779053 0.404052
v 0.589599 0.781494 0.403564
v 0.577881 0.789795 0.411377
v 0.549072 0.800537 0.425049
v 0.592529 0.803467 0.378174
v 0.585693 0.809326 0.383545
v 0.592529 0.896240 0.283447
v 0.525146 0.802490 0.426514
v 0.533447 0.803955 0.428467
v 0.500244 0.806397 0.430420
v 0.500244 0.804443 0.428955
v 0.474854 0.802490 0.426514
v 0.466552 0.803955 0.428467
v 0.463623 0.806397 0.427002
v 0.463623 0.832275 0.405029
v 0.500244 0.922119 0.313721
v 0.675537 0.765381 0.292236
v 0.670654 0.764893 0.293701
v 0.674072 0.765381 0.269776
v 0.667724 0.768799 0.272217
v 0.662842 0.768310 0.273193
v 0.648193 0.761963 0.276611
v 0.671631 0.756592 0.248779
v 0.668213 0.764893 0.249756
v 0.661377 0.768799 0.251221
v 0.656494 0.767822 0.252197
v 0.641846 0.761475 0.255127
v 0.663330 0.760987 0.229736
v 0.656494 0.764404 0.230224
v 0.652099 0.763916 0.230713
v 0.637451 0.758057 0.233642
v 0.638428 0.759033 0.255615
v 0.634033 0.755127 0.234131
v 0.614502 0.951904 0.317139
v 0.616943 0.953369 0.314209
v 0.613526 0.964112 0.316651
v 0.611084 0.964112 0.320068
v 0.618896 0.946045 0.308349
v 0.616943 0.943603 0.311279
v 0.613037 0.942627 0.312256
v 0.554932 0.942627 0.312256
v 0.617920 0.948975 0.305420
v 0.615479 0.955322 0.310303
v 0.612549 0.964112 0.312256
v 0.607178 0.976318 0.317139
v 0.610108 0.974853 0.314209
v 0.609131 0.972900 0.310303
v 0.603271 0.976807 0.318604
v 0.500244 0.977783 0.321533
v 0.606689 0.981201 0.303467
v 0.607178 0.984619 0.306396
v 0.604248 0.986572 0.308838
v 0.599854 0.987060 0.309814
v 0.500244 0.988037 0.312256
v 0.500244 0.927490 0.316162
v 0.536377 0.927490 0.316162
v 0.536377 0.935303 0.322021
v 0.500244 0.935303 0.322021
v 0.500244 0.924072 0.313233
v 0.463623 0.927490 0.316162
v 0.463623 0.935303 0.322021
v 0.554932 0.937256 0.302490
v 0.552002 0.936279 0.302979
v 0.397217 0.976807 0.318604
v 0.400146 0.987060 0.309814
v 0.614502 0.937256 0.302490
v 0.615479 0.935791 0.293213
v 0.618896 0.937256 0.293213
v 0.618408 0.938721 0.302002
v 0.554932 0.935791 0.293213
v 0.615479 0.937256 0.285889
v 0.619385 0.938721 0.285889
v 0.620361 0.941650 0.300537
v 0.620849 0.940674 0.293213
v 0.621338 0.942138 0.286377
v 0.619385 0.952393 0.257080
v 0.618896 0.945557 0.298584
v 0.612549 0.946533 0.298584
v 0.611084 0.949951 0.304932
v 0.608642 0.955322 0.309326
v 0.619873 0.945068 0.293213
v 0.613037 0.945557 0.293213
v 0.605713 0.964112 0.311279
v 0.602783 0.972412 0.309326
v 0.619873 0.946045 0.287354
v 0.613037 0.946533 0.287354
v 0.621338 0.955810 0.258545
v 0.619873 0.959228 0.260986
v 0.613037 0.959717 0.260986
v 0.600830 0.980225 0.302979
v 0.604736 0.991455 0.295166
v 0.604248 0.987549 0.293213
v 0.598877 0.986572 0.292236
v 0.597412 0.994873 0.297119
v 0.601807 0.993897 0.296142
v 0.500244 0.995362 0.298584
v 0.599854 0.999268 0.281006
v 0.595459 0.999756 0.281006
v 0.500244 0.999756 0.281494
v 0.602783 0.996338 0.280029
v 0.602783 0.992432 0.279053
v 0.598877 0.990478 0.278564
v 0.617920 0.960205 0.252197
v 0.616455 0.956787 0.250244
v 0.616943 0.962647 0.255127
v 0.611084 0.961670 0.257568
v 0.614990 0.963623 0.254151
v 0.615479 0.961182 0.250733
v 0.609131 0.962158 0.256592
v 0.612549 0.961670 0.250244
v 0.601318 0.967041 0.248291
v 0.598877 0.963135 0.251709
v 0.594483 0.962647 0.251709
v 0.557373 0.967041 0.253662
v 0.598877 0.964112 0.248779
v 0.594483 0.963623 0.248291
v 0.557373 0.968018 0.250244
v 0.598877 0.989990 0.272217
v 0.601807 0.991943 0.271240
v 0.601318 0.995850 0.269287
v 0.598877 0.998291 0.268311
v 0.594483 0.998779 0.267822
v 0.500244 0.998779 0.268311
v 0.598877 0.983154 0.264404
v 0.601807 0.984619 0.262451
v 0.601318 0.987549 0.259521
v 0.598877 0.989502 0.258057
v 0.598877 0.976318 0.257568
v 0.598877 0.970947 0.254151
v 0.601807 0.977783 0.255615
v 0.601318 0.968994 0.247314
v 0.601807 0.970947 0.251221
v 0.601318 0.971435 0.246826
v 0.601318 0.980225 0.252686
v 0.598877 0.982178 0.250733
v 0.598877 0.971435 0.244385
v 0.594483 0.971435 0.243896
v 0.551026 0.933838 0.293213
v 0.402588 0.994873 0.297119
v 0.404541 0.999756 0.281006
v 0.405517 0.998779 0.267822
v 0.553955 0.966553 0.253662
v 0.553955 0.968018 0.249756
v 0.594483 0.965576 0.245361
v 0.557373 0.969971 0.247314
v 0.553955 0.969971 0.247314
v 0.551514 0.964112 0.253174
v 0.551514 0.962647 0.256104
v 0.550537 0.969482 0.256104
v 0.548584 0.962647 0.256104
v 0.548584 0.967529 0.254639
v 0.500244 0.967529 0.254639
v 0.500244 0.962647 0.256104
v 0.500244 0.964600 0.252197
v 0.550537 0.962158 0.248291
v 0.500244 0.963623 0.249267
v 0.500244 0.963623 0.248779
v 0.451416 0.967529 0.254639
v 0.451416 0.962647 0.256104
v 0.449463 0.962158 0.248291
v 0.750244 0.528076 0.125244
v 0.746338 0.529541 0.129639
v 0.738037 0.545654 0.120361
v 0.741455 0.544678 0.115479
v 0.741943 0.541260 0.107666
v 0.736572 0.535888 0.101807
v 0.669678 0.526123 0.234619
v 0.665283 0.525635 0.239502
v 0.660401 0.523682 0.241943
v 0.671142 0.525147 0.228271
v 0.655029 0.520752 0.241455
v 0.661865 0.542725 0.229248
v 0.657471 0.542725 0.234131
v 0.652099 0.540772 0.236573
v 0.663330 0.541748 0.222901
v 0.646729 0.538330 0.236573
v 0.669678 0.522217 0.222901
v 0.661377 0.538818 0.217041
v 0.656494 0.535400 0.213135
v 0.650146 0.531982 0.212158
v 0.644287 0.558350 0.230713
v 0.649658 0.559815 0.228271
v 0.654053 0.559815 0.223389
v 0.655517 0.558350 0.217041
v 0.653564 0.555908 0.211182
v 0.640381 0.530518 0.221924
v 0.639892 0.532959 0.229248
v 0.642334 0.535400 0.233642
v 0.644287 0.530518 0.215088
v 0.632080 0.551025 0.223389
v 0.632568 0.549072 0.216064
v 0.635986 0.548096 0.209717
v 0.638916 0.555908 0.230224
v 0.634521 0.553467 0.227783
v 0.636963 0.576904 0.223877
v 0.642334 0.578369 0.221436
v 0.646240 0.578369 0.217041
v 0.631592 0.574951 0.223877
v 0.647705 0.576904 0.210693
v 0.627197 0.572998 0.221436
v 0.624756 0.570557 0.217041
v 0.624756 0.568603 0.210205
v 0.648682 0.552490 0.207276
v 0.641846 0.549560 0.206787
v 0.645752 0.574463 0.205323
v 0.640381 0.571533 0.201416
v 0.634033 0.569092 0.200927
v 0.628174 0.568115 0.203858
v 0.630127 0.595947 0.217529
v 0.635498 0.596924 0.215576
v 0.639404 0.596435 0.210693
v 0.625244 0.594482 0.217529
v 0.620849 0.592529 0.215088
v 0.618408 0.590576 0.210693
v 0.638428 0.593018 0.199463
v 0.640869 0.595459 0.204834
v 0.633545 0.590576 0.195557
v 0.627197 0.588623 0.195068
v 0.621826 0.587647 0.197998
v 0.618408 0.588623 0.203858
v 0.628662 0.607178 0.190674
v 0.633545 0.609619 0.194580
v 0.635986 0.611572 0.199951
v 0.622314 0.605713 0.190186
v 0.616455 0.605225 0.193115
v 0.634521 0.613037 0.205323
v 0.625244 0.613037 0.212158
v 0.630615 0.613525 0.210205
v 0.620361 0.611572 0.212158
v 0.615967 0.610107 0.209717
v 0.627686 0.630615 0.204346
v 0.622314 0.630615 0.206787
v 0.616943 0.629638 0.206787
v 0.631104 0.629638 0.199951
v 0.632080 0.628174 0.194580
v 0.629639 0.625732 0.189209
v 0.624756 0.623779 0.185791
v 0.617920 0.622803 0.185302
v 0.733154 0.544678 0.123291
v 0.681396 0.527100 0.123779
v 0.677979 0.522217 0.115967
v 0.629151 0.649170 0.193115
v 0.626221 0.650635 0.197510
v 0.621338 0.651612 0.199951
v 0.629639 0.646728 0.187744
v 0.627197 0.644287 0.182861
v 0.621826 0.642334 0.179932
v 0.628662 0.669678 0.184326
v 0.625733 0.672119 0.188721
v 0.621338 0.674072 0.191162
v 0.628174 0.666260 0.179443
v 0.624756 0.663330 0.175537
v 0.627686 0.689697 0.173584
v 0.626221 0.694092 0.177002
v 0.621826 0.697022 0.179932
v 0.667236 0.752685 0.229736
v 0.663818 0.745850 0.211182
v 0.631592 0.736572 0.215576
v 0.629639 0.742432 0.214111
v 0.631104 0.748291 0.213135
v 0.656983 0.728760 0.195557
v 0.658447 0.729737 0.195068
v 0.661377 0.736572 0.193604
v 0.639892 0.724365 0.199463
v 0.657471 0.743897 0.191651
v 0.659912 0.753662 0.210205
v 0.657471 0.719482 0.178955
v 0.655517 0.718506 0.179443
v 0.638916 0.714600 0.182861
v 0.659912 0.725830 0.177002
v 0.656494 0.732666 0.174073
v 0.650635 0.735596 0.172608
v 0.651611 0.746826 0.190674
v 0.653564 0.757080 0.209717
v 0.630127 0.727295 0.196533
v 0.628174 0.733154 0.194580
v 0.629639 0.739013 0.193115
v 0.633057 0.741455 0.192139
v 0.634521 0.751221 0.212646
v 0.646729 0.735107 0.172608
v 0.647217 0.746338 0.190674
v 0.649170 0.756592 0.210205
v 0.632568 0.730713 0.173584
v 0.629639 0.717041 0.178955
v 0.627686 0.722900 0.176514
v 0.629151 0.728272 0.174073
v 0.619385 0.661377 0.173584
v 0.626709 0.683838 0.169189
v 0.623291 0.679932 0.166748
v 0.653564 0.686279 0.149170
v 0.646729 0.685791 0.148682
v 0.678955 0.668701 0.128174
v 0.673096 0.683350 0.138427
v 0.686279 0.652588 0.119385
v 0.681885 0.649658 0.122314
v 0.634033 0.634522 0.123779
v 0.674561 0.686768 0.134521
v 0.680908 0.672119 0.123779
v 0.688233 0.655518 0.114502
v 0.667724 0.696533 0.149658
v 0.669189 0.700440 0.146240
v 0.678467 0.675537 0.116455
v 0.614990 0.671631 0.136474
v 0.621338 0.653076 0.124756
v 0.627686 0.635498 0.115967
v 0.657959 0.691650 0.155029
v 0.652099 0.688721 0.153564
v 0.645752 0.687744 0.153076
v 0.641358 0.684326 0.149170
v 0.640381 0.686279 0.153564
v 0.635010 0.683838 0.153076
v 0.636474 0.681885 0.149170
v 0.633545 0.685791 0.156006
v 0.638916 0.688721 0.156494
v 0.644287 0.690185 0.156494
v 0.625733 0.685791 0.155517
v 0.627197 0.682373 0.154541
v 0.631592 0.689209 0.156494
v 0.629151 0.679932 0.152099
v 0.636963 0.691650 0.157471
v 0.631104 0.677978 0.148193
v 0.620849 0.679443 0.152099
v 0.619385 0.683350 0.153076
v 0.630615 0.692138 0.155517
v 0.617432 0.674072 0.144776
v 0.656494 0.694580 0.157471
v 0.660401 0.698975 0.157471
v 0.657959 0.701904 0.157959
v 0.654053 0.697998 0.158448
v 0.649170 0.695068 0.157959
v 0.650635 0.691162 0.156494
v 0.662842 0.696045 0.155517
v 0.665771 0.700440 0.153564
v 0.663330 0.703369 0.155517
v 0.659912 0.705810 0.156006
v 0.655029 0.708252 0.165283
v 0.650635 0.723877 0.156494
v 0.638428 0.704346 0.168213
v 0.626709 0.706299 0.167236
v 0.622314 0.709717 0.169677
v 0.629639 0.706299 0.163330
v 0.628174 0.711670 0.159912
v 0.642822 0.693603 0.157959
v 0.635986 0.694580 0.156494
v 0.634521 0.695068 0.156006
v 0.630127 0.697022 0.157471
v 0.634521 0.696045 0.156983
v 0.630127 0.702393 0.158448
v 0.627197 0.701904 0.158936
v 0.626709 0.709228 0.162842
v 0.627686 0.702393 0.158448
v 0.627686 0.697510 0.157471
v 0.628174 0.707275 0.156494
v 0.628174 0.708252 0.157471
v 0.627686 0.706787 0.156983
v 0.622314 0.713623 0.164307
v 0.626709 0.712158 0.158448
v 0.622803 0.716065 0.158936
v 0.628662 0.710205 0.152099
v 0.628174 0.709717 0.153076
v 0.628174 0.711182 0.153564
v 0.626709 0.713623 0.153564
v 0.629639 0.717041 0.157471
v 0.633057 0.719482 0.156494
v 0.622803 0.717529 0.153076
v 0.647217 0.723388 0.156494
v 0.653076 0.714112 0.146240
v 0.667236 0.704834 0.150146
v 0.664307 0.707275 0.152588
v 0.666260 0.708252 0.145752
v 0.660401 0.708740 0.153564
v 0.663330 0.710693 0.148682
v 0.662842 0.710693 0.141358
v 0.660401 0.713135 0.144776
v 0.659912 0.707275 0.134521
v 0.657959 0.711670 0.138427
v 0.655517 0.714112 0.142334
v 0.652099 0.710693 0.136963
v 0.650146 0.713135 0.140869
v 0.642822 0.710205 0.139404
v 0.645264 0.707275 0.135986
v 0.637939 0.705810 0.136474
v 0.626221 0.690185 0.151123
v 0.621826 0.688721 0.153076
v 0.621826 0.688232 0.147217
v 0.621826 0.690185 0.141358
v 0.626709 0.691650 0.144287
v 0.621826 0.694580 0.136963
v 0.628174 0.712158 0.148682
v 0.628174 0.711182 0.144287
v 0.626709 0.714112 0.148193
v 0.622314 0.717041 0.147217
v 0.626709 0.712647 0.143311
v 0.628174 0.708252 0.140869
v 0.628174 0.703857 0.138427
v 0.631592 0.702881 0.137939
v 0.626709 0.709228 0.139404
v 0.626221 0.704834 0.137451
v 0.622314 0.715088 0.141846
v 0.622314 0.711182 0.137451
v 0.640869 0.703369 0.133545
v 0.636963 0.699951 0.131592
v 0.634033 0.702393 0.134521
v 0.628662 0.698975 0.136474
v 0.630615 0.698487 0.133057
v 0.633057 0.696533 0.130127
v 0.622314 0.699951 0.135010
v 0.622314 0.705810 0.135010
v 0.626709 0.695068 0.132080
v 0.628174 0.693115 0.129151
v 0.620361 0.693115 0.131592
v 0.620849 0.690674 0.128174
v 0.595459 0.523682 0.242920
v 0.590088 0.523193 0.243896
v 0.595459 0.543701 0.246826
v 0.590088 0.543701 0.247802
v 0.595459 0.567138 0.248291
v 0.590088 0.567138 0.249267
v 0.572021 0.523193 0.242432
v 0.572021 0.543701 0.246826
v 0.566651 0.523193 0.240479
v 0.566651 0.543701 0.244873
v 0.572021 0.567138 0.248291
v 0.566651 0.567138 0.246338
v 0.595459 0.590088 0.245849
v 0.590088 0.590576 0.246826
v 0.595459 0.611572 0.237061
v 0.590576 0.611572 0.238037
v 0.572021 0.590576 0.245849
v 0.572021 0.610596 0.238037
v 0.566651 0.590088 0.243896
v 0.566651 0.609619 0.236573
v 0.572021 0.616943 0.235596
v 0.427979 0.616455 0.231689
v 0.409912 0.615967 0.233642
v 0.566651 0.616455 0.234619
v 0.433349 0.616455 0.230224
v 0.565674 0.616455 0.229248
v 0.613526 0.608154 0.205811
v 0.613037 0.606201 0.198974
v 0.609619 0.624268 0.194092
v 0.610108 0.626709 0.200439
v 0.612549 0.628174 0.204346
v 0.612549 0.622803 0.188233
v 0.608154 0.648193 0.195068
v 0.607666 0.645263 0.188721
v 0.610108 0.642822 0.182861
v 0.615479 0.641846 0.179932
v 0.598389 0.630127 0.106201
v 0.615967 0.651123 0.200439
v 0.611572 0.649658 0.198486
v 0.616455 0.674072 0.192139
v 0.611572 0.672607 0.190674
v 0.607666 0.670654 0.187744
v 0.606201 0.666748 0.182373
v 0.608154 0.663330 0.177002
v 0.616455 0.697510 0.180908
v 0.611084 0.696045 0.180420
v 0.607178 0.692627 0.178467
v 0.605224 0.687256 0.174073
v 0.613037 0.661377 0.174073
v 0.617432 0.677978 0.165771
v 0.611084 0.678467 0.166748
v 0.606689 0.681397 0.169677
v 0.605713 0.695068 0.159912
v 0.603760 0.698487 0.164307
v 0.606201 0.706787 0.167724
v 0.600830 0.672119 0.159424
v 0.600830 0.684326 0.168701
v 0.600830 0.700440 0.171142
v 0.616455 0.690674 0.156494
v 0.610108 0.691650 0.157471
v 0.600830 0.668213 0.150635
v 0.612549 0.674560 0.138427
v 0.614502 0.677978 0.147705
v 0.614014 0.682373 0.148682
v 0.610596 0.678955 0.141358
v 0.610596 0.683350 0.143311
v 0.610108 0.685791 0.138427
v 0.609619 0.682373 0.135986
v 0.611084 0.677978 0.132568
v 0.613037 0.675049 0.130615
v 0.619873 0.656006 0.118896
v 0.613037 0.690185 0.134033
v 0.612549 0.687744 0.131104
v 0.616455 0.711182 0.170654
v 0.610596 0.710205 0.169677
v 0.600830 0.719482 0.169677
v 0.615967 0.688232 0.153564
v 0.616455 0.714600 0.165283
v 0.616455 0.717529 0.159424
v 0.610596 0.713623 0.164795
v 0.605713 0.710205 0.162842
v 0.610108 0.716553 0.158936
v 0.605713 0.713135 0.157959
v 0.616455 0.718994 0.153076
v 0.610108 0.718018 0.153076
v 0.605713 0.714600 0.153076
v 0.603271 0.695068 0.156983
v 0.603271 0.699463 0.160401
v 0.603760 0.705322 0.160401
v 0.603271 0.704346 0.158936
v 0.603271 0.692138 0.153076
v 0.384521 0.699463 0.158936
v 0.384521 0.695068 0.156983
v 0.384521 0.692138 0.153076
v 0.384521 0.704346 0.158936
v 0.603760 0.709228 0.156983
v 0.603271 0.708740 0.156983
v 0.384521 0.708740 0.156983
v 0.604248 0.712158 0.153076
v 0.603271 0.711670 0.153076
v 0.384521 0.711670 0.153076
v 0.600830 0.737549 0.166260
v 0.600830 0.752685 0.156983
v 0.615967 0.687744 0.147217
v 0.615967 0.689697 0.140869
v 0.615967 0.694092 0.136474
v 0.609619 0.690185 0.141358
v 0.605224 0.691650 0.142823
v 0.609619 0.694580 0.136963
v 0.605713 0.695068 0.138916
v 0.616455 0.718506 0.147217
v 0.610108 0.717529 0.147217
v 0.605713 0.714600 0.147705
v 0.616455 0.716065 0.141358
v 0.615967 0.711670 0.136963
v 0.610108 0.715088 0.141846
v 0.605713 0.713135 0.142823
v 0.610108 0.711182 0.137451
v 0.605713 0.709717 0.138916
v 0.603271 0.691162 0.148682
v 0.384521 0.691162 0.148682
v 0.604248 0.692138 0.143799
v 0.603271 0.692138 0.143799
v 0.384521 0.692138 0.143799
v 0.604248 0.695068 0.139892
v 0.603271 0.695068 0.139892
v 0.384521 0.695068 0.139892
v 0.604248 0.712647 0.148193
v 0.603271 0.712647 0.148193
v 0.384521 0.712647 0.148193
v 0.604248 0.711670 0.143799
v 0.603271 0.711670 0.143799
v 0.384521 0.711670 0.143799
v 0.604248 0.708740 0.139892
v 0.603271 0.708740 0.139892
v 0.384521 0.708740 0.139892
v 0.615967 0.699951 0.134033
v 0.615967 0.706299 0.134521
v 0.609619 0.699951 0.135010
v 0.605713 0.699951 0.136963
v 0.610108 0.705810 0.135010
v 0.605713 0.704834 0.136963
v 0.604248 0.699463 0.137939
v 0.603271 0.699463 0.137939
v 0.384521 0.699463 0.137939
v 0.604248 0.704346 0.137939
v 0.603271 0.704346 0.137939
v 0.384521 0.704346 0.137939
v 0.600830 0.763428 0.144776
v 0.684814 0.518799 0.101807
v 0.724365 0.561279 0.116455
v 0.729248 0.562744 0.113526
v 0.732666 0.562256 0.108642
v 0.732666 0.559815 0.100342
v 0.673096 0.544678 0.117432
v 0.720459 0.580322 0.109131
v 0.715576 0.578857 0.112549
v 0.664795 0.562256 0.114014
v 0.726807 0.555420 0.094483
v 0.675049 0.538818 0.094483
v 0.723389 0.580810 0.104248
v 0.722901 0.579346 0.095948
v 0.716553 0.575440 0.089599
v 0.665283 0.559326 0.090088
v 0.678955 0.519775 0.109619
v 0.706787 0.596924 0.111084
v 0.711182 0.598877 0.107666
v 0.714111 0.599853 0.102783
v 0.713135 0.599365 0.093994
v 0.706787 0.596435 0.087646
v 0.656494 0.580322 0.112549
v 0.702392 0.617432 0.109131
v 0.697998 0.614990 0.112061
v 0.648682 0.598877 0.114014
v 0.641358 0.616943 0.117432
v 0.689697 0.632568 0.115967
v 0.694092 0.635498 0.113037
v 0.704834 0.618897 0.103760
v 0.703369 0.619385 0.095459
v 0.696533 0.616943 0.089111
v 0.696045 0.637451 0.108154
v 0.694580 0.638916 0.099854
v 0.687256 0.637451 0.093506
v 0.656006 0.580322 0.088623
v 0.646729 0.601318 0.090088
v 0.637939 0.622315 0.094483
v 0.669189 0.540283 0.109619
v 0.669678 0.538818 0.103271
v 0.660401 0.559326 0.105713
v 0.660401 0.558350 0.098877
v 0.651611 0.578369 0.104248
v 0.651611 0.578369 0.097412
v 0.643311 0.597900 0.105713
v 0.642822 0.598388 0.098877
v 0.635498 0.616943 0.109619
v 0.634521 0.618408 0.103271
v 0.626709 0.637940 0.109619
v 0.629639 0.642822 0.101807
v 0.678467 0.657471 0.100830
v 0.685791 0.657959 0.106689
v 0.598389 0.674560 0.094483
v 0.598389 0.753174 0.059814
v 0.590088 0.752685 0.056396
v 0.605224 0.946533 0.224854
v 0.601318 0.924072 0.193604
v 0.601807 0.949463 0.221924
v 0.598389 0.806885 0.076904
v 0.604736 0.953857 0.239502
v 0.603271 0.954834 0.240479
v 0.600342 0.955810 0.241455
v 0.599854 0.950928 0.244385
v 0.587646 0.951416 0.244385
v 0.587646 0.955810 0.241943
v 0.604248 0.956787 0.236573
v 0.605224 0.954834 0.234131
v 0.598877 0.966065 0.246338
v 0.598877 0.968506 0.244873
v 0.594483 0.968506 0.243896
v 0.557373 0.972900 0.245849
v 0.557373 0.975830 0.245849
v 0.602783 0.957763 0.238037
v 0.599854 0.958252 0.239014
v 0.602295 0.957275 0.230713
v 0.587646 0.958740 0.239014
v 0.587646 0.960693 0.235108
v 0.561279 0.951904 0.244873
v 0.561279 0.956299 0.242432
v 0.561279 0.959228 0.239502
v 0.561767 0.961182 0.235596
v 0.556885 0.956787 0.242920
v 0.552002 0.958252 0.246826
v 0.550537 0.965088 0.244873
v 0.500244 0.965088 0.245361
v 0.500244 0.964600 0.246826
v 0.553955 0.972900 0.245849
v 0.543701 0.974853 0.242920
v 0.500244 0.969971 0.243896
v 0.449463 0.965088 0.244873
v 0.456299 0.974853 0.242920
v 0.598389 0.775635 0.057373
v 0.598389 0.790772 0.063233
v 0.590088 0.792237 0.060791
v 0.590088 0.776123 0.053955
v 0.500244 0.792237 0.060791
v 0.409912 0.792237 0.060791
v 0.500244 0.776123 0.053955
v 0.409912 0.673584 0.091064
v 0.409912 0.752685 0.056396
v 0.409912 0.776123 0.053955
v 0.434326 0.181397 0.413818
v 0.430908 0.175537 0.408448
v 0.422608 0.173096 0.406006
v 0.409912 0.173096 0.406006
v 0.401611 0.175537 0.408448
v 0.398193 0.181397 0.414307
v 0.402588 0.206787 0.446533
v 0.398193 0.208252 0.380615
v 0.430908 0.201904 0.374756
v 0.422608 0.199463 0.372803
v 0.401611 0.201904 0.375244
v 0.409912 0.199463 0.372803
v 0.398193 0.265381 0.322021
v 0.430908 0.259522 0.316162
v 0.350830 0.262940 0.415771
v 0.348389 0.263428 0.406494
v 0.409912 0.257080 0.313721
v 0.401611 0.259522 0.316162
v 0.295166 0.274658 0.442139
v 0.422608 0.257080 0.313721
v 0.299072 0.285888 0.439209
v 0.295166 0.286865 0.429932
v 0.293701 0.302978 0.406006
v 0.295654 0.325440 0.385010
v 0.239014 0.349365 0.437256
v 0.241943 0.372803 0.415283
v 0.351807 0.329834 0.341553
v 0.299561 0.350830 0.364014
v 0.247802 0.397705 0.395264
v 0.255127 0.421631 0.378662
v 0.305420 0.378662 0.346436
v 0.313721 0.407959 0.331299
v 0.265869 0.448975 0.362549
v 0.218994 0.474853 0.416748
v 0.232177 0.500244 0.399658
v 0.398193 0.301025 0.287354
v 0.402588 0.316650 0.326416
v 0.434326 0.301025 0.287354
v 0.430908 0.295166 0.281006
v 0.422608 0.293213 0.278564
v 0.409912 0.293213 0.278564
v 0.401611 0.295166 0.281006
v 0.434326 0.318115 0.273193
v 0.398193 0.318115 0.273193
v 0.402588 0.346435 0.309326
v 0.356201 0.358643 0.323486
v 0.430908 0.313232 0.266358
v 0.401611 0.313232 0.266358
v 0.422608 0.311279 0.263916
v 0.409912 0.311279 0.263916
v 0.430908 0.333252 0.254151
v 0.422608 0.331787 0.251221
v 0.409912 0.331787 0.251221
v 0.401611 0.333252 0.254151
v 0.434326 0.337158 0.261474
v 0.398193 0.337158 0.261474
v 0.402588 0.378174 0.296142
v 0.362061 0.388916 0.307861
v 0.430908 0.394775 0.228760
v 0.422608 0.393799 0.225830
v 0.409912 0.393799 0.225830
v 0.401611 0.394775 0.228760
v 0.401123 0.505127 0.293213
v 0.425049 0.554443 0.307861
v 0.434814 0.452393 0.270752
v 0.429932 0.454346 0.271729
v 0.324951 0.437256 0.317627
v 0.345947 0.491455 0.309814
v 0.363037 0.522705 0.311279
v 0.433349 0.453369 0.264404
v 0.428467 0.455322 0.265381
v 0.408936 0.456299 0.274170
v 0.409424 0.457275 0.267334
v 0.404052 0.455810 0.275146
v 0.404541 0.456787 0.267334
v 0.428467 0.458740 0.257080
v 0.409912 0.461182 0.258545
v 0.404541 0.460693 0.258057
v 0.433349 0.457275 0.256104
v 0.434326 0.472412 0.234619
v 0.433349 0.474365 0.239502
v 0.427979 0.475342 0.241455
v 0.434326 0.456787 0.208740
v 0.409424 0.475830 0.243408
v 0.404541 0.475342 0.242920
v 0.402588 0.472900 0.238526
v 0.398193 0.456787 0.208740
v 0.280517 0.475830 0.348877
v 0.306885 0.520263 0.337646
v 0.249267 0.524658 0.388916
v 0.277588 0.554443 0.372314
v 0.327881 0.548096 0.336182
v 0.430908 0.452881 0.201904
v 0.422608 0.450928 0.198974
v 0.409912 0.450928 0.198974
v 0.401611 0.452881 0.201904
v 0.427979 0.511963 0.233642
v 0.433349 0.511963 0.231689
v 0.409424 0.511963 0.235596
v 0.404541 0.511963 0.234619
v 0.430908 0.498291 0.170654
v 0.422608 0.496826 0.167724
v 0.409912 0.496826 0.167724
v 0.401611 0.498291 0.170654
v 0.430908 0.557373 0.135986
v 0.422608 0.555908 0.133057
v 0.409912 0.555908 0.133057
v 0.401611 0.557373 0.135986
v 0.449951 0.789307 0.432861
v 0.427979 0.778565 0.422608
v 0.413330 0.767334 0.411377
v 0.400635 0.710693 0.444580
v 0.400146 0.751709 0.395752
v 0.391846 0.735596 0.380127
v 0.391358 0.692627 0.427002
v 0.388916 0.673584 0.408448
v 0.388916 0.716553 0.361572
v 0.327392 0.665772 0.419677
v 0.392334 0.654053 0.389892
v 0.331787 0.637940 0.391846
v 0.391846 0.697998 0.343017
v 0.403076 0.678467 0.324463
v 0.402588 0.635987 0.372314
v 0.344483 0.612060 0.365967
v 0.392823 0.718506 0.359619
v 0.395264 0.737060 0.377686
v 0.403564 0.752685 0.392823
v 0.392334 0.726318 0.351807
v 0.394776 0.744873 0.369873
v 0.403076 0.760010 0.385010
v 0.280029 0.651612 0.440674
v 0.285889 0.611572 0.400635
v 0.259033 0.593994 0.411377
v 0.302002 0.577881 0.366943
v 0.227783 0.563721 0.430420
v 0.451416 0.605713 0.341553
v 0.451416 0.649658 0.295166
v 0.392334 0.569092 0.322998
v 0.434326 0.612549 0.348389
v 0.434814 0.655518 0.301026
v 0.418213 0.620362 0.356689
v 0.419189 0.664307 0.309814
v 0.364990 0.588623 0.342529
v 0.406494 0.681397 0.323486
v 0.395752 0.700440 0.342041
v 0.394776 0.707763 0.334229
v 0.406006 0.688721 0.316162
v 0.422119 0.667725 0.309814
v 0.421631 0.674072 0.303467
v 0.391358 0.744873 0.369873
v 0.386963 0.726318 0.351807
v 0.402099 0.769287 0.394287
v 0.402588 0.773682 0.395752
v 0.391846 0.707763 0.333740
v 0.389404 0.709717 0.332764
v 0.419189 0.672119 0.301026
v 0.452881 0.654053 0.295654
v 0.453369 0.659912 0.289795
v 0.452881 0.656982 0.286865
v 0.436767 0.659424 0.301514
v 0.436279 0.665772 0.295166
v 0.434814 0.663818 0.293213
v 0.404541 0.645263 0.250733
v 0.404541 0.629150 0.239014
v 0.402588 0.648682 0.246826
v 0.402588 0.631592 0.234619
v 0.402588 0.681885 0.174561
v 0.402588 0.699951 0.177490
v 0.451416 0.788818 0.428467
v 0.451416 0.796631 0.420654
v 0.450927 0.800537 0.425049
v 0.450927 0.803955 0.425049
v 0.450927 0.826904 0.400146
v 0.430420 0.778565 0.418701
v 0.430420 0.786377 0.411377
v 0.424561 0.787842 0.412354
v 0.422119 0.789795 0.410889
v 0.414307 0.809326 0.383545
v 0.416260 0.767822 0.407959
v 0.415771 0.775147 0.400146
v 0.411865 0.779053 0.404052
v 0.410401 0.781494 0.403564
v 0.407471 0.803467 0.378174
v 0.407471 0.896240 0.283447
v 0.445557 0.942627 0.312256
v 0.447998 0.936279 0.302979
v 0.386963 0.942627 0.312256
v 0.445557 0.937256 0.302490
v 0.385498 0.951904 0.317139
v 0.388916 0.964112 0.320068
v 0.392823 0.976318 0.317139
v 0.383057 0.943603 0.310791
v 0.386474 0.964112 0.316651
v 0.383545 0.953369 0.314209
v 0.381104 0.946045 0.308349
v 0.382080 0.948975 0.305420
v 0.384521 0.955322 0.310303
v 0.387451 0.964112 0.312256
v 0.390381 0.974853 0.314209
v 0.390869 0.972900 0.310303
v 0.395752 0.986572 0.308838
v 0.393311 0.984619 0.306396
v 0.393311 0.981201 0.303467
v 0.448974 0.933838 0.293213
v 0.445557 0.935791 0.293213
v 0.384521 0.935791 0.293213
v 0.385498 0.937256 0.302490
v 0.384521 0.937256 0.285401
v 0.448486 0.964112 0.253174
v 0.448486 0.962647 0.256104
v 0.449463 0.969482 0.256104
v 0.446045 0.966553 0.253662
v 0.446045 0.968018 0.249756
v 0.387939 0.964112 0.253662
v 0.387451 0.961670 0.250244
v 0.442627 0.967041 0.253662
v 0.442627 0.968018 0.250244
v 0.405517 0.962647 0.251709
v 0.405517 0.963623 0.248291
v 0.446045 0.969971 0.247314
v 0.442627 0.969971 0.247314
v 0.405517 0.965576 0.245361
v 0.381104 0.937256 0.293213
v 0.381592 0.938721 0.301514
v 0.380615 0.938721 0.285889
v 0.379639 0.941650 0.300537
v 0.379151 0.940674 0.293213
v 0.378662 0.942138 0.286377
v 0.380615 0.952393 0.257080
v 0.391358 0.955322 0.309326
v 0.388916 0.949951 0.304932
v 0.387939 0.946533 0.298096
v 0.386963 0.945557 0.292724
v 0.394287 0.964112 0.311279
v 0.397217 0.972412 0.309326
v 0.381104 0.945557 0.298584
v 0.380127 0.945068 0.292724
v 0.386963 0.946533 0.287354
v 0.386963 0.959717 0.260986
v 0.380127 0.946045 0.287354
v 0.380127 0.959228 0.260498
v 0.378662 0.955810 0.258545
v 0.399170 0.980225 0.302979
v 0.401123 0.986572 0.292236
v 0.395752 0.987549 0.292724
v 0.395264 0.991455 0.294678
v 0.398193 0.993897 0.296142
v 0.400146 0.999268 0.280517
v 0.401123 0.990478 0.278564
v 0.397217 0.992432 0.278564
v 0.397705 0.996338 0.280029
v 0.389404 0.961670 0.257080
v 0.390869 0.962158 0.256592
v 0.401123 0.963135 0.251709
v 0.401123 0.964112 0.248291
v 0.385498 0.963623 0.254151
v 0.383057 0.962647 0.255127
v 0.398682 0.967041 0.248291
v 0.383545 0.956787 0.250244
v 0.382080 0.960205 0.252197
v 0.384521 0.961182 0.250733
v 0.401123 0.989990 0.271729
v 0.398193 0.991943 0.270752
v 0.401123 0.998291 0.268311
v 0.398682 0.995850 0.269287
v 0.401123 0.983154 0.264404
v 0.398193 0.984619 0.262451
v 0.401123 0.989502 0.258057
v 0.398682 0.987549 0.259521
v 0.401123 0.976318 0.257568
v 0.401123 0.970947 0.254151
v 0.398193 0.977783 0.255615
v 0.398193 0.970947 0.251221
v 0.398682 0.980225 0.252686
v 0.398682 0.971435 0.246826
v 0.401123 0.982178 0.250733
v 0.401123 0.971435 0.244385
v 0.405517 0.971435 0.243896
v 0.398682 0.968994 0.247314
v 0.427979 0.521240 0.234131
v 0.409424 0.521240 0.235596
v 0.404541 0.522705 0.235108
v 0.427979 0.541748 0.241455
v 0.409912 0.541748 0.242920
v 0.404541 0.542237 0.241943
v 0.433349 0.521728 0.232177
v 0.433349 0.542237 0.239990
v 0.427979 0.565185 0.243896
v 0.433349 0.565185 0.241943
v 0.409912 0.565185 0.244873
v 0.404541 0.565185 0.243896
v 0.433349 0.588135 0.239502
v 0.427979 0.588623 0.241455
v 0.409912 0.588623 0.242920
v 0.433349 0.609131 0.231201
v 0.427979 0.609619 0.232666
v 0.409912 0.610107 0.234131
v 0.404541 0.588623 0.241943
v 0.404541 0.609619 0.233154
v 0.404541 0.615967 0.232666
v 0.402588 0.667237 0.163818
v 0.422608 0.630615 0.102783
v 0.401611 0.630127 0.106201
v 0.399170 0.672119 0.159424
v 0.399170 0.684326 0.168701
v 0.399170 0.700440 0.171142
v 0.399170 0.668213 0.150635
v 0.399170 0.719482 0.169677
v 0.382080 0.699951 0.156983
v 0.382080 0.696045 0.155517
v 0.382080 0.693603 0.152588
v 0.382080 0.703857 0.156983
v 0.382080 0.707275 0.155517
v 0.382080 0.709717 0.152099
v 0.399170 0.737549 0.165771
v 0.399170 0.752685 0.156983
v 0.382080 0.692627 0.148682
v 0.382080 0.693603 0.144776
v 0.382080 0.696045 0.141358
v 0.382080 0.699951 0.139892
v 0.382080 0.703857 0.139892
v 0.382080 0.710693 0.148193
v 0.382080 0.709717 0.144776
v 0.382080 0.707275 0.141358
v 0.399170 0.763428 0.144776
v 0.401611 0.674560 0.093994
v 0.401611 0.753174 0.059814
v 0.438721 0.951904 0.244873
v 0.438721 0.956299 0.242432
v 0.412354 0.951416 0.244385
v 0.412354 0.955810 0.241943
v 0.438721 0.959228 0.239502
v 0.412354 0.958740 0.239014
v 0.438233 0.961182 0.235596
v 0.412354 0.960693 0.235108
v 0.446045 0.972900 0.245849
v 0.442627 0.972900 0.245849
v 0.442627 0.975830 0.245849
v 0.405517 0.968506 0.243896
v 0.394776 0.946533 0.224854
v 0.398193 0.949463 0.221924
v 0.398682 0.924072 0.193604
v 0.401611 0.806885 0.076416
v 0.400146 0.950928 0.243896
v 0.399658 0.955810 0.241455
v 0.400146 0.958252 0.239014
v 0.396729 0.954834 0.240479
v 0.395264 0.953857 0.239014
v 0.395752 0.956787 0.236573
v 0.394776 0.954834 0.234131
v 0.401123 0.966065 0.246338
v 0.401123 0.968506 0.244873
v 0.397217 0.957763 0.238037
v 0.397705 0.957275 0.230713
v 0.401611 0.790772 0.063233
v 0.401611 0.775635 0.057373
vt 0.097095 0.610837
vt 0.077349 0.624363
vt 0.074062 0.606045
vt 0.074062 0.606045
vt 0.049516 0.617091
vt 0.047324 0.597412
vt 0.074062 0.606045
vt 0.074350 0.592209
vt 0.097095 0.610837
vt 0.097095 0.610837
vt 0.074350 0.592209
vt 0.100441 0.594845
vt 0.100441 0.594845
vt 0.074350 0.592209
vt 0.077391 0.578763
vt 0.121417 0.612939
vt 0.100441 0.594845
vt 0.109014 0.581778
vt 0.297098 0.481026
vt 0.309007 0.466311
vt 0.311922 0.468909
vt 0.313801 0.472707
vt 0.297098 0.481026
vt 0.311922 0.468909
vt 0.305407 0.465337
vt 0.309007 0.466311
vt 0.297098 0.481026
vt 0.297098 0.481026
vt 0.301559 0.465285
vt 0.305407 0.465337
vt 0.297098 0.481026
vt 0.298734 0.466166
vt 0.301559 0.465285
vt 0.298569 0.468099
vt 0.297098 0.481026
vt 0.296218 0.471082
vt 0.006517 0.168061
vt 0.006877 0.166146
vt 0.006877 0.181098
vt 0.297098 0.481026
vt 0.295446 0.478112
vt 0.295201 0.474755
vt 0.296218 0.471082
vt 0.297098 0.481026
vt 0.295201 0.474755
vt 0.297098 0.481026
vt 0.313801 0.472707
vt 0.313766 0.476647
vt 0.297098 0.481026
vt 0.313766 0.476647
vt 0.312429 0.480235
vt 0.297098 0.481026
vt 0.312429 0.480235
vt 0.309903 0.483006
vt 0.297098 0.481026
vt 0.309903 0.483006
vt 0.306941 0.484341
vt 0.306941 0.484341
vt 0.302961 0.484422
vt 0.297098 0.481026
vt 0.297098 0.481026
vt 0.302961 0.484422
vt 0.299837 0.483412
vt 0.109014 0.581778
vt 0.082910 0.565316
vt 0.091452 0.553236
vt 0.103844 0.544080
vt 0.118721 0.539011
vt 0.121706 0.573000
vt 0.163251 0.581778
vt 0.150876 0.612939
vt 0.144297 0.608446
vt 0.144297 0.608446
vt 0.150614 0.573000
vt 0.163251 0.581778
vt 0.091358 0.649895
vt 0.108303 0.640286
vt 0.104014 0.658470
vt 0.121244 0.641843
vt 0.127828 0.646139
vt 0.120941 0.649452
vt 0.143797 0.646139
vt 0.150702 0.641843
vt 0.150950 0.649452
vt 0.153136 0.539011
vt 0.167992 0.544080
vt 0.150614 0.573000
vt 0.163251 0.581778
vt 0.150614 0.573000
vt 0.167992 0.544080
vt 0.142719 0.716298
vt 0.143258 0.697381
vt 0.178676 0.713311
vt 0.142719 0.716298
vt 0.178676 0.713311
vt 0.180631 0.727405
vt 0.028387 0.682403
vt 0.002826 0.662633
vt 0.011612 0.656097
vt 0.143258 0.697381
vt 0.172114 0.686964
vt 0.178676 0.713311
vt 0.680634 0.795390
vt 0.667512 0.828406
vt 0.650217 0.801562
vt 0.667512 0.828406
vt 0.680634 0.795390
vt 0.691900 0.809846
vt 0.778851 0.116866
vt 0.784735 0.157936
vt 0.778829 0.158054
vt 0.650217 0.801562
vt 0.672299 0.787433
vt 0.680634 0.795390
vt 0.736984 0.761290
vt 0.728169 0.781554
vt 0.713574 0.774989
vt 0.226114 0.386209
vt 0.226984 0.389704
vt 0.221087 0.388787
vt 0.233822 0.386015
vt 0.231615 0.385719
vt 0.231082 0.382704
vt 0.234173 0.487106
vt 0.238556 0.486313
vt 0.237058 0.488276
vt 0.232251 0.388903
vt 0.231615 0.385719
vt 0.233822 0.386015
vt 0.238556 0.486313
vt 0.234173 0.487106
vt 0.235681 0.479241
vt 0.235681 0.479241
vt 0.240101 0.479627
vt 0.238556 0.486313
vt 0.889211 0.251259
vt 0.884613 0.256294
vt 0.882414 0.250673
vt 0.848252 0.638343
vt 0.849648 0.641032
vt 0.849822 0.644394
vt 0.848252 0.638343
vt 0.849822 0.644394
vt 0.838131 0.650026
vt 0.849822 0.644394
vt 0.848641 0.650900
vt 0.838131 0.650026
vt 0.899528 0.228078
vt 0.905631 0.226821
vt 0.901587 0.238394
vt 0.889211 0.251259
vt 0.887132 0.260796
vt 0.884613 0.256294
vt 0.007266 0.387026
vt 0.009421 0.400161
vt 0.000621 0.395144
vt 0.009421 0.400161
vt 0.007266 0.387026
vt 0.017971 0.392692
vt 0.017971 0.392692
vt 0.018346 0.403234
vt 0.009421 0.400161
vt 0.835336 0.641861
vt 0.841564 0.633267
vt 0.848252 0.638343
vt 0.838131 0.650026
vt 0.835336 0.641861
vt 0.848252 0.638343
vt 0.848641 0.650900
vt 0.845878 0.656363
vt 0.838131 0.650026
vt 0.845878 0.656363
vt 0.842558 0.661189
vt 0.838131 0.650026
vt 0.884613 0.303141
vt 0.887132 0.298328
vt 0.889211 0.307420
vt 0.889211 0.307420
vt 0.882414 0.309026
vt 0.884613 0.303141
vt 0.830635 0.707658
vt 0.837762 0.698063
vt 0.839732 0.703616
vt 0.839732 0.703616
vt 0.841002 0.709624
vt 0.830635 0.707658
vt 0.840479 0.716228
vt 0.830635 0.707658
vt 0.841002 0.709624
vt 0.830635 0.707658
vt 0.840479 0.716228
vt 0.837416 0.721649
vt 0.106724 0.235580
vt 0.069231 0.249470
vt 0.069758 0.245943
vt 0.142254 0.464662
vt 0.105131 0.454833
vt 0.105307 0.452527
vt 0.256323 0.691998
vt 0.279670 0.691998
vt 0.278308 0.697171
vt 0.147894 0.440839
vt 0.151317 0.441104
vt 0.142254 0.464662
vt 0.161354 0.448136
vt 0.142254 0.464662
vt 0.151317 0.441104
vt 0.110143 0.261458
vt 0.114479 0.261128
vt 0.111107 0.267920
vt 0.111107 0.267920
vt 0.114479 0.261128
vt 0.119024 0.263024
vt 0.752405 0.768236
vt 0.753373 0.772304
vt 0.751879 0.774955
vt 0.752405 0.768236
vt 0.756123 0.772939
vt 0.753373 0.772304
vt 0.756123 0.772939
vt 0.752405 0.768236
vt 0.766724 0.777747
vt 0.151317 0.441104
vt 0.153499 0.439926
vt 0.161354 0.448136
vt 0.766724 0.777747
vt 0.782875 0.744504
vt 0.793782 0.790077
vt 0.769199 0.738306
vt 0.780837 0.702506
vt 0.786798 0.705493
vt 0.769199 0.738306
vt 0.786798 0.705493
vt 0.782875 0.744504
vt 0.775138 0.680668
vt 0.765147 0.698756
vt 0.761018 0.674312
vt 0.780837 0.702506
vt 0.782114 0.687116
vt 0.791135 0.691169
vt 0.785244 0.700867
vt 0.784250 0.703742
vt 0.780837 0.702506
vt 0.791135 0.691169
vt 0.785244 0.700867
vt 0.780837 0.702506
vt 0.780837 0.702506
vt 0.784250 0.703742
vt 0.786798 0.705493
vt 0.348216 0.378171
vt 0.358696 0.373033
vt 0.360318 0.374517
vt 0.797149 0.710189
vt 0.782875 0.744504
vt 0.786798 0.705493
vt 0.834426 0.768075
vt 0.793782 0.790077
vt 0.782875 0.744504
vt 0.824207 0.722520
vt 0.834426 0.768075
vt 0.782875 0.744504
vt 0.782875 0.744504
vt 0.797149 0.710189
vt 0.824207 0.722520
vt 0.110703 0.190233
vt 0.153116 0.189127
vt 0.153368 0.193810
vt 0.150876 0.612939
vt 0.163251 0.581778
vt 0.171749 0.594845
vt 0.167992 0.544080
vt 0.180379 0.553236
vt 0.163251 0.581778
vt 0.188907 0.565316
vt 0.163251 0.581778
vt 0.180379 0.553236
vt 0.163251 0.581778
vt 0.188907 0.565316
vt 0.171749 0.594845
vt 0.175010 0.610837
vt 0.171749 0.594845
vt 0.197416 0.592209
vt 0.188907 0.565316
vt 0.194401 0.578763
vt 0.171749 0.594845
vt 0.197416 0.592209
vt 0.171749 0.594845
vt 0.194401 0.578763
vt 0.194359 0.624363
vt 0.171939 0.626828
vt 0.175010 0.610837
vt 0.197679 0.606045
vt 0.196013 0.615207
vt 0.175010 0.610837
vt 0.175010 0.610837
vt 0.196013 0.615207
vt 0.194359 0.624363
vt 0.175010 0.610837
vt 0.197416 0.592209
vt 0.197679 0.606045
vt 0.171939 0.626828
vt 0.194359 0.624363
vt 0.188833 0.637617
vt 0.163642 0.640286
vt 0.180285 0.649895
vt 0.170364 0.656523
vt 0.267644 0.663428
vt 0.287693 0.632011
vt 0.275601 0.666870
vt 0.783009 0.405256
vt 0.792018 0.404129
vt 0.784932 0.442105
vt 0.754469 0.635301
vt 0.740372 0.659054
vt 0.741631 0.633482
vt 0.754469 0.635301
vt 0.761018 0.674312
vt 0.740372 0.659054
vt 0.267644 0.663428
vt 0.240656 0.682403
vt 0.257470 0.656096
vt 0.741631 0.633482
vt 0.737420 0.607931
vt 0.754469 0.635301
vt 0.768966 0.603130
vt 0.754469 0.635301
vt 0.737420 0.607931
vt 0.761018 0.674312
vt 0.754469 0.635301
vt 0.771412 0.633291
vt 0.768966 0.603130
vt 0.771412 0.633291
vt 0.754469 0.635301
vt 0.795045 0.442845
vt 0.784932 0.442105
vt 0.792018 0.404129
vt 0.007247 0.909443
vt 0.009439 0.911732
vt 0.007736 0.913848
vt 0.009439 0.911732
vt 0.007247 0.909443
vt 0.011522 0.909094
vt 0.013316 0.906601
vt 0.011522 0.909094
vt 0.007247 0.909443
vt 0.840479 0.716228
vt 0.839452 0.719422
vt 0.837416 0.721649
vt 0.016600 0.314881
vt 0.012332 0.304624
vt 0.021971 0.303156
vt 0.016600 0.314881
vt 0.021971 0.303156
vt 0.028213 0.313521
vt 0.019186 0.916552
vt 0.013747 0.914755
vt 0.016166 0.911941
vt 0.905631 0.330102
vt 0.899528 0.329717
vt 0.901587 0.318664
vt 0.031364 0.303580
vt 0.028213 0.313521
vt 0.021971 0.303156
vt 0.396315 0.397525
vt 0.395444 0.399674
vt 0.357900 0.398454
vt 0.048870 0.032148
vt 0.049821 0.028713
vt 0.081529 0.052675
vt 0.357900 0.398454
vt 0.360318 0.374517
vt 0.363493 0.375214
vt 0.090630 0.033666
vt 0.096583 0.035149
vt 0.081529 0.052675
vt 0.360318 0.374517
vt 0.357900 0.398454
vt 0.348216 0.378171
vt 0.775138 0.680668
vt 0.788301 0.633687
vt 0.800315 0.665256
vt 0.795331 0.689760
vt 0.791135 0.691169
vt 0.782114 0.687116
vt 0.106554 0.031914
vt 0.102286 0.031685
vt 0.097234 0.021379
vt 0.788301 0.633687
vt 0.800934 0.637009
vt 0.800315 0.665256
vt 0.001256 0.128625
vt 0.002292 0.139835
vt 0.000739 0.139835
vt 0.117181 0.045642
vt 0.100462 0.033613
vt 0.102286 0.031685
vt 0.102286 0.031685
vt 0.106554 0.031914
vt 0.117181 0.045642
vt 0.603379 0.816586
vt 0.564771 0.823304
vt 0.564973 0.817394
vt 0.329004 0.285262
vt 0.328169 0.289536
vt 0.288294 0.276916
vt 0.696713 0.245358
vt 0.700076 0.244090
vt 0.697863 0.249921
vt 0.701468 0.251402
vt 0.697863 0.249921
vt 0.700076 0.244090
vt 0.182174 0.154691
vt 0.187975 0.154009
vt 0.182539 0.159210
vt 0.179825 0.157421
vt 0.182174 0.154691
vt 0.182539 0.159210
vt 0.475263 0.031430
vt 0.477395 0.033537
vt 0.473655 0.035606
vt 0.187975 0.154009
vt 0.182174 0.154691
vt 0.184003 0.152327
vt 0.284255 0.251472
vt 0.281702 0.251507
vt 0.282441 0.248087
vt 0.476528 0.014280
vt 0.474961 0.011329
vt 0.480461 0.016000
vt 0.477439 0.015705
vt 0.476528 0.014280
vt 0.480461 0.016000
vt 0.474131 0.008088
vt 0.480461 0.016000
vt 0.474961 0.011329
vt 0.277536 0.254090
vt 0.279549 0.252856
vt 0.280106 0.254454
vt 0.480461 0.016000
vt 0.474131 0.008088
vt 0.473655 0.005004
vt 0.480461 0.016000
vt 0.473655 0.005004
vt 0.484742 0.014322
vt 0.473655 0.005004
vt 0.474229 0.001513
vt 0.484742 0.014322
vt 0.279853 0.389704
vt 0.279853 0.359967
vt 0.284255 0.375250
vt 0.575729 0.329128
vt 0.579891 0.334811
vt 0.578568 0.336979
vt 0.383407 0.270641
vt 0.381119 0.270265
vt 0.381399 0.266849
vt 0.385270 0.271269
vt 0.383407 0.270641
vt 0.381399 0.266849
vt 0.186502 0.172006
vt 0.183693 0.166136
vt 0.187975 0.164841
vt 0.342064 0.437844
vt 0.340736 0.431168
vt 0.345524 0.432346
vt 0.759997 0.921536
vt 0.759208 0.919284
vt 0.766292 0.917714
vt 0.399923 0.541514
vt 0.401488 0.543427
vt 0.399429 0.548539
vt 0.758482 0.916141
vt 0.757906 0.914572
vt 0.765030 0.914523
vt 0.396459 0.547479
vt 0.397378 0.541549
vt 0.399923 0.541514
vt 0.399923 0.541514
vt 0.399429 0.548539
vt 0.396459 0.547479
vt 0.379917 0.279554
vt 0.381196 0.275472
vt 0.383700 0.276171
vt 0.962004 0.484600
vt 0.955753 0.485984
vt 0.949774 0.481401
vt 0.962004 0.484600
vt 0.949774 0.481401
vt 0.949673 0.479494
vt 0.048519 0.125437
vt 0.050691 0.119198
vt 0.051605 0.126081
vt 0.050691 0.119198
vt 0.053865 0.119198
vt 0.051605 0.126081
vt 0.055017 0.126008
vt 0.051605 0.126081
vt 0.053865 0.119198
vt 0.955753 0.485984
vt 0.952178 0.485548
vt 0.951145 0.484684
vt 0.955753 0.485984
vt 0.951145 0.484684
vt 0.950183 0.483031
vt 0.955753 0.485984
vt 0.950183 0.483031
vt 0.949774 0.481401
vt 0.949774 0.481401
vt 0.946980 0.481844
vt 0.949673 0.479494
vt 0.101180 0.011462
vt 0.100221 0.001268
vt 0.103157 0.001268
vt 0.380839 0.286748
vt 0.379428 0.283546
vt 0.379917 0.279554
vt 0.379917 0.279554
vt 0.383700 0.276171
vt 0.380839 0.286748
vt 0.380839 0.286748
vt 0.379458 0.286496
vt 0.379428 0.283546
vt 0.379458 0.286496
vt 0.380839 0.286748
vt 0.380009 0.288654
vt 0.383233 0.295280
vt 0.380009 0.288654
vt 0.380839 0.286748
vt 0.380839 0.286748
vt 0.383337 0.287196
vt 0.383233 0.295280
vt 0.886942 0.680621
vt 0.891046 0.685174
vt 0.888059 0.685971
vt 0.891046 0.685174
vt 0.886942 0.680621
vt 0.890158 0.679972
vt 0.919841 0.678768
vt 0.906711 0.694449
vt 0.901639 0.684639
vt 0.333866 0.323918
vt 0.336313 0.331824
vt 0.336979 0.341906
vt 0.007587 0.207894
vt 0.010403 0.207941
vt 0.013463 0.213346
vt 0.919841 0.678768
vt 0.912917 0.693902
vt 0.906711 0.694449
vt 0.919841 0.678768
vt 0.918556 0.692425
vt 0.917466 0.693251
vt 0.919841 0.678768
vt 0.919602 0.691059
vt 0.918556 0.692425
vt 0.919841 0.678768
vt 0.920070 0.689702
vt 0.919602 0.691059
vt 0.919841 0.678768
vt 0.920243 0.688102
vt 0.920070 0.689702
vt 0.917466 0.693251
vt 0.912917 0.693902
vt 0.919841 0.678768
vt 0.055421 0.705018
vt 0.064229 0.699959
vt 0.064099 0.702802
vt 0.532364 0.038958
vt 0.496986 0.045881
vt 0.496956 0.035082
vt 0.567864 0.033371
vt 0.532364 0.038958
vt 0.530872 0.011197
vt 0.204641 0.491441
vt 0.212058 0.479730
vt 0.234638 0.489968
vt 0.567864 0.033371
vt 0.603649 0.002523
vt 0.605141 0.030284
vt 0.204641 0.491441
vt 0.234638 0.489968
vt 0.246943 0.507513
vt 0.036187 0.904409
vt 0.054593 0.918476
vt 0.055017 0.926121
vt 0.036187 0.904409
vt 0.052838 0.901308
vt 0.054593 0.918476
vt 0.018381 0.926121
vt 0.036187 0.904409
vt 0.055017 0.926121
vt 0.251339 0.495091
vt 0.246943 0.507513
vt 0.234638 0.489968
vt 0.264094 0.396188
vt 0.288831 0.393051
vt 0.290229 0.405748
vt 0.605141 0.030284
vt 0.655015 0.018463
vt 0.655929 0.029778
vt 0.326618 0.890219
vt 0.333662 0.894824
vt 0.317359 0.912496
vt 0.317359 0.912496
vt 0.311953 0.915561
vt 0.326618 0.890219
vt 0.383233 0.295280
vt 0.380103 0.295661
vt 0.380009 0.288654
vt 0.311953 0.915561
vt 0.317359 0.912496
vt 0.314257 0.915294
vt 0.311953 0.915561
vt 0.314257 0.915294
vt 0.315513 0.916332
vt 0.245276 0.408794
vt 0.264094 0.396188
vt 0.290229 0.405748
vt 0.482936 0.940751
vt 0.502401 0.958638
vt 0.451414 0.965078
vt 0.264094 0.396188
vt 0.245276 0.408794
vt 0.246892 0.396278
vt 0.564837 0.856180
vt 0.566942 0.855864
vt 0.569635 0.877256
vt 0.330426 0.496561
vt 0.352803 0.488494
vt 0.353699 0.490670
vt 0.783596 0.591001
vt 0.813848 0.572486
vt 0.815097 0.577512
vt 0.319184 0.224878
vt 0.299326 0.196867
vt 0.333314 0.199257
vt 0.356834 0.493774
vt 0.362113 0.495507
vt 0.334381 0.520338
vt 0.493956 0.862546
vt 0.496192 0.862464
vt 0.496649 0.883938
vt 0.263271 0.062734
vt 0.265916 0.061449
vt 0.265916 0.082526
vt 0.330831 0.930688
vt 0.329528 0.927348
vt 0.331759 0.924019
vt 0.327813 0.927048
vt 0.329528 0.927348
vt 0.330831 0.930688
vt 0.786277 0.559581
vt 0.812731 0.562371
vt 0.813848 0.572486
vt 0.363239 0.196410
vt 0.352150 0.228504
vt 0.347366 0.225997
vt 0.147846 0.345920
vt 0.151297 0.338674
vt 0.151297 0.366781
vt 0.496192 0.862464
vt 0.493956 0.862546
vt 0.492709 0.842388
vt 0.522352 0.190823
vt 0.519084 0.187314
vt 0.520116 0.185706
vt 0.147846 0.345920
vt 0.148414 0.341883
vt 0.151297 0.338674
vt 0.394279 0.496211
vt 0.399972 0.494144
vt 0.401426 0.526491
vt 0.363239 0.196410
vt 0.359945 0.235627
vt 0.352150 0.228504
vt 0.359945 0.235627
vt 0.363239 0.196410
vt 0.399203 0.195549
vt 0.031207 0.162759
vt 0.031207 0.151866
vt 0.041263 0.159914
vt 0.043492 0.008611
vt 0.050432 0.001067
vt 0.050432 0.016047
vt 0.876198 0.562245
vt 0.862683 0.560331
vt 0.863373 0.543881
vt 0.135250 0.340757
vt 0.131537 0.362196
vt 0.131537 0.336178
vt 0.847956 0.521526
vt 0.900379 0.546540
vt 0.863373 0.543881
vt 0.397816 0.302131
vt 0.396941 0.299510
vt 0.399011 0.299997
vt 0.399011 0.299997
vt 0.404739 0.283714
vt 0.406687 0.283077
vt 0.399011 0.299997
vt 0.406687 0.283077
vt 0.433107 0.303081
vt 0.497310 0.340015
vt 0.427200 0.359526
vt 0.433107 0.303081
vt 0.476694 0.253096
vt 0.497310 0.340015
vt 0.433107 0.303081
vt 0.433107 0.303081
vt 0.456755 0.250163
vt 0.466418 0.253341
vt 0.433107 0.303081
vt 0.466418 0.253341
vt 0.476694 0.253096
vt 0.912366 0.335196
vt 0.907631 0.342691
vt 0.896402 0.335268
vt 0.907631 0.342691
vt 0.903748 0.351565
vt 0.896402 0.335268
vt 0.311063 0.692345
vt 0.332717 0.689619
vt 0.334134 0.706147
vt 0.328317 0.717356
vt 0.311063 0.692345
vt 0.334134 0.706147
vt 0.311099 0.689292
vt 0.311063 0.692345
vt 0.300178 0.692233
vt 0.311063 0.692345
vt 0.328317 0.717356
vt 0.325007 0.729972
vt 0.883283 0.338500
vt 0.898396 0.375609
vt 0.897633 0.389114
vt 0.883283 0.338500
vt 0.897633 0.389114
vt 0.883283 0.440136
vt 0.300178 0.692233
vt 0.294601 0.689176
vt 0.311099 0.689292
vt 0.300178 0.692233
vt 0.294756 0.692226
vt 0.294601 0.689176
vt 0.323824 0.743441
vt 0.324392 0.757216
vt 0.309506 0.793924
vt 0.327511 0.769935
vt 0.332983 0.781299
vt 0.309506 0.793924
vt 0.309506 0.793924
vt 0.324392 0.757216
vt 0.327511 0.769935
vt 0.497310 0.340015
vt 0.476694 0.253096
vt 0.524428 0.331412
vt 0.476694 0.253096
vt 0.486848 0.249624
vt 0.524428 0.331412
vt 0.192560 0.176513
vt 0.191914 0.156330
vt 0.192560 0.149144
vt 0.927189 0.668969
vt 0.948515 0.685421
vt 0.921488 0.682997
vt 0.933330 0.558869
vt 0.932999 0.541120
vt 0.939875 0.539299
vt 0.911914 0.476676
vt 0.911251 0.449657
vt 0.930336 0.458837
vt 0.930336 0.458837
vt 0.932348 0.471350
vt 0.911914 0.476676
vt 0.948515 0.685421
vt 0.927189 0.668969
vt 0.947396 0.669410
vt 0.095781 0.025638
vt 0.094741 0.031925
vt 0.092969 0.032093
vt 0.041263 0.011462
vt 0.040146 0.010219
vt 0.041263 0.002684
vt 0.206176 0.373849
vt 0.206642 0.379761
vt 0.204737 0.386938
vt 0.038968 0.009164
vt 0.041263 0.002684
vt 0.040146 0.010219
vt 0.038968 0.009164
vt 0.040187 0.002449
vt 0.041263 0.002684
vt 0.314551 0.297771
vt 0.320933 0.299099
vt 0.319114 0.329174
vt 0.320933 0.339272
vt 0.319114 0.329174
vt 0.320933 0.299099
vt 0.670261 0.200080
vt 0.661434 0.183323
vt 0.668110 0.149994
vt 0.080233 0.160466
vt 0.079872 0.154949
vt 0.080233 0.150123
vt 0.670261 0.200080
vt 0.662569 0.200639
vt 0.661434 0.183323
vt 0.662569 0.200639
vt 0.670261 0.200080
vt 0.663719 0.218190
vt 0.674809 0.252255
vt 0.663719 0.218190
vt 0.670261 0.200080
vt 0.030973 0.084818
vt 0.034301 0.078430
vt 0.034386 0.084818
vt 0.071064 0.093988
vt 0.066158 0.093988
vt 0.069976 0.088109
vt 0.407559 0.539392
vt 0.408963 0.544990
vt 0.405809 0.539399
vt 0.112689 0.905986
vt 0.113190 0.906967
vt 0.106961 0.909848
vt 0.112689 0.905986
vt 0.106961 0.909848
vt 0.105661 0.908969
vt 0.112689 0.905986
vt 0.105661 0.908969
vt 0.104068 0.908231
vt 0.408963 0.586013
vt 0.407559 0.591426
vt 0.405809 0.591433
vt 0.158174 0.151297
vt 0.157810 0.146540
vt 0.158174 0.141058
vt 0.007349 0.052006
vt 0.009169 0.081710
vt 0.007349 0.091695
vt 0.665189 0.227652
vt 0.674809 0.252255
vt 0.667869 0.255510
vt 0.261631 0.493210
vt 0.257972 0.459875
vt 0.261763 0.458779
vt 0.278914 0.492936
vt 0.278767 0.495154
vt 0.261665 0.494315
vt 0.261665 0.494315
vt 0.261631 0.493210
vt 0.278914 0.492936
vt 0.171928 0.142786
vt 0.171631 0.148336
vt 0.163881 0.145622
vt 0.171631 0.148336
vt 0.163621 0.148317
vt 0.163881 0.145622
vt 0.339313 0.023819
vt 0.326207 0.036678
vt 0.326207 0.008803
vt 0.340891 0.014354
vt 0.339313 0.023819
vt 0.326207 0.008803
vt 0.326207 0.008803
vt 0.329157 0.001081
vt 0.331203 0.003621
vt 0.326207 0.008803
vt 0.331203 0.003621
vt 0.340891 0.014354
vt 0.206176 0.373849
vt 0.207828 0.379434
vt 0.206642 0.379761
vt 0.486848 0.249624
vt 0.493114 0.244489
vt 0.524428 0.331412
vt 0.530883 0.311564
vt 0.524428 0.331412
vt 0.493114 0.244489
vt 0.524428 0.331412
vt 0.530883 0.311564
vt 0.532864 0.330396
vt 0.342549 0.016872
vt 0.343857 0.019586
vt 0.339313 0.023819
vt 0.339313 0.023819
vt 0.340891 0.014354
vt 0.342549 0.016872
vt 0.321313 0.439205
vt 0.318324 0.436461
vt 0.334276 0.431064
vt 0.334276 0.431064
vt 0.324866 0.440136
vt 0.321313 0.439205
vt 0.334276 0.431064
vt 0.328983 0.439255
vt 0.324866 0.440136
vt 0.334276 0.431064
vt 0.332262 0.436362
vt 0.328983 0.439255
vt 0.316737 0.433916
vt 0.316238 0.430816
vt 0.334687 0.424449
vt 0.327194 0.410887
vt 0.334687 0.424449
vt 0.316238 0.430816
vt 0.316238 0.430816
vt 0.316238 0.414345
vt 0.327194 0.410887
vt 0.327194 0.410887
vt 0.333713 0.416406
vt 0.334687 0.424449
vt 0.327194 0.410887
vt 0.331916 0.413358
vt 0.333713 0.416406
vt 0.257972 0.459875
vt 0.261631 0.493210
vt 0.257126 0.460978
vt 0.257259 0.493204
vt 0.257126 0.460978
vt 0.261631 0.493210
vt 0.336759 0.267174
vt 0.335746 0.265631
vt 0.336979 0.265789
vt 0.393394 0.621159
vt 0.401065 0.621159
vt 0.403863 0.622664
vt 0.371531 0.622934
vt 0.393394 0.621159
vt 0.403863 0.622664
vt 0.316366 0.412754
vt 0.316374 0.412140
vt 0.322788 0.409172
vt 0.393394 0.621159
vt 0.394741 0.620837
vt 0.401065 0.621159
vt 0.000977 0.262273
vt 0.003201 0.262709
vt 0.000629 0.263623
vt 0.371531 0.622934
vt 0.371478 0.621159
vt 0.393394 0.621159
vt 0.139926 0.368710
vt 0.140139 0.367399
vt 0.142127 0.367544
vt 0.022924 0.009169
vt 0.021931 0.008903
vt 0.022924 0.001231
vt 0.021931 0.008903
vt 0.020712 0.006490
vt 0.022924 0.001231
vt 0.033021 0.055622
vt 0.034386 0.051998
vt 0.034386 0.057309
vt 0.055017 0.001009
vt 0.055017 0.004585
vt 0.054758 0.004171
vt 0.055017 0.001009
vt 0.054758 0.004171
vt 0.054628 0.003964
vt 0.050432 0.093039
vt 0.050119 0.094900
vt 0.048959 0.094497
vt 0.016047 0.091695
vt 0.015328 0.091689
vt 0.016047 0.089916
vt 0.031936 0.075649
vt 0.031506 0.075263
vt 0.033562 0.074150
vt 0.033562 0.074150
vt 0.033991 0.074536
vt 0.031936 0.075649
vt 0.004585 0.013754
vt 0.004044 0.013085
vt 0.004585 0.012560
vt 0.009169 0.037273
vt 0.009169 0.038971
vt 0.008539 0.038242
vt 0.036678 0.032296
vt 0.036678 0.034386
vt 0.035749 0.033671
vt 0.004308 0.239784
vt 0.004585 0.241669
vt 0.000629 0.240479
vt 0.587678 0.835448
vt 0.593718 0.835417
vt 0.593718 0.855924
vt 0.593718 0.919334
vt 0.586901 0.887534
vt 0.592207 0.887669
vt 0.593718 0.919334
vt 0.587678 0.939872
vt 0.586901 0.887534
vt 0.592207 0.887669
vt 0.593718 0.855924
vt 0.595273 0.859953
vt 0.095781 0.025638
vt 0.096280 0.032093
vt 0.094741 0.031925
vt 0.208196 0.355061
vt 0.209589 0.355138
vt 0.208757 0.373601
vt 0.054171 0.047642
vt 0.055883 0.046729
vt 0.055288 0.050588
vt 0.108146 0.004471
vt 0.110034 0.006391
vt 0.108725 0.006877
vt 0.527750 0.456233
vt 0.526773 0.456227
vt 0.527360 0.428976
vt 0.051649 0.044353
vt 0.052724 0.043192
vt 0.052724 0.045848
vt 0.110034 0.006391
vt 0.108146 0.004471
vt 0.109077 0.004317
vt 0.526773 0.456227
vt 0.527750 0.456233
vt 0.527360 0.483764
vt 0.108146 0.004471
vt 0.107563 0.005940
vt 0.106978 0.004562
vt 0.108146 0.004471
vt 0.106978 0.004562
vt 0.107226 0.001982
vt 0.432403 0.002319
vt 0.432903 0.003392
vt 0.430176 0.003771
vt 0.058561 0.066296
vt 0.059602 0.067477
vt 0.058561 0.068771
vt 0.592207 0.887669
vt 0.595273 0.859953
vt 0.597629 0.862703
vt 0.592207 0.887669
vt 0.597629 0.862703
vt 0.598886 0.887826
vt 0.592207 0.887669
vt 0.598886 0.887826
vt 0.597629 0.912621
vt 0.592207 0.887669
vt 0.597629 0.912621
vt 0.595273 0.915268
vt 0.592207 0.887669
vt 0.595273 0.915268
vt 0.593718 0.919334
vt 0.598063 0.857997
vt 0.599047 0.859914
vt 0.595273 0.859953
vt 0.597629 0.862703
vt 0.595273 0.859953
vt 0.599047 0.859914
vt 0.599047 0.859914
vt 0.599824 0.860984
vt 0.597629 0.862703
vt 0.599824 0.914680
vt 0.599047 0.915769
vt 0.597629 0.912621
vt 0.597629 0.912621
vt 0.599047 0.915769
vt 0.595273 0.915268
vt 0.599047 0.915769
vt 0.598246 0.917588
vt 0.595273 0.915268
vt 0.587678 0.939872
vt 0.593718 0.919334
vt 0.593718 0.939841
vt 0.337797 0.763217
vt 0.336901 0.763216
vt 0.335116 0.752495
vt 0.425790 0.007637
vt 0.426067 0.009898
vt 0.422264 0.011026
vt 0.419174 0.012056
vt 0.421926 0.009709
vt 0.422264 0.011026
vt 0.565209 0.465716
vt 0.556447 0.481049
vt 0.561496 0.467591
vt 0.561496 0.467591
vt 0.556447 0.481049
vt 0.556004 0.471002
vt 0.565209 0.465716
vt 0.583205 0.476357
vt 0.556447 0.481049
vt 0.556004 0.471002
vt 0.555153 0.461304
vt 0.558314 0.461724
vt 0.583205 0.476357
vt 0.565209 0.465716
vt 0.568629 0.464580
vt 0.583205 0.476357
vt 0.568629 0.464580
vt 0.571611 0.463822
vt 0.583205 0.476357
vt 0.571611 0.463822
vt 0.574744 0.463417
vt 0.583205 0.476357
vt 0.574744 0.463417
vt 0.578210 0.463088
vt 0.583205 0.476357
vt 0.578210 0.463088
vt 0.583145 0.463681
vt 0.239788 0.542411
vt 0.243041 0.552609
vt 0.236747 0.543744
vt 0.578210 0.463088
vt 0.577349 0.460921
vt 0.579458 0.459461
vt 0.059778 0.014813
vt 0.058287 0.012227
vt 0.062619 0.013006
vt 0.346359 0.791929
vt 0.348441 0.796418
vt 0.346338 0.796735
vt 0.052725 0.053121
vt 0.052336 0.055017
vt 0.052336 0.052385
vt 0.346338 0.796735
vt 0.342566 0.792489
vt 0.346359 0.791929
vt 0.694415 0.622554
vt 0.691404 0.616289
vt 0.695888 0.616274
vt 0.342566 0.792489
vt 0.346338 0.796735
vt 0.344586 0.797748
vt 0.695888 0.616274
vt 0.696454 0.621996
vt 0.694415 0.622554
vt 0.331968 0.056794
vt 0.333241 0.055463
vt 0.331632 0.059836
vt 0.332571 0.064708
vt 0.331632 0.059836
vt 0.333241 0.055463
vt 0.351237 0.077906
vt 0.360615 0.079351
vt 0.360478 0.081689
vt 0.691404 0.616289
vt 0.694415 0.622554
vt 0.692603 0.623527
vt 0.192019 0.006680
vt 0.192829 0.008382
vt 0.192029 0.008697
vt 0.032093 0.006877
vt 0.031848 0.004875
vt 0.032093 0.001531
vt 0.134487 0.054754
vt 0.135192 0.057309
vt 0.132275 0.057207
vt 0.365043 0.084078
vt 0.366434 0.083955
vt 0.366781 0.087111
vt 0.081773 0.089148
vt 0.082526 0.089726
vt 0.081773 0.093988
vt 0.629589 0.740943
vt 0.625155 0.741964
vt 0.621629 0.739812
vt 0.621613 0.744170
vt 0.621629 0.739812
vt 0.625155 0.741964
vt 0.633594 0.760715
vt 0.635781 0.760431
vt 0.635404 0.772209
vt 0.627997 0.750503
vt 0.631986 0.749734
vt 0.633594 0.760715
vt 0.058287 0.012227
vt 0.056942 0.007123
vt 0.065738 0.007865
vt 0.064961 0.010606
vt 0.062619 0.013006
vt 0.058287 0.012227
vt 0.065738 0.007865
vt 0.064961 0.010606
vt 0.058287 0.012227
vt 0.059270 0.060454
vt 0.059602 0.059499
vt 0.059602 0.061894
vt 0.008873 0.047097
vt 0.009169 0.049089
vt 0.008873 0.050432
vt 0.056942 0.007123
vt 0.056784 0.004221
vt 0.059815 0.003431
vt 0.065389 0.005514
vt 0.065738 0.007865
vt 0.056942 0.007123
vt 0.056942 0.007123
vt 0.059815 0.003431
vt 0.063172 0.004008
vt 0.056942 0.007123
vt 0.063172 0.004008
vt 0.065389 0.005514
vt 0.618856 0.740620
vt 0.618635 0.743150
vt 0.618372 0.743091
vt 0.617381 0.745705
vt 0.618372 0.743091
vt 0.618635 0.743150
vt 0.618635 0.743150
vt 0.619243 0.743075
vt 0.618515 0.745748
vt 0.618635 0.743150
vt 0.618515 0.745748
vt 0.617381 0.745705
vt 0.615944 0.747257
vt 0.617381 0.745705
vt 0.618515 0.745748
vt 0.633594 0.760715
vt 0.624981 0.752264
vt 0.627997 0.750503
vt 0.633594 0.760715
vt 0.622390 0.753699
vt 0.624981 0.752264
vt 0.619273 0.754828
vt 0.633594 0.760715
vt 0.607334 0.771441
vt 0.619273 0.754828
vt 0.622390 0.753699
vt 0.633594 0.760715
vt 0.607334 0.771441
vt 0.633594 0.760715
vt 0.635404 0.772209
vt 0.607334 0.771441
vt 0.615547 0.756031
vt 0.619273 0.754828
vt 0.615547 0.756031
vt 0.607334 0.771441
vt 0.611274 0.756292
vt 0.611274 0.756292
vt 0.607334 0.771441
vt 0.606616 0.757589
vt 0.606616 0.757589
vt 0.606149 0.755891
vt 0.611274 0.756292
vt 0.399203 0.195549
vt 0.369098 0.241658
vt 0.359945 0.235627
vt 0.399203 0.195549
vt 0.379399 0.246474
vt 0.369098 0.241658
vt 0.399203 0.195549
vt 0.391255 0.247792
vt 0.379399 0.246474
vt 0.409845 0.487284
vt 0.421064 0.482101
vt 0.438991 0.530554
vt 0.421064 0.482101
vt 0.433167 0.478231
vt 0.438991 0.530554
vt 0.433167 0.478231
vt 0.444393 0.477792
vt 0.438991 0.530554
vt 0.439167 0.224331
vt 0.437732 0.231054
vt 0.396243 0.249158
vt 0.441768 0.220187
vt 0.439167 0.224331
vt 0.396243 0.249158
vt 0.020741 0.021586
vt 0.036678 0.036938
vt 0.020741 0.087111
vt 0.001407 0.190268
vt 0.001407 0.166845
vt 0.004585 0.169177
vt 0.911747 0.343752
vt 0.912434 0.341276
vt 0.915815 0.343665
vt 0.025509 0.365989
vt 0.076155 0.327274
vt 0.079994 0.329684
vt 0.425744 0.467053
vt 0.427510 0.460121
vt 0.433621 0.454151
vt 0.425744 0.467053
vt 0.433621 0.454151
vt 0.451119 0.469579
vt 0.447380 0.236276
vt 0.445726 0.230569
vt 0.448838 0.223573
vt 0.447380 0.236276
vt 0.448838 0.223573
vt 0.452645 0.240644
vt 0.445726 0.230569
vt 0.446549 0.227269
vt 0.448838 0.223573
vt 0.461106 0.244691
vt 0.452645 0.240644
vt 0.448838 0.223573
vt 0.469141 0.247223
vt 0.461106 0.244691
vt 0.448838 0.223573
vt 0.477163 0.247225
vt 0.469141 0.247223
vt 0.448838 0.223573
vt 0.484596 0.244671
vt 0.477163 0.247225
vt 0.448838 0.223573
vt 0.507129 0.210337
vt 0.489973 0.239958
vt 0.462385 0.206332
vt 0.162714 0.292353
vt 0.160502 0.294402
vt 0.160529 0.291174
vt 0.160529 0.291174
vt 0.163556 0.290230
vt 0.162714 0.292353
vt 0.163525 0.293243
vt 0.162714 0.292353
vt 0.163556 0.290230
vt 0.402986 0.002064
vt 0.409188 0.033408
vt 0.405635 0.034265
vt 0.489973 0.239958
vt 0.507129 0.210337
vt 0.515957 0.214284
vt 0.489973 0.239958
vt 0.515957 0.214284
vt 0.519654 0.219619
vt 0.519654 0.219619
vt 0.522059 0.228924
vt 0.489973 0.239958
vt 0.452867 0.456069
vt 0.451119 0.469579
vt 0.433621 0.454151
vt 0.079994 0.329684
vt 0.063464 0.377162
vt 0.025509 0.365989
vt 0.025509 0.365989
vt 0.023499 0.369124
vt 0.021282 0.367277
vt 0.438643 0.367347
vt 0.443025 0.381466
vt 0.438394 0.380758
vt 0.462271 0.383383
vt 0.505851 0.425729
vt 0.452867 0.456069
vt 0.412990 0.031644
vt 0.409188 0.033408
vt 0.402986 0.002064
vt 0.323869 0.226099
vt 0.240003 0.228298
vt 0.239676 0.226067
vt 0.051408 0.077941
vt 0.056110 0.073342
vt 0.059602 0.075884
vt 0.025216 0.132958
vt 0.021114 0.129661
vt 0.025216 0.124537
vt 0.056110 0.073342
vt 0.049899 0.076885
vt 0.049216 0.075799
vt 0.056110 0.073342
vt 0.051408 0.077941
vt 0.049899 0.076885
vt 0.021114 0.129661
vt 0.022454 0.123422
vt 0.025216 0.124537
vt 0.615313 0.887281
vt 0.618102 0.833518
vt 0.639424 0.833303
vt 0.732715 0.885752
vt 0.615313 0.887281
vt 0.639424 0.833303
vt 0.639424 0.833303
vt 0.732715 0.836104
vt 0.732715 0.885752
vt 0.608997 0.853709
vt 0.612086 0.833627
vt 0.618102 0.833518
vt 0.176513 0.369073
vt 0.174733 0.365026
vt 0.176513 0.344779
vt 0.615313 0.887281
vt 0.608930 0.857792
vt 0.618102 0.833518
vt 0.606391 0.861290
vt 0.615313 0.887281
vt 0.602113 0.887514
vt 0.606391 0.861290
vt 0.608930 0.857792
vt 0.615313 0.887281
vt 0.615313 0.887281
vt 0.732715 0.885752
vt 0.639424 0.940965
vt 0.608930 0.917424
vt 0.606391 0.913907
vt 0.615313 0.887281
vt 0.618102 0.941719
vt 0.608930 0.917424
vt 0.615313 0.887281
vt 0.615313 0.887281
vt 0.639424 0.940965
vt 0.618102 0.941719
vt 0.732715 0.935671
vt 0.639424 0.940965
vt 0.732715 0.885752
vt 0.171526 0.345069
vt 0.169928 0.343961
vt 0.170481 0.343088
vt 0.169917 0.345046
vt 0.169928 0.343961
vt 0.171526 0.345069
vt 0.609959 0.833691
vt 0.612086 0.833627
vt 0.609386 0.839404
vt 0.608997 0.853709
vt 0.609386 0.839404
vt 0.612086 0.833627
vt 0.095488 0.073711
vt 0.096272 0.076367
vt 0.093646 0.073673
vt 0.096272 0.076367
vt 0.092775 0.076934
vt 0.093646 0.073673
vt 0.073356 0.004584
vt 0.072777 0.003949
vt 0.073356 0.001975
vt 0.090614 0.096146
vt 0.090530 0.094792
vt 0.091986 0.094401
vt 0.090530 0.094792
vt 0.090728 0.094158
vt 0.091986 0.094401
vt 0.091986 0.094401
vt 0.093743 0.094089
vt 0.093068 0.095752
vt 0.093743 0.094089
vt 0.091986 0.094401
vt 0.093493 0.092248
vt 0.091986 0.094401
vt 0.092258 0.091944
vt 0.093493 0.092248
vt 0.371888 0.274602
vt 0.371642 0.302139
vt 0.370409 0.302594
vt 0.370409 0.302594
vt 0.370779 0.274549
vt 0.371888 0.274602
vt 0.091646 0.073865
vt 0.093646 0.073673
vt 0.092775 0.076934
vt 0.365073 0.241646
vt 0.366781 0.243119
vt 0.365124 0.269288
vt 0.371888 0.274602
vt 0.372258 0.301866
vt 0.371642 0.302139
vt 0.373984 0.300558
vt 0.371888 0.274602
vt 0.372258 0.274621
vt 0.366781 0.295445
vt 0.365073 0.297260
vt 0.365124 0.269288
vt 0.372258 0.301866
vt 0.371888 0.274602
vt 0.372258 0.274621
vt 0.371888 0.274602
vt 0.373984 0.300558
vt 0.372258 0.301866
vt 0.372258 0.274621
vt 0.373984 0.300558
vt 0.372258 0.301866
vt 0.372258 0.274621
vt 0.374846 0.298632
vt 0.373984 0.300558
vt 0.602113 0.887514
vt 0.601929 0.863810
vt 0.606391 0.861290
vt 0.093493 0.092248
vt 0.094617 0.092900
vt 0.093743 0.094089
vt 0.104156 0.095272
vt 0.105307 0.094945
vt 0.105214 0.096280
vt 0.105307 0.094945
vt 0.104156 0.095272
vt 0.103879 0.092479
vt 0.103879 0.092479
vt 0.105449 0.094128
vt 0.105307 0.094945
vt 0.103879 0.092479
vt 0.105377 0.092659
vt 0.105449 0.094128
vt 0.103879 0.092479
vt 0.105096 0.092079
vt 0.105377 0.092659
vt 0.063569 0.017812
vt 0.064186 0.015829
vt 0.064186 0.020631
vt 0.602888 0.915694
vt 0.601493 0.915863
vt 0.600808 0.913898
vt 0.602364 0.913611
vt 0.601493 0.915863
vt 0.600808 0.913898
vt 0.261331 0.390473
vt 0.259576 0.368769
vt 0.261331 0.364566
vt 0.608997 0.921976
vt 0.618102 0.941719
vt 0.612086 0.941829
vt 0.623414 0.019894
vt 0.655015 0.018463
vt 0.655929 0.029778
vt 0.623414 0.019894
vt 0.655015 0.018463
vt 0.626426 0.071064
vt 0.451414 0.965078
vt 0.451164 0.957796
vt 0.482936 0.940751
vt 0.451122 0.940471
vt 0.482936 0.940751
vt 0.451164 0.957796
vt 0.157245 0.366759
vt 0.159366 0.364403
vt 0.175599 0.375949
vt 0.161456 0.396518
vt 0.147665 0.371741
vt 0.153645 0.369480
vt 0.285024 0.125583
vt 0.288677 0.130663
vt 0.258697 0.145542
vt 0.461894 0.835712
vt 0.472694 0.842125
vt 0.456896 0.862748
vt 0.472223 0.839574
vt 0.472694 0.842125
vt 0.461894 0.835712
vt 0.528778 0.157305
vt 0.521186 0.168349
vt 0.520371 0.166703
vt 0.262182 0.118939
vt 0.283892 0.117914
vt 0.283371 0.120643
vt 0.456896 0.862748
vt 0.472694 0.842125
vt 0.475561 0.862631
vt 0.098829 0.383754
vt 0.111738 0.358005
vt 0.115303 0.362005
vt 0.322058 0.137907
vt 0.330039 0.135844
vt 0.323167 0.164940
vt 0.359169 0.176412
vt 0.323167 0.164940
vt 0.330039 0.135844
vt 0.443058 0.058253
vt 0.427872 0.049346
vt 0.435575 0.039183
vt 0.443058 0.058253
vt 0.443973 0.087626
vt 0.439632 0.063412
vt 0.212860 0.546091
vt 0.224653 0.510529
vt 0.224653 0.568509
vt 0.408054 0.080344
vt 0.406266 0.080291
vt 0.407822 0.078023
vt 0.408066 0.098218
vt 0.406651 0.097109
vt 0.408054 0.080344
vt 0.443973 0.087626
vt 0.408066 0.098218
vt 0.408054 0.080344
vt 0.443973 0.087626
vt 0.463926 0.034101
vt 0.525878 0.072648
vt 0.443973 0.087626
vt 0.525878 0.072648
vt 0.465168 0.146637
vt 0.454881 0.143359
vt 0.443645 0.143419
vt 0.443973 0.087626
vt 0.465168 0.146637
vt 0.454881 0.143359
vt 0.443973 0.087626
vt 0.114619 0.016047
vt 0.105853 0.015912
vt 0.114619 0.002570
vt 0.549377 0.088629
vt 0.465168 0.146637
vt 0.525878 0.072648
vt 0.549377 0.088629
vt 0.473853 0.152851
vt 0.465168 0.146637
vt 0.103901 0.914256
vt 0.104068 0.908231
vt 0.105661 0.908969
vt 0.364488 0.441734
vt 0.362377 0.434598
vt 0.362893 0.428954
vt 0.313169 0.568509
vt 0.312884 0.556307
vt 0.334967 0.562574
vt 0.333924 0.537571
vt 0.334967 0.562574
vt 0.312884 0.556307
vt 0.093988 0.023035
vt 0.090726 0.024044
vt 0.089527 0.018117
vt 0.355938 0.437879
vt 0.357436 0.441816
vt 0.351198 0.442429
vt 0.103901 0.914256
vt 0.105661 0.908969
vt 0.106961 0.909848
vt 0.362377 0.434598
vt 0.361061 0.434148
vt 0.362893 0.428954
vt 0.312884 0.556307
vt 0.312735 0.537946
vt 0.333924 0.537571
vt 0.299395 0.529972
vt 0.299554 0.532162
vt 0.282298 0.530729
vt 0.359687 0.411282
vt 0.360902 0.410936
vt 0.360362 0.428849
vt 0.282269 0.531828
vt 0.282298 0.530729
vt 0.299554 0.532162
vt 0.312735 0.537946
vt 0.312845 0.531737
vt 0.316011 0.530925
vt 0.312735 0.537946
vt 0.316011 0.530925
vt 0.319073 0.530500
vt 0.312735 0.537946
vt 0.319073 0.530500
vt 0.333924 0.537571
vt 0.333654 0.530648
vt 0.333924 0.537571
vt 0.319073 0.530500
vt 0.075904 0.939874
vt 0.073634 0.932017
vt 0.079094 0.932629
vt 0.333924 0.537571
vt 0.333654 0.530648
vt 0.336979 0.530500
vt 0.282269 0.531828
vt 0.282297 0.566258
vt 0.278501 0.564862
vt 0.277923 0.564033
vt 0.277898 0.531807
vt 0.282269 0.531828
vt 0.282269 0.531828
vt 0.278501 0.564862
vt 0.277923 0.564033
vt 0.270066 0.361704
vt 0.268949 0.364652
vt 0.268358 0.360804
vt 0.476464 0.514442
vt 0.476244 0.513030
vt 0.477625 0.512849
vt 0.310385 0.621159
vt 0.310438 0.622934
vt 0.288469 0.621159
vt 0.006877 0.036793
vt 0.006622 0.038717
vt 0.002931 0.038791
vt 0.280798 0.621159
vt 0.287350 0.620837
vt 0.288469 0.621159
vt 0.003031 0.016995
vt 0.002667 0.015886
vt 0.005251 0.016387
vt 0.430685 0.004297
vt 0.430176 0.003771
vt 0.432903 0.003392
vt 0.041227 0.473548
vt 0.041199 0.472121
vt 0.043217 0.473674
vt 0.067452 0.010506
vt 0.068771 0.016053
vt 0.067452 0.018339
vt 0.010582 0.134611
vt 0.010236 0.136242
vt 0.008922 0.136146
vt 0.008922 0.136146
vt 0.009816 0.130989
vt 0.010582 0.134611
vt 0.073634 0.932017
vt 0.075904 0.939874
vt 0.073173 0.939726
vt 0.549377 0.088629
vt 0.477841 0.159444
vt 0.473853 0.152851
vt 0.477841 0.159444
vt 0.549377 0.088629
vt 0.546812 0.108839
vt 0.557449 0.092070
vt 0.546812 0.108839
vt 0.549377 0.088629
vt 0.202313 0.467064
vt 0.220042 0.473992
vt 0.216720 0.476306
vt 0.216720 0.476306
vt 0.212771 0.476814
vt 0.202313 0.467064
vt 0.202313 0.467064
vt 0.221806 0.471717
vt 0.220042 0.473992
vt 0.212771 0.476814
vt 0.208196 0.475519
vt 0.202313 0.467064
vt 0.208196 0.475519
vt 0.204551 0.472378
vt 0.202313 0.467064
vt 0.221806 0.471717
vt 0.202313 0.467064
vt 0.201856 0.460657
vt 0.201856 0.460657
vt 0.222361 0.468790
vt 0.221806 0.471717
vt 0.222361 0.468790
vt 0.201856 0.460657
vt 0.210184 0.448431
vt 0.210184 0.448431
vt 0.222361 0.452950
vt 0.222361 0.468790
vt 0.201856 0.460657
vt 0.202940 0.453029
vt 0.210184 0.448431
vt 0.202940 0.453029
vt 0.204936 0.450292
vt 0.210184 0.448431
vt 0.027509 0.086710
vt 0.026329 0.087111
vt 0.026329 0.080074
vt 0.215081 0.447261
vt 0.222209 0.450814
vt 0.222218 0.451406
vt 0.043197 0.004096
vt 0.042946 0.004584
vt 0.042946 0.000626
vt 0.043555 0.003963
vt 0.043197 0.004096
vt 0.042946 0.000626
vt 0.010582 0.134611
vt 0.010976 0.135745
vt 0.010236 0.136242
vt 0.010976 0.135745
vt 0.010582 0.134611
vt 0.011266 0.134938
vt 0.426376 0.410085
vt 0.424516 0.409443
vt 0.426380 0.408902
vt 0.013353 0.135629
vt 0.011266 0.134938
vt 0.013535 0.135087
vt 0.011266 0.134938
vt 0.011447 0.134396
vt 0.013535 0.135087
vt 0.013717 0.134544
vt 0.013535 0.135087
vt 0.011447 0.134396
vt 0.063464 0.377162
vt 0.099846 0.340121
vt 0.107156 0.348286
vt 0.063464 0.377162
vt 0.090943 0.333445
vt 0.099846 0.340121
vt 0.063464 0.377162
vt 0.079994 0.329684
vt 0.090943 0.333445
vt 0.330039 0.135844
vt 0.338757 0.130749
vt 0.359169 0.176412
vt 0.338757 0.130749
vt 0.350674 0.127404
vt 0.359169 0.176412
vt 0.350674 0.127404
vt 0.363036 0.126076
vt 0.359169 0.176412
vt 0.363036 0.126076
vt 0.375908 0.128330
vt 0.359169 0.176412
vt 0.380819 0.127648
vt 0.414004 0.162006
vt 0.414737 0.166596
vt 0.380819 0.127648
vt 0.414737 0.166596
vt 0.402168 0.183908
vt 0.015112 0.233054
vt 0.018339 0.230587
vt 0.018339 0.252161
vt 0.422247 0.165321
vt 0.422306 0.157949
vt 0.426595 0.153181
vt 0.433926 0.150718
vt 0.422247 0.165321
vt 0.426595 0.153181
vt 0.422247 0.165321
vt 0.421681 0.161487
vt 0.422306 0.157949
vt 0.422247 0.165321
vt 0.433926 0.150718
vt 0.444344 0.149501
vt 0.422247 0.165321
vt 0.444344 0.149501
vt 0.453636 0.149552
vt 0.422247 0.165321
vt 0.453636 0.149552
vt 0.461811 0.152185
vt 0.422247 0.165321
vt 0.461811 0.152185
vt 0.468106 0.156494
vt 0.428053 0.185234
vt 0.471388 0.162434
vt 0.475171 0.194829
vt 0.199591 0.083276
vt 0.198368 0.082490
vt 0.198395 0.076887
vt 0.198368 0.082490
vt 0.197387 0.081165
vt 0.198395 0.076887
vt 0.197387 0.081165
vt 0.196976 0.079743
vt 0.198395 0.076887
vt 0.198395 0.076887
vt 0.201262 0.083362
vt 0.199591 0.083276
vt 0.198395 0.076887
vt 0.202441 0.082787
vt 0.201262 0.083362
vt 0.198395 0.076887
vt 0.203497 0.081611
vt 0.202441 0.082787
vt 0.198395 0.076887
vt 0.203860 0.079931
vt 0.203497 0.081611
vt 0.198395 0.076887
vt 0.203449 0.078508
vt 0.203860 0.079931
vt 0.203449 0.078508
vt 0.198395 0.076887
vt 0.202469 0.077184
vt 0.196976 0.079743
vt 0.197339 0.078063
vt 0.198395 0.076887
vt 0.198395 0.076887
vt 0.199574 0.076311
vt 0.201245 0.076398
vt 0.198395 0.076887
vt 0.201245 0.076398
vt 0.202469 0.077184
vt 0.471388 0.162434
vt 0.474559 0.160442
vt 0.498801 0.182131
vt 0.485914 0.193812
vt 0.475171 0.194829
vt 0.471388 0.162434
vt 0.492101 0.189993
vt 0.485914 0.193812
vt 0.471388 0.162434
vt 0.471388 0.162434
vt 0.498801 0.182131
vt 0.492101 0.189993
vt 0.320933 0.058059
vt 0.320933 0.082526
vt 0.316979 0.081070
vt 0.549962 0.108672
vt 0.551914 0.109971
vt 0.498801 0.182131
vt 0.290429 0.301177
vt 0.292804 0.302188
vt 0.290055 0.304754
vt 0.291792 0.305172
vt 0.290055 0.304754
vt 0.292804 0.302188
vt 0.255637 0.362313
vt 0.257282 0.361971
vt 0.256243 0.365102
vt 0.102141 0.092079
vt 0.103879 0.092479
vt 0.103113 0.093673
vt 0.063154 0.091779
vt 0.064186 0.091521
vt 0.064186 0.093988
vt 0.062569 0.093612
vt 0.063154 0.091779
vt 0.064186 0.093988
vt 0.257282 0.361971
vt 0.259188 0.361433
vt 0.259374 0.364725
vt 0.259374 0.364725
vt 0.256243 0.365102
vt 0.257282 0.361971
vt 0.612086 0.941829
vt 0.609386 0.936272
vt 0.608997 0.921976
vt 0.612086 0.941829
vt 0.609959 0.941623
vt 0.609386 0.936272
vt 0.599047 0.915769
vt 0.599824 0.914680
vt 0.600076 0.916493
vt 0.274341 0.390951
vt 0.268134 0.387424
vt 0.274836 0.389929
vt 0.268134 0.387424
vt 0.274341 0.390951
vt 0.272829 0.391997
vt 0.268134 0.387424
vt 0.272829 0.391997
vt 0.264640 0.389958
vt 0.002341 0.110262
vt 0.006877 0.112743
vt 0.002341 0.116911
vt 0.561579 0.084978
vt 0.564556 0.085621
vt 0.561084 0.091547
vt 0.255000 0.388832
vt 0.256637 0.388637
vt 0.255012 0.389983
vt 0.610004 0.944208
vt 0.609043 0.943449
vt 0.609959 0.941623
vt 0.914350 0.178601
vt 0.927733 0.173988
vt 0.941351 0.205346
vt 0.914350 0.178601
vt 0.941351 0.205346
vt 0.929151 0.211902
vt 0.941351 0.205346
vt 0.927733 0.173988
vt 0.953882 0.163317
vt 0.941351 0.205346
vt 0.953882 0.163317
vt 0.965301 0.190438
vt 0.070639 0.708399
vt 0.105991 0.710049
vt 0.104288 0.722558
vt 0.070639 0.708399
vt 0.104288 0.722558
vt 0.067065 0.720801
vt 0.941351 0.205346
vt 0.965301 0.190438
vt 0.979526 0.212633
vt 0.941351 0.205346
vt 0.979526 0.212633
vt 0.958565 0.231530
vt 0.927733 0.173988
vt 0.914350 0.178601
vt 0.905365 0.141952
vt 0.927733 0.173988
vt 0.905365 0.141952
vt 0.929488 0.136613
vt 0.905365 0.141952
vt 0.914350 0.178601
vt 0.894819 0.185024
vt 0.905365 0.141952
vt 0.894819 0.185024
vt 0.881416 0.146704
vt 0.923095 0.103284
vt 0.929488 0.136613
vt 0.905365 0.141952
vt 0.923095 0.103284
vt 0.905365 0.141952
vt 0.890748 0.106484
vt 0.905365 0.141952
vt 0.881416 0.146704
vt 0.871343 0.108568
vt 0.905365 0.141952
vt 0.871343 0.108568
vt 0.890748 0.106484
vt 0.914350 0.178601
vt 0.929151 0.211902
vt 0.910719 0.220444
vt 0.914350 0.178601
vt 0.910719 0.220444
vt 0.894819 0.185024
vt 0.945580 0.134293
vt 0.953882 0.163317
vt 0.927733 0.173988
vt 0.945580 0.134293
vt 0.927733 0.173988
vt 0.929488 0.136613
vt 0.894819 0.185024
vt 0.910719 0.220444
vt 0.894548 0.226645
vt 0.894819 0.185024
vt 0.894548 0.226645
vt 0.878171 0.190316
vt 0.864887 0.150520
vt 0.881416 0.146704
vt 0.894819 0.185024
vt 0.864887 0.150520
vt 0.894819 0.185024
vt 0.878171 0.190316
vt 0.881416 0.146704
vt 0.864887 0.150520
vt 0.853280 0.110687
vt 0.881416 0.146704
vt 0.853280 0.110687
vt 0.871343 0.108568
vt 0.056120 0.635793
vt 0.077349 0.624363
vt 0.082836 0.637617
vt 0.056120 0.635793
vt 0.082836 0.637617
vt 0.066858 0.652350
vt 0.019496 0.622592
vt 0.049516 0.617091
vt 0.056120 0.635793
vt 0.019496 0.622592
vt 0.056120 0.635793
vt 0.028574 0.648114
vt 0.074062 0.606045
vt 0.077349 0.624363
vt 0.056120 0.635793
vt 0.074062 0.606045
vt 0.056120 0.635793
vt 0.049516 0.617091
vt 0.042882 0.670909
vt 0.028574 0.648114
vt 0.056120 0.635793
vt 0.042882 0.670909
vt 0.056120 0.635793
vt 0.066858 0.652350
vt 0.121417 0.612939
vt 0.116703 0.619577
vt 0.097095 0.610837
vt 0.121417 0.612939
vt 0.097095 0.610837
vt 0.100441 0.594845
vt 0.082836 0.637617
vt 0.077349 0.624363
vt 0.097095 0.610837
vt 0.082836 0.637617
vt 0.097095 0.610837
vt 0.100081 0.626828
vt 0.115279 0.627389
vt 0.100081 0.626828
vt 0.097095 0.610837
vt 0.115279 0.627389
vt 0.097095 0.610837
vt 0.116703 0.619577
vt 0.310563 0.463280
vt 0.305806 0.461829
vt 0.306134 0.460101
vt 0.310563 0.463280
vt 0.306134 0.460101
vt 0.311387 0.461849
vt 0.202542 0.163005
vt 0.200466 0.163081
vt 0.200824 0.157403
vt 0.202542 0.163005
vt 0.200824 0.157403
vt 0.202768 0.157694
vt 0.200936 0.169053
vt 0.200466 0.163081
vt 0.202542 0.163005
vt 0.200936 0.169053
vt 0.202542 0.163005
vt 0.202827 0.168701
vt 0.306134 0.460101
vt 0.305806 0.461829
vt 0.300675 0.461759
vt 0.306134 0.460101
vt 0.300675 0.461759
vt 0.300516 0.460062
vt 0.305806 0.461829
vt 0.310563 0.463280
vt 0.309735 0.465032
vt 0.305806 0.461829
vt 0.309735 0.465032
vt 0.305640 0.463762
vt 0.305806 0.461829
vt 0.305640 0.463762
vt 0.301305 0.463740
vt 0.305806 0.461829
vt 0.301305 0.463740
vt 0.300675 0.461759
vt 0.313157 0.467933
vt 0.309735 0.465032
vt 0.310563 0.463280
vt 0.313157 0.467933
vt 0.310563 0.463280
vt 0.314512 0.466817
vt 0.310563 0.463280
vt 0.311387 0.461849
vt 0.315987 0.465561
vt 0.310563 0.463280
vt 0.315987 0.465561
vt 0.314512 0.466817
vt 0.268525 0.171148
vt 0.270190 0.170769
vt 0.270501 0.175233
vt 0.268525 0.171148
vt 0.270501 0.175233
vt 0.268623 0.175033
vt 0.313157 0.467933
vt 0.314512 0.466817
vt 0.317114 0.471797
vt 0.313157 0.467933
vt 0.317114 0.471797
vt 0.315232 0.472277
vt 0.267416 0.179065
vt 0.268623 0.175033
vt 0.270501 0.175233
vt 0.267416 0.179065
vt 0.270501 0.175233
vt 0.268961 0.179782
vt 0.267062 0.167956
vt 0.268816 0.167037
vt 0.270190 0.170769
vt 0.267062 0.167956
vt 0.270190 0.170769
vt 0.268525 0.171148
vt 0.268816 0.167037
vt 0.267062 0.167956
vt 0.265053 0.165266
vt 0.268816 0.167037
vt 0.265053 0.165266
vt 0.266292 0.164014
vt 0.541396 0.060813
vt 0.541370 0.067136
vt 0.538679 0.067630
vt 0.541396 0.060813
vt 0.538679 0.067630
vt 0.538682 0.060303
vt 0.385195 0.030753
vt 0.382179 0.030719
vt 0.382921 0.022964
vt 0.385195 0.030753
vt 0.382921 0.022964
vt 0.385627 0.023713
vt 0.385195 0.030753
vt 0.385611 0.038153
vt 0.382860 0.038872
vt 0.385195 0.030753
vt 0.382860 0.038872
vt 0.382179 0.030719
vt 0.538679 0.067630
vt 0.541370 0.067136
vt 0.543558 0.072973
vt 0.538679 0.067630
vt 0.543558 0.072973
vt 0.541366 0.074476
vt 0.200466 0.163081
vt 0.198415 0.163162
vt 0.198773 0.157486
vt 0.200466 0.163081
vt 0.198773 0.157486
vt 0.200824 0.157403
vt 0.198886 0.169134
vt 0.198415 0.163162
vt 0.200466 0.163081
vt 0.198886 0.169134
vt 0.200466 0.163081
vt 0.200936 0.169053
vt 0.285826 0.236019
vt 0.288113 0.235584
vt 0.289027 0.240510
vt 0.285826 0.236019
vt 0.289027 0.240510
vt 0.286830 0.240639
vt 0.289027 0.240510
vt 0.289216 0.246239
vt 0.286913 0.246256
vt 0.289027 0.240510
vt 0.286913 0.246256
vt 0.286830 0.240639
vt 0.541370 0.067136
vt 0.541396 0.060813
vt 0.543148 0.061013
vt 0.541370 0.067136
vt 0.543148 0.061013
vt 0.543107 0.066661
vt 0.545282 0.071812
vt 0.543558 0.072973
vt 0.541370 0.067136
vt 0.545282 0.071812
vt 0.541370 0.067136
vt 0.543107 0.066661
vt 0.121706 0.573000
vt 0.128054 0.608446
vt 0.121417 0.612939
vt 0.121706 0.573000
vt 0.121417 0.612939
vt 0.109014 0.581778
vt 0.202768 0.157694
vt 0.200824 0.157403
vt 0.201891 0.152391
vt 0.202768 0.157694
vt 0.201891 0.152391
vt 0.204022 0.152957
vt 0.200099 0.152567
vt 0.201891 0.152391
vt 0.200824 0.157403
vt 0.200099 0.152567
vt 0.200824 0.157403
vt 0.198773 0.157486
vt 0.317114 0.471797
vt 0.314512 0.466817
vt 0.315987 0.465561
vt 0.317114 0.471797
vt 0.315987 0.465561
vt 0.318641 0.471214
vt 0.009885 0.175066
vt 0.011951 0.174279
vt 0.013567 0.180524
vt 0.009885 0.175066
vt 0.013567 0.180524
vt 0.011559 0.180767
vt 0.011951 0.174279
vt 0.013704 0.174113
vt 0.015571 0.180242
vt 0.011951 0.174279
vt 0.015571 0.180242
vt 0.013567 0.180524
vt 0.061706 0.060702
vt 0.064491 0.055354
vt 0.066479 0.056184
vt 0.061706 0.060702
vt 0.066479 0.056184
vt 0.064034 0.061361
vt 0.061706 0.060702
vt 0.064034 0.061361
vt 0.063011 0.067479
vt 0.061706 0.060702
vt 0.063011 0.067479
vt 0.060768 0.067431
vt 0.543148 0.061013
vt 0.541396 0.060813
vt 0.543656 0.055024
vt 0.543148 0.061013
vt 0.543656 0.055024
vt 0.545269 0.056127
vt 0.543656 0.055024
vt 0.541396 0.060813
vt 0.538682 0.060303
vt 0.543656 0.055024
vt 0.538682 0.060303
vt 0.541398 0.053486
vt 0.549156 0.052114
vt 0.545269 0.056127
vt 0.543656 0.055024
vt 0.549156 0.052114
vt 0.543656 0.055024
vt 0.548329 0.050545
vt 0.543656 0.055024
vt 0.541398 0.053486
vt 0.546848 0.048210
vt 0.543656 0.055024
vt 0.546848 0.048210
vt 0.548329 0.050545
vt 0.385627 0.023713
vt 0.382921 0.022964
vt 0.384958 0.016611
vt 0.385627 0.023713
vt 0.384958 0.016611
vt 0.387412 0.017889
vt 0.136034 0.570268
vt 0.136049 0.606882
vt 0.128054 0.608446
vt 0.136034 0.570268
vt 0.128054 0.608446
vt 0.121706 0.573000
vt 0.352058 0.407494
vt 0.354523 0.406263
vt 0.356830 0.413720
vt 0.352058 0.407494
vt 0.356830 0.413720
vt 0.354089 0.414304
vt 0.136049 0.606882
vt 0.136034 0.570268
vt 0.150614 0.573000
vt 0.136049 0.606882
vt 0.150614 0.573000
vt 0.144297 0.608446
vt 0.091358 0.649895
vt 0.082836 0.637617
vt 0.100081 0.626828
vt 0.091358 0.649895
vt 0.100081 0.626828
vt 0.108303 0.640286
vt 0.100081 0.626828
vt 0.115279 0.627389
vt 0.116610 0.635200
vt 0.100081 0.626828
vt 0.116610 0.635200
vt 0.108303 0.640286
vt 0.080899 0.666181
vt 0.066858 0.652350
vt 0.082836 0.637617
vt 0.080899 0.666181
vt 0.082836 0.637617
vt 0.091358 0.649895
vt 0.098242 0.676116
vt 0.080899 0.666181
vt 0.091358 0.649895
vt 0.098242 0.676116
vt 0.091358 0.649895
vt 0.104014 0.658470
vt 0.015133 0.124857
vt 0.015709 0.117019
vt 0.018339 0.117926
vt 0.015133 0.124857
vt 0.018339 0.117926
vt 0.017709 0.125064
vt 0.387412 0.044657
vt 0.384771 0.045848
vt 0.382860 0.038872
vt 0.387412 0.044657
vt 0.382860 0.038872
vt 0.385611 0.038153
vt 0.546560 0.079693
vt 0.548101 0.077411
vt 0.553553 0.079805
vt 0.546560 0.079693
vt 0.553553 0.079805
vt 0.553133 0.082526
vt 0.546560 0.079693
vt 0.541366 0.074476
vt 0.543558 0.072973
vt 0.546560 0.079693
vt 0.543558 0.072973
vt 0.548101 0.077411
vt 0.015133 0.124857
vt 0.017709 0.125064
vt 0.018339 0.132314
vt 0.015133 0.124857
vt 0.018339 0.132314
vt 0.015396 0.132958
vt 0.120941 0.649452
vt 0.108303 0.640286
vt 0.116610 0.635200
vt 0.120941 0.649452
vt 0.116610 0.635200
vt 0.121244 0.641843
vt 0.300516 0.460062
vt 0.300675 0.461759
vt 0.296463 0.463416
vt 0.300516 0.460062
vt 0.296463 0.463416
vt 0.295529 0.462004
vt 0.202071 0.174221
vt 0.200936 0.169053
vt 0.202827 0.168701
vt 0.202071 0.174221
vt 0.202827 0.168701
vt 0.204022 0.173685
vt 0.291132 0.246592
vt 0.290045 0.252161
vt 0.288094 0.252161
vt 0.291132 0.246592
vt 0.288094 0.252161
vt 0.289216 0.246239
vt 0.300675 0.461759
vt 0.301305 0.463740
vt 0.297704 0.464906
vt 0.300675 0.461759
vt 0.297704 0.464906
vt 0.296463 0.463416
vt 0.297704 0.464906
vt 0.301305 0.463740
vt 0.301559 0.465285
vt 0.297704 0.464906
vt 0.301559 0.465285
vt 0.298734 0.466166
vt 0.296142 0.465471
vt 0.296463 0.463416
vt 0.297704 0.464906
vt 0.296142 0.465471
vt 0.297704 0.464906
vt 0.297208 0.466748
vt 0.006517 0.168061
vt 0.005301 0.166645
vt 0.005693 0.164815
vt 0.006517 0.168061
vt 0.005693 0.164815
vt 0.006877 0.166146
vt 0.274650 0.061636
vt 0.275085 0.063599
vt 0.273152 0.063005
vt 0.274650 0.061636
vt 0.273152 0.063005
vt 0.272716 0.061042
vt 0.068771 0.020194
vt 0.068771 0.021974
vt 0.067361 0.022924
vt 0.068771 0.020194
vt 0.067361 0.022924
vt 0.067361 0.021144
vt 0.295208 0.464059
vt 0.296142 0.465471
vt 0.292767 0.469660
vt 0.295208 0.464059
vt 0.292767 0.469660
vt 0.291521 0.468491
vt 0.272394 0.069102
vt 0.273152 0.063005
vt 0.275085 0.063599
vt 0.272394 0.069102
vt 0.275085 0.063599
vt 0.274311 0.069345
vt 0.270646 0.061194
vt 0.272716 0.061042
vt 0.273152 0.063005
vt 0.270646 0.061194
vt 0.273152 0.063005
vt 0.271064 0.062806
vt 0.270306 0.068903
vt 0.271064 0.062806
vt 0.273152 0.063005
vt 0.270306 0.068903
vt 0.273152 0.063005
vt 0.272394 0.069102
vt 0.215706 0.146147
vt 0.215816 0.147912
vt 0.213725 0.148720
vt 0.215706 0.146147
vt 0.213725 0.148720
vt 0.213679 0.146946
vt 0.286913 0.246256
vt 0.289216 0.246239
vt 0.288094 0.252161
vt 0.286913 0.246256
vt 0.288094 0.252161
vt 0.285826 0.251824
vt 0.215170 0.153313
vt 0.213725 0.148720
vt 0.215816 0.147912
vt 0.215170 0.153313
vt 0.215816 0.147912
vt 0.217641 0.153241
vt 0.292767 0.469660
vt 0.296142 0.465471
vt 0.297208 0.466748
vt 0.292767 0.469660
vt 0.297208 0.466748
vt 0.294432 0.470441
vt 0.297208 0.466748
vt 0.298569 0.468099
vt 0.296218 0.471082
vt 0.297208 0.466748
vt 0.296218 0.471082
vt 0.294432 0.470441
vt 0.274311 0.069345
vt 0.274271 0.075076
vt 0.272444 0.075297
vt 0.274311 0.069345
vt 0.272444 0.075297
vt 0.272394 0.069102
vt 0.095346 0.242186
vt 0.096280 0.243999
vt 0.092551 0.246553
vt 0.095346 0.242186
vt 0.092551 0.246553
vt 0.091064 0.244942
vt 0.292767 0.469660
vt 0.294432 0.470441
vt 0.293311 0.474908
vt 0.292767 0.469660
vt 0.293311 0.474908
vt 0.291521 0.474588
vt 0.295201 0.474755
vt 0.293311 0.474908
vt 0.294432 0.470441
vt 0.295201 0.474755
vt 0.294432 0.470441
vt 0.296218 0.471082
vt 0.091064 0.244942
vt 0.092551 0.246553
vt 0.089974 0.250096
vt 0.091064 0.244942
vt 0.089974 0.250096
vt 0.088126 0.249273
vt 0.273153 0.080233
vt 0.272444 0.075297
vt 0.274271 0.075076
vt 0.273153 0.080233
vt 0.274271 0.075076
vt 0.275085 0.079696
vt 0.270306 0.068903
vt 0.272394 0.069102
vt 0.272444 0.075297
vt 0.270306 0.068903
vt 0.272444 0.075297
vt 0.270536 0.074892
vt 0.217404 0.165030
vt 0.218185 0.159322
vt 0.220068 0.159533
vt 0.217404 0.165030
vt 0.220068 0.159533
vt 0.219287 0.165241
vt 0.548101 0.077411
vt 0.549179 0.075814
vt 0.553986 0.077773
vt 0.548101 0.077411
vt 0.553986 0.077773
vt 0.553553 0.079805
vt 0.548101 0.077411
vt 0.543558 0.072973
vt 0.545282 0.071812
vt 0.548101 0.077411
vt 0.545282 0.071812
vt 0.549179 0.075814
vt 0.553133 0.082526
vt 0.553553 0.079805
vt 0.559909 0.079812
vt 0.553133 0.082526
vt 0.559909 0.079812
vt 0.560443 0.082512
vt 0.217641 0.153241
vt 0.218185 0.159322
vt 0.215923 0.159024
vt 0.217641 0.153241
vt 0.215923 0.159024
vt 0.215170 0.153313
vt 0.553553 0.079805
vt 0.553986 0.077773
vt 0.559711 0.078018
vt 0.553553 0.079805
vt 0.559711 0.078018
vt 0.559909 0.079812
vt 0.215287 0.164373
vt 0.215923 0.159024
vt 0.218185 0.159322
vt 0.215287 0.164373
vt 0.218185 0.159322
vt 0.217404 0.165030
vt 0.292013 0.479163
vt 0.291521 0.474588
vt 0.293311 0.474908
vt 0.292013 0.479163
vt 0.293311 0.474908
vt 0.293907 0.478689
vt 0.293311 0.474908
vt 0.295201 0.474755
vt 0.295446 0.478112
vt 0.293311 0.474908
vt 0.295446 0.478112
vt 0.293907 0.478689
vt 0.292013 0.479163
vt 0.293907 0.478689
vt 0.295611 0.482275
vt 0.292013 0.479163
vt 0.295611 0.482275
vt 0.294244 0.483385
vt 0.086623 0.254351
vt 0.088126 0.249273
vt 0.089974 0.250096
vt 0.086623 0.254351
vt 0.089974 0.250096
vt 0.088549 0.254629
vt 0.295446 0.478112
vt 0.297098 0.481026
vt 0.295611 0.482275
vt 0.295446 0.478112
vt 0.295611 0.482275
vt 0.293907 0.478689
vt 0.295611 0.482275
vt 0.297098 0.481026
vt 0.299837 0.483412
vt 0.295611 0.482275
vt 0.299837 0.483412
vt 0.298701 0.485085
vt 0.298161 0.486582
vt 0.294244 0.483385
vt 0.295611 0.482275
vt 0.298161 0.486582
vt 0.295611 0.482275
vt 0.298701 0.485085
vt 0.086593 0.259904
vt 0.086623 0.254351
vt 0.088549 0.254629
vt 0.086593 0.259904
vt 0.088549 0.254629
vt 0.088598 0.259638
vt 0.108303 0.640286
vt 0.120941 0.649452
vt 0.118602 0.664121
vt 0.108303 0.640286
vt 0.118602 0.664121
vt 0.104014 0.658470
vt 0.560443 0.082512
vt 0.559909 0.079812
vt 0.565738 0.077464
vt 0.560443 0.082512
vt 0.565738 0.077464
vt 0.567217 0.079812
vt 0.185947 0.352374
vt 0.190179 0.346284
vt 0.192560 0.348041
vt 0.185947 0.352374
vt 0.192560 0.348041
vt 0.188379 0.353579
vt 0.559909 0.079812
vt 0.559711 0.078018
vt 0.564748 0.075793
vt 0.559909 0.079812
vt 0.564748 0.075793
vt 0.565738 0.077464
vt 0.084882 0.254089
vt 0.086424 0.248737
vt 0.088126 0.249273
vt 0.084882 0.254089
vt 0.088126 0.249273
vt 0.086623 0.254351
vt 0.052613 0.269754
vt 0.052724 0.275021
vt 0.050632 0.275085
vt 0.052613 0.269754
vt 0.050632 0.275085
vt 0.050396 0.269785
vt 0.217404 0.165030
vt 0.215651 0.169636
vt 0.213679 0.168619
vt 0.217404 0.165030
vt 0.213679 0.168619
vt 0.215287 0.164373
vt 0.572351 0.074649
vt 0.567217 0.079812
vt 0.565738 0.077464
vt 0.572351 0.074649
vt 0.565738 0.077464
vt 0.570093 0.073111
vt 0.568481 0.072009
vt 0.570093 0.073111
vt 0.565738 0.077464
vt 0.568481 0.072009
vt 0.565738 0.077464
vt 0.564748 0.075793
vt 0.084812 0.259915
vt 0.084882 0.254089
vt 0.086623 0.254351
vt 0.084812 0.259915
vt 0.086623 0.254351
vt 0.086593 0.259904
vt 0.052608 0.263886
vt 0.052613 0.269754
vt 0.050396 0.269785
vt 0.052608 0.263886
vt 0.050396 0.269785
vt 0.050390 0.263917
vt 0.161734 0.067512
vt 0.162759 0.072948
vt 0.160958 0.073356
vt 0.161734 0.067512
vt 0.160958 0.073356
vt 0.159839 0.067668
vt 0.183539 0.360108
vt 0.185947 0.352374
vt 0.188379 0.353579
vt 0.183539 0.360108
vt 0.188379 0.353579
vt 0.186335 0.360528
vt 0.135797 0.652574
vt 0.120941 0.649452
vt 0.127828 0.646139
vt 0.135797 0.652574
vt 0.127828 0.646139
vt 0.135807 0.647894
vt 0.575382 0.067719
vt 0.572351 0.074649
vt 0.570093 0.073111
vt 0.575382 0.067719
vt 0.570093 0.073111
vt 0.572671 0.067196
vt 0.570093 0.073111
vt 0.568481 0.072009
vt 0.570756 0.066894
vt 0.570093 0.073111
vt 0.570756 0.066894
vt 0.572671 0.067196
vt 0.183613 0.368179
vt 0.183539 0.360108
vt 0.186335 0.360528
vt 0.183613 0.368179
vt 0.186335 0.360528
vt 0.186247 0.368021
vt 0.120941 0.649452
vt 0.135797 0.652574
vt 0.135678 0.665481
vt 0.120941 0.649452
vt 0.135678 0.665481
vt 0.118602 0.664121
vt 0.150950 0.649452
vt 0.135797 0.652574
vt 0.135807 0.647894
vt 0.150950 0.649452
vt 0.135807 0.647894
vt 0.143797 0.646139
vt 0.153016 0.664121
vt 0.135678 0.665481
vt 0.135797 0.652574
vt 0.153016 0.664121
vt 0.135797 0.652574
vt 0.150950 0.649452
vt 0.936903 0.071332
vt 0.938128 0.101073
vt 0.923095 0.103284
vt 0.936903 0.071332
vt 0.923095 0.103284
vt 0.919689 0.070629
vt 0.945580 0.134293
vt 0.929488 0.136613
vt 0.923095 0.103284
vt 0.945580 0.134293
vt 0.923095 0.103284
vt 0.938128 0.101073
vt 0.923095 0.103284
vt 0.890748 0.106484
vt 0.887471 0.070148
vt 0.923095 0.103284
vt 0.887471 0.070148
vt 0.919689 0.070629
vt 0.960692 0.074611
vt 0.961546 0.100407
vt 0.938128 0.101073
vt 0.960692 0.074611
vt 0.938128 0.101073
vt 0.936903 0.071332
vt 0.938128 0.101073
vt 0.961546 0.100407
vt 0.967945 0.129108
vt 0.938128 0.101073
vt 0.967945 0.129108
vt 0.945580 0.134293
vt 0.097722 0.518319
vt 0.080914 0.528649
vt 0.061822 0.498929
vt 0.097722 0.518319
vt 0.061822 0.498929
vt 0.084418 0.488011
vt 0.066873 0.542479
vt 0.043109 0.517236
vt 0.061822 0.498929
vt 0.066873 0.542479
vt 0.061822 0.498929
vt 0.080914 0.528649
vt 0.960692 0.074611
vt 0.936903 0.071332
vt 0.941699 0.045406
vt 0.960692 0.074611
vt 0.941699 0.045406
vt 0.964873 0.052109
vt 0.961546 0.100407
vt 0.996682 0.103684
vt 0.999477 0.123217
vt 0.961546 0.100407
vt 0.999477 0.123217
vt 0.967945 0.129108
vt 0.941699 0.045406
vt 0.936903 0.071332
vt 0.919689 0.070629
vt 0.941699 0.045406
vt 0.919689 0.070629
vt 0.919381 0.039587
vt 0.919689 0.070629
vt 0.887471 0.070148
vt 0.894101 0.035496
vt 0.919689 0.070629
vt 0.894101 0.035496
vt 0.919381 0.039587
vt 0.091452 0.553236
vt 0.080914 0.528649
vt 0.097722 0.518319
vt 0.091452 0.553236
vt 0.097722 0.518319
vt 0.103844 0.544080
vt 0.118721 0.539011
vt 0.103844 0.544080
vt 0.097722 0.518319
vt 0.118721 0.539011
vt 0.097722 0.518319
vt 0.116166 0.512086
vt 0.097722 0.518319
vt 0.084418 0.488011
vt 0.108924 0.479634
vt 0.097722 0.518319
vt 0.108924 0.479634
vt 0.116166 0.512086
vt 0.082910 0.565316
vt 0.066873 0.542479
vt 0.080914 0.528649
vt 0.082910 0.565316
vt 0.080914 0.528649
vt 0.091452 0.553236
vt 0.077391 0.578763
vt 0.056136 0.559036
vt 0.066873 0.542479
vt 0.077391 0.578763
vt 0.066873 0.542479
vt 0.082910 0.565316
vt 0.121706 0.573000
vt 0.109014 0.581778
vt 0.091452 0.553236
vt 0.121706 0.573000
vt 0.091452 0.553236
vt 0.103844 0.544080
vt 0.118721 0.539011
vt 0.116166 0.512086
vt 0.135437 0.509749
vt 0.118721 0.539011
vt 0.135437 0.509749
vt 0.135796 0.538034
vt 0.136034 0.570268
vt 0.121706 0.573000
vt 0.118721 0.539011
vt 0.136034 0.570268
vt 0.118721 0.539011
vt 0.135796 0.538034
vt 0.135796 0.538034
vt 0.135437 0.509749
vt 0.154985 0.512086
vt 0.135796 0.538034
vt 0.154985 0.512086
vt 0.153136 0.539011
vt 0.150614 0.573000
vt 0.136034 0.570268
vt 0.135796 0.538034
vt 0.150614 0.573000
vt 0.135796 0.538034
vt 0.153136 0.539011
vt 0.546392 0.453936
vt 0.538784 0.430236
vt 0.562272 0.424699
vt 0.546392 0.453936
vt 0.562272 0.424699
vt 0.566844 0.449348
vt 0.970274 0.030461
vt 0.964873 0.052109
vt 0.941699 0.045406
vt 0.970274 0.030461
vt 0.941699 0.045406
vt 0.947839 0.020174
vt 0.135437 0.509749
vt 0.116166 0.512086
vt 0.108924 0.479634
vt 0.135437 0.509749
vt 0.108924 0.479634
vt 0.134809 0.476710
vt 0.947839 0.020174
vt 0.941699 0.045406
vt 0.919381 0.039587
vt 0.947839 0.020174
vt 0.919381 0.039587
vt 0.920955 0.010175
vt 0.558654 0.395724
vt 0.562272 0.424699
vt 0.538784 0.430236
vt 0.558654 0.395724
vt 0.538784 0.430236
vt 0.531611 0.402551
vt 0.566844 0.449348
vt 0.562272 0.424699
vt 0.589243 0.423638
vt 0.566844 0.449348
vt 0.589243 0.423638
vt 0.590340 0.448190
vt 0.154985 0.512086
vt 0.135437 0.509749
vt 0.134809 0.476710
vt 0.154985 0.512086
vt 0.134809 0.476710
vt 0.160959 0.479634
vt 0.589511 0.394981
vt 0.589243 0.423638
vt 0.562272 0.424699
vt 0.589511 0.394981
vt 0.562272 0.424699
vt 0.558654 0.395724
vt 0.953882 0.163317
vt 0.945580 0.134293
vt 0.967945 0.129108
vt 0.953882 0.163317
vt 0.967945 0.129108
vt 0.974817 0.154296
vt 0.049524 0.577739
vt 0.019491 0.567858
vt 0.028571 0.542731
vt 0.049524 0.577739
vt 0.028571 0.542731
vt 0.056136 0.559036
vt 0.984439 0.177613
vt 0.965301 0.190438
vt 0.953882 0.163317
vt 0.984439 0.177613
vt 0.953882 0.163317
vt 0.974817 0.154296
vt 0.019491 0.567858
vt 0.049524 0.577739
vt 0.047324 0.597412
vt 0.019491 0.567858
vt 0.047324 0.597412
vt 0.016186 0.595129
vt 0.047324 0.597412
vt 0.049516 0.617091
vt 0.019496 0.622592
vt 0.047324 0.597412
vt 0.019496 0.622592
vt 0.016186 0.595129
vt 0.047324 0.597412
vt 0.049524 0.577739
vt 0.074350 0.592209
vt 0.047324 0.597412
vt 0.074350 0.592209
vt 0.074062 0.606045
vt 0.077391 0.578763
vt 0.074350 0.592209
vt 0.049524 0.577739
vt 0.077391 0.578763
vt 0.049524 0.577739
vt 0.056136 0.559036
vt 0.979526 0.212633
vt 0.965301 0.190438
vt 0.984439 0.177613
vt 0.979526 0.212633
vt 0.984439 0.177613
vt 0.996639 0.196985
vt 0.019496 0.622592
vt 0.028574 0.648114
vt 0.011612 0.656097
vt 0.019496 0.622592
vt 0.011612 0.656097
vt 0.001137 0.626493
vt 0.082910 0.565316
vt 0.109014 0.581778
vt 0.100441 0.594845
vt 0.082910 0.565316
vt 0.100441 0.594845
vt 0.077391 0.578763
vt 0.063348 0.740356
vt 0.067065 0.720801
vt 0.104288 0.722558
vt 0.063348 0.740356
vt 0.104288 0.722558
vt 0.102964 0.742079
vt 0.104288 0.722558
vt 0.142719 0.716298
vt 0.144935 0.745812
vt 0.104288 0.722558
vt 0.144935 0.745812
vt 0.102964 0.742079
vt 0.104288 0.722558
vt 0.105991 0.710049
vt 0.143258 0.697381
vt 0.104288 0.722558
vt 0.143258 0.697381
vt 0.142719 0.716298
vt 0.141102 0.687286
vt 0.143258 0.697381
vt 0.105991 0.710049
vt 0.141102 0.687286
vt 0.105991 0.710049
vt 0.109909 0.686964
vt 0.063348 0.740356
vt 0.102964 0.742079
vt 0.102148 0.759999
vt 0.063348 0.740356
vt 0.102148 0.759999
vt 0.061481 0.758178
vt 0.060288 0.775773
vt 0.061481 0.758178
vt 0.102148 0.759999
vt 0.060288 0.775773
vt 0.102148 0.759999
vt 0.102004 0.777693
vt 0.102148 0.759999
vt 0.102964 0.742079
vt 0.144935 0.745812
vt 0.102148 0.759999
vt 0.144935 0.745812
vt 0.144869 0.762718
vt 0.144847 0.780354
vt 0.102004 0.777693
vt 0.102148 0.759999
vt 0.144847 0.780354
vt 0.102148 0.759999
vt 0.144869 0.762718
vt 0.182986 0.741679
vt 0.144935 0.745812
vt 0.142719 0.716298
vt 0.182986 0.741679
vt 0.142719 0.716298
vt 0.180631 0.727405
vt 0.862204 0.194419
vt 0.878171 0.190316
vt 0.894548 0.226645
vt 0.862204 0.194419
vt 0.894548 0.226645
vt 0.878813 0.231530
vt 0.878171 0.190316
vt 0.862204 0.194419
vt 0.849611 0.153888
vt 0.878171 0.190316
vt 0.849611 0.153888
vt 0.864887 0.150520
vt 0.023093 0.771622
vt 0.060288 0.775773
vt 0.059998 0.793232
vt 0.023093 0.771622
vt 0.059998 0.793232
vt 0.022275 0.788842
vt 0.834568 0.156933
vt 0.849611 0.153888
vt 0.862204 0.194419
vt 0.834568 0.156933
vt 0.862204 0.194419
vt 0.846894 0.197982
vt 0.060288 0.775773
vt 0.102004 0.777693
vt 0.102071 0.795564
vt 0.060288 0.775773
vt 0.102071 0.795564
vt 0.059998 0.793232
vt 0.102260 0.808297
vt 0.060187 0.805965
vt 0.059998 0.793232
vt 0.102260 0.808297
vt 0.059998 0.793232
vt 0.102071 0.795564
vt 0.159832 0.018107
vt 0.159309 0.029981
vt 0.117856 0.021160
vt 0.159832 0.018107
vt 0.117856 0.021160
vt 0.118064 0.009503
vt 0.001192 0.143678
vt 0.040846 0.130593
vt 0.041954 0.138399
vt 0.001192 0.143678
vt 0.041954 0.138399
vt 0.003107 0.151297
vt 0.118064 0.009503
vt 0.120281 0.001586
vt 0.161077 0.009861
vt 0.118064 0.009503
vt 0.161077 0.009861
vt 0.159832 0.018107
vt 0.102004 0.777693
vt 0.144847 0.780354
vt 0.145188 0.796856
vt 0.102004 0.777693
vt 0.145188 0.796856
vt 0.102071 0.795564
vt 0.184746 0.759188
vt 0.144869 0.762718
vt 0.144935 0.745812
vt 0.184746 0.759188
vt 0.144935 0.745812
vt 0.182986 0.741679
vt 0.186073 0.777072
vt 0.144847 0.780354
vt 0.144869 0.762718
vt 0.186073 0.777072
vt 0.144869 0.762718
vt 0.184746 0.759188
vt 0.144847 0.780354
vt 0.186073 0.777072
vt 0.187310 0.794984
vt 0.144847 0.780354
vt 0.187310 0.794984
vt 0.145188 0.796856
vt 0.186073 0.777072
vt 0.184746 0.759188
vt 0.222372 0.755751
vt 0.186073 0.777072
vt 0.222372 0.755751
vt 0.224641 0.773587
vt 0.226527 0.791681
vt 0.187310 0.794984
vt 0.186073 0.777072
vt 0.226527 0.791681
vt 0.186073 0.777072
vt 0.224641 0.773587
vt 0.102260 0.808297
vt 0.102071 0.795564
vt 0.145188 0.796856
vt 0.102260 0.808297
vt 0.145188 0.796856
vt 0.145372 0.809209
vt 0.187659 0.806784
vt 0.145372 0.809209
vt 0.145188 0.796856
vt 0.187659 0.806784
vt 0.145188 0.796856
vt 0.187310 0.794984
vt 0.041954 0.138399
vt 0.040846 0.130593
vt 0.082936 0.124831
vt 0.041954 0.138399
vt 0.082936 0.124831
vt 0.083083 0.132679
vt 0.125095 0.132234
vt 0.083083 0.132679
vt 0.082936 0.124831
vt 0.125095 0.132234
vt 0.082936 0.124831
vt 0.125584 0.124480
vt 0.770291 0.201266
vt 0.775114 0.201200
vt 0.773306 0.244101
vt 0.770291 0.201266
vt 0.773306 0.244101
vt 0.768513 0.243347
vt 0.773382 0.158389
vt 0.775114 0.201200
vt 0.770291 0.201266
vt 0.773382 0.158389
vt 0.770291 0.201266
vt 0.768752 0.159574
vt 0.779259 0.244296
vt 0.773306 0.244101
vt 0.775114 0.201200
vt 0.779259 0.244296
vt 0.775114 0.201200
vt 0.781277 0.201222
vt 0.778829 0.158054
vt 0.781277 0.201222
vt 0.775114 0.201200
vt 0.778829 0.158054
vt 0.775114 0.201200
vt 0.773382 0.158389
vt 0.235976 0.173876
vt 0.234056 0.168459
vt 0.267903 0.154504
vt 0.235976 0.173876
vt 0.267903 0.154504
vt 0.270501 0.159377
vt 0.234056 0.168459
vt 0.235976 0.173876
vt 0.195928 0.184013
vt 0.234056 0.168459
vt 0.195928 0.184013
vt 0.194677 0.178066
vt 0.770329 0.286226
vt 0.773306 0.244101
vt 0.779259 0.244296
vt 0.770329 0.286226
vt 0.779259 0.244296
vt 0.776072 0.286593
vt 0.770329 0.286226
vt 0.776072 0.286593
vt 0.771264 0.324371
vt 0.770329 0.286226
vt 0.771264 0.324371
vt 0.765733 0.323832
vt 0.786094 0.244361
vt 0.782526 0.286654
vt 0.776072 0.286593
vt 0.786094 0.244361
vt 0.776072 0.286593
vt 0.779259 0.244296
vt 0.959901 0.923421
vt 0.953802 0.923098
vt 0.961035 0.881226
vt 0.959901 0.923421
vt 0.961035 0.881226
vt 0.967134 0.881549
vt 0.782526 0.286654
vt 0.786094 0.244361
vt 0.798082 0.244110
vt 0.782526 0.286654
vt 0.798082 0.244110
vt 0.794346 0.286227
vt 0.949339 0.880765
vt 0.961035 0.881226
vt 0.953802 0.923098
vt 0.949339 0.880765
vt 0.953802 0.923098
vt 0.942191 0.922292
vt 0.779259 0.244296
vt 0.781277 0.201222
vt 0.788281 0.201463
vt 0.779259 0.244296
vt 0.788281 0.201463
vt 0.786094 0.244361
vt 0.800607 0.201565
vt 0.798082 0.244110
vt 0.786094 0.244361
vt 0.800607 0.201565
vt 0.786094 0.244361
vt 0.788281 0.201463
vt 0.811524 0.284650
vt 0.794346 0.286227
vt 0.798082 0.244110
vt 0.811524 0.284650
vt 0.798082 0.244110
vt 0.815177 0.243231
vt 0.817714 0.201157
vt 0.815177 0.243231
vt 0.798082 0.244110
vt 0.817714 0.201157
vt 0.798082 0.244110
vt 0.800607 0.201565
vt 0.828336 0.282688
vt 0.811524 0.284650
vt 0.815177 0.243231
vt 0.828336 0.282688
vt 0.815177 0.243231
vt 0.831959 0.242089
vt 0.834426 0.201185
vt 0.831959 0.242089
vt 0.815177 0.243231
vt 0.834426 0.201185
vt 0.815177 0.243231
vt 0.817714 0.201157
vt 0.781277 0.201222
vt 0.778829 0.158054
vt 0.784735 0.157936
vt 0.781277 0.201222
vt 0.784735 0.157936
vt 0.788281 0.201463
vt 0.028387 0.682403
vt 0.011612 0.656097
vt 0.028574 0.648114
vt 0.028387 0.682403
vt 0.028574 0.648114
vt 0.042882 0.670909
vt 0.672299 0.787433
vt 0.650217 0.801562
vt 0.639291 0.781232
vt 0.672299 0.787433
vt 0.639291 0.781232
vt 0.658644 0.768919
vt 0.042882 0.670909
vt 0.066858 0.652350
vt 0.080899 0.666181
vt 0.042882 0.670909
vt 0.080899 0.666181
vt 0.061862 0.690006
vt 0.658644 0.768919
vt 0.639291 0.740047
vt 0.652277 0.726767
vt 0.658644 0.768919
vt 0.652277 0.726767
vt 0.677154 0.749926
vt 0.694014 0.765634
vt 0.672299 0.787433
vt 0.658644 0.768919
vt 0.694014 0.765634
vt 0.658644 0.768919
vt 0.677154 0.749926
vt 0.713574 0.774989
vt 0.680634 0.795390
vt 0.672299 0.787433
vt 0.713574 0.774989
vt 0.672299 0.787433
vt 0.694014 0.765634
vt 0.098242 0.676116
vt 0.104014 0.658470
vt 0.118602 0.664121
vt 0.098242 0.676116
vt 0.118602 0.664121
vt 0.116134 0.682546
vt 0.691080 0.731654
vt 0.677154 0.749926
vt 0.652277 0.726767
vt 0.691080 0.731654
vt 0.652277 0.726767
vt 0.663471 0.712109
vt 0.118602 0.664121
vt 0.135678 0.665481
vt 0.135414 0.684685
vt 0.118602 0.664121
vt 0.135414 0.684685
vt 0.116134 0.682546
vt 0.154954 0.682546
vt 0.135414 0.684685
vt 0.135678 0.665481
vt 0.154954 0.682546
vt 0.135678 0.665481
vt 0.153016 0.664121
vt 0.663471 0.712109
vt 0.672485 0.695000
vt 0.703283 0.708727
vt 0.663471 0.712109
vt 0.703283 0.708727
vt 0.691080 0.731654
vt 0.712457 0.684188
vt 0.703283 0.708727
vt 0.672485 0.695000
vt 0.712457 0.684188
vt 0.672485 0.695000
vt 0.679418 0.676698
vt 0.677154 0.749926
vt 0.691080 0.731654
vt 0.710084 0.744389
vt 0.677154 0.749926
vt 0.710084 0.744389
vt 0.694014 0.765634
vt 0.691080 0.731654
vt 0.703283 0.708727
vt 0.724319 0.718140
vt 0.691080 0.731654
vt 0.724319 0.718140
vt 0.710084 0.744389
vt 0.734627 0.689891
vt 0.724319 0.718140
vt 0.703283 0.708727
vt 0.734627 0.689891
vt 0.703283 0.708727
vt 0.712457 0.684188
vt 0.215712 0.725052
vt 0.180631 0.727405
vt 0.178676 0.713311
vt 0.215712 0.725052
vt 0.178676 0.713311
vt 0.211740 0.709389
vt 0.219491 0.738085
vt 0.182986 0.741679
vt 0.180631 0.727405
vt 0.219491 0.738085
vt 0.180631 0.727405
vt 0.215712 0.725052
vt 0.182986 0.741679
vt 0.219491 0.738085
vt 0.222372 0.755751
vt 0.182986 0.741679
vt 0.222372 0.755751
vt 0.184746 0.759188
vt 0.728169 0.781554
vt 0.691900 0.809846
vt 0.680634 0.795390
vt 0.728169 0.781554
vt 0.680634 0.795390
vt 0.713574 0.774989
vt 0.736241 0.785188
vt 0.703361 0.822296
vt 0.691900 0.809846
vt 0.736241 0.785188
vt 0.691900 0.809846
vt 0.728169 0.781554
vt 0.222372 0.755751
vt 0.219491 0.738085
vt 0.256809 0.732719
vt 0.222372 0.755751
vt 0.256809 0.732719
vt 0.261114 0.750108
vt 0.264739 0.767607
vt 0.224641 0.773587
vt 0.222372 0.755751
vt 0.264739 0.767607
vt 0.222372 0.755751
vt 0.261114 0.750108
vt 0.743195 0.801690
vt 0.714183 0.829637
vt 0.703361 0.822296
vt 0.743195 0.801690
vt 0.703361 0.822296
vt 0.736241 0.785188
vt 0.225786 0.382551
vt 0.226114 0.386209
vt 0.221087 0.388787
vt 0.225786 0.382551
vt 0.221087 0.388787
vt 0.220021 0.382757
vt 0.231615 0.385719
vt 0.226114 0.386209
vt 0.225786 0.382551
vt 0.231615 0.385719
vt 0.225786 0.382551
vt 0.231082 0.382704
vt 0.231046 0.374929
vt 0.231082 0.382704
vt 0.225786 0.382551
vt 0.231046 0.374929
vt 0.225786 0.382551
vt 0.225628 0.374625
vt 0.225786 0.382551
vt 0.220021 0.382757
vt 0.219173 0.374376
vt 0.225786 0.382551
vt 0.219173 0.374376
vt 0.225628 0.374625
vt 0.828763 0.552097
vt 0.834304 0.554344
vt 0.834456 0.557944
vt 0.828763 0.552097
vt 0.834456 0.557944
vt 0.829222 0.558196
vt 0.012027 0.258762
vt 0.012426 0.262888
vt 0.007087 0.262677
vt 0.012027 0.258762
vt 0.007087 0.262677
vt 0.007350 0.258679
vt 0.828763 0.552097
vt 0.829222 0.558196
vt 0.825319 0.558327
vt 0.828763 0.552097
vt 0.825319 0.558327
vt 0.824673 0.552504
vt 0.838549 0.558553
vt 0.834456 0.557944
vt 0.834304 0.554344
vt 0.838549 0.558553
vt 0.834304 0.554344
vt 0.839010 0.555748
vt 0.226984 0.389704
vt 0.226114 0.386209
vt 0.231615 0.385719
vt 0.226984 0.389704
vt 0.231615 0.385719
vt 0.232251 0.388903
vt 0.829222 0.558196
vt 0.834456 0.557944
vt 0.834594 0.566474
vt 0.829222 0.558196
vt 0.834594 0.566474
vt 0.829754 0.566974
vt 0.825642 0.566831
vt 0.825319 0.558327
vt 0.829222 0.558196
vt 0.825642 0.566831
vt 0.829222 0.558196
vt 0.829754 0.566974
vt 0.834456 0.557944
vt 0.838549 0.558553
vt 0.838266 0.566272
vt 0.834456 0.557944
vt 0.838266 0.566272
vt 0.834594 0.566474
vt 0.891409 0.243456
vt 0.883227 0.240827
vt 0.884531 0.236224
vt 0.891409 0.243456
vt 0.884531 0.236224
vt 0.890262 0.232004
vt 0.883227 0.240827
vt 0.891409 0.243456
vt 0.889211 0.251259
vt 0.883227 0.240827
vt 0.889211 0.251259
vt 0.882414 0.250673
vt 0.012426 0.262888
vt 0.012027 0.258762
vt 0.020189 0.257484
vt 0.012426 0.262888
vt 0.020189 0.257484
vt 0.020432 0.261834
vt 0.012027 0.258762
vt 0.007350 0.258679
vt 0.007730 0.255537
vt 0.012027 0.258762
vt 0.007730 0.255537
vt 0.012041 0.255719
vt 0.020274 0.254116
vt 0.020189 0.257484
vt 0.012027 0.258762
vt 0.020274 0.254116
vt 0.012027 0.258762
vt 0.012041 0.255719
vt 0.219940 0.362348
vt 0.226639 0.362899
vt 0.225628 0.374625
vt 0.219940 0.362348
vt 0.225628 0.374625
vt 0.219173 0.374376
vt 0.232306 0.363991
vt 0.231046 0.374929
vt 0.225628 0.374625
vt 0.232306 0.363991
vt 0.225628 0.374625
vt 0.226639 0.362899
vt 0.856351 0.638566
vt 0.857349 0.644539
vt 0.854383 0.644442
vt 0.856351 0.638566
vt 0.854383 0.644442
vt 0.853607 0.639337
vt 0.853052 0.652321
vt 0.854383 0.644442
vt 0.857349 0.644539
vt 0.853052 0.652321
vt 0.857349 0.644539
vt 0.855648 0.652923
vt 0.848252 0.638343
vt 0.851222 0.634841
vt 0.853607 0.639337
vt 0.848252 0.638343
vt 0.853607 0.639337
vt 0.849648 0.641032
vt 0.853607 0.639337
vt 0.854383 0.644442
vt 0.849822 0.644394
vt 0.853607 0.639337
vt 0.849822 0.644394
vt 0.849648 0.641032
vt 0.848641 0.650900
vt 0.849822 0.644394
vt 0.854383 0.644442
vt 0.848641 0.650900
vt 0.854383 0.644442
vt 0.853052 0.652321
vt 0.901587 0.238394
vt 0.891409 0.243456
vt 0.890262 0.232004
vt 0.901587 0.238394
vt 0.890262 0.232004
vt 0.899528 0.228078
vt 0.891409 0.243456
vt 0.901587 0.238394
vt 0.901046 0.241123
vt 0.891409 0.243456
vt 0.901046 0.241123
vt 0.893066 0.244409
vt 0.891409 0.243456
vt 0.893066 0.244409
vt 0.891308 0.251183
vt 0.891409 0.243456
vt 0.891308 0.251183
vt 0.889211 0.251259
vt 0.043628 0.256759
vt 0.032877 0.259509
vt 0.032299 0.255014
vt 0.043628 0.256759
vt 0.032299 0.255014
vt 0.043103 0.252611
vt 0.032299 0.255014
vt 0.020189 0.257484
vt 0.020274 0.254116
vt 0.032299 0.255014
vt 0.020274 0.254116
vt 0.031776 0.251864
vt 0.020432 0.261834
vt 0.020189 0.257484
vt 0.032299 0.255014
vt 0.020432 0.261834
vt 0.032299 0.255014
vt 0.032877 0.259509
vt 0.032299 0.255014
vt 0.031776 0.251864
vt 0.042285 0.249235
vt 0.032299 0.255014
vt 0.042285 0.249235
vt 0.043103 0.252611
vt 0.836380 0.624737
vt 0.845049 0.629827
vt 0.841564 0.633267
vt 0.836380 0.624737
vt 0.841564 0.633267
vt 0.833696 0.628842
vt 0.836380 0.624737
vt 0.833696 0.628842
vt 0.825851 0.626364
vt 0.836380 0.624737
vt 0.825851 0.626364
vt 0.827971 0.621903
vt 0.226639 0.362899
vt 0.219940 0.362348
vt 0.221200 0.352391
vt 0.226639 0.362899
vt 0.221200 0.352391
vt 0.228530 0.354659
vt 0.226639 0.362899
vt 0.228530 0.354659
vt 0.233822 0.357494
vt 0.226639 0.362899
vt 0.233822 0.357494
vt 0.232306 0.363991
vt 0.043628 0.256759
vt 0.043103 0.252611
vt 0.056617 0.249860
vt 0.043628 0.256759
vt 0.056617 0.249860
vt 0.055357 0.253586
vt 0.273223 0.745966
vt 0.272728 0.755677
vt 0.264790 0.754883
vt 0.273223 0.745966
vt 0.264790 0.754883
vt 0.263926 0.743418
vt 0.277743 0.746254
vt 0.278688 0.756484
vt 0.272728 0.755677
vt 0.277743 0.746254
vt 0.272728 0.755677
vt 0.273223 0.745966
vt 0.841564 0.633267
vt 0.845049 0.629827
vt 0.851222 0.634841
vt 0.841564 0.633267
vt 0.851222 0.634841
vt 0.848252 0.638343
vt 0.007266 0.387026
vt 0.004492 0.378666
vt 0.006385 0.378452
vt 0.007266 0.387026
vt 0.006385 0.378452
vt 0.008816 0.385614
vt 0.007266 0.387026
vt 0.008816 0.385614
vt 0.018743 0.390558
vt 0.007266 0.387026
vt 0.018743 0.390558
vt 0.017971 0.392692
vt 0.912881 0.237563
vt 0.901587 0.238394
vt 0.905631 0.226821
vt 0.912881 0.237563
vt 0.905631 0.226821
vt 0.914896 0.226183
vt 0.912610 0.240297
vt 0.901046 0.241123
vt 0.901587 0.238394
vt 0.912610 0.240297
vt 0.901587 0.238394
vt 0.912881 0.237563
vt 0.079466 0.425484
vt 0.080802 0.423188
vt 0.093721 0.427914
vt 0.079466 0.425484
vt 0.093721 0.427914
vt 0.092744 0.430342
vt 0.071893 0.418839
vt 0.080802 0.423188
vt 0.079466 0.425484
vt 0.071893 0.418839
vt 0.079466 0.425484
vt 0.071404 0.420962
vt 0.068686 0.437159
vt 0.071404 0.420962
vt 0.079466 0.425484
vt 0.068686 0.437159
vt 0.079466 0.425484
vt 0.078183 0.442207
vt 0.079466 0.425484
vt 0.092744 0.430342
vt 0.091924 0.447433
vt 0.079466 0.425484
vt 0.091924 0.447433
vt 0.078183 0.442207
vt 0.542519 0.511200
vt 0.537753 0.510883
vt 0.536904 0.498062
vt 0.542519 0.511200
vt 0.536904 0.498062
vt 0.540906 0.498663
vt 0.924156 0.236584
vt 0.912881 0.237563
vt 0.914896 0.226183
vt 0.924156 0.236584
vt 0.914896 0.226183
vt 0.926121 0.225233
vt 0.924156 0.239324
vt 0.912610 0.240297
vt 0.912881 0.237563
vt 0.924156 0.239324
vt 0.912881 0.237563
vt 0.924156 0.236584
vt 0.107336 0.434101
vt 0.092744 0.430342
vt 0.093721 0.427914
vt 0.107336 0.434101
vt 0.093721 0.427914
vt 0.107806 0.431882
vt 0.105307 0.452527
vt 0.091924 0.447433
vt 0.092744 0.430342
vt 0.105307 0.452527
vt 0.092744 0.430342
vt 0.107336 0.434101
vt 0.829754 0.566974
vt 0.834594 0.566474
vt 0.834829 0.573529
vt 0.829754 0.566974
vt 0.834829 0.573529
vt 0.829802 0.574306
vt 0.825878 0.573886
vt 0.825642 0.566831
vt 0.829754 0.566974
vt 0.825878 0.573886
vt 0.829754 0.566974
vt 0.829802 0.574306
vt 0.244011 0.479607
vt 0.240101 0.479627
vt 0.239669 0.472890
vt 0.244011 0.479607
vt 0.239669 0.472890
vt 0.243169 0.472080
vt 0.240101 0.479627
vt 0.235681 0.479241
vt 0.235139 0.473107
vt 0.240101 0.479627
vt 0.235139 0.473107
vt 0.239669 0.472890
vt 0.239669 0.472890
vt 0.235139 0.473107
vt 0.234173 0.467703
vt 0.239669 0.472890
vt 0.234173 0.467703
vt 0.238751 0.467201
vt 0.241324 0.465303
vt 0.243169 0.472080
vt 0.239669 0.472890
vt 0.241324 0.465303
vt 0.239669 0.472890
vt 0.238751 0.467201
vt 0.245708 0.464159
vt 0.247577 0.470792
vt 0.243169 0.472080
vt 0.245708 0.464159
vt 0.243169 0.472080
vt 0.241324 0.465303
vt 0.849762 0.658814
vt 0.853052 0.652321
vt 0.855648 0.652923
vt 0.849762 0.658814
vt 0.855648 0.652923
vt 0.852321 0.659689
vt 0.853052 0.652321
vt 0.849762 0.658814
vt 0.845878 0.656363
vt 0.853052 0.652321
vt 0.845878 0.656363
vt 0.848641 0.650900
vt 0.825816 0.578968
vt 0.825878 0.573886
vt 0.829802 0.574306
vt 0.825816 0.578968
vt 0.829802 0.574306
vt 0.829747 0.579400
vt 0.845847 0.663276
vt 0.849762 0.658814
vt 0.852321 0.659689
vt 0.845847 0.663276
vt 0.852321 0.659689
vt 0.847771 0.664340
vt 0.842558 0.661189
vt 0.845878 0.656363
vt 0.849762 0.658814
vt 0.842558 0.661189
vt 0.849762 0.658814
vt 0.845847 0.663276
vt 0.239847 0.450913
vt 0.238751 0.467201
vt 0.234173 0.467703
vt 0.239847 0.450913
vt 0.234173 0.467703
vt 0.235218 0.450214
vt 0.887132 0.260796
vt 0.889211 0.251259
vt 0.891207 0.279183
vt 0.887132 0.260796
vt 0.891207 0.279183
vt 0.890244 0.279252
vt 0.902909 0.250373
vt 0.900987 0.250474
vt 0.900257 0.243497
vt 0.902909 0.250373
vt 0.900257 0.243497
vt 0.902751 0.244159
vt 0.889211 0.251259
vt 0.891308 0.251183
vt 0.892763 0.279096
vt 0.889211 0.251259
vt 0.892763 0.279096
vt 0.891207 0.279183
vt 0.900987 0.250474
vt 0.902909 0.250373
vt 0.903574 0.277496
vt 0.900987 0.250474
vt 0.903574 0.277496
vt 0.901491 0.277716
vt 0.919223 0.249437
vt 0.902909 0.250373
vt 0.902751 0.244159
vt 0.919223 0.249437
vt 0.902751 0.244159
vt 0.919431 0.243141
vt 0.918788 0.276807
vt 0.903574 0.277496
vt 0.902909 0.250373
vt 0.918788 0.276807
vt 0.902909 0.250373
vt 0.919223 0.249437
vt 0.834959 0.594486
vt 0.834576 0.578626
vt 0.837635 0.577127
vt 0.834959 0.594486
vt 0.837635 0.577127
vt 0.837684 0.594378
vt 0.829747 0.579400
vt 0.834576 0.578626
vt 0.834959 0.594486
vt 0.829747 0.579400
vt 0.834959 0.594486
vt 0.830109 0.594711
vt 0.826199 0.594829
vt 0.825816 0.578968
vt 0.829747 0.579400
vt 0.826199 0.594829
vt 0.829747 0.579400
vt 0.830109 0.594711
vt 0.824050 0.594896
vt 0.823244 0.578226
vt 0.825816 0.578968
vt 0.824050 0.594896
vt 0.825816 0.578968
vt 0.826199 0.594829
vt 0.834959 0.594486
vt 0.837684 0.594378
vt 0.839010 0.612065
vt 0.834959 0.594486
vt 0.839010 0.612065
vt 0.835843 0.610813
vt 0.830970 0.610487
vt 0.830109 0.594711
vt 0.834959 0.594486
vt 0.830970 0.610487
vt 0.834959 0.594486
vt 0.835843 0.610813
vt 0.098181 0.241526
vt 0.102655 0.240117
vt 0.105449 0.255511
vt 0.098181 0.241526
vt 0.105449 0.255511
vt 0.100934 0.255896
vt 0.827082 0.611156
vt 0.826199 0.594829
vt 0.830109 0.594711
vt 0.827082 0.611156
vt 0.830109 0.594711
vt 0.830970 0.610487
vt 0.890244 0.279252
vt 0.891207 0.279183
vt 0.889211 0.307420
vt 0.890244 0.279252
vt 0.889211 0.307420
vt 0.887132 0.298328
vt 0.891207 0.279183
vt 0.892763 0.279096
vt 0.891308 0.307344
vt 0.891207 0.279183
vt 0.891308 0.307344
vt 0.889211 0.307420
vt 0.901491 0.277716
vt 0.903574 0.277496
vt 0.902909 0.305688
vt 0.901491 0.277716
vt 0.902909 0.305688
vt 0.900987 0.305789
vt 0.903574 0.277496
vt 0.918788 0.276807
vt 0.919223 0.304752
vt 0.903574 0.277496
vt 0.919223 0.304752
vt 0.902909 0.305688
vt 0.842558 0.661189
vt 0.845847 0.663276
vt 0.841249 0.679594
vt 0.842558 0.661189
vt 0.841249 0.679594
vt 0.837232 0.679083
vt 0.834315 0.678684
vt 0.838131 0.650026
vt 0.842558 0.661189
vt 0.834315 0.678684
vt 0.842558 0.661189
vt 0.837232 0.679083
vt 0.010971 0.350674
vt 0.006385 0.378452
vt 0.004492 0.378666
vt 0.010971 0.350674
vt 0.004492 0.378666
vt 0.008903 0.350334
vt 0.921144 0.249336
vt 0.919223 0.249437
vt 0.919431 0.243141
vt 0.921144 0.249336
vt 0.919431 0.243141
vt 0.921536 0.242998
vt 0.068686 0.437159
vt 0.078183 0.442207
vt 0.078006 0.444513
vt 0.068686 0.437159
vt 0.078006 0.444513
vt 0.068404 0.439230
vt 0.919223 0.249437
vt 0.921144 0.249336
vt 0.920504 0.276670
vt 0.919223 0.249437
vt 0.920504 0.276670
vt 0.918788 0.276807
vt 0.010197 0.384511
vt 0.008816 0.385614
vt 0.006385 0.378452
vt 0.010197 0.384511
vt 0.006385 0.378452
vt 0.008027 0.378224
vt 0.012696 0.350769
vt 0.008027 0.378224
vt 0.006385 0.378452
vt 0.012696 0.350769
vt 0.006385 0.378452
vt 0.010971 0.350674
vt 0.067166 0.440714
vt 0.068404 0.439230
vt 0.078006 0.444513
vt 0.067166 0.440714
vt 0.078006 0.444513
vt 0.077486 0.446260
vt 0.824050 0.594896
vt 0.826199 0.594829
vt 0.827082 0.611156
vt 0.824050 0.594896
vt 0.827082 0.611156
vt 0.824576 0.612063
vt 0.837762 0.698063
vt 0.837232 0.679083
vt 0.841249 0.679594
vt 0.837762 0.698063
vt 0.841249 0.679594
vt 0.841478 0.696871
vt 0.830635 0.707658
vt 0.834315 0.678684
vt 0.837232 0.679083
vt 0.830635 0.707658
vt 0.837232 0.679083
vt 0.837762 0.698063
vt 0.013621 0.322519
vt 0.010971 0.350674
vt 0.008903 0.350334
vt 0.013621 0.322519
vt 0.008903 0.350334
vt 0.011869 0.321652
vt 0.015193 0.322832
vt 0.012696 0.350769
vt 0.010971 0.350674
vt 0.015193 0.322832
vt 0.010971 0.350674
vt 0.013621 0.322519
vt 0.919223 0.304752
vt 0.918788 0.276807
vt 0.920504 0.276670
vt 0.919223 0.304752
vt 0.920504 0.276670
vt 0.921144 0.304651
vt 0.043103 0.252611
vt 0.042285 0.249235
vt 0.055216 0.245194
vt 0.043103 0.252611
vt 0.055216 0.245194
vt 0.056617 0.249860
vt 0.030728 0.405545
vt 0.030775 0.409948
vt 0.018030 0.407572
vt 0.030728 0.405545
vt 0.018030 0.407572
vt 0.018346 0.403234
vt 0.274182 0.733109
vt 0.273223 0.745966
vt 0.263926 0.743418
vt 0.274182 0.733109
vt 0.263926 0.743418
vt 0.262548 0.729764
vt 0.055357 0.253586
vt 0.056617 0.249860
vt 0.069758 0.245943
vt 0.055357 0.253586
vt 0.069758 0.245943
vt 0.069231 0.249470
vt 0.056617 0.249860
vt 0.055216 0.245194
vt 0.069090 0.241078
vt 0.056617 0.249860
vt 0.069090 0.241078
vt 0.069758 0.245943
vt 0.030775 0.409948
vt 0.030728 0.405545
vt 0.044448 0.408065
vt 0.030775 0.409948
vt 0.044448 0.408065
vt 0.044496 0.412467
vt 0.018346 0.403234
vt 0.017971 0.392692
vt 0.032174 0.395329
vt 0.018346 0.403234
vt 0.032174 0.395329
vt 0.030728 0.405545
vt 0.091747 0.449739
vt 0.078006 0.444513
vt 0.078183 0.442207
vt 0.091747 0.449739
vt 0.078183 0.442207
vt 0.091924 0.447433
vt 0.017971 0.392692
vt 0.018743 0.390558
vt 0.032429 0.393347
vt 0.017971 0.392692
vt 0.032429 0.393347
vt 0.032174 0.395329
vt 0.077486 0.446260
vt 0.078006 0.444513
vt 0.091747 0.449739
vt 0.077486 0.446260
vt 0.091747 0.449739
vt 0.090993 0.451687
vt 0.030728 0.405545
vt 0.032174 0.395329
vt 0.045894 0.397849
vt 0.030728 0.405545
vt 0.045894 0.397849
vt 0.044448 0.408065
vt 0.032174 0.395329
vt 0.032429 0.393347
vt 0.046396 0.395881
vt 0.032174 0.395329
vt 0.046396 0.395881
vt 0.045894 0.397849
vt 0.090993 0.451687
vt 0.091747 0.449739
vt 0.105131 0.454833
vt 0.090993 0.451687
vt 0.105131 0.454833
vt 0.104734 0.456913
vt 0.105131 0.454833
vt 0.091747 0.449739
vt 0.091924 0.447433
vt 0.105131 0.454833
vt 0.091924 0.447433
vt 0.105307 0.452527
vt 0.540697 0.461155
vt 0.540906 0.498663
vt 0.536904 0.498062
vt 0.540697 0.461155
vt 0.536904 0.498062
vt 0.535706 0.461340
vt 0.274182 0.733109
vt 0.262548 0.729764
vt 0.256323 0.691998
vt 0.274182 0.733109
vt 0.256323 0.691998
vt 0.278308 0.697171
vt 0.549427 0.464118
vt 0.550171 0.501859
vt 0.540906 0.498663
vt 0.549427 0.464118
vt 0.540906 0.498663
vt 0.540697 0.461155
vt 0.107336 0.434101
vt 0.107806 0.431882
vt 0.148259 0.438384
vt 0.107336 0.434101
vt 0.148259 0.438384
vt 0.147894 0.440839
vt 0.142254 0.464662
vt 0.105307 0.452527
vt 0.107336 0.434101
vt 0.142254 0.464662
vt 0.107336 0.434101
vt 0.147894 0.440839
vt 0.343837 0.047465
vt 0.342860 0.084126
vt 0.340619 0.084818
vt 0.343837 0.047465
vt 0.340619 0.084818
vt 0.341152 0.048009
vt 0.069758 0.245943
vt 0.069090 0.241078
vt 0.105479 0.230690
vt 0.069758 0.245943
vt 0.105479 0.230690
vt 0.106724 0.235580
vt 0.044496 0.412467
vt 0.044448 0.408065
vt 0.080518 0.414621
vt 0.044496 0.412467
vt 0.080518 0.414621
vt 0.080566 0.419023
vt 0.140599 0.469422
vt 0.104734 0.456913
vt 0.105131 0.454833
vt 0.140599 0.469422
vt 0.105131 0.454833
vt 0.142254 0.464662
vt 0.044448 0.408065
vt 0.045894 0.397849
vt 0.081427 0.407596
vt 0.044448 0.408065
vt 0.081427 0.407596
vt 0.080518 0.414621
vt 0.045894 0.397849
vt 0.046396 0.395881
vt 0.082663 0.402811
vt 0.045894 0.397849
vt 0.082663 0.402811
vt 0.081427 0.407596
vt 0.736984 0.761290
vt 0.713574 0.774989
vt 0.694014 0.765634
vt 0.736984 0.761290
vt 0.694014 0.765634
vt 0.710084 0.744389
vt 0.710084 0.744389
vt 0.724319 0.718140
vt 0.753504 0.731232
vt 0.710084 0.744389
vt 0.753504 0.731232
vt 0.736984 0.761290
vt 0.765147 0.698756
vt 0.753504 0.731232
vt 0.724319 0.718140
vt 0.765147 0.698756
vt 0.724319 0.718140
vt 0.734627 0.689891
vt 0.752405 0.768236
vt 0.736241 0.785188
vt 0.728169 0.781554
vt 0.752405 0.768236
vt 0.728169 0.781554
vt 0.736984 0.761290
vt 0.736241 0.785188
vt 0.742941 0.788224
vt 0.750566 0.792900
vt 0.736241 0.785188
vt 0.750566 0.792900
vt 0.743195 0.801690
vt 0.748495 0.785850
vt 0.742941 0.788224
vt 0.736241 0.785188
vt 0.748495 0.785850
vt 0.736241 0.785188
vt 0.752405 0.768236
vt 0.535706 0.461340
vt 0.536158 0.455584
vt 0.540789 0.457628
vt 0.535706 0.461340
vt 0.540789 0.457628
vt 0.540697 0.461155
vt 0.766244 0.800034
vt 0.757269 0.811126
vt 0.743195 0.801690
vt 0.766244 0.800034
vt 0.743195 0.801690
vt 0.750566 0.792900
vt 0.536158 0.455584
vt 0.538386 0.452035
vt 0.542274 0.455262
vt 0.536158 0.455584
vt 0.542274 0.455262
vt 0.540789 0.457628
vt 0.111047 0.256264
vt 0.106724 0.235580
vt 0.134075 0.252979
vt 0.111047 0.256264
vt 0.134075 0.252979
vt 0.113733 0.258796
vt 0.542274 0.455262
vt 0.538386 0.452035
vt 0.540366 0.450464
vt 0.542274 0.455262
vt 0.540366 0.450464
vt 0.543377 0.454226
vt 0.114479 0.261128
vt 0.113733 0.258796
vt 0.134075 0.252979
vt 0.114479 0.261128
vt 0.134075 0.252979
vt 0.119024 0.263024
vt 0.549495 0.462067
vt 0.549427 0.464118
vt 0.540697 0.461155
vt 0.549495 0.462067
vt 0.540697 0.461155
vt 0.540789 0.457628
vt 0.343857 0.045133
vt 0.343837 0.047465
vt 0.341152 0.048009
vt 0.343857 0.045133
vt 0.341152 0.048009
vt 0.341118 0.045986
vt 0.151317 0.441104
vt 0.147894 0.440839
vt 0.148259 0.438384
vt 0.151317 0.441104
vt 0.148259 0.438384
vt 0.150815 0.438727
vt 0.540789 0.457628
vt 0.542274 0.455262
vt 0.550171 0.460559
vt 0.540789 0.457628
vt 0.550171 0.460559
vt 0.549495 0.462067
vt 0.082526 0.248142
vt 0.082248 0.265916
vt 0.081299 0.259508
vt 0.082526 0.248142
vt 0.081299 0.259508
vt 0.080973 0.248142
vt 0.341118 0.045986
vt 0.340619 0.044411
vt 0.343221 0.043604
vt 0.341118 0.045986
vt 0.343221 0.043604
vt 0.343857 0.045133
vt 0.150815 0.438727
vt 0.152234 0.437863
vt 0.153499 0.439926
vt 0.150815 0.438727
vt 0.153499 0.439926
vt 0.151317 0.441104
vt 0.736984 0.761290
vt 0.753504 0.731232
vt 0.769199 0.738306
vt 0.736984 0.761290
vt 0.769199 0.738306
vt 0.752405 0.768236
vt 0.780837 0.702506
vt 0.769199 0.738306
vt 0.753504 0.731232
vt 0.780837 0.702506
vt 0.753504 0.731232
vt 0.765147 0.698756
vt 0.752405 0.768236
vt 0.769199 0.738306
vt 0.782875 0.744504
vt 0.752405 0.768236
vt 0.782875 0.744504
vt 0.766724 0.777747
vt 0.853280 0.110687
vt 0.864887 0.150520
vt 0.849611 0.153888
vt 0.853280 0.110687
vt 0.849611 0.153888
vt 0.837894 0.113114
vt 0.869096 0.069691
vt 0.871343 0.108568
vt 0.853280 0.110687
vt 0.869096 0.069691
vt 0.853280 0.110687
vt 0.851967 0.071203
vt 0.853280 0.110687
vt 0.837894 0.113114
vt 0.835802 0.072777
vt 0.853280 0.110687
vt 0.835802 0.072777
vt 0.851967 0.071203
vt 0.849611 0.153888
vt 0.834568 0.156933
vt 0.823129 0.115644
vt 0.849611 0.153888
vt 0.823129 0.115644
vt 0.837894 0.113114
vt 0.245707 0.020083
vt 0.245169 0.029940
vt 0.202534 0.034386
vt 0.245707 0.020083
vt 0.202534 0.034386
vt 0.203114 0.022465
vt 0.202534 0.034386
vt 0.159309 0.029981
vt 0.159832 0.018107
vt 0.202534 0.034386
vt 0.159832 0.018107
vt 0.203114 0.022465
vt 0.837894 0.113114
vt 0.823129 0.115644
vt 0.820661 0.074885
vt 0.837894 0.113114
vt 0.820661 0.074885
vt 0.835802 0.072777
vt 0.245169 0.029940
vt 0.245707 0.020083
vt 0.284923 0.016190
vt 0.245169 0.029940
vt 0.284923 0.016190
vt 0.284729 0.026141
vt 0.245707 0.020083
vt 0.245007 0.011850
vt 0.283408 0.007854
vt 0.245707 0.020083
vt 0.283408 0.007854
vt 0.284923 0.016190
vt 0.245707 0.020083
vt 0.203114 0.022465
vt 0.203673 0.014031
vt 0.245707 0.020083
vt 0.203673 0.014031
vt 0.245007 0.011850
vt 0.110703 0.190233
vt 0.110591 0.195998
vt 0.070431 0.190464
vt 0.110703 0.190233
vt 0.070431 0.190464
vt 0.070849 0.184942
vt 0.071831 0.179000
vt 0.111216 0.184254
vt 0.110703 0.190233
vt 0.071831 0.179000
vt 0.110703 0.190233
vt 0.070849 0.184942
vt 0.110703 0.190233
vt 0.111216 0.184254
vt 0.152691 0.182763
vt 0.110703 0.190233
vt 0.152691 0.182763
vt 0.153116 0.189127
vt 0.964746 0.837573
vt 0.966269 0.795323
vt 0.971968 0.795556
vt 0.964746 0.837573
vt 0.971968 0.795556
vt 0.970486 0.837877
vt 0.954097 0.756644
vt 0.961084 0.756314
vt 0.966269 0.795323
vt 0.954097 0.756644
vt 0.966269 0.795323
vt 0.958919 0.795162
vt 0.966269 0.795323
vt 0.964746 0.837573
vt 0.954126 0.837170
vt 0.966269 0.795323
vt 0.954126 0.837170
vt 0.958919 0.795162
vt 0.894101 0.035496
vt 0.887471 0.070148
vt 0.869096 0.069691
vt 0.894101 0.035496
vt 0.869096 0.069691
vt 0.875142 0.033846
vt 0.869096 0.069691
vt 0.851967 0.071203
vt 0.857598 0.033816
vt 0.869096 0.069691
vt 0.857598 0.033816
vt 0.875142 0.033846
vt 0.869096 0.069691
vt 0.887471 0.070148
vt 0.890748 0.106484
vt 0.869096 0.069691
vt 0.890748 0.106484
vt 0.871343 0.108568
vt 0.920955 0.010175
vt 0.919381 0.039587
vt 0.894101 0.035496
vt 0.920955 0.010175
vt 0.894101 0.035496
vt 0.904883 0.005872
vt 0.894101 0.035496
vt 0.875142 0.033846
vt 0.882917 0.001749
vt 0.894101 0.035496
vt 0.882917 0.001749
vt 0.904883 0.005872
vt 0.875142 0.033846
vt 0.857598 0.033816
vt 0.865372 0.000614
vt 0.875142 0.033846
vt 0.865372 0.000614
vt 0.882917 0.001749
vt 0.850254 0.002074
vt 0.865372 0.000614
vt 0.857598 0.033816
vt 0.850254 0.002074
vt 0.857598 0.033816
vt 0.841224 0.034619
vt 0.857598 0.033816
vt 0.851967 0.071203
vt 0.835802 0.072777
vt 0.857598 0.033816
vt 0.835802 0.072777
vt 0.841224 0.034619
vt 0.531611 0.402551
vt 0.529098 0.386449
vt 0.558002 0.379379
vt 0.531611 0.402551
vt 0.558002 0.379379
vt 0.558654 0.395724
vt 0.529098 0.386449
vt 0.528011 0.364826
vt 0.558775 0.357512
vt 0.529098 0.386449
vt 0.558775 0.357512
vt 0.558002 0.379379
vt 0.528011 0.364826
vt 0.529570 0.348107
vt 0.561226 0.340399
vt 0.528011 0.364826
vt 0.561226 0.340399
vt 0.558775 0.357512
vt 0.413175 0.652913
vt 0.412877 0.666253
vt 0.373709 0.657251
vt 0.413175 0.652913
vt 0.373709 0.657251
vt 0.374818 0.644048
vt 0.412877 0.666253
vt 0.449306 0.678366
vt 0.449028 0.691761
vt 0.412877 0.666253
vt 0.449028 0.691761
vt 0.412340 0.679227
vt 0.412877 0.666253
vt 0.412340 0.679227
vt 0.372652 0.670188
vt 0.412877 0.666253
vt 0.372652 0.670188
vt 0.373709 0.657251
vt 0.835802 0.072777
vt 0.820661 0.074885
vt 0.825863 0.035951
vt 0.835802 0.072777
vt 0.825863 0.035951
vt 0.841224 0.034619
vt 0.320933 0.009977
vt 0.320281 0.021937
vt 0.284729 0.026141
vt 0.320933 0.009977
vt 0.284729 0.026141
vt 0.284923 0.016190
vt 0.411360 0.690343
vt 0.412340 0.679227
vt 0.449028 0.691761
vt 0.411360 0.690343
vt 0.449028 0.691761
vt 0.448221 0.702651
vt 0.320933 0.009977
vt 0.284923 0.016190
vt 0.283408 0.007854
vt 0.320933 0.009977
vt 0.283408 0.007854
vt 0.319003 0.001586
vt 0.448221 0.702651
vt 0.445330 0.710637
vt 0.409330 0.698201
vt 0.448221 0.702651
vt 0.409330 0.698201
vt 0.411360 0.690343
vt 0.032481 0.174922
vt 0.070849 0.184942
vt 0.070431 0.190464
vt 0.032481 0.174922
vt 0.070431 0.190464
vt 0.032234 0.180229
vt 0.071831 0.179000
vt 0.070849 0.184942
vt 0.032481 0.174922
vt 0.071831 0.179000
vt 0.032481 0.174922
vt 0.034579 0.168829
vt 0.003577 0.154504
vt 0.034579 0.168829
vt 0.032481 0.174922
vt 0.003577 0.154504
vt 0.032481 0.174922
vt 0.000534 0.160532
vt 0.664106 0.513593
vt 0.665055 0.518412
vt 0.626111 0.514152
vt 0.664106 0.513593
vt 0.626111 0.514152
vt 0.625448 0.509586
vt 0.953564 0.719990
vt 0.961084 0.756314
vt 0.954097 0.756644
vt 0.953564 0.719990
vt 0.954097 0.756644
vt 0.946799 0.720156
vt 0.665055 0.518412
vt 0.665820 0.524649
vt 0.626888 0.520661
vt 0.665055 0.518412
vt 0.626888 0.520661
vt 0.626111 0.514152
vt 0.933550 0.720838
vt 0.946799 0.720156
vt 0.954097 0.756644
vt 0.933550 0.720838
vt 0.954097 0.756644
vt 0.940622 0.757018
vt 0.954097 0.756644
vt 0.958919 0.795162
vt 0.944859 0.795207
vt 0.954097 0.756644
vt 0.944859 0.795207
vt 0.940622 0.757018
vt 0.914949 0.723092
vt 0.933550 0.720838
vt 0.940622 0.757018
vt 0.914949 0.723092
vt 0.940622 0.757018
vt 0.921751 0.758419
vt 0.940622 0.757018
vt 0.944859 0.795207
vt 0.926203 0.795501
vt 0.940622 0.757018
vt 0.926203 0.795501
vt 0.921751 0.758419
vt 0.665820 0.524649
vt 0.666404 0.536982
vt 0.627977 0.532639
vt 0.665820 0.524649
vt 0.627977 0.532639
vt 0.626888 0.520661
vt 0.629001 0.550453
vt 0.627977 0.532639
vt 0.666404 0.536982
vt 0.629001 0.550453
vt 0.666404 0.536982
vt 0.666883 0.554830
vt 0.412340 0.679227
vt 0.411360 0.690343
vt 0.371723 0.681038
vt 0.412340 0.679227
vt 0.371723 0.681038
vt 0.372652 0.670188
vt 0.411360 0.690343
vt 0.409330 0.698201
vt 0.370453 0.689300
vt 0.411360 0.690343
vt 0.370453 0.689300
vt 0.371723 0.681038
vt 0.104317 0.310473
vt 0.101266 0.304570
vt 0.130876 0.288137
vt 0.104317 0.310473
vt 0.130876 0.288137
vt 0.133193 0.294341
vt 0.625448 0.509586
vt 0.626111 0.514152
vt 0.585123 0.514165
vt 0.625448 0.509586
vt 0.585123 0.514165
vt 0.584459 0.509599
vt 0.626111 0.514152
vt 0.626888 0.520661
vt 0.585888 0.520402
vt 0.626111 0.514152
vt 0.585888 0.520402
vt 0.585123 0.514165
vt 0.626888 0.520661
vt 0.627977 0.532639
vt 0.587261 0.532635
vt 0.626888 0.520661
vt 0.587261 0.532635
vt 0.585888 0.520402
vt 0.627977 0.532639
vt 0.629001 0.550453
vt 0.589076 0.550349
vt 0.627977 0.532639
vt 0.589076 0.550349
vt 0.587261 0.532635
vt 0.914949 0.723092
vt 0.921751 0.758419
vt 0.902406 0.760531
vt 0.914949 0.723092
vt 0.902406 0.760531
vt 0.895874 0.726057
vt 0.629381 0.569412
vt 0.629001 0.550453
vt 0.666883 0.554830
vt 0.629381 0.569412
vt 0.666883 0.554830
vt 0.666177 0.573364
vt 0.629001 0.550453
vt 0.629381 0.569412
vt 0.590791 0.569174
vt 0.629001 0.550453
vt 0.590791 0.569174
vt 0.589076 0.550349
vt 0.203114 0.022465
vt 0.159832 0.018107
vt 0.161077 0.009861
vt 0.203114 0.022465
vt 0.161077 0.009861
vt 0.203673 0.014031
vt 0.194677 0.178066
vt 0.195928 0.184013
vt 0.153116 0.189127
vt 0.194677 0.178066
vt 0.153116 0.189127
vt 0.152691 0.182763
vt 0.153116 0.189127
vt 0.195928 0.184013
vt 0.196314 0.189154
vt 0.153116 0.189127
vt 0.196314 0.189154
vt 0.153368 0.193810
vt 0.970486 0.837877
vt 0.967134 0.881549
vt 0.961035 0.881226
vt 0.970486 0.837877
vt 0.961035 0.881226
vt 0.964746 0.837573
vt 0.964746 0.837573
vt 0.961035 0.881226
vt 0.949339 0.880765
vt 0.964746 0.837573
vt 0.949339 0.880765
vt 0.954126 0.837170
vt 0.944859 0.795207
vt 0.958919 0.795162
vt 0.954126 0.837170
vt 0.944859 0.795207
vt 0.954126 0.837170
vt 0.936482 0.836537
vt 0.954126 0.837170
vt 0.949339 0.880765
vt 0.931776 0.879315
vt 0.954126 0.837170
vt 0.931776 0.879315
vt 0.936482 0.836537
vt 0.949339 0.880765
vt 0.942191 0.922292
vt 0.924491 0.920659
vt 0.949339 0.880765
vt 0.924491 0.920659
vt 0.931776 0.879315
vt 0.918357 0.835671
vt 0.926203 0.795501
vt 0.944859 0.795207
vt 0.918357 0.835671
vt 0.944859 0.795207
vt 0.936482 0.836537
vt 0.926203 0.795501
vt 0.918357 0.835671
vt 0.899665 0.834918
vt 0.926203 0.795501
vt 0.899665 0.834918
vt 0.906535 0.796234
vt 0.902406 0.760531
vt 0.921751 0.758419
vt 0.926203 0.795501
vt 0.902406 0.760531
vt 0.926203 0.795501
vt 0.906535 0.796234
vt 0.913595 0.877449
vt 0.918357 0.835671
vt 0.936482 0.836537
vt 0.913595 0.877449
vt 0.936482 0.836537
vt 0.931776 0.879315
vt 0.918357 0.835671
vt 0.913595 0.877449
vt 0.894843 0.875224
vt 0.918357 0.835671
vt 0.894843 0.875224
vt 0.899665 0.834918
vt 0.931776 0.879315
vt 0.924491 0.920659
vt 0.906343 0.917921
vt 0.931776 0.879315
vt 0.906343 0.917921
vt 0.913595 0.877449
vt 0.913595 0.877449
vt 0.906343 0.917921
vt 0.887979 0.914370
vt 0.913595 0.877449
vt 0.887979 0.914370
vt 0.894843 0.875224
vt 0.906343 0.917921
vt 0.895395 0.953629
vt 0.877239 0.948987
vt 0.906343 0.917921
vt 0.877239 0.948987
vt 0.887979 0.914370
vt 0.876324 0.872333
vt 0.894843 0.875224
vt 0.887979 0.914370
vt 0.876324 0.872333
vt 0.887979 0.914370
vt 0.869663 0.909915
vt 0.146482 0.832119
vt 0.184936 0.826316
vt 0.185221 0.844454
vt 0.146482 0.832119
vt 0.185221 0.844454
vt 0.148274 0.850032
vt 0.899665 0.834918
vt 0.894843 0.875224
vt 0.876324 0.872333
vt 0.899665 0.834918
vt 0.876324 0.872333
vt 0.881073 0.833788
vt 0.886707 0.797153
vt 0.906535 0.796234
vt 0.899665 0.834918
vt 0.886707 0.797153
vt 0.899665 0.834918
vt 0.881073 0.833788
vt 0.859656 0.869088
vt 0.864336 0.832776
vt 0.881073 0.833788
vt 0.859656 0.869088
vt 0.881073 0.833788
vt 0.876324 0.872333
vt 0.881073 0.833788
vt 0.864336 0.832776
vt 0.866724 0.798733
vt 0.881073 0.833788
vt 0.866724 0.798733
vt 0.886707 0.797153
vt 0.840218 0.800589
vt 0.866724 0.798733
vt 0.864336 0.832776
vt 0.840218 0.800589
vt 0.864336 0.832776
vt 0.839589 0.831439
vt 0.864336 0.832776
vt 0.859656 0.869088
vt 0.835625 0.863627
vt 0.864336 0.832776
vt 0.835625 0.863627
vt 0.839589 0.831439
vt 0.876324 0.872333
vt 0.869663 0.909915
vt 0.852921 0.904269
vt 0.876324 0.872333
vt 0.852921 0.904269
vt 0.859656 0.869088
vt 0.859656 0.869088
vt 0.852921 0.904269
vt 0.829199 0.894611
vt 0.859656 0.869088
vt 0.829199 0.894611
vt 0.835625 0.863627
vt 0.902406 0.760531
vt 0.906535 0.796234
vt 0.886707 0.797153
vt 0.902406 0.760531
vt 0.886707 0.797153
vt 0.882905 0.763303
vt 0.876516 0.730442
vt 0.895874 0.726057
vt 0.902406 0.760531
vt 0.876516 0.730442
vt 0.902406 0.760531
vt 0.882905 0.763303
vt 0.886707 0.797153
vt 0.866724 0.798733
vt 0.862982 0.767313
vt 0.886707 0.797153
vt 0.862982 0.767313
vt 0.882905 0.763303
vt 0.866724 0.798733
vt 0.840218 0.800589
vt 0.837085 0.773290
vt 0.866724 0.798733
vt 0.837085 0.773290
vt 0.862982 0.767313
vt 0.840218 0.800589
vt 0.839589 0.831439
vt 0.823072 0.830586
vt 0.840218 0.800589
vt 0.823072 0.830586
vt 0.822801 0.803622
vt 0.840218 0.800589
vt 0.822801 0.803622
vt 0.819647 0.779573
vt 0.840218 0.800589
vt 0.819647 0.779573
vt 0.837085 0.773290
vt 0.819647 0.858396
vt 0.823072 0.830586
vt 0.839589 0.831439
vt 0.819647 0.858396
vt 0.839589 0.831439
vt 0.835625 0.863627
vt 0.735056 0.273964
vt 0.755649 0.288193
vt 0.735219 0.306033
vt 0.735056 0.273964
vt 0.735219 0.306033
vt 0.718073 0.287628
vt 0.118759 0.930872
vt 0.137793 0.920059
vt 0.156825 0.944757
vt 0.118759 0.930872
vt 0.156825 0.944757
vt 0.141758 0.953629
vt 0.748543 0.257024
vt 0.770239 0.267108
vt 0.755649 0.288193
vt 0.748543 0.257024
vt 0.755649 0.288193
vt 0.735056 0.273964
vt 0.666177 0.573364
vt 0.664204 0.592709
vt 0.629273 0.588810
vt 0.666177 0.573364
vt 0.629273 0.588810
vt 0.629381 0.569412
vt 0.876516 0.730442
vt 0.882905 0.763303
vt 0.862982 0.767313
vt 0.876516 0.730442
vt 0.862982 0.767313
vt 0.857097 0.736558
vt 0.628432 0.608715
vt 0.629273 0.588810
vt 0.664204 0.592709
vt 0.628432 0.608715
vt 0.664204 0.592709
vt 0.661209 0.612798
vt 0.654152 0.639521
vt 0.661209 0.612798
vt 0.690006 0.621496
vt 0.654152 0.639521
vt 0.690006 0.621496
vt 0.679817 0.647140
vt 0.629381 0.569412
vt 0.629273 0.588810
vt 0.592334 0.588740
vt 0.629381 0.569412
vt 0.592334 0.588740
vt 0.590791 0.569174
vt 0.629273 0.588810
vt 0.628432 0.608715
vt 0.593662 0.608730
vt 0.629273 0.588810
vt 0.593662 0.608730
vt 0.592334 0.588740
vt 0.625691 0.635830
vt 0.628432 0.608715
vt 0.661209 0.612798
vt 0.625691 0.635830
vt 0.661209 0.612798
vt 0.654152 0.639521
vt 0.628432 0.608715
vt 0.625691 0.635830
vt 0.594971 0.635763
vt 0.628432 0.608715
vt 0.594971 0.635763
vt 0.593662 0.608730
vt 0.679817 0.647140
vt 0.670394 0.665264
vt 0.647932 0.658328
vt 0.679817 0.647140
vt 0.647932 0.658328
vt 0.654152 0.639521
vt 0.637314 0.684760
vt 0.647932 0.658328
vt 0.670394 0.665264
vt 0.637314 0.684760
vt 0.670394 0.665264
vt 0.655033 0.690006
vt 0.654152 0.639521
vt 0.647932 0.658328
vt 0.622694 0.655098
vt 0.654152 0.639521
vt 0.622694 0.655098
vt 0.625691 0.635830
vt 0.617161 0.682045
vt 0.622694 0.655098
vt 0.647932 0.658328
vt 0.617161 0.682045
vt 0.647932 0.658328
vt 0.637314 0.684760
vt 0.625691 0.635830
vt 0.622694 0.655098
vt 0.595477 0.654982
vt 0.625691 0.635830
vt 0.595477 0.654982
vt 0.594971 0.635763
vt 0.622694 0.655098
vt 0.617161 0.682045
vt 0.595941 0.681775
vt 0.622694 0.655098
vt 0.595941 0.681775
vt 0.595477 0.654982
vt 0.748543 0.257024
vt 0.735056 0.273964
vt 0.708490 0.253762
vt 0.748543 0.257024
vt 0.708490 0.253762
vt 0.718156 0.242524
vt 0.724693 0.229747
vt 0.757827 0.237634
vt 0.748543 0.257024
vt 0.724693 0.229747
vt 0.748543 0.257024
vt 0.718156 0.242524
vt 0.728132 0.215699
vt 0.762408 0.216637
vt 0.757827 0.237634
vt 0.728132 0.215699
vt 0.757827 0.237634
vt 0.724693 0.229747
vt 0.728038 0.201564
vt 0.762443 0.195372
vt 0.762408 0.216637
vt 0.728038 0.201564
vt 0.762408 0.216637
vt 0.728132 0.215699
vt 0.568282 0.658498
vt 0.595477 0.654982
vt 0.595941 0.681775
vt 0.568282 0.658498
vt 0.595941 0.681775
vt 0.574234 0.684727
vt 0.724826 0.187561
vt 0.757463 0.174563
vt 0.762443 0.195372
vt 0.724826 0.187561
vt 0.762443 0.195372
vt 0.728038 0.201564
vt 0.315424 0.477101
vt 0.315232 0.472277
vt 0.317114 0.471797
vt 0.315424 0.477101
vt 0.317114 0.471797
vt 0.317182 0.477081
vt 0.009989 0.181288
vt 0.011559 0.180767
vt 0.012223 0.186854
vt 0.009989 0.181288
vt 0.012223 0.186854
vt 0.010302 0.186602
vt 0.267416 0.179065
vt 0.268961 0.179782
vt 0.266266 0.183390
vt 0.267416 0.179065
vt 0.266266 0.183390
vt 0.265053 0.181874
vt 0.315424 0.477101
vt 0.317182 0.477081
vt 0.315461 0.482045
vt 0.315424 0.477101
vt 0.315461 0.482045
vt 0.313808 0.481271
vt 0.312429 0.480235
vt 0.313766 0.476647
vt 0.315424 0.477101
vt 0.312429 0.480235
vt 0.315424 0.477101
vt 0.313808 0.481271
vt 0.012223 0.186854
vt 0.011559 0.180767
vt 0.013567 0.180524
vt 0.012223 0.186854
vt 0.013567 0.180524
vt 0.014293 0.186740
vt 0.009885 0.191596
vt 0.010302 0.186602
vt 0.012223 0.186854
vt 0.009885 0.191596
vt 0.012223 0.186854
vt 0.011776 0.192438
vt 0.012223 0.186854
vt 0.014293 0.186740
vt 0.013692 0.192653
vt 0.012223 0.186854
vt 0.013692 0.192653
vt 0.011776 0.192438
vt 0.013567 0.180524
vt 0.015571 0.180242
vt 0.016047 0.186574
vt 0.013567 0.180524
vt 0.016047 0.186574
vt 0.014293 0.186740
vt 0.060768 0.067431
vt 0.063011 0.067479
vt 0.063978 0.072965
vt 0.060768 0.067431
vt 0.063978 0.072965
vt 0.061847 0.073277
vt 0.548329 0.050545
vt 0.546848 0.048210
vt 0.553624 0.045497
vt 0.548329 0.050545
vt 0.553624 0.045497
vt 0.554157 0.048197
vt 0.554353 0.050004
vt 0.549156 0.052114
vt 0.548329 0.050545
vt 0.554353 0.050004
vt 0.548329 0.050545
vt 0.554157 0.048197
vt 0.354089 0.414304
vt 0.356830 0.413720
vt 0.357611 0.421726
vt 0.354089 0.414304
vt 0.357611 0.421726
vt 0.354565 0.421616
vt 0.014293 0.186740
vt 0.016047 0.186574
vt 0.015696 0.192371
vt 0.014293 0.186740
vt 0.015696 0.192371
vt 0.013692 0.192653
vt 0.061847 0.073277
vt 0.063978 0.072965
vt 0.066479 0.077629
vt 0.061847 0.073277
vt 0.066479 0.077629
vt 0.064349 0.077941
vt 0.554157 0.048197
vt 0.553624 0.045497
vt 0.560931 0.045497
vt 0.554157 0.048197
vt 0.560931 0.045497
vt 0.560350 0.048102
vt 0.559917 0.050135
vt 0.554353 0.050004
vt 0.554157 0.048197
vt 0.559917 0.050135
vt 0.554157 0.048197
vt 0.560350 0.048102
vt 0.354565 0.421616
vt 0.357611 0.421726
vt 0.356754 0.429344
vt 0.354565 0.421616
vt 0.356754 0.429344
vt 0.354061 0.428667
vt 0.175010 0.610837
vt 0.155247 0.619577
vt 0.150876 0.612939
vt 0.175010 0.610837
vt 0.150876 0.612939
vt 0.171749 0.594845
vt 0.156853 0.627389
vt 0.155247 0.619577
vt 0.175010 0.610837
vt 0.156853 0.627389
vt 0.175010 0.610837
vt 0.171939 0.626828
vt 0.310681 0.484539
vt 0.313808 0.481271
vt 0.315461 0.482045
vt 0.310681 0.484539
vt 0.315461 0.482045
vt 0.312054 0.485896
vt 0.315461 0.482045
vt 0.317078 0.482801
vt 0.313216 0.487022
vt 0.315461 0.482045
vt 0.313216 0.487022
vt 0.312054 0.485896
vt 0.312429 0.480235
vt 0.313808 0.481271
vt 0.310681 0.484539
vt 0.312429 0.480235
vt 0.310681 0.484539
vt 0.309903 0.483006
vt 0.011776 0.192438
vt 0.013692 0.192653
vt 0.012164 0.197144
vt 0.011776 0.192438
vt 0.012164 0.197144
vt 0.010436 0.196684
vt 0.024986 0.238258
vt 0.022785 0.238427
vt 0.022945 0.232865
vt 0.024986 0.238258
vt 0.022945 0.232865
vt 0.025146 0.232696
vt 0.309903 0.483006
vt 0.310681 0.484539
vt 0.307263 0.486244
vt 0.309903 0.483006
vt 0.307263 0.486244
vt 0.306941 0.484341
vt 0.310681 0.484539
vt 0.312054 0.485896
vt 0.307849 0.487879
vt 0.310681 0.484539
vt 0.307849 0.487879
vt 0.307263 0.486244
vt 0.096280 0.269011
vt 0.095116 0.270501
vt 0.090971 0.268265
vt 0.096280 0.269011
vt 0.090971 0.268265
vt 0.092299 0.267352
vt 0.021298 0.238791
vt 0.022785 0.238427
vt 0.023728 0.244009
vt 0.021298 0.238791
vt 0.023728 0.244009
vt 0.022097 0.244159
vt 0.025553 0.243772
vt 0.023728 0.244009
vt 0.022785 0.238427
vt 0.025553 0.243772
vt 0.022785 0.238427
vt 0.024986 0.238258
vt 0.302961 0.484422
vt 0.302796 0.486355
vt 0.298701 0.485085
vt 0.302961 0.484422
vt 0.298701 0.485085
vt 0.299837 0.483412
vt 0.302961 0.484422
vt 0.306941 0.484341
vt 0.307263 0.486244
vt 0.302961 0.484422
vt 0.307263 0.486244
vt 0.302796 0.486355
vt 0.298161 0.486582
vt 0.298701 0.485085
vt 0.302796 0.486355
vt 0.298161 0.486582
vt 0.302796 0.486355
vt 0.302607 0.488276
vt 0.302796 0.486355
vt 0.307263 0.486244
vt 0.307849 0.487879
vt 0.302796 0.486355
vt 0.307849 0.487879
vt 0.302607 0.488276
vt 0.088598 0.259638
vt 0.089763 0.263961
vt 0.088222 0.264851
vt 0.088598 0.259638
vt 0.088222 0.264851
vt 0.086593 0.259904
vt 0.088222 0.264851
vt 0.089763 0.263961
vt 0.092299 0.267352
vt 0.088222 0.264851
vt 0.092299 0.267352
vt 0.090971 0.268265
vt 0.021569 0.249713
vt 0.022097 0.244159
vt 0.023728 0.244009
vt 0.021569 0.249713
vt 0.023728 0.244009
vt 0.023379 0.249869
vt 0.050390 0.263917
vt 0.048666 0.264082
vt 0.048674 0.259032
vt 0.050390 0.263917
vt 0.048674 0.259032
vt 0.050513 0.258537
vt 0.023379 0.249869
vt 0.023728 0.244009
vt 0.025553 0.243772
vt 0.023379 0.249869
vt 0.025553 0.243772
vt 0.025544 0.249609
vt 0.052608 0.263886
vt 0.050390 0.263917
vt 0.050513 0.258537
vt 0.052608 0.263886
vt 0.050513 0.258537
vt 0.052724 0.258234
vt 0.565048 0.052311
vt 0.566126 0.050714
vt 0.570346 0.054934
vt 0.565048 0.052311
vt 0.570346 0.054934
vt 0.568622 0.056096
vt 0.560350 0.048102
vt 0.566126 0.050714
vt 0.565048 0.052311
vt 0.560350 0.048102
vt 0.565048 0.052311
vt 0.559917 0.050135
vt 0.025553 0.243772
vt 0.024986 0.238258
vt 0.027061 0.238509
vt 0.025553 0.243772
vt 0.027061 0.238509
vt 0.027429 0.243234
vt 0.027061 0.238509
vt 0.024986 0.238258
vt 0.025146 0.232696
vt 0.027061 0.238509
vt 0.025146 0.232696
vt 0.027509 0.233377
vt 0.572699 0.053547
vt 0.570346 0.054934
vt 0.566126 0.050714
vt 0.572699 0.053547
vt 0.566126 0.050714
vt 0.567666 0.048432
vt 0.566126 0.050714
vt 0.560350 0.048102
vt 0.560931 0.045497
vt 0.566126 0.050714
vt 0.560931 0.045497
vt 0.567666 0.048432
vt 0.568622 0.056096
vt 0.570346 0.054934
vt 0.572696 0.060874
vt 0.568622 0.056096
vt 0.572696 0.060874
vt 0.570957 0.061361
vt 0.025544 0.249609
vt 0.025553 0.243772
vt 0.027429 0.243234
vt 0.025544 0.249609
vt 0.027429 0.243234
vt 0.027509 0.248709
vt 0.034866 0.009169
vt 0.034729 0.001941
vt 0.036678 0.001119
vt 0.034866 0.009169
vt 0.036678 0.001119
vt 0.036678 0.009162
vt 0.572696 0.060874
vt 0.570346 0.054934
vt 0.572699 0.053547
vt 0.572696 0.060874
vt 0.572699 0.053547
vt 0.575387 0.060379
vt 0.192560 0.379175
vt 0.190549 0.380534
vt 0.185873 0.375439
vt 0.192560 0.379175
vt 0.185873 0.375439
vt 0.188656 0.374471
vt 0.354712 0.435552
vt 0.352058 0.434286
vt 0.354061 0.428667
vt 0.354712 0.435552
vt 0.354061 0.428667
vt 0.356754 0.429344
vt 0.150950 0.649452
vt 0.150702 0.641843
vt 0.155154 0.635200
vt 0.150950 0.649452
vt 0.155154 0.635200
vt 0.163642 0.640286
vt 0.171939 0.626828
vt 0.163642 0.640286
vt 0.155154 0.635200
vt 0.171939 0.626828
vt 0.155154 0.635200
vt 0.156853 0.627389
vt 0.162759 0.062061
vt 0.161734 0.067512
vt 0.159839 0.067668
vt 0.162759 0.062061
vt 0.159839 0.067668
vt 0.160829 0.061609
vt 0.572671 0.067196
vt 0.570756 0.066894
vt 0.570957 0.061361
vt 0.572671 0.067196
vt 0.570957 0.061361
vt 0.572696 0.060874
vt 0.575387 0.060379
vt 0.575382 0.067719
vt 0.572671 0.067196
vt 0.575387 0.060379
vt 0.572671 0.067196
vt 0.572696 0.060874
vt 0.185873 0.375439
vt 0.183613 0.368179
vt 0.186247 0.368021
vt 0.185873 0.375439
vt 0.186247 0.368021
vt 0.188656 0.374471
vt 0.150950 0.649452
vt 0.163642 0.640286
vt 0.170364 0.656523
vt 0.150950 0.649452
vt 0.170364 0.656523
vt 0.153016 0.664121
vt 0.163642 0.640286
vt 0.171939 0.626828
vt 0.188833 0.637617
vt 0.163642 0.640286
vt 0.188833 0.637617
vt 0.180285 0.649895
vt 0.214977 0.635793
vt 0.194359 0.624363
vt 0.196013 0.615207
vt 0.214977 0.635793
vt 0.196013 0.615207
vt 0.221589 0.617091
vt 0.196013 0.615207
vt 0.197679 0.606045
vt 0.223802 0.597412
vt 0.196013 0.615207
vt 0.223802 0.597412
vt 0.221589 0.617091
vt 0.204241 0.652350
vt 0.188833 0.637617
vt 0.194359 0.624363
vt 0.204241 0.652350
vt 0.194359 0.624363
vt 0.214977 0.635793
vt 0.176156 0.674557
vt 0.170364 0.656523
vt 0.180285 0.649895
vt 0.176156 0.674557
vt 0.180285 0.649895
vt 0.190200 0.666181
vt 0.180285 0.649895
vt 0.188833 0.637617
vt 0.204241 0.652350
vt 0.180285 0.649895
vt 0.204241 0.652350
vt 0.190200 0.666181
vt 0.214977 0.635793
vt 0.221589 0.617091
vt 0.250487 0.622592
vt 0.214977 0.635793
vt 0.250487 0.622592
vt 0.241394 0.648114
vt 0.227069 0.670909
vt 0.204241 0.652350
vt 0.214977 0.635793
vt 0.227069 0.670909
vt 0.214977 0.635793
vt 0.241394 0.648114
vt 0.173434 0.518319
vt 0.167992 0.544080
vt 0.153136 0.539011
vt 0.173434 0.518319
vt 0.153136 0.539011
vt 0.154985 0.512086
vt 0.167992 0.544080
vt 0.173434 0.518319
vt 0.190214 0.528649
vt 0.167992 0.544080
vt 0.190214 0.528649
vt 0.180379 0.553236
vt 0.613129 0.486686
vt 0.594662 0.484717
vt 0.590340 0.448190
vt 0.613129 0.486686
vt 0.590340 0.448190
vt 0.614968 0.450719
vt 0.639298 0.454646
vt 0.632254 0.491023
vt 0.613129 0.486686
vt 0.639298 0.454646
vt 0.613129 0.486686
vt 0.614968 0.450719
vt 0.180379 0.553236
vt 0.190214 0.528649
vt 0.204248 0.539561
vt 0.180379 0.553236
vt 0.204248 0.539561
vt 0.188907 0.565316
vt 0.663592 0.464345
vt 0.649271 0.496187
vt 0.632254 0.491023
vt 0.663592 0.464345
vt 0.632254 0.491023
vt 0.639298 0.454646
vt 0.194401 0.578763
vt 0.188907 0.565316
vt 0.204248 0.539561
vt 0.194401 0.578763
vt 0.204248 0.539561
vt 0.214994 0.559036
vt 0.649271 0.496187
vt 0.663592 0.464345
vt 0.687368 0.480166
vt 0.649271 0.496187
vt 0.687368 0.480166
vt 0.667362 0.507519
vt 0.590340 0.448190
vt 0.589243 0.423638
vt 0.617937 0.426736
vt 0.590340 0.448190
vt 0.617937 0.426736
vt 0.614968 0.450719
vt 0.621591 0.400965
vt 0.617937 0.426736
vt 0.589243 0.423638
vt 0.621591 0.400965
vt 0.589243 0.423638
vt 0.589511 0.394981
vt 0.614968 0.450719
vt 0.617937 0.426736
vt 0.645922 0.431276
vt 0.614968 0.450719
vt 0.645922 0.431276
vt 0.639298 0.454646
vt 0.651841 0.414913
vt 0.645922 0.431276
vt 0.617937 0.426736
vt 0.651841 0.414913
vt 0.617937 0.426736
vt 0.621591 0.400965
vt 0.673932 0.442689
vt 0.663592 0.464345
vt 0.639298 0.454646
vt 0.673932 0.442689
vt 0.639298 0.454646
vt 0.645922 0.431276
vt 0.663592 0.464345
vt 0.673932 0.442689
vt 0.701411 0.461043
vt 0.663592 0.464345
vt 0.701411 0.461043
vt 0.687368 0.480166
vt 0.645922 0.431276
vt 0.651841 0.414913
vt 0.681894 0.429380
vt 0.645922 0.431276
vt 0.681894 0.429380
vt 0.673932 0.442689
vt 0.651841 0.414913
vt 0.621591 0.400965
vt 0.626666 0.374388
vt 0.651841 0.414913
vt 0.626666 0.374388
vt 0.662580 0.384501
vt 0.696363 0.400129
vt 0.681894 0.429380
vt 0.651841 0.414913
vt 0.696363 0.400129
vt 0.651841 0.414913
vt 0.662580 0.384501
vt 0.673932 0.442689
vt 0.681894 0.429380
vt 0.710226 0.446801
vt 0.673932 0.442689
vt 0.710226 0.446801
vt 0.701411 0.461043
vt 0.723859 0.426007
vt 0.710226 0.446801
vt 0.681894 0.429380
vt 0.723859 0.426007
vt 0.681894 0.429380
vt 0.696363 0.400129
vt 0.221597 0.577739
vt 0.197416 0.592209
vt 0.194401 0.578763
vt 0.221597 0.577739
vt 0.194401 0.578763
vt 0.214994 0.559036
vt 0.223802 0.597412
vt 0.197679 0.606045
vt 0.197416 0.592209
vt 0.223802 0.597412
vt 0.197416 0.592209
vt 0.221597 0.577739
vt 0.681710 0.518511
vt 0.667362 0.507519
vt 0.687368 0.480166
vt 0.681710 0.518511
vt 0.687368 0.480166
vt 0.706734 0.495164
vt 0.253784 0.595129
vt 0.223802 0.597412
vt 0.221597 0.577739
vt 0.253784 0.595129
vt 0.221597 0.577739
vt 0.250481 0.567857
vt 0.250487 0.622592
vt 0.221589 0.617091
vt 0.223802 0.597412
vt 0.250487 0.622592
vt 0.223802 0.597412
vt 0.253784 0.595129
vt 0.723639 0.478688
vt 0.706734 0.495164
vt 0.687368 0.480166
vt 0.723639 0.478688
vt 0.687368 0.480166
vt 0.701411 0.461043
vt 0.706734 0.495164
vt 0.723639 0.478688
vt 0.741654 0.498519
vt 0.706734 0.495164
vt 0.741654 0.498519
vt 0.722261 0.512029
vt 0.723639 0.478688
vt 0.701411 0.461043
vt 0.710226 0.446801
vt 0.723639 0.478688
vt 0.710226 0.446801
vt 0.743680 0.457871
vt 0.764401 0.481191
vt 0.741654 0.498519
vt 0.723639 0.478688
vt 0.764401 0.481191
vt 0.723639 0.478688
vt 0.743680 0.457871
vt 0.267919 0.626493
vt 0.250487 0.622592
vt 0.253784 0.595129
vt 0.267919 0.626493
vt 0.253784 0.595129
vt 0.271759 0.594942
vt 0.257470 0.656096
vt 0.241394 0.648114
vt 0.250487 0.622592
vt 0.257470 0.656096
vt 0.250487 0.622592
vt 0.267919 0.626493
vt 0.741654 0.498519
vt 0.764401 0.481191
vt 0.777757 0.506030
vt 0.741654 0.498519
vt 0.777757 0.506030
vt 0.753016 0.519224
vt 0.710226 0.446801
vt 0.723859 0.426007
vt 0.752621 0.446891
vt 0.710226 0.446801
vt 0.752621 0.446891
vt 0.743680 0.457871
vt 0.764401 0.481191
vt 0.743680 0.457871
vt 0.752621 0.446891
vt 0.764401 0.481191
vt 0.752621 0.446891
vt 0.774552 0.471979
vt 0.788578 0.498100
vt 0.777757 0.506030
vt 0.764401 0.481191
vt 0.788578 0.498100
vt 0.764401 0.481191
vt 0.774552 0.471979
vt 0.764887 0.430687
vt 0.752621 0.446891
vt 0.723859 0.426007
vt 0.764887 0.430687
vt 0.723859 0.426007
vt 0.735860 0.405111
vt 0.723859 0.426007
vt 0.696363 0.400129
vt 0.704290 0.382582
vt 0.723859 0.426007
vt 0.704290 0.382582
vt 0.735860 0.405111
vt 0.787939 0.457549
vt 0.774552 0.471979
vt 0.752621 0.446891
vt 0.787939 0.457549
vt 0.752621 0.446891
vt 0.764887 0.430687
vt 0.822946 0.359805
vt 0.807567 0.361896
vt 0.809651 0.323443
vt 0.822946 0.359805
vt 0.809651 0.323443
vt 0.825039 0.320237
vt 0.764887 0.430687
vt 0.735860 0.405111
vt 0.744112 0.390840
vt 0.764887 0.430687
vt 0.744112 0.390840
vt 0.774304 0.416796
vt 0.735860 0.405111
vt 0.704290 0.382582
vt 0.711131 0.366264
vt 0.735860 0.405111
vt 0.711131 0.366264
vt 0.744112 0.390840
vt 0.176156 0.674557
vt 0.154954 0.682546
vt 0.153016 0.664121
vt 0.176156 0.674557
vt 0.153016 0.664121
vt 0.170364 0.656523
vt 0.679418 0.676698
vt 0.683388 0.655304
vt 0.717427 0.657522
vt 0.679418 0.676698
vt 0.717427 0.657522
vt 0.712457 0.684188
vt 0.683388 0.655304
vt 0.684192 0.640343
vt 0.718702 0.635562
vt 0.683388 0.655304
vt 0.718702 0.635562
vt 0.717427 0.657522
vt 0.208055 0.690006
vt 0.190200 0.666181
vt 0.204241 0.652350
vt 0.208055 0.690006
vt 0.204241 0.652350
vt 0.227069 0.670909
vt 0.712457 0.684188
vt 0.717427 0.657522
vt 0.740372 0.659054
vt 0.712457 0.684188
vt 0.740372 0.659054
vt 0.734627 0.689891
vt 0.717427 0.657522
vt 0.718702 0.635562
vt 0.741631 0.633482
vt 0.717427 0.657522
vt 0.741631 0.633482
vt 0.740372 0.659054
vt 0.227069 0.670909
vt 0.241394 0.648114
vt 0.257470 0.656096
vt 0.227069 0.670909
vt 0.257470 0.656096
vt 0.240656 0.682403
vt 0.741631 0.633482
vt 0.718702 0.635562
vt 0.714957 0.613217
vt 0.741631 0.633482
vt 0.714957 0.613217
vt 0.737420 0.607931
vt 0.257470 0.656096
vt 0.267919 0.626493
vt 0.287693 0.632011
vt 0.257470 0.656096
vt 0.287693 0.632011
vt 0.267644 0.663428
vt 0.737420 0.607931
vt 0.743399 0.580976
vt 0.755445 0.577383
vt 0.737420 0.607931
vt 0.755445 0.577383
vt 0.768966 0.603130
vt 0.097156 0.260992
vt 0.097984 0.254271
vt 0.100934 0.255896
vt 0.097156 0.260992
vt 0.100934 0.255896
vt 0.100865 0.261517
vt 0.105236 0.260771
vt 0.100865 0.261517
vt 0.100934 0.255896
vt 0.105236 0.260771
vt 0.100934 0.255896
vt 0.105449 0.255511
vt 0.093257 0.253498
vt 0.097984 0.254271
vt 0.097156 0.260992
vt 0.093257 0.253498
vt 0.097156 0.260992
vt 0.092417 0.260226
vt 0.034386 0.127694
vt 0.028288 0.127927
vt 0.028235 0.123931
vt 0.034386 0.127694
vt 0.028235 0.123931
vt 0.034075 0.123931
vt 0.034036 0.130666
vt 0.028645 0.130619
vt 0.028288 0.127927
vt 0.034036 0.130666
vt 0.028288 0.127927
vt 0.034386 0.127694
vt 0.442181 0.008391
vt 0.441650 0.000867
vt 0.446709 0.000920
vt 0.442181 0.008391
vt 0.446709 0.000920
vt 0.447043 0.008446
vt 0.097156 0.260992
vt 0.100865 0.261517
vt 0.101271 0.267801
vt 0.097156 0.260992
vt 0.101271 0.267801
vt 0.097284 0.268208
vt 0.100865 0.261517
vt 0.105236 0.260771
vt 0.105449 0.266502
vt 0.100865 0.261517
vt 0.105449 0.266502
vt 0.101271 0.267801
vt 0.437757 0.001270
vt 0.441650 0.000867
vt 0.442181 0.008391
vt 0.437757 0.001270
vt 0.442181 0.008391
vt 0.438091 0.008795
vt 0.442181 0.008391
vt 0.447043 0.008446
vt 0.447569 0.016972
vt 0.442181 0.008391
vt 0.447569 0.016972
vt 0.442336 0.017220
vt 0.438234 0.017349
vt 0.438091 0.008795
vt 0.442181 0.008391
vt 0.438234 0.017349
vt 0.442181 0.008391
vt 0.442336 0.017220
vt 0.447043 0.008446
vt 0.450714 0.008246
vt 0.451598 0.015933
vt 0.447043 0.008446
vt 0.451598 0.015933
vt 0.447569 0.016972
vt 0.002275 0.916951
vt 0.001115 0.912585
vt 0.007247 0.909443
vt 0.002275 0.916951
vt 0.007247 0.909443
vt 0.007736 0.913848
vt 0.882414 0.309026
vt 0.889211 0.307420
vt 0.891409 0.314959
vt 0.882414 0.309026
vt 0.891409 0.314959
vt 0.882144 0.317240
vt 0.845627 0.709406
vt 0.844113 0.702242
vt 0.846850 0.701752
vt 0.845627 0.709406
vt 0.846850 0.701752
vt 0.848294 0.709462
vt 0.837762 0.698063
vt 0.841478 0.696871
vt 0.844113 0.702242
vt 0.837762 0.698063
vt 0.844113 0.702242
vt 0.839732 0.703616
vt 0.844113 0.702242
vt 0.845627 0.709406
vt 0.841002 0.709624
vt 0.844113 0.702242
vt 0.841002 0.709624
vt 0.839732 0.703616
vt 0.844897 0.717369
vt 0.845627 0.709406
vt 0.848294 0.709462
vt 0.844897 0.717369
vt 0.848294 0.709462
vt 0.847521 0.717978
vt 0.840479 0.716228
vt 0.841002 0.709624
vt 0.845627 0.709406
vt 0.840479 0.716228
vt 0.845627 0.709406
vt 0.844897 0.717369
vt 0.889211 0.307420
vt 0.891308 0.307344
vt 0.893066 0.313720
vt 0.889211 0.307420
vt 0.893066 0.313720
vt 0.891409 0.314959
vt 0.902751 0.310807
vt 0.900257 0.311763
vt 0.900987 0.305789
vt 0.902751 0.310807
vt 0.900987 0.305789
vt 0.902909 0.305688
vt 0.522662 0.509003
vt 0.519958 0.508673
vt 0.519543 0.499413
vt 0.522662 0.509003
vt 0.519543 0.499413
vt 0.522398 0.499160
vt 0.901587 0.318664
vt 0.891409 0.314959
vt 0.893066 0.313720
vt 0.901587 0.318664
vt 0.893066 0.313720
vt 0.901046 0.315914
vt 0.504011 0.504078
vt 0.519958 0.508673
vt 0.518021 0.513493
vt 0.504011 0.504078
vt 0.518021 0.513493
vt 0.502476 0.509273
vt 0.519958 0.508673
vt 0.504011 0.504078
vt 0.503404 0.493393
vt 0.519958 0.508673
vt 0.503404 0.493393
vt 0.519543 0.499413
vt 0.017730 0.316712
vt 0.013621 0.322519
vt 0.011869 0.321652
vt 0.017730 0.316712
vt 0.011869 0.321652
vt 0.016600 0.314881
vt 0.830635 0.707658
vt 0.837416 0.721649
vt 0.829662 0.724768
vt 0.830635 0.707658
vt 0.829662 0.724768
vt 0.825851 0.714788
vt 0.502476 0.509273
vt 0.500653 0.508819
vt 0.501986 0.503436
vt 0.502476 0.509273
vt 0.501986 0.503436
vt 0.504011 0.504078
vt 0.071031 0.055069
vt 0.071064 0.061627
vt 0.069130 0.061894
vt 0.071031 0.055069
vt 0.069130 0.061894
vt 0.069130 0.054466
vt 0.504011 0.504078
vt 0.501986 0.503436
vt 0.501178 0.492563
vt 0.504011 0.504078
vt 0.501178 0.492563
vt 0.503404 0.493393
vt 0.424275 0.397707
vt 0.433868 0.395128
vt 0.434799 0.396964
vt 0.424275 0.397707
vt 0.434799 0.396964
vt 0.424447 0.399585
vt 0.017730 0.316712
vt 0.016600 0.314881
vt 0.028213 0.313521
vt 0.017730 0.316712
vt 0.028213 0.313521
vt 0.028426 0.315710
vt 0.442336 0.017220
vt 0.447569 0.016972
vt 0.447696 0.020524
vt 0.442336 0.017220
vt 0.447696 0.020524
vt 0.442349 0.023226
vt 0.442336 0.017220
vt 0.442349 0.023226
vt 0.438236 0.023079
vt 0.442336 0.017220
vt 0.438236 0.023079
vt 0.438234 0.017349
vt 0.009439 0.911732
vt 0.013747 0.914755
vt 0.011036 0.916774
vt 0.009439 0.911732
vt 0.011036 0.916774
vt 0.007736 0.913848
vt 0.019186 0.916552
vt 0.016166 0.911941
vt 0.018039 0.908783
vt 0.019186 0.916552
vt 0.018039 0.908783
vt 0.022771 0.911566
vt 0.437757 0.027113
vt 0.438236 0.023079
vt 0.442349 0.023226
vt 0.437757 0.027113
vt 0.442349 0.023226
vt 0.442066 0.027509
vt 0.013747 0.914755
vt 0.009439 0.911732
vt 0.011522 0.909094
vt 0.013747 0.914755
vt 0.011522 0.909094
vt 0.016166 0.911941
vt 0.890262 0.327067
vt 0.884531 0.323616
vt 0.882144 0.317240
vt 0.890262 0.327067
vt 0.882144 0.317240
vt 0.891409 0.314959
vt 0.016166 0.911941
vt 0.011522 0.909094
vt 0.013316 0.906601
vt 0.016166 0.911941
vt 0.013316 0.906601
vt 0.018039 0.908783
vt 0.021202 0.901816
vt 0.018039 0.908783
vt 0.013316 0.906601
vt 0.021202 0.901816
vt 0.013316 0.906601
vt 0.016352 0.899704
vt 0.026733 0.904491
vt 0.022771 0.911566
vt 0.018039 0.908783
vt 0.026733 0.904491
vt 0.018039 0.908783
vt 0.021202 0.901816
vt 0.847521 0.717978
vt 0.845302 0.723511
vt 0.842843 0.722097
vt 0.847521 0.717978
vt 0.842843 0.722097
vt 0.844897 0.717369
vt 0.839428 0.725522
vt 0.842843 0.722097
vt 0.845302 0.723511
vt 0.839428 0.725522
vt 0.845302 0.723511
vt 0.841552 0.727167
vt 0.844897 0.717369
vt 0.842843 0.722097
vt 0.839452 0.719422
vt 0.844897 0.717369
vt 0.839452 0.719422
vt 0.840479 0.716228
vt 0.837416 0.721649
vt 0.839452 0.719422
vt 0.842843 0.722097
vt 0.837416 0.721649
vt 0.842843 0.722097
vt 0.839428 0.725522
vt 0.006921 0.007414
vt 0.001373 0.004264
vt 0.003403 0.000524
vt 0.006921 0.007414
vt 0.003403 0.000524
vt 0.008896 0.003420
vt 0.006128 0.010684
vt 0.000524 0.007283
vt 0.001373 0.004264
vt 0.006128 0.010684
vt 0.001373 0.004264
vt 0.006921 0.007414
vt 0.021202 0.901816
vt 0.016352 0.899704
vt 0.018964 0.889572
vt 0.021202 0.901816
vt 0.018964 0.889572
vt 0.024149 0.891195
vt 0.030269 0.893555
vt 0.026733 0.904491
vt 0.021202 0.901816
vt 0.030269 0.893555
vt 0.021202 0.901816
vt 0.024149 0.891195
vt 0.899528 0.329717
vt 0.890262 0.327067
vt 0.891409 0.314959
vt 0.899528 0.329717
vt 0.891409 0.314959
vt 0.901587 0.318664
vt 0.837416 0.721649
vt 0.839428 0.725522
vt 0.832153 0.728976
vt 0.837416 0.721649
vt 0.832153 0.728976
vt 0.829662 0.724768
vt 0.014874 0.015877
vt 0.006128 0.010684
vt 0.006921 0.007414
vt 0.014874 0.015877
vt 0.006921 0.007414
vt 0.016050 0.012863
vt 0.006921 0.007414
vt 0.008896 0.003420
vt 0.018619 0.009116
vt 0.006921 0.007414
vt 0.018619 0.009116
vt 0.016050 0.012863
vt 0.021971 0.303156
vt 0.012332 0.304624
vt 0.011523 0.300272
vt 0.021971 0.303156
vt 0.011523 0.300272
vt 0.022043 0.298716
vt 0.021971 0.303156
vt 0.022043 0.298716
vt 0.032118 0.298678
vt 0.021971 0.303156
vt 0.032118 0.298678
vt 0.031364 0.303580
vt 0.520481 0.486152
vt 0.522398 0.499160
vt 0.519543 0.499413
vt 0.520481 0.486152
vt 0.519543 0.499413
vt 0.517779 0.486236
vt 0.410541 0.396552
vt 0.417435 0.380765
vt 0.431463 0.379979
vt 0.410541 0.396552
vt 0.431463 0.379979
vt 0.425146 0.395558
vt 0.912881 0.317832
vt 0.901587 0.318664
vt 0.901046 0.315914
vt 0.912881 0.317832
vt 0.901046 0.315914
vt 0.912881 0.315092
vt 0.914896 0.329465
vt 0.905631 0.330102
vt 0.901587 0.318664
vt 0.914896 0.329465
vt 0.901587 0.318664
vt 0.912881 0.317832
vt 0.025303 0.883068
vt 0.024149 0.891195
vt 0.018964 0.889572
vt 0.025303 0.883068
vt 0.018964 0.889572
vt 0.019578 0.883295
vt 0.024268 0.873904
vt 0.025303 0.883068
vt 0.019578 0.883295
vt 0.024268 0.873904
vt 0.019578 0.883295
vt 0.019686 0.874449
vt 0.016050 0.012863
vt 0.018619 0.009116
vt 0.027251 0.014393
vt 0.016050 0.012863
vt 0.027251 0.014393
vt 0.024952 0.018186
vt 0.023506 0.021154
vt 0.014874 0.015877
vt 0.016050 0.012863
vt 0.023506 0.021154
vt 0.016050 0.012863
vt 0.024952 0.018186
vt 0.032093 0.884448
vt 0.030269 0.893555
vt 0.024149 0.891195
vt 0.032093 0.884448
vt 0.024149 0.891195
vt 0.025303 0.883068
vt 0.037367 0.024636
vt 0.024952 0.018186
vt 0.027251 0.014393
vt 0.037367 0.024636
vt 0.027251 0.014393
vt 0.037666 0.020800
vt 0.027251 0.014393
vt 0.030393 0.009246
vt 0.040037 0.013436
vt 0.027251 0.014393
vt 0.040037 0.013436
vt 0.037666 0.020800
vt 0.520481 0.486152
vt 0.517779 0.486236
vt 0.517341 0.472427
vt 0.520481 0.486152
vt 0.517341 0.472427
vt 0.519938 0.472867
vt 0.924156 0.316854
vt 0.912881 0.317832
vt 0.912881 0.315092
vt 0.924156 0.316854
vt 0.912881 0.315092
vt 0.924156 0.314114
vt 0.926121 0.328515
vt 0.914896 0.329465
vt 0.912881 0.317832
vt 0.926121 0.328515
vt 0.912881 0.317832
vt 0.924156 0.316854
vt 0.417435 0.380765
vt 0.410541 0.396552
vt 0.396315 0.397525
vt 0.417435 0.380765
vt 0.396315 0.397525
vt 0.402725 0.380190
vt 0.019686 0.874449
vt 0.018899 0.862325
vt 0.022846 0.861501
vt 0.019686 0.874449
vt 0.022846 0.861501
vt 0.024268 0.873904
vt 0.425146 0.395558
vt 0.424275 0.397707
vt 0.409670 0.398701
vt 0.425146 0.395558
vt 0.409670 0.398701
vt 0.410541 0.396552
vt 0.424275 0.397707
vt 0.424447 0.399585
vt 0.410023 0.400744
vt 0.424275 0.397707
vt 0.410023 0.400744
vt 0.409670 0.398701
vt 0.028426 0.315710
vt 0.028213 0.313521
vt 0.042416 0.316158
vt 0.028426 0.315710
vt 0.042416 0.316158
vt 0.042147 0.318230
vt 0.028213 0.313521
vt 0.031364 0.303580
vt 0.043627 0.305839
vt 0.028213 0.313521
vt 0.043627 0.305839
vt 0.042416 0.316158
vt 0.044863 0.301054
vt 0.043627 0.305839
vt 0.031364 0.303580
vt 0.044863 0.301054
vt 0.031364 0.303580
vt 0.032118 0.298678
vt 0.395444 0.399674
vt 0.409670 0.398701
vt 0.410023 0.400744
vt 0.395444 0.399674
vt 0.410023 0.400744
vt 0.395479 0.401856
vt 0.042147 0.318230
vt 0.042416 0.316158
vt 0.056137 0.318678
vt 0.042147 0.318230
vt 0.056137 0.318678
vt 0.056149 0.320493
vt 0.410541 0.396552
vt 0.409670 0.398701
vt 0.395444 0.399674
vt 0.410541 0.396552
vt 0.395444 0.399674
vt 0.396315 0.397525
vt 0.042416 0.316158
vt 0.043627 0.305839
vt 0.057348 0.308359
vt 0.042416 0.316158
vt 0.057348 0.308359
vt 0.056137 0.318678
vt 0.043627 0.305839
vt 0.044863 0.301054
vt 0.058584 0.303574
vt 0.043627 0.305839
vt 0.058584 0.303574
vt 0.057348 0.308359
vt 0.034740 0.028718
vt 0.023506 0.021154
vt 0.024952 0.018186
vt 0.034740 0.028718
vt 0.024952 0.018186
vt 0.037367 0.024636
vt 0.037666 0.020800
vt 0.040037 0.013436
vt 0.053094 0.019072
vt 0.037666 0.020800
vt 0.053094 0.019072
vt 0.049821 0.028713
vt 0.048870 0.032148
vt 0.037367 0.024636
vt 0.037666 0.020800
vt 0.048870 0.032148
vt 0.037666 0.020800
vt 0.049821 0.028713
vt 0.046894 0.036631
vt 0.034740 0.028718
vt 0.037367 0.024636
vt 0.046894 0.036631
vt 0.037367 0.024636
vt 0.048870 0.032148
vt 0.522439 0.436245
vt 0.519938 0.472867
vt 0.517341 0.472427
vt 0.522439 0.436245
vt 0.517341 0.472427
vt 0.519642 0.435617
vt 0.402725 0.380190
vt 0.396315 0.397525
vt 0.357900 0.398454
vt 0.402725 0.380190
vt 0.357900 0.398454
vt 0.363493 0.375214
vt 0.018899 0.862325
vt 0.008611 0.866399
vt 0.003156 0.829844
vt 0.018899 0.862325
vt 0.003156 0.829844
vt 0.012981 0.826016
vt 0.017818 0.825959
vt 0.022846 0.861501
vt 0.018899 0.862325
vt 0.017818 0.825959
vt 0.018899 0.862325
vt 0.012981 0.826016
vt 0.003156 0.829844
vt 0.008611 0.866399
vt 0.006524 0.867469
vt 0.003156 0.829844
vt 0.006524 0.867469
vt 0.001115 0.831196
vt 0.081529 0.052675
vt 0.049821 0.028713
vt 0.053094 0.019072
vt 0.081529 0.052675
vt 0.053094 0.019072
vt 0.090630 0.033666
vt 0.395444 0.399674
vt 0.395479 0.401856
vt 0.358108 0.403496
vt 0.395444 0.399674
vt 0.358108 0.403496
vt 0.357900 0.398454
vt 0.056149 0.320493
vt 0.056137 0.318678
vt 0.092509 0.321940
vt 0.056149 0.320493
vt 0.092509 0.321940
vt 0.092556 0.326342
vt 0.056137 0.318678
vt 0.057348 0.308359
vt 0.093418 0.314914
vt 0.056137 0.318678
vt 0.093418 0.314914
vt 0.092509 0.321940
vt 0.057348 0.308359
vt 0.058584 0.303574
vt 0.094654 0.310130
vt 0.057348 0.308359
vt 0.094654 0.310130
vt 0.093418 0.314914
vt 0.046894 0.036631
vt 0.048870 0.032148
vt 0.081529 0.052675
vt 0.046894 0.036631
vt 0.081529 0.052675
vt 0.078957 0.057010
vt 0.734627 0.689891
vt 0.740372 0.659054
vt 0.761018 0.674312
vt 0.734627 0.689891
vt 0.761018 0.674312
vt 0.765147 0.698756
vt 0.788301 0.633687
vt 0.775138 0.680668
vt 0.761018 0.674312
vt 0.788301 0.633687
vt 0.761018 0.674312
vt 0.771412 0.633291
vt 0.765147 0.698756
vt 0.775138 0.680668
vt 0.782114 0.687116
vt 0.765147 0.698756
vt 0.782114 0.687116
vt 0.780837 0.702506
vt 0.796712 0.690433
vt 0.782114 0.687116
vt 0.775138 0.680668
vt 0.796712 0.690433
vt 0.775138 0.680668
vt 0.800315 0.665256
vt 0.086758 0.091966
vt 0.087110 0.093988
vt 0.084776 0.093690
vt 0.086758 0.091966
vt 0.084776 0.093690
vt 0.084291 0.091364
vt 0.522439 0.436245
vt 0.519642 0.435617
vt 0.520124 0.432639
vt 0.522439 0.436245
vt 0.520124 0.432639
vt 0.522662 0.433960
vt 0.012339 0.822601
vt 0.012981 0.826016
vt 0.003156 0.829844
vt 0.012339 0.822601
vt 0.003156 0.829844
vt 0.002771 0.827858
vt 0.012981 0.826016
vt 0.012339 0.822601
vt 0.016537 0.820383
vt 0.012981 0.826016
vt 0.016537 0.820383
vt 0.017818 0.825959
vt 0.084291 0.091364
vt 0.084834 0.089786
vt 0.087110 0.090352
vt 0.084291 0.091364
vt 0.087110 0.090352
vt 0.086758 0.091966
vt 0.358696 0.373033
vt 0.361189 0.371387
vt 0.362071 0.372563
vt 0.358696 0.373033
vt 0.362071 0.372563
vt 0.360318 0.374517
vt 0.002771 0.827858
vt 0.002006 0.826392
vt 0.010811 0.820298
vt 0.002771 0.827858
vt 0.010811 0.820298
vt 0.012339 0.822601
vt 0.012339 0.822601
vt 0.010811 0.820298
vt 0.014244 0.816929
vt 0.012339 0.822601
vt 0.014244 0.816929
vt 0.016537 0.820383
vt 0.014244 0.816929
vt 0.010811 0.820298
vt 0.009793 0.819285
vt 0.014244 0.816929
vt 0.009793 0.819285
vt 0.012463 0.815392
vt 0.117181 0.045642
vt 0.081529 0.052675
vt 0.096583 0.035149
vt 0.117181 0.045642
vt 0.096583 0.035149
vt 0.100462 0.033613
vt 0.796712 0.690433
vt 0.800315 0.665256
vt 0.816651 0.669669
vt 0.796712 0.690433
vt 0.816651 0.669669
vt 0.812391 0.697567
vt 0.771412 0.633291
vt 0.768966 0.603130
vt 0.783858 0.602029
vt 0.771412 0.633291
vt 0.783858 0.602029
vt 0.788301 0.633687
vt 0.769027 0.575403
vt 0.783858 0.602029
vt 0.768966 0.603130
vt 0.769027 0.575403
vt 0.768966 0.603130
vt 0.755445 0.577383
vt 0.800934 0.637009
vt 0.788301 0.633687
vt 0.783858 0.602029
vt 0.800934 0.637009
vt 0.783858 0.602029
vt 0.797834 0.603248
vt 0.813118 0.445248
vt 0.815211 0.481843
vt 0.803219 0.479435
vt 0.813118 0.445248
vt 0.803219 0.479435
vt 0.795045 0.442845
vt 0.817499 0.639721
vt 0.800934 0.637009
vt 0.797834 0.603248
vt 0.817499 0.639721
vt 0.797834 0.603248
vt 0.813927 0.605151
vt 0.827582 0.444962
vt 0.830398 0.483443
vt 0.815211 0.481843
vt 0.827582 0.444962
vt 0.815211 0.481843
vt 0.813118 0.445248
vt 0.816651 0.669669
vt 0.800315 0.665256
vt 0.800934 0.637009
vt 0.816651 0.669669
vt 0.800934 0.637009
vt 0.817499 0.639721
vt 0.836804 0.518153
vt 0.830398 0.483443
vt 0.846633 0.484291
vt 0.836804 0.518153
vt 0.846633 0.484291
vt 0.853144 0.519907
vt 0.832299 0.674701
vt 0.816651 0.669669
vt 0.817499 0.639721
vt 0.832299 0.674701
vt 0.817499 0.639721
vt 0.833125 0.643539
vt 0.830398 0.483443
vt 0.827582 0.444962
vt 0.843392 0.444634
vt 0.830398 0.483443
vt 0.843392 0.444634
vt 0.846633 0.484291
vt 0.792018 0.404129
vt 0.792007 0.365354
vt 0.807567 0.361896
vt 0.792018 0.404129
vt 0.807567 0.361896
vt 0.807419 0.403179
vt 0.813118 0.445248
vt 0.795045 0.442845
vt 0.792018 0.404129
vt 0.813118 0.445248
vt 0.792018 0.404129
vt 0.807419 0.403179
vt 0.807419 0.403179
vt 0.807567 0.361896
vt 0.822946 0.359805
vt 0.807419 0.403179
vt 0.822946 0.359805
vt 0.822787 0.402204
vt 0.827582 0.444962
vt 0.813118 0.445248
vt 0.807419 0.403179
vt 0.827582 0.444962
vt 0.807419 0.403179
vt 0.822787 0.402204
vt 0.822787 0.402204
vt 0.822946 0.359805
vt 0.838849 0.358004
vt 0.822787 0.402204
vt 0.838849 0.358004
vt 0.838734 0.401599
vt 0.843392 0.444634
vt 0.827582 0.444962
vt 0.822787 0.402204
vt 0.843392 0.444634
vt 0.822787 0.402204
vt 0.838734 0.401599
vt 0.822946 0.359805
vt 0.825039 0.320237
vt 0.840871 0.317678
vt 0.822946 0.359805
vt 0.840871 0.317678
vt 0.838849 0.358004
vt 0.751422 0.377509
vt 0.781861 0.403147
vt 0.774304 0.416796
vt 0.751422 0.377509
vt 0.774304 0.416796
vt 0.744112 0.390840
vt 0.855383 0.357026
vt 0.838849 0.358004
vt 0.840871 0.317678
vt 0.855383 0.357026
vt 0.840871 0.317678
vt 0.857164 0.316071
vt 0.781861 0.403147
vt 0.751422 0.377509
vt 0.757246 0.364369
vt 0.781861 0.403147
vt 0.757246 0.364369
vt 0.788578 0.389879
vt 0.855591 0.400892
vt 0.838734 0.401599
vt 0.838849 0.358004
vt 0.855591 0.400892
vt 0.838849 0.358004
vt 0.855383 0.357026
vt 0.855383 0.357026
vt 0.869332 0.356416
vt 0.869596 0.400363
vt 0.855383 0.357026
vt 0.869596 0.400363
vt 0.855591 0.400892
vt 0.855383 0.357026
vt 0.857164 0.316071
vt 0.871496 0.315442
vt 0.855383 0.357026
vt 0.871496 0.315442
vt 0.869332 0.356416
vt 0.875802 0.400114
vt 0.869596 0.400363
vt 0.869332 0.356416
vt 0.875802 0.400114
vt 0.869332 0.356416
vt 0.875776 0.357168
vt 0.877932 0.316937
vt 0.875776 0.357168
vt 0.869332 0.356416
vt 0.877932 0.316937
vt 0.869332 0.356416
vt 0.871496 0.315442
vt 0.843392 0.444634
vt 0.838734 0.401599
vt 0.855591 0.400892
vt 0.843392 0.444634
vt 0.855591 0.400892
vt 0.859159 0.444067
vt 0.863535 0.484781
vt 0.846633 0.484291
vt 0.843392 0.444634
vt 0.863535 0.484781
vt 0.843392 0.444634
vt 0.859159 0.444067
vt 0.870286 0.521025
vt 0.853144 0.519907
vt 0.846633 0.484291
vt 0.870286 0.521025
vt 0.846633 0.484291
vt 0.863535 0.484781
vt 0.859159 0.444067
vt 0.855591 0.400892
vt 0.869596 0.400363
vt 0.859159 0.444067
vt 0.869596 0.400363
vt 0.872346 0.443498
vt 0.859159 0.444067
vt 0.872346 0.443498
vt 0.876203 0.484507
vt 0.859159 0.444067
vt 0.876203 0.484507
vt 0.863535 0.484781
vt 0.878751 0.442309
vt 0.872346 0.443498
vt 0.869596 0.400363
vt 0.878751 0.442309
vt 0.869596 0.400363
vt 0.875802 0.400114
vt 0.045847 0.039558
vt 0.045847 0.082526
vt 0.042244 0.081926
vt 0.045847 0.039558
vt 0.042244 0.081926
vt 0.042193 0.039597
vt 0.876203 0.484507
vt 0.872346 0.443498
vt 0.878751 0.442309
vt 0.876203 0.484507
vt 0.878751 0.442309
vt 0.882313 0.482610
vt 0.391300 0.000859
vt 0.394289 0.005359
vt 0.369491 0.025567
vt 0.391300 0.000859
vt 0.369491 0.025567
vt 0.367073 0.020646
vt 0.479567 0.824515
vt 0.522872 0.823708
vt 0.522635 0.829391
vt 0.479567 0.824515
vt 0.522635 0.829391
vt 0.479702 0.829841
vt 0.522635 0.829391
vt 0.522872 0.823708
vt 0.564771 0.823304
vt 0.522635 0.829391
vt 0.564771 0.823304
vt 0.564165 0.828201
vt 0.415538 0.356638
vt 0.392766 0.332848
vt 0.396199 0.328091
vt 0.415538 0.356638
vt 0.396199 0.328091
vt 0.419340 0.352614
vt 0.364937 0.306646
vt 0.396199 0.328091
vt 0.392766 0.332848
vt 0.364937 0.306646
vt 0.392766 0.332848
vt 0.362091 0.312045
vt 0.479567 0.824515
vt 0.479702 0.829841
vt 0.435808 0.827306
vt 0.479567 0.824515
vt 0.435808 0.827306
vt 0.435487 0.822159
vt 0.394508 0.817544
vt 0.435487 0.822159
vt 0.435808 0.827306
vt 0.394508 0.817544
vt 0.435808 0.827306
vt 0.394829 0.822691
vt 0.435487 0.822159
vt 0.435691 0.815484
vt 0.479586 0.817636
vt 0.435487 0.822159
vt 0.479586 0.817636
vt 0.479567 0.824515
vt 0.394526 0.811048
vt 0.435691 0.815484
vt 0.435487 0.822159
vt 0.394526 0.811048
vt 0.435487 0.822159
vt 0.394508 0.817544
vt 0.479870 0.805256
vt 0.479586 0.817636
vt 0.435691 0.815484
vt 0.479870 0.805256
vt 0.435691 0.815484
vt 0.436160 0.803307
vt 0.435691 0.815484
vt 0.394526 0.811048
vt 0.395450 0.798844
vt 0.435691 0.815484
vt 0.395450 0.798844
vt 0.436160 0.803307
vt 0.522872 0.823708
vt 0.479567 0.824515
vt 0.479586 0.817636
vt 0.522872 0.823708
vt 0.479586 0.817636
vt 0.522706 0.816626
vt 0.564973 0.817394
vt 0.564771 0.823304
vt 0.522872 0.823708
vt 0.564973 0.817394
vt 0.522872 0.823708
vt 0.522706 0.816626
vt 0.479586 0.817636
vt 0.479870 0.805256
vt 0.522621 0.803839
vt 0.479586 0.817636
vt 0.522621 0.803839
vt 0.522706 0.816626
vt 0.479870 0.805256
vt 0.436160 0.803307
vt 0.437416 0.785245
vt 0.479870 0.805256
vt 0.437416 0.785245
vt 0.480571 0.786968
vt 0.479870 0.805256
vt 0.480571 0.786968
vt 0.522866 0.785578
vt 0.479870 0.805256
vt 0.522866 0.785578
vt 0.522621 0.803839
vt 0.480571 0.786968
vt 0.437416 0.785245
vt 0.438991 0.766676
vt 0.480571 0.786968
vt 0.438991 0.766676
vt 0.481319 0.768401
vt 0.522417 0.766989
vt 0.522866 0.785578
vt 0.480571 0.786968
vt 0.522417 0.766989
vt 0.480571 0.786968
vt 0.481319 0.768401
vt 0.590719 0.378393
vt 0.589511 0.394981
vt 0.558654 0.395724
vt 0.590719 0.378393
vt 0.558654 0.395724
vt 0.558002 0.379379
vt 0.626666 0.374388
vt 0.621591 0.400965
vt 0.589511 0.394981
vt 0.626666 0.374388
vt 0.589511 0.394981
vt 0.590719 0.378393
vt 0.558002 0.379379
vt 0.558775 0.357512
vt 0.593352 0.356282
vt 0.558002 0.379379
vt 0.593352 0.356282
vt 0.590719 0.378393
vt 0.596771 0.339321
vt 0.593352 0.356282
vt 0.558775 0.357512
vt 0.596771 0.339321
vt 0.558775 0.357512
vt 0.561226 0.340399
vt 0.590719 0.378393
vt 0.593352 0.356282
vt 0.630000 0.360265
vt 0.590719 0.378393
vt 0.630000 0.360265
vt 0.626666 0.374388
vt 0.593352 0.356282
vt 0.596771 0.339321
vt 0.634657 0.343697
vt 0.593352 0.356282
vt 0.634657 0.343697
vt 0.630000 0.360265
vt 0.374818 0.644048
vt 0.373709 0.657251
vt 0.333198 0.652734
vt 0.374818 0.644048
vt 0.333198 0.652734
vt 0.335117 0.639669
vt 0.331581 0.665526
vt 0.333198 0.652734
vt 0.373709 0.657251
vt 0.331581 0.665526
vt 0.373709 0.657251
vt 0.372652 0.670188
vt 0.596771 0.339321
vt 0.601409 0.325506
vt 0.639901 0.327017
vt 0.596771 0.339321
vt 0.639901 0.327017
vt 0.634657 0.343697
vt 0.601409 0.325506
vt 0.605709 0.312017
vt 0.643976 0.314407
vt 0.601409 0.325506
vt 0.643976 0.314407
vt 0.639901 0.327017
vt 0.662580 0.384501
vt 0.626666 0.374388
vt 0.630000 0.360265
vt 0.662580 0.384501
vt 0.630000 0.360265
vt 0.667842 0.367051
vt 0.704290 0.382582
vt 0.696363 0.400129
vt 0.662580 0.384501
vt 0.704290 0.382582
vt 0.662580 0.384501
vt 0.667842 0.367051
vt 0.630000 0.360265
vt 0.634657 0.343697
vt 0.673866 0.351408
vt 0.630000 0.360265
vt 0.673866 0.351408
vt 0.667842 0.367051
vt 0.679268 0.336668
vt 0.673866 0.351408
vt 0.634657 0.343697
vt 0.679268 0.336668
vt 0.634657 0.343697
vt 0.639901 0.327017
vt 0.711131 0.366264
vt 0.704290 0.382582
vt 0.667842 0.367051
vt 0.711131 0.366264
vt 0.667842 0.367051
vt 0.673866 0.351408
vt 0.372652 0.670188
vt 0.371723 0.681038
vt 0.330601 0.676642
vt 0.372652 0.670188
vt 0.330601 0.676642
vt 0.331581 0.665526
vt 0.371723 0.681038
vt 0.370453 0.689300
vt 0.329921 0.684729
vt 0.371723 0.681038
vt 0.329921 0.684729
vt 0.330601 0.676642
vt 0.133193 0.294341
vt 0.130876 0.288137
vt 0.166448 0.277479
vt 0.133193 0.294341
vt 0.166448 0.277479
vt 0.167983 0.284011
vt 0.584459 0.509599
vt 0.585123 0.514165
vt 0.543538 0.519312
vt 0.584459 0.509599
vt 0.543538 0.519312
vt 0.543147 0.514729
vt 0.585123 0.514165
vt 0.585888 0.520402
vt 0.544588 0.525803
vt 0.585123 0.514165
vt 0.544588 0.525803
vt 0.543538 0.519312
vt 0.546223 0.537748
vt 0.544588 0.525803
vt 0.585888 0.520402
vt 0.546223 0.537748
vt 0.585888 0.520402
vt 0.587261 0.532635
vt 0.331581 0.665526
vt 0.330601 0.676642
vt 0.289643 0.676073
vt 0.331581 0.665526
vt 0.289643 0.676073
vt 0.291020 0.664954
vt 0.330601 0.676642
vt 0.329921 0.684729
vt 0.290024 0.684288
vt 0.330601 0.676642
vt 0.290024 0.684288
vt 0.289643 0.676073
vt 0.167983 0.284011
vt 0.166448 0.277479
vt 0.205379 0.271312
vt 0.167983 0.284011
vt 0.205379 0.271312
vt 0.205569 0.277816
vt 0.166448 0.277479
vt 0.166791 0.272506
vt 0.205723 0.266340
vt 0.166448 0.277479
vt 0.205723 0.266340
vt 0.205379 0.271312
vt 0.543538 0.519312
vt 0.544588 0.525803
vt 0.504238 0.535018
vt 0.543538 0.519312
vt 0.504238 0.535018
vt 0.503461 0.528509
vt 0.544588 0.525803
vt 0.546223 0.537748
vt 0.506177 0.546994
vt 0.544588 0.525803
vt 0.506177 0.546994
vt 0.504238 0.535018
vt 0.546223 0.537748
vt 0.587261 0.532635
vt 0.589076 0.550349
vt 0.546223 0.537748
vt 0.589076 0.550349
vt 0.548900 0.555730
vt 0.509664 0.564654
vt 0.506177 0.546994
vt 0.546223 0.537748
vt 0.509664 0.564654
vt 0.546223 0.537748
vt 0.548900 0.555730
vt 0.673866 0.351408
vt 0.679268 0.336668
vt 0.717149 0.352555
vt 0.673866 0.351408
vt 0.717149 0.352555
vt 0.711131 0.366264
vt 0.679268 0.336668
vt 0.639901 0.327017
vt 0.643976 0.314407
vt 0.679268 0.336668
vt 0.643976 0.314407
vt 0.684461 0.323051
vt 0.679268 0.336668
vt 0.684461 0.323051
vt 0.722741 0.339445
vt 0.679268 0.336668
vt 0.722741 0.339445
vt 0.717149 0.352555
vt 0.643976 0.314407
vt 0.647925 0.304312
vt 0.688154 0.314676
vt 0.643976 0.314407
vt 0.688154 0.314676
vt 0.684461 0.323051
vt 0.289643 0.676073
vt 0.290024 0.684288
vt 0.251621 0.689690
vt 0.289643 0.676073
vt 0.251621 0.689690
vt 0.250649 0.681648
vt 0.205569 0.277816
vt 0.205379 0.271312
vt 0.247326 0.271553
vt 0.205569 0.277816
vt 0.247326 0.271553
vt 0.246544 0.277566
vt 0.205379 0.271312
vt 0.205723 0.266340
vt 0.248042 0.266119
vt 0.205379 0.271312
vt 0.248042 0.266119
vt 0.247326 0.271553
vt 0.503461 0.528509
vt 0.504238 0.535018
vt 0.467213 0.549274
vt 0.503461 0.528509
vt 0.467213 0.549274
vt 0.466174 0.543052
vt 0.684461 0.323051
vt 0.688154 0.314676
vt 0.726591 0.330494
vt 0.684461 0.323051
vt 0.726591 0.330494
vt 0.722741 0.339445
vt 0.504238 0.535018
vt 0.506177 0.546994
vt 0.469754 0.561806
vt 0.504238 0.535018
vt 0.469754 0.561806
vt 0.467213 0.549274
vt 0.474069 0.578922
vt 0.469754 0.561806
vt 0.506177 0.546994
vt 0.474069 0.578922
vt 0.506177 0.546994
vt 0.509664 0.564654
vt 0.250649 0.681648
vt 0.251621 0.689690
vt 0.217616 0.698487
vt 0.250649 0.681648
vt 0.217616 0.698487
vt 0.215932 0.691097
vt 0.246544 0.277566
vt 0.247326 0.271553
vt 0.288294 0.276916
vt 0.246544 0.277566
vt 0.288294 0.276916
vt 0.286839 0.282914
vt 0.247326 0.271553
vt 0.248042 0.266119
vt 0.288878 0.271541
vt 0.247326 0.271553
vt 0.288878 0.271541
vt 0.288294 0.276916
vt 0.248042 0.266119
vt 0.248637 0.260719
vt 0.289390 0.265575
vt 0.248042 0.266119
vt 0.289390 0.265575
vt 0.288878 0.271541
vt 0.467213 0.549274
vt 0.469754 0.561806
vt 0.438489 0.578571
vt 0.467213 0.549274
vt 0.438489 0.578571
vt 0.435612 0.565959
vt 0.469754 0.561806
vt 0.474069 0.578922
vt 0.443401 0.595480
vt 0.469754 0.561806
vt 0.443401 0.595480
vt 0.438489 0.578571
vt 0.551729 0.574264
vt 0.548900 0.555730
vt 0.589076 0.550349
vt 0.551729 0.574264
vt 0.589076 0.550349
vt 0.590791 0.569174
vt 0.513879 0.582881
vt 0.509664 0.564654
vt 0.548900 0.555730
vt 0.513879 0.582881
vt 0.548900 0.555730
vt 0.551729 0.574264
vt 0.479397 0.596858
vt 0.474069 0.578922
vt 0.509664 0.564654
vt 0.479397 0.596858
vt 0.509664 0.564654
vt 0.513879 0.582881
vt 0.751422 0.377509
vt 0.744112 0.390840
vt 0.711131 0.366264
vt 0.751422 0.377509
vt 0.711131 0.366264
vt 0.717149 0.352555
vt 0.751422 0.377509
vt 0.717149 0.352555
vt 0.722741 0.339445
vt 0.751422 0.377509
vt 0.722741 0.339445
vt 0.757246 0.364369
vt 0.757246 0.364369
vt 0.722741 0.339445
vt 0.726591 0.330494
vt 0.757246 0.364369
vt 0.726591 0.330494
vt 0.762080 0.353032
vt 0.871496 0.315442
vt 0.857164 0.316071
vt 0.861479 0.281159
vt 0.871496 0.315442
vt 0.861479 0.281159
vt 0.876003 0.280334
vt 0.215932 0.691097
vt 0.217616 0.698487
vt 0.189260 0.710637
vt 0.215932 0.691097
vt 0.189260 0.710637
vt 0.186816 0.704166
vt 0.286839 0.282914
vt 0.288294 0.276916
vt 0.328169 0.289536
vt 0.286839 0.282914
vt 0.328169 0.289536
vt 0.325910 0.295578
vt 0.288294 0.276916
vt 0.288878 0.271541
vt 0.329395 0.280261
vt 0.288294 0.276916
vt 0.329395 0.280261
vt 0.329004 0.285262
vt 0.329801 0.271916
vt 0.329395 0.280261
vt 0.288878 0.271541
vt 0.329801 0.271916
vt 0.288878 0.271541
vt 0.289390 0.265575
vt 0.474069 0.578922
vt 0.479397 0.596858
vt 0.449883 0.612682
vt 0.474069 0.578922
vt 0.449883 0.612682
vt 0.443401 0.595480
vt 0.458146 0.630062
vt 0.449883 0.612682
vt 0.479397 0.596858
vt 0.458146 0.630062
vt 0.479397 0.596858
vt 0.485929 0.614958
vt 0.479397 0.596858
vt 0.513879 0.582881
vt 0.519028 0.602052
vt 0.479397 0.596858
vt 0.519028 0.602052
vt 0.485929 0.614958
vt 0.421688 0.622604
vt 0.443401 0.595480
vt 0.449883 0.612682
vt 0.421688 0.622604
vt 0.449883 0.612682
vt 0.429205 0.638384
vt 0.449883 0.612682
vt 0.458146 0.630062
vt 0.438269 0.653916
vt 0.449883 0.612682
vt 0.438269 0.653916
vt 0.429205 0.638384
vt 0.458146 0.630062
vt 0.485929 0.614958
vt 0.493961 0.633747
vt 0.458146 0.630062
vt 0.493961 0.633747
vt 0.467884 0.647589
vt 0.458146 0.630062
vt 0.467884 0.647589
vt 0.448852 0.666948
vt 0.458146 0.630062
vt 0.448852 0.666948
vt 0.438269 0.653916
vt 0.467884 0.647589
vt 0.484331 0.671500
vt 0.466707 0.686291
vt 0.467884 0.647589
vt 0.466707 0.686291
vt 0.448852 0.666948
vt 0.507267 0.658144
vt 0.484331 0.671500
vt 0.467884 0.647589
vt 0.507267 0.658144
vt 0.467884 0.647589
vt 0.493961 0.633747
vt 0.739724 0.085196
vt 0.731529 0.100991
vt 0.706446 0.089234
vt 0.739724 0.085196
vt 0.706446 0.089234
vt 0.713921 0.072211
vt 0.518097 0.674781
vt 0.497447 0.686891
vt 0.484331 0.671500
vt 0.518097 0.674781
vt 0.484331 0.671500
vt 0.507267 0.658144
vt 0.731529 0.100991
vt 0.752696 0.117841
vt 0.734654 0.138842
vt 0.731529 0.100991
vt 0.734654 0.138842
vt 0.717639 0.125769
vt 0.698011 0.116922
vt 0.706446 0.089234
vt 0.731529 0.100991
vt 0.698011 0.116922
vt 0.731529 0.100991
vt 0.717639 0.125769
vt 0.682610 0.044793
vt 0.718406 0.051662
vt 0.713921 0.072211
vt 0.682610 0.044793
vt 0.713921 0.072211
vt 0.682316 0.066120
vt 0.713921 0.072211
vt 0.706446 0.089234
vt 0.682263 0.083384
vt 0.713921 0.072211
vt 0.682263 0.083384
vt 0.682316 0.066120
vt 0.706446 0.089234
vt 0.698011 0.116922
vt 0.676364 0.112649
vt 0.706446 0.089234
vt 0.676364 0.112649
vt 0.682263 0.083384
vt 0.590791 0.569174
vt 0.592334 0.588740
vt 0.555174 0.593441
vt 0.590791 0.569174
vt 0.555174 0.593441
vt 0.551729 0.574264
vt 0.558709 0.613072
vt 0.555174 0.593441
vt 0.592334 0.588740
vt 0.558709 0.613072
vt 0.592334 0.588740
vt 0.593662 0.608730
vt 0.551729 0.574264
vt 0.555174 0.593441
vt 0.519028 0.602052
vt 0.551729 0.574264
vt 0.519028 0.602052
vt 0.513879 0.582881
vt 0.555174 0.593441
vt 0.558709 0.613072
vt 0.524770 0.621324
vt 0.555174 0.593441
vt 0.524770 0.621324
vt 0.519028 0.602052
vt 0.564444 0.639657
vt 0.558709 0.613072
vt 0.593662 0.608730
vt 0.564444 0.639657
vt 0.593662 0.608730
vt 0.594971 0.635763
vt 0.534677 0.647258
vt 0.524770 0.621324
vt 0.558709 0.613072
vt 0.534677 0.647258
vt 0.558709 0.613072
vt 0.564444 0.639657
vt 0.568282 0.658498
vt 0.564444 0.639657
vt 0.594971 0.635763
vt 0.568282 0.658498
vt 0.594971 0.635763
vt 0.595477 0.654982
vt 0.485929 0.614958
vt 0.519028 0.602052
vt 0.524770 0.621324
vt 0.485929 0.614958
vt 0.524770 0.621324
vt 0.493961 0.633747
vt 0.507267 0.658144
vt 0.493961 0.633747
vt 0.524770 0.621324
vt 0.507267 0.658144
vt 0.524770 0.621324
vt 0.534677 0.647258
vt 0.564444 0.639657
vt 0.568282 0.658498
vt 0.542117 0.664941
vt 0.564444 0.639657
vt 0.542117 0.664941
vt 0.534677 0.647258
vt 0.568282 0.658498
vt 0.574234 0.684727
vt 0.553373 0.690006
vt 0.568282 0.658498
vt 0.553373 0.690006
vt 0.542117 0.664941
vt 0.518097 0.674781
vt 0.507267 0.658144
vt 0.534677 0.647258
vt 0.518097 0.674781
vt 0.534677 0.647258
vt 0.542117 0.664941
vt 0.734654 0.138842
vt 0.752696 0.117841
vt 0.770239 0.138736
vt 0.734654 0.138842
vt 0.770239 0.138736
vt 0.748158 0.155362
vt 0.718237 0.174810
vt 0.748158 0.155362
vt 0.757463 0.174563
vt 0.718237 0.174810
vt 0.757463 0.174563
vt 0.724826 0.187561
vt 0.708928 0.164004
vt 0.734654 0.138842
vt 0.748158 0.155362
vt 0.708928 0.164004
vt 0.748158 0.155362
vt 0.718237 0.174810
vt 0.696931 0.155411
vt 0.717639 0.125769
vt 0.734654 0.138842
vt 0.696931 0.155411
vt 0.734654 0.138842
vt 0.708928 0.164004
vt 0.877932 0.316937
vt 0.871496 0.315442
vt 0.876003 0.280334
vt 0.877932 0.316937
vt 0.876003 0.280334
vt 0.882566 0.282668
vt 0.364937 0.306646
vt 0.362091 0.312045
vt 0.325910 0.295578
vt 0.364937 0.306646
vt 0.325910 0.295578
vt 0.328169 0.289536
vt 0.366146 0.301910
vt 0.364937 0.306646
vt 0.328169 0.289536
vt 0.366146 0.301910
vt 0.328169 0.289536
vt 0.329004 0.285262
vt 0.394526 0.811048
vt 0.394508 0.817544
vt 0.359515 0.811294
vt 0.394526 0.811048
vt 0.359515 0.811294
vt 0.359531 0.805179
vt 0.395450 0.798844
vt 0.394526 0.811048
vt 0.359531 0.805179
vt 0.395450 0.798844
vt 0.359531 0.805179
vt 0.360369 0.794172
vt 0.329801 0.271916
vt 0.289390 0.265575
vt 0.290169 0.255240
vt 0.329801 0.271916
vt 0.290169 0.255240
vt 0.329934 0.259129
vt 0.396994 0.780857
vt 0.395450 0.798844
vt 0.360369 0.794172
vt 0.396994 0.780857
vt 0.360369 0.794172
vt 0.362655 0.776234
vt 0.437416 0.785245
vt 0.436160 0.803307
vt 0.395450 0.798844
vt 0.437416 0.785245
vt 0.395450 0.798844
vt 0.396994 0.780857
vt 0.438489 0.578571
vt 0.443401 0.595480
vt 0.421688 0.622604
vt 0.438489 0.578571
vt 0.421688 0.622604
vt 0.415741 0.607116
vt 0.362655 0.776234
vt 0.366000 0.758217
vt 0.399681 0.762359
vt 0.362655 0.776234
vt 0.399681 0.762359
vt 0.396994 0.780857
vt 0.366000 0.758217
vt 0.370775 0.740147
vt 0.403139 0.744093
vt 0.366000 0.758217
vt 0.403139 0.744093
vt 0.399681 0.762359
vt 0.438991 0.766676
vt 0.437416 0.785245
vt 0.396994 0.780857
vt 0.438991 0.766676
vt 0.396994 0.780857
vt 0.399681 0.762359
vt 0.441606 0.748107
vt 0.438991 0.766676
vt 0.399681 0.762359
vt 0.441606 0.748107
vt 0.399681 0.762359
vt 0.403139 0.744093
vt 0.482366 0.749786
vt 0.481319 0.768401
vt 0.438991 0.766676
vt 0.482366 0.749786
vt 0.438991 0.766676
vt 0.441606 0.748107
vt 0.441606 0.748107
vt 0.403139 0.744093
vt 0.407553 0.726258
vt 0.441606 0.748107
vt 0.407553 0.726258
vt 0.444164 0.730152
vt 0.483626 0.731557
vt 0.482366 0.749786
vt 0.441606 0.748107
vt 0.483626 0.731557
vt 0.441606 0.748107
vt 0.444164 0.730152
vt 0.407553 0.726258
vt 0.403139 0.744093
vt 0.370775 0.740147
vt 0.407553 0.726258
vt 0.370775 0.740147
vt 0.376607 0.722382
vt 0.376607 0.722382
vt 0.383575 0.707546
vt 0.413186 0.710919
vt 0.376607 0.722382
vt 0.413186 0.710919
vt 0.407553 0.726258
vt 0.447470 0.714034
vt 0.444164 0.730152
vt 0.407553 0.726258
vt 0.447470 0.714034
vt 0.407553 0.726258
vt 0.413186 0.710919
vt 0.682610 0.044793
vt 0.682316 0.066120
vt 0.649121 0.066686
vt 0.682610 0.044793
vt 0.649121 0.066686
vt 0.645078 0.045296
vt 0.227519 0.803284
vt 0.187659 0.806784
vt 0.187310 0.794984
vt 0.227519 0.803284
vt 0.187310 0.794984
vt 0.226527 0.791681
vt 0.165733 0.138957
vt 0.125095 0.132234
vt 0.125584 0.124480
vt 0.165733 0.138957
vt 0.125584 0.124480
vt 0.167166 0.131591
vt 0.106872 0.026191
vt 0.076844 0.005402
vt 0.079922 0.000859
vt 0.106872 0.026191
vt 0.079922 0.000859
vt 0.109433 0.021092
vt 0.778851 0.116866
vt 0.778829 0.158054
vt 0.773382 0.158389
vt 0.778851 0.116866
vt 0.773382 0.158389
vt 0.770959 0.118576
vt 0.800607 0.201565
vt 0.788281 0.201463
vt 0.784735 0.157936
vt 0.800607 0.201565
vt 0.784735 0.157936
vt 0.795638 0.157796
vt 0.787023 0.116298
vt 0.795638 0.157796
vt 0.784735 0.157936
vt 0.787023 0.116298
vt 0.784735 0.157936
vt 0.778851 0.116866
vt 0.817714 0.201157
vt 0.800607 0.201565
vt 0.795638 0.157796
vt 0.817714 0.201157
vt 0.795638 0.157796
vt 0.812696 0.157928
vt 0.803641 0.116494
vt 0.812696 0.157928
vt 0.795638 0.157796
vt 0.803641 0.116494
vt 0.795638 0.157796
vt 0.787023 0.116298
vt 0.834426 0.201185
vt 0.817714 0.201157
vt 0.812696 0.157928
vt 0.834426 0.201185
vt 0.812696 0.157928
vt 0.829516 0.158201
vt 0.820846 0.117432
vt 0.829516 0.158201
vt 0.812696 0.157928
vt 0.820846 0.117432
vt 0.812696 0.157928
vt 0.803641 0.116494
vt 0.185168 0.808746
vt 0.225432 0.810224
vt 0.223776 0.827598
vt 0.185168 0.808746
vt 0.223776 0.827598
vt 0.184936 0.826316
vt 0.223776 0.827598
vt 0.225432 0.810224
vt 0.268696 0.812327
vt 0.223776 0.827598
vt 0.268696 0.812327
vt 0.265938 0.827774
vt 0.305969 0.835555
vt 0.265938 0.827774
vt 0.268696 0.812327
vt 0.305969 0.835555
vt 0.268696 0.812327
vt 0.310245 0.818779
vt 0.223776 0.827598
vt 0.265938 0.827774
vt 0.262562 0.845625
vt 0.223776 0.827598
vt 0.262562 0.845625
vt 0.222116 0.845750
vt 0.185221 0.844454
vt 0.184936 0.826316
vt 0.223776 0.827598
vt 0.185221 0.844454
vt 0.223776 0.827598
vt 0.222116 0.845750
vt 0.273976 0.254968
vt 0.284255 0.258552
vt 0.283473 0.261331
vt 0.273976 0.254968
vt 0.283473 0.261331
vt 0.273440 0.257624
vt 0.693037 0.233958
vt 0.685420 0.234584
vt 0.684701 0.222587
vt 0.693037 0.233958
vt 0.684701 0.222587
vt 0.692318 0.221961
vt 0.262955 0.254789
vt 0.263410 0.251954
vt 0.273976 0.254968
vt 0.262955 0.254789
vt 0.273976 0.254968
vt 0.273440 0.257624
vt 0.263920 0.243432
vt 0.274577 0.246616
vt 0.273976 0.254968
vt 0.263920 0.243432
vt 0.273976 0.254968
vt 0.263410 0.251954
vt 0.241757 0.369661
vt 0.242033 0.358829
vt 0.244811 0.359080
vt 0.241757 0.369661
vt 0.244811 0.359080
vt 0.244534 0.369912
vt 0.685420 0.234584
vt 0.693037 0.233958
vt 0.693949 0.245736
vt 0.685420 0.234584
vt 0.693949 0.245736
vt 0.687152 0.246189
vt 0.242033 0.358829
vt 0.241757 0.369661
vt 0.237569 0.369891
vt 0.242033 0.358829
vt 0.237569 0.369891
vt 0.237914 0.359404
vt 0.869847 0.595894
vt 0.873489 0.594232
vt 0.875688 0.605594
vt 0.869847 0.595894
vt 0.875688 0.605594
vt 0.871936 0.606592
vt 0.692318 0.221961
vt 0.694813 0.221638
vt 0.695532 0.233634
vt 0.692318 0.221961
vt 0.695532 0.233634
vt 0.693037 0.233958
vt 0.694644 0.209741
vt 0.694813 0.221638
vt 0.692318 0.221961
vt 0.694644 0.209741
vt 0.692318 0.221961
vt 0.692149 0.210064
vt 0.694813 0.221638
vt 0.698094 0.221383
vt 0.698736 0.232998
vt 0.694813 0.221638
vt 0.698736 0.232998
vt 0.695532 0.233634
vt 0.697959 0.209681
vt 0.698094 0.221383
vt 0.694813 0.221638
vt 0.697959 0.209681
vt 0.694813 0.221638
vt 0.694644 0.209741
vt 0.163251 0.170745
vt 0.161738 0.168929
vt 0.171519 0.163631
vt 0.163251 0.170745
vt 0.171519 0.163631
vt 0.173382 0.165321
vt 0.307905 0.065916
vt 0.313190 0.059959
vt 0.316348 0.061410
vt 0.307905 0.065916
vt 0.316348 0.061410
vt 0.310906 0.067632
vt 0.167650 0.159349
vt 0.171519 0.163631
vt 0.161738 0.168929
vt 0.167650 0.159349
vt 0.161738 0.168929
vt 0.158318 0.164282
vt 0.161738 0.168929
vt 0.151390 0.173334
vt 0.148669 0.168436
vt 0.161738 0.168929
vt 0.148669 0.168436
vt 0.158318 0.164282
vt 0.693949 0.245736
vt 0.693037 0.233958
vt 0.695532 0.233634
vt 0.693949 0.245736
vt 0.695532 0.233634
vt 0.696713 0.245358
vt 0.695532 0.233634
vt 0.698736 0.232998
vt 0.700076 0.244090
vt 0.695532 0.233634
vt 0.700076 0.244090
vt 0.696713 0.245358
vt 0.173382 0.165321
vt 0.171519 0.163631
vt 0.179825 0.157421
vt 0.173382 0.165321
vt 0.179825 0.157421
vt 0.182539 0.159210
vt 0.171519 0.163631
vt 0.167650 0.159349
vt 0.176064 0.153648
vt 0.171519 0.163631
vt 0.176064 0.153648
vt 0.179825 0.157421
vt 0.779693 0.898837
vt 0.769386 0.898323
vt 0.768616 0.888238
vt 0.779693 0.898837
vt 0.768616 0.888238
vt 0.779516 0.888599
vt 0.768616 0.888238
vt 0.767578 0.877671
vt 0.778747 0.878056
vt 0.768616 0.888238
vt 0.778747 0.878056
vt 0.779516 0.888599
vt 0.241757 0.369661
vt 0.244534 0.369912
vt 0.244461 0.376185
vt 0.241757 0.369661
vt 0.244461 0.376185
vt 0.241232 0.375949
vt 0.244461 0.376185
vt 0.244156 0.382181
vt 0.241232 0.382160
vt 0.244461 0.376185
vt 0.241232 0.382160
vt 0.241232 0.375949
vt 0.689164 0.252161
vt 0.687152 0.246189
vt 0.693949 0.245736
vt 0.689164 0.252161
vt 0.693949 0.245736
vt 0.694670 0.250985
vt 0.248617 0.381947
vt 0.244156 0.382181
vt 0.244461 0.376185
vt 0.248617 0.381947
vt 0.244461 0.376185
vt 0.249869 0.377022
vt 0.241745 0.387619
vt 0.241232 0.382160
vt 0.244156 0.382181
vt 0.241745 0.387619
vt 0.244156 0.382181
vt 0.244364 0.387426
vt 0.482528 0.032702
vt 0.487385 0.034963
vt 0.484756 0.038971
vt 0.482528 0.032702
vt 0.484756 0.038971
vt 0.480253 0.036269
vt 0.241757 0.369661
vt 0.241232 0.375949
vt 0.237191 0.375950
vt 0.241757 0.369661
vt 0.237191 0.375950
vt 0.237569 0.369891
vt 0.871936 0.606592
vt 0.872843 0.617638
vt 0.867806 0.617375
vt 0.871936 0.606592
vt 0.867806 0.617375
vt 0.866870 0.606923
vt 0.864751 0.596818
vt 0.869847 0.595894
vt 0.871936 0.606592
vt 0.864751 0.596818
vt 0.871936 0.606592
vt 0.866870 0.606923
vt 0.237191 0.382161
vt 0.237191 0.375950
vt 0.241232 0.375949
vt 0.237191 0.382161
vt 0.241232 0.375949
vt 0.241232 0.382160
vt 0.867806 0.617375
vt 0.872843 0.617638
vt 0.872483 0.623527
vt 0.867806 0.617375
vt 0.872483 0.623527
vt 0.867474 0.622671
vt 0.341747 0.413676
vt 0.340736 0.408824
vt 0.345604 0.407362
vt 0.341747 0.413676
vt 0.345604 0.407362
vt 0.346644 0.413029
vt 0.783993 0.899223
vt 0.783353 0.904541
vt 0.779302 0.903420
vt 0.783993 0.899223
vt 0.779302 0.903420
vt 0.779693 0.898837
vt 0.779516 0.888599
vt 0.783846 0.888597
vt 0.783993 0.899223
vt 0.779516 0.888599
vt 0.783993 0.899223
vt 0.779693 0.898837
vt 0.769140 0.901540
vt 0.769386 0.898323
vt 0.779693 0.898837
vt 0.769140 0.901540
vt 0.779693 0.898837
vt 0.779302 0.903420
vt 0.778165 0.907154
vt 0.779302 0.903420
vt 0.783353 0.904541
vt 0.778165 0.907154
vt 0.783353 0.904541
vt 0.781643 0.909189
vt 0.768870 0.904571
vt 0.769140 0.901540
vt 0.779302 0.903420
vt 0.768870 0.904571
vt 0.779302 0.903420
vt 0.778165 0.907154
vt 0.241232 0.382160
vt 0.241745 0.387619
vt 0.237487 0.387504
vt 0.241232 0.382160
vt 0.237487 0.387504
vt 0.237191 0.382161
vt 0.487385 0.034963
vt 0.482528 0.032702
vt 0.483357 0.029112
vt 0.487385 0.034963
vt 0.483357 0.029112
vt 0.488496 0.030667
vt 0.242826 0.391997
vt 0.241745 0.387619
vt 0.244364 0.387426
vt 0.242826 0.391997
vt 0.244364 0.387426
vt 0.245140 0.391589
vt 0.346378 0.423221
vt 0.346674 0.418425
vt 0.350734 0.418754
vt 0.346378 0.423221
vt 0.350734 0.418754
vt 0.350399 0.423726
vt 0.341999 0.418361
vt 0.341747 0.413676
vt 0.346644 0.413029
vt 0.341999 0.418361
vt 0.346644 0.413029
vt 0.346674 0.418425
vt 0.775989 0.909831
vt 0.778165 0.907154
vt 0.781643 0.909189
vt 0.775989 0.909831
vt 0.781643 0.909189
vt 0.778869 0.912593
vt 0.346674 0.418425
vt 0.346378 0.423221
vt 0.341699 0.422507
vt 0.346674 0.418425
vt 0.341699 0.422507
vt 0.341999 0.418361
vt 0.693949 0.245736
vt 0.696713 0.245358
vt 0.697863 0.249921
vt 0.693949 0.245736
vt 0.697863 0.249921
vt 0.694670 0.250985
vt 0.480253 0.036269
vt 0.475931 0.038273
vt 0.473655 0.035606
vt 0.480253 0.036269
vt 0.473655 0.035606
vt 0.477395 0.033537
vt 0.281315 0.235624
vt 0.284255 0.237275
vt 0.282279 0.239981
vt 0.281315 0.235624
vt 0.282279 0.239981
vt 0.279168 0.238419
vt 0.482528 0.032702
vt 0.480253 0.036269
vt 0.477395 0.033537
vt 0.482528 0.032702
vt 0.477395 0.033537
vt 0.479744 0.030832
vt 0.071567 0.066959
vt 0.067132 0.066902
vt 0.066757 0.063681
vt 0.071567 0.066959
vt 0.066757 0.063681
vt 0.071519 0.064579
vt 0.279168 0.238419
vt 0.282279 0.239981
vt 0.281967 0.242534
vt 0.279168 0.238419
vt 0.281967 0.242534
vt 0.278271 0.241554
vt 0.483357 0.029112
vt 0.482528 0.032702
vt 0.479744 0.030832
vt 0.483357 0.029112
vt 0.479744 0.030832
vt 0.480801 0.027748
vt 0.072267 0.069532
vt 0.067861 0.069561
vt 0.067132 0.066902
vt 0.072267 0.069532
vt 0.067132 0.066902
vt 0.071567 0.066959
vt 0.072629 0.072021
vt 0.068305 0.072270
vt 0.067861 0.069561
vt 0.072629 0.072021
vt 0.067861 0.069561
vt 0.072267 0.069532
vt 0.278215 0.244622
vt 0.278271 0.241554
vt 0.281967 0.242534
vt 0.278215 0.244622
vt 0.281967 0.242534
vt 0.281964 0.245265
vt 0.278757 0.248029
vt 0.278215 0.244622
vt 0.281964 0.245265
vt 0.278757 0.248029
vt 0.281964 0.245265
vt 0.282441 0.248087
vt 0.068305 0.072270
vt 0.072629 0.072021
vt 0.073048 0.074682
vt 0.068305 0.072270
vt 0.073048 0.074682
vt 0.068724 0.074931
vt 0.071567 0.066959
vt 0.071519 0.064579
vt 0.075649 0.063769
vt 0.071567 0.066959
vt 0.075649 0.063769
vt 0.075439 0.066248
vt 0.075367 0.069116
vt 0.072267 0.069532
vt 0.071567 0.066959
vt 0.075367 0.069116
vt 0.071567 0.066959
vt 0.075439 0.066248
vt 0.075418 0.071571
vt 0.072629 0.072021
vt 0.072267 0.069532
vt 0.075418 0.071571
vt 0.072267 0.069532
vt 0.075367 0.069116
vt 0.075579 0.074330
vt 0.073048 0.074682
vt 0.072629 0.072021
vt 0.075579 0.074330
vt 0.072629 0.072021
vt 0.075418 0.071571
vt 0.182174 0.154691
vt 0.179825 0.157421
vt 0.176064 0.153648
vt 0.182174 0.154691
vt 0.176064 0.153648
vt 0.178451 0.151429
vt 0.182174 0.154691
vt 0.178451 0.151429
vt 0.180739 0.149449
vt 0.182174 0.154691
vt 0.180739 0.149449
vt 0.184003 0.152327
vt 0.386265 0.250572
vt 0.388251 0.253361
vt 0.379996 0.259278
vt 0.386265 0.250572
vt 0.379996 0.259278
vt 0.378023 0.257639
vt 0.379996 0.259278
vt 0.388251 0.253361
vt 0.389342 0.256527
vt 0.379996 0.259278
vt 0.389342 0.256527
vt 0.381289 0.261616
vt 0.138008 0.164021
vt 0.139835 0.164316
vt 0.139167 0.167493
vt 0.138008 0.164021
vt 0.139167 0.167493
vt 0.137102 0.166951
vt 0.203550 0.356754
vt 0.200997 0.356761
vt 0.200184 0.353167
vt 0.203550 0.356754
vt 0.200184 0.353167
vt 0.202965 0.352737
vt 0.200184 0.353167
vt 0.197240 0.354224
vt 0.196709 0.352629
vt 0.200184 0.353167
vt 0.196709 0.352629
vt 0.199412 0.351063
vt 0.200184 0.353167
vt 0.200997 0.356761
vt 0.198119 0.357491
vt 0.200184 0.353167
vt 0.198119 0.357491
vt 0.197240 0.354224
vt 0.200997 0.356761
vt 0.203550 0.356754
vt 0.203943 0.360839
vt 0.200997 0.356761
vt 0.203943 0.360839
vt 0.201219 0.360932
vt 0.198282 0.361077
vt 0.198119 0.357491
vt 0.200997 0.356761
vt 0.198282 0.361077
vt 0.200997 0.356761
vt 0.201219 0.360932
vt 0.139701 0.161032
vt 0.139835 0.164316
vt 0.138008 0.164021
vt 0.139701 0.161032
vt 0.138008 0.164021
vt 0.138064 0.160699
vt 0.138008 0.164021
vt 0.137102 0.166951
vt 0.135087 0.166706
vt 0.138008 0.164021
vt 0.135087 0.166706
vt 0.136038 0.164049
vt 0.135753 0.161061
vt 0.138064 0.160699
vt 0.138008 0.164021
vt 0.135753 0.161061
vt 0.138008 0.164021
vt 0.136038 0.164049
vt 0.000708 0.194775
vt 0.004076 0.193738
vt 0.004796 0.197437
vt 0.000708 0.194775
vt 0.004796 0.197437
vt 0.001376 0.198400
vt 0.138064 0.160699
vt 0.135753 0.161061
vt 0.134682 0.159310
vt 0.138064 0.160699
vt 0.134682 0.159310
vt 0.136568 0.158752
vt 0.378947 0.274325
vt 0.377282 0.273666
vt 0.378002 0.271796
vt 0.378947 0.274325
vt 0.378002 0.271796
vt 0.380032 0.271971
vt 0.007638 0.197054
vt 0.004796 0.197437
vt 0.004076 0.193738
vt 0.007638 0.197054
vt 0.004076 0.193738
vt 0.006558 0.193335
vt 0.002443 0.202084
vt 0.001376 0.198400
vt 0.004796 0.197437
vt 0.002443 0.202084
vt 0.004796 0.197437
vt 0.005863 0.201120
vt 0.201140 0.364009
vt 0.201219 0.360932
vt 0.203943 0.360839
vt 0.201140 0.364009
vt 0.203943 0.360839
vt 0.203749 0.363665
vt 0.002443 0.202084
vt 0.005863 0.201120
vt 0.006454 0.204168
vt 0.002443 0.202084
vt 0.006454 0.204168
vt 0.003112 0.204777
vt 0.008627 0.201092
vt 0.005863 0.201120
vt 0.004796 0.197437
vt 0.008627 0.201092
vt 0.004796 0.197437
vt 0.007638 0.197054
vt 0.009219 0.204140
vt 0.006454 0.204168
vt 0.005863 0.201120
vt 0.009219 0.204140
vt 0.005863 0.201120
vt 0.008627 0.201092
vt 0.276016 0.244109
vt 0.275889 0.240207
vt 0.278271 0.241554
vt 0.276016 0.244109
vt 0.278271 0.241554
vt 0.278215 0.244622
vt 0.488103 0.026364
vt 0.488496 0.030667
vt 0.483357 0.029112
vt 0.488103 0.026364
vt 0.483357 0.029112
vt 0.482966 0.025407
vt 0.490331 0.026399
vt 0.490569 0.031059
vt 0.488496 0.030667
vt 0.490331 0.026399
vt 0.488496 0.030667
vt 0.488103 0.026364
vt 0.345892 0.428046
vt 0.346378 0.423221
vt 0.350399 0.423726
vt 0.345892 0.428046
vt 0.350399 0.423726
vt 0.350016 0.428366
vt 0.488103 0.026364
vt 0.482966 0.025407
vt 0.482347 0.021794
vt 0.488103 0.026364
vt 0.482347 0.021794
vt 0.487129 0.021997
vt 0.488103 0.026364
vt 0.487129 0.021997
vt 0.489256 0.021775
vt 0.488103 0.026364
vt 0.489256 0.021775
vt 0.490331 0.026399
vt 0.276496 0.247844
vt 0.276016 0.244109
vt 0.278215 0.244622
vt 0.276496 0.247844
vt 0.278215 0.244622
vt 0.278757 0.248029
vt 0.276496 0.247844
vt 0.278757 0.248029
vt 0.279549 0.252856
vt 0.276496 0.247844
vt 0.279549 0.252856
vt 0.277536 0.254090
vt 0.484742 0.014322
vt 0.487129 0.021997
vt 0.482347 0.021794
vt 0.484742 0.014322
vt 0.482347 0.021794
vt 0.480461 0.016000
vt 0.487069 0.014614
vt 0.489256 0.021775
vt 0.487129 0.021997
vt 0.487069 0.014614
vt 0.487129 0.021997
vt 0.484742 0.014322
vt 0.278757 0.248029
vt 0.282441 0.248087
vt 0.281702 0.251507
vt 0.278757 0.248029
vt 0.281702 0.251507
vt 0.279549 0.252856
vt 0.068724 0.074931
vt 0.073048 0.074682
vt 0.073631 0.077782
vt 0.068724 0.074931
vt 0.073631 0.077782
vt 0.070446 0.077941
vt 0.073048 0.074682
vt 0.075579 0.074330
vt 0.075649 0.077627
vt 0.073048 0.074682
vt 0.075649 0.077627
vt 0.073631 0.077782
vt 0.346378 0.423221
vt 0.345892 0.428046
vt 0.341356 0.426972
vt 0.346378 0.423221
vt 0.341356 0.426972
vt 0.341699 0.422507
vt 0.186502 0.172006
vt 0.187307 0.176484
vt 0.182862 0.176513
vt 0.186502 0.172006
vt 0.182862 0.176513
vt 0.182303 0.172033
vt 0.345892 0.428046
vt 0.345524 0.432346
vt 0.340736 0.431168
vt 0.345892 0.428046
vt 0.340736 0.431168
vt 0.341356 0.426972
vt 0.183693 0.166136
vt 0.186502 0.172006
vt 0.182303 0.172033
vt 0.183693 0.166136
vt 0.182303 0.172033
vt 0.180940 0.164841
vt 0.582264 0.332906
vt 0.579891 0.334811
vt 0.575729 0.329128
vt 0.582264 0.332906
vt 0.575729 0.329128
vt 0.580833 0.327711
vt 0.399429 0.548539
vt 0.401488 0.543427
vt 0.405751 0.544726
vt 0.399429 0.548539
vt 0.405751 0.544726
vt 0.404040 0.549996
vt 0.775989 0.909831
vt 0.778869 0.912593
vt 0.775567 0.914801
vt 0.775989 0.909831
vt 0.775567 0.914801
vt 0.773200 0.911901
vt 0.381526 0.263990
vt 0.381289 0.261616
vt 0.389342 0.256527
vt 0.381526 0.263990
vt 0.389342 0.256527
vt 0.389704 0.260663
vt 0.773200 0.911901
vt 0.775567 0.914801
vt 0.771061 0.916556
vt 0.773200 0.911901
vt 0.771061 0.916556
vt 0.769286 0.913503
vt 0.389221 0.264906
vt 0.381399 0.266849
vt 0.381526 0.263990
vt 0.389221 0.264906
vt 0.381526 0.263990
vt 0.389704 0.260663
vt 0.381399 0.266849
vt 0.389221 0.264906
vt 0.386862 0.271593
vt 0.381399 0.266849
vt 0.386862 0.271593
vt 0.385270 0.271269
vt 0.769286 0.913503
vt 0.771061 0.916556
vt 0.766292 0.917714
vt 0.769286 0.913503
vt 0.766292 0.917714
vt 0.765030 0.914523
vt 0.765030 0.914523
vt 0.766292 0.917714
vt 0.759208 0.919284
vt 0.765030 0.914523
vt 0.759208 0.919284
vt 0.758482 0.916141
vt 0.135087 0.166706
vt 0.137102 0.166951
vt 0.136359 0.169636
vt 0.135087 0.166706
vt 0.136359 0.169636
vt 0.134682 0.169044
vt 0.382379 0.272579
vt 0.380032 0.271971
vt 0.381119 0.270265
vt 0.382379 0.272579
vt 0.381119 0.270265
vt 0.383407 0.270641
vt 0.379917 0.279554
vt 0.377619 0.278676
vt 0.378947 0.274325
vt 0.379917 0.279554
vt 0.378947 0.274325
vt 0.381196 0.275472
vt 0.378947 0.274325
vt 0.380032 0.271971
vt 0.382379 0.272579
vt 0.378947 0.274325
vt 0.382379 0.272579
vt 0.381196 0.275472
vt 0.198282 0.361077
vt 0.201219 0.360932
vt 0.201140 0.364009
vt 0.198282 0.361077
vt 0.201140 0.364009
vt 0.198147 0.364489
vt 0.198147 0.364489
vt 0.201140 0.364009
vt 0.200162 0.367480
vt 0.198147 0.364489
vt 0.200162 0.367480
vt 0.197457 0.368124
vt 0.000773 0.206231
vt 0.003112 0.204777
vt 0.004373 0.208222
vt 0.000773 0.206231
vt 0.004373 0.208222
vt 0.001726 0.209731
vt 0.003112 0.204777
vt 0.006454 0.204168
vt 0.007176 0.207368
vt 0.003112 0.204777
vt 0.007176 0.207368
vt 0.004373 0.208222
vt 0.201139 0.374127
vt 0.199197 0.374108
vt 0.197457 0.368124
vt 0.201139 0.374127
vt 0.197457 0.368124
vt 0.200162 0.367480
vt 0.082711 0.063616
vt 0.087110 0.065028
vt 0.086986 0.075459
vt 0.082711 0.063616
vt 0.086986 0.075459
vt 0.082711 0.075649
vt 0.329914 0.328084
vt 0.331738 0.342975
vt 0.326304 0.343857
vt 0.329914 0.328084
vt 0.326304 0.343857
vt 0.325011 0.331685
vt 0.377619 0.278676
vt 0.379917 0.279554
vt 0.379428 0.283546
vt 0.377619 0.278676
vt 0.379428 0.283546
vt 0.377081 0.282938
vt 0.006454 0.204168
vt 0.009219 0.204140
vt 0.010403 0.207941
vt 0.006454 0.204168
vt 0.010403 0.207941
vt 0.007176 0.207368
vt 0.377081 0.282938
vt 0.379428 0.283546
vt 0.379458 0.286496
vt 0.377081 0.282938
vt 0.379458 0.286496
vt 0.377110 0.285888
vt 0.978167 0.480949
vt 0.949673 0.479494
vt 0.950712 0.471025
vt 0.978167 0.480949
vt 0.950712 0.471025
vt 0.979468 0.472720
vt 0.397050 0.538381
vt 0.399386 0.538253
vt 0.399923 0.541514
vt 0.397050 0.538381
vt 0.399923 0.541514
vt 0.397378 0.541549
vt 0.276114 0.157018
vt 0.276259 0.159991
vt 0.273279 0.160608
vt 0.276114 0.157018
vt 0.273279 0.160608
vt 0.273134 0.157634
vt 0.276259 0.159991
vt 0.278184 0.170914
vt 0.274421 0.171347
vt 0.276259 0.159991
vt 0.274421 0.171347
vt 0.273279 0.160608
vt 0.919841 0.678768
vt 0.901639 0.684639
vt 0.891046 0.685174
vt 0.919841 0.678768
vt 0.891046 0.685174
vt 0.890158 0.679972
vt 0.333866 0.323918
vt 0.336979 0.341906
vt 0.331738 0.342975
vt 0.333866 0.323918
vt 0.331738 0.342975
vt 0.329914 0.328084
vt 0.009211 0.121142
vt 0.004679 0.128373
vt 0.001060 0.127339
vt 0.009211 0.121142
vt 0.001060 0.127339
vt 0.006409 0.119322
vt 0.274271 0.178751
vt 0.274421 0.171347
vt 0.278184 0.170914
vt 0.274271 0.178751
vt 0.278184 0.170914
vt 0.277955 0.178851
vt 0.278184 0.170914
vt 0.281963 0.171151
vt 0.281844 0.179608
vt 0.278184 0.170914
vt 0.281844 0.179608
vt 0.277955 0.178851
vt 0.384514 0.273512
vt 0.382379 0.272579
vt 0.383407 0.270641
vt 0.384514 0.273512
vt 0.383407 0.270641
vt 0.385270 0.271269
vt 0.383700 0.276171
vt 0.381196 0.275472
vt 0.382379 0.272579
vt 0.383700 0.276171
vt 0.382379 0.272579
vt 0.384514 0.273512
vt 0.385270 0.271269
vt 0.386862 0.271593
vt 0.386902 0.273998
vt 0.385270 0.271269
vt 0.386902 0.273998
vt 0.384514 0.273512
vt 0.399369 0.536430
vt 0.399386 0.538253
vt 0.397050 0.538381
vt 0.399369 0.536430
vt 0.397050 0.538381
vt 0.397165 0.535713
vt 0.386304 0.276981
vt 0.383700 0.276171
vt 0.384514 0.273512
vt 0.386304 0.276981
vt 0.384514 0.273512
vt 0.386902 0.273998
vt 0.383700 0.276171
vt 0.386304 0.276981
vt 0.383337 0.287196
vt 0.383700 0.276171
vt 0.383337 0.287196
vt 0.380839 0.286748
vt 0.386902 0.273998
vt 0.389226 0.274001
vt 0.389159 0.277091
vt 0.386902 0.273998
vt 0.389159 0.277091
vt 0.386304 0.276981
vt 0.386304 0.276981
vt 0.389159 0.277091
vt 0.386621 0.287304
vt 0.386304 0.276981
vt 0.386621 0.287304
vt 0.383337 0.287196
vt 0.224641 0.773587
vt 0.264739 0.767607
vt 0.267216 0.785619
vt 0.224641 0.773587
vt 0.267216 0.785619
vt 0.226527 0.791681
vt 0.781300 0.806906
vt 0.771283 0.819644
vt 0.757269 0.811126
vt 0.781300 0.806906
vt 0.757269 0.811126
vt 0.766244 0.800034
vt 0.795734 0.813517
vt 0.785176 0.827525
vt 0.771283 0.819644
vt 0.795734 0.813517
vt 0.771283 0.819644
vt 0.781300 0.806906
vt 0.227519 0.803284
vt 0.226527 0.791681
vt 0.267216 0.785619
vt 0.227519 0.803284
vt 0.267216 0.785619
vt 0.268208 0.797222
vt 0.793882 0.832133
vt 0.785176 0.827525
vt 0.795734 0.813517
vt 0.793882 0.832133
vt 0.795734 0.813517
vt 0.816800 0.800659
vt 0.496986 0.045881
vt 0.532364 0.038958
vt 0.534297 0.045795
vt 0.496986 0.045881
vt 0.534297 0.045795
vt 0.499146 0.052940
vt 0.165733 0.138957
vt 0.167166 0.131591
vt 0.210899 0.144466
vt 0.165733 0.138957
vt 0.210899 0.144466
vt 0.208369 0.151297
vt 0.149080 0.223035
vt 0.106724 0.235580
vt 0.105479 0.230690
vt 0.149080 0.223035
vt 0.105479 0.230690
vt 0.147834 0.218145
vt 0.080566 0.419023
vt 0.080518 0.414621
vt 0.122291 0.422260
vt 0.080566 0.419023
vt 0.122291 0.422260
vt 0.122457 0.426714
vt 0.080518 0.414621
vt 0.081427 0.407596
vt 0.123318 0.415286
vt 0.080518 0.414621
vt 0.123318 0.415286
vt 0.122291 0.422260
vt 0.081427 0.407596
vt 0.082663 0.402811
vt 0.124554 0.410502
vt 0.081427 0.407596
vt 0.124554 0.410502
vt 0.123318 0.415286
vt 0.140599 0.469422
vt 0.142254 0.464662
vt 0.183540 0.481152
vt 0.140599 0.469422
vt 0.183540 0.481152
vt 0.181779 0.485676
vt 0.149709 0.244224
vt 0.134075 0.252979
vt 0.106724 0.235580
vt 0.149709 0.244224
vt 0.106724 0.235580
vt 0.149080 0.223035
vt 0.142254 0.464662
vt 0.161354 0.448136
vt 0.185364 0.466999
vt 0.142254 0.464662
vt 0.185364 0.466999
vt 0.183540 0.481152
vt 0.149709 0.244224
vt 0.149080 0.223035
vt 0.171426 0.214455
vt 0.149709 0.244224
vt 0.171426 0.214455
vt 0.165926 0.236759
vt 0.149080 0.223035
vt 0.147834 0.218145
vt 0.169814 0.209664
vt 0.149080 0.223035
vt 0.169814 0.209664
vt 0.171426 0.214455
vt 0.254451 0.084818
vt 0.249744 0.083904
vt 0.249744 0.063421
vt 0.254451 0.084818
vt 0.249744 0.063421
vt 0.254454 0.064609
vt 0.122291 0.422260
vt 0.123318 0.415286
vt 0.144651 0.419538
vt 0.122291 0.422260
vt 0.144651 0.419538
vt 0.143742 0.426563
vt 0.181779 0.485676
vt 0.183540 0.481152
vt 0.204641 0.491441
vt 0.181779 0.485676
vt 0.204641 0.491441
vt 0.202731 0.496306
vt 0.144651 0.419538
vt 0.123318 0.415286
vt 0.124554 0.410502
vt 0.144651 0.419538
vt 0.124554 0.410502
vt 0.146005 0.414805
vt 0.212058 0.479730
vt 0.204641 0.491441
vt 0.183540 0.481152
vt 0.212058 0.479730
vt 0.183540 0.481152
vt 0.185364 0.466999
vt 0.165926 0.236759
vt 0.171426 0.214455
vt 0.214779 0.202183
vt 0.165926 0.236759
vt 0.214779 0.202183
vt 0.217276 0.219427
vt 0.214779 0.202183
vt 0.171426 0.214455
vt 0.169814 0.209664
vt 0.214779 0.202183
vt 0.169814 0.209664
vt 0.213534 0.197292
vt 0.143789 0.430966
vt 0.143742 0.426563
vt 0.187101 0.434426
vt 0.143789 0.430966
vt 0.187101 0.434426
vt 0.187148 0.438828
vt 0.245287 0.512273
vt 0.202731 0.496306
vt 0.204641 0.491441
vt 0.245287 0.512273
vt 0.204641 0.491441
vt 0.246943 0.507513
vt 0.568984 0.040304
vt 0.534297 0.045795
vt 0.532364 0.038958
vt 0.568984 0.040304
vt 0.532364 0.038958
vt 0.567864 0.033371
vt 0.220564 0.060403
vt 0.184163 0.055199
vt 0.185111 0.049440
vt 0.220564 0.060403
vt 0.185111 0.049440
vt 0.220963 0.054607
vt 0.146405 0.044850
vt 0.147879 0.039431
vt 0.185111 0.049440
vt 0.146405 0.044850
vt 0.185111 0.049440
vt 0.184163 0.055199
vt 0.184163 0.055199
vt 0.182908 0.068133
vt 0.145059 0.051787
vt 0.184163 0.055199
vt 0.145059 0.051787
vt 0.146405 0.044850
vt 0.219583 0.073356
vt 0.182908 0.068133
vt 0.184163 0.055199
vt 0.219583 0.073356
vt 0.184163 0.055199
vt 0.220564 0.060403
vt 0.605450 0.037314
vt 0.568984 0.040304
vt 0.567864 0.033371
vt 0.605450 0.037314
vt 0.567864 0.033371
vt 0.605141 0.030284
vt 0.257531 0.060254
vt 0.220564 0.060403
vt 0.220963 0.054607
vt 0.257531 0.060254
vt 0.220963 0.054607
vt 0.257380 0.054419
vt 0.502401 0.958638
vt 0.539748 0.956571
vt 0.539956 0.969926
vt 0.502401 0.958638
vt 0.539956 0.969926
vt 0.502879 0.971968
vt 0.143742 0.426563
vt 0.144651 0.419538
vt 0.188009 0.427400
vt 0.143742 0.426563
vt 0.188009 0.427400
vt 0.187101 0.434426
vt 0.144651 0.419538
vt 0.146005 0.414805
vt 0.189246 0.422615
vt 0.144651 0.419538
vt 0.189246 0.422615
vt 0.188009 0.427400
vt 0.146405 0.044850
vt 0.106872 0.026191
vt 0.109433 0.021092
vt 0.146405 0.044850
vt 0.109433 0.021092
vt 0.147879 0.039431
vt 0.773487 0.076783
vt 0.778851 0.116866
vt 0.770959 0.118576
vt 0.773487 0.076783
vt 0.770959 0.118576
vt 0.765733 0.077916
vt 0.781502 0.076510
vt 0.787023 0.116298
vt 0.778851 0.116866
vt 0.781502 0.076510
vt 0.778851 0.116866
vt 0.773487 0.076783
vt 0.798777 0.077131
vt 0.803641 0.116494
vt 0.787023 0.116298
vt 0.798777 0.077131
vt 0.787023 0.116298
vt 0.781502 0.076510
vt 0.349018 0.838224
vt 0.310245 0.818779
vt 0.313331 0.803094
vt 0.349018 0.838224
vt 0.313331 0.803094
vt 0.353026 0.822774
vt 0.265938 0.827774
vt 0.305969 0.835555
vt 0.300877 0.853105
vt 0.265938 0.827774
vt 0.300877 0.853105
vt 0.262562 0.845625
vt 0.310245 0.818779
vt 0.349018 0.838224
vt 0.343367 0.854616
vt 0.310245 0.818779
vt 0.343367 0.854616
vt 0.305969 0.835555
vt 0.052838 0.901308
vt 0.036187 0.904409
vt 0.034542 0.885621
vt 0.052838 0.901308
vt 0.034542 0.885621
vt 0.049932 0.883158
vt 0.032537 0.866381
vt 0.046099 0.864247
vt 0.049932 0.883158
vt 0.032537 0.866381
vt 0.049932 0.883158
vt 0.034542 0.885621
vt 0.300877 0.853105
vt 0.305969 0.835555
vt 0.343367 0.854616
vt 0.300877 0.853105
vt 0.343367 0.854616
vt 0.336644 0.871444
vt 0.046099 0.864247
vt 0.032537 0.866381
vt 0.030173 0.847187
vt 0.046099 0.864247
vt 0.030173 0.847187
vt 0.041185 0.845462
vt 0.296121 0.871349
vt 0.259686 0.864106
vt 0.262562 0.845625
vt 0.296121 0.871349
vt 0.262562 0.845625
vt 0.300877 0.853105
vt 0.219993 0.863489
vt 0.222116 0.845750
vt 0.262562 0.845625
vt 0.219993 0.863489
vt 0.262562 0.845625
vt 0.259686 0.864106
vt 0.259686 0.864106
vt 0.296121 0.871349
vt 0.282198 0.901361
vt 0.259686 0.864106
vt 0.282198 0.901361
vt 0.252108 0.892935
vt 0.220403 0.888482
vt 0.219993 0.863489
vt 0.259686 0.864106
vt 0.220403 0.888482
vt 0.259686 0.864106
vt 0.252108 0.892935
vt 0.300877 0.853105
vt 0.336644 0.871444
vt 0.326618 0.890219
vt 0.300877 0.853105
vt 0.326618 0.890219
vt 0.296121 0.871349
vt 0.311953 0.915561
vt 0.282198 0.901361
vt 0.296121 0.871349
vt 0.311953 0.915561
vt 0.296121 0.871349
vt 0.326618 0.890219
vt 0.199485 0.377953
vt 0.199197 0.374108
vt 0.201139 0.374127
vt 0.199485 0.377953
vt 0.201139 0.374127
vt 0.201476 0.378548
vt 0.204022 0.379454
vt 0.201476 0.378548
vt 0.201139 0.374127
vt 0.204022 0.379454
vt 0.201139 0.374127
vt 0.203979 0.374283
vt 0.199485 0.377953
vt 0.201476 0.378548
vt 0.201279 0.380452
vt 0.199485 0.377953
vt 0.201279 0.380452
vt 0.199057 0.379356
vt 0.199057 0.379356
vt 0.201279 0.380452
vt 0.200251 0.382424
vt 0.199057 0.379356
vt 0.200251 0.382424
vt 0.197913 0.381078
vt 0.203471 0.381521
vt 0.201279 0.380452
vt 0.201476 0.378548
vt 0.203471 0.381521
vt 0.201476 0.378548
vt 0.204022 0.379454
vt 0.201279 0.380452
vt 0.203471 0.381521
vt 0.202614 0.383407
vt 0.201279 0.380452
vt 0.202614 0.383407
vt 0.200251 0.382424
vt 0.005659 0.221788
vt 0.005106 0.219710
vt 0.008576 0.218821
vt 0.005659 0.221788
vt 0.008576 0.218821
vt 0.008988 0.220711
vt 0.009799 0.222660
vt 0.006469 0.223736
vt 0.005659 0.221788
vt 0.009799 0.222660
vt 0.005659 0.221788
vt 0.008988 0.220711
vt 0.199096 0.384137
vt 0.196709 0.382214
vt 0.197913 0.381078
vt 0.199096 0.384137
vt 0.197913 0.381078
vt 0.200251 0.382424
vt 0.200251 0.382424
vt 0.202614 0.383407
vt 0.201459 0.385119
vt 0.200251 0.382424
vt 0.201459 0.385119
vt 0.199096 0.384137
vt 0.010558 0.224534
vt 0.007229 0.225611
vt 0.006469 0.223736
vt 0.010558 0.224534
vt 0.006469 0.223736
vt 0.009799 0.222660
vt 0.949673 0.479494
vt 0.946980 0.481844
vt 0.945083 0.481704
vt 0.949673 0.479494
vt 0.945083 0.481704
vt 0.945019 0.479311
vt 0.063859 0.697446
vt 0.062262 0.694377
vt 0.064610 0.694399
vt 0.063859 0.697446
vt 0.064610 0.694399
vt 0.066109 0.697479
vt 0.949673 0.479494
vt 0.945019 0.479311
vt 0.946178 0.469664
vt 0.949673 0.479494
vt 0.946178 0.469664
vt 0.950712 0.471025
vt 0.062262 0.694377
vt 0.063859 0.697446
vt 0.054331 0.699332
vt 0.062262 0.694377
vt 0.054331 0.699332
vt 0.052977 0.696178
vt 0.004373 0.208222
vt 0.007176 0.207368
vt 0.010029 0.212977
vt 0.004373 0.208222
vt 0.010029 0.212977
vt 0.007509 0.213773
vt 0.005043 0.208619
vt 0.007587 0.207894
vt 0.013463 0.213346
vt 0.005043 0.208619
vt 0.013463 0.213346
vt 0.011251 0.215452
vt 0.008576 0.218821
vt 0.005106 0.219710
vt 0.004179 0.214849
vt 0.008576 0.218821
vt 0.004179 0.214849
vt 0.007509 0.213773
vt 0.011869 0.206658
vt 0.010403 0.207941
vt 0.009219 0.204140
vt 0.011869 0.206658
vt 0.009219 0.204140
vt 0.011174 0.204393
vt 0.905495 0.696883
vt 0.906711 0.694449
vt 0.912917 0.693902
vt 0.905495 0.696883
vt 0.912917 0.693902
vt 0.913009 0.696596
vt 0.010403 0.207941
vt 0.011869 0.206658
vt 0.015855 0.211899
vt 0.010403 0.207941
vt 0.015855 0.211899
vt 0.013463 0.213346
vt 0.383337 0.287196
vt 0.386621 0.287304
vt 0.386566 0.295119
vt 0.383337 0.287196
vt 0.386566 0.295119
vt 0.383233 0.295280
vt 0.007509 0.213773
vt 0.010029 0.212977
vt 0.010955 0.217838
vt 0.007509 0.213773
vt 0.010955 0.217838
vt 0.008576 0.218821
vt 0.917466 0.693251
vt 0.917841 0.695694
vt 0.913009 0.696596
vt 0.917466 0.693251
vt 0.913009 0.696596
vt 0.912917 0.693902
vt 0.018015 0.223862
vt 0.009054 0.218890
vt 0.011251 0.215452
vt 0.018015 0.223862
vt 0.011251 0.215452
vt 0.019416 0.221172
vt 0.011251 0.215452
vt 0.013463 0.213346
vt 0.021126 0.218861
vt 0.011251 0.215452
vt 0.021126 0.218861
vt 0.019416 0.221172
vt 0.011508 0.219915
vt 0.008988 0.220711
vt 0.008576 0.218821
vt 0.011508 0.219915
vt 0.008576 0.218821
vt 0.010955 0.217838
vt 0.008988 0.220711
vt 0.011508 0.219915
vt 0.012229 0.221751
vt 0.008988 0.220711
vt 0.012229 0.221751
vt 0.009799 0.222660
vt 0.918556 0.692425
vt 0.919488 0.694591
vt 0.917841 0.695694
vt 0.918556 0.692425
vt 0.917841 0.695694
vt 0.917466 0.693251
vt 0.919602 0.691059
vt 0.920806 0.693198
vt 0.919488 0.694591
vt 0.919602 0.691059
vt 0.919488 0.694591
vt 0.918556 0.692425
vt 0.329794 0.320441
vt 0.329914 0.328084
vt 0.325011 0.331685
vt 0.329794 0.320441
vt 0.325011 0.331685
vt 0.325994 0.320615
vt 0.009799 0.222660
vt 0.012229 0.221751
vt 0.012847 0.223438
vt 0.009799 0.222660
vt 0.012847 0.223438
vt 0.010558 0.224534
vt 0.920806 0.693198
vt 0.919602 0.691059
vt 0.920070 0.689702
vt 0.920806 0.693198
vt 0.920070 0.689702
vt 0.921536 0.691319
vt 0.064229 0.699959
vt 0.066479 0.699992
vt 0.065547 0.702559
vt 0.064229 0.699959
vt 0.065547 0.702559
vt 0.064099 0.702802
vt 0.013463 0.213346
vt 0.015855 0.211899
vt 0.022913 0.216626
vt 0.013463 0.213346
vt 0.022913 0.216626
vt 0.021126 0.218861
vt 0.380103 0.295661
vt 0.383233 0.295280
vt 0.384466 0.303089
vt 0.380103 0.295661
vt 0.384466 0.303089
vt 0.381026 0.303936
vt 0.006409 0.119322
vt 0.009582 0.111764
vt 0.011589 0.109465
vt 0.006409 0.119322
vt 0.011589 0.109465
vt 0.013546 0.112403
vt 0.015759 0.115104
vt 0.009211 0.121142
vt 0.006409 0.119322
vt 0.015759 0.115104
vt 0.006409 0.119322
vt 0.013546 0.112403
vt 0.384466 0.303089
vt 0.383233 0.295280
vt 0.386566 0.295119
vt 0.384466 0.303089
vt 0.386566 0.295119
vt 0.387794 0.302678
vt 0.274271 0.178751
vt 0.277955 0.178851
vt 0.276779 0.185682
vt 0.274271 0.178751
vt 0.276779 0.185682
vt 0.273134 0.185315
vt 0.023723 0.153346
vt 0.017614 0.158174
vt 0.015078 0.155141
vt 0.023723 0.153346
vt 0.015078 0.155141
vt 0.021746 0.150126
vt 0.333676 0.320839
vt 0.333866 0.323918
vt 0.329914 0.328084
vt 0.333676 0.320839
vt 0.329914 0.328084
vt 0.329794 0.320441
vt 0.383547 0.311739
vt 0.381026 0.303936
vt 0.384466 0.303089
vt 0.383547 0.311739
vt 0.384466 0.303089
vt 0.386766 0.310318
vt 0.285860 0.806509
vt 0.282451 0.806202
vt 0.282589 0.797709
vt 0.285860 0.806509
vt 0.282589 0.797709
vt 0.285943 0.798161
vt 0.279216 0.798209
vt 0.282589 0.797709
vt 0.282451 0.806202
vt 0.279216 0.798209
vt 0.282451 0.806202
vt 0.279004 0.806917
vt 0.066109 0.697479
vt 0.066479 0.699992
vt 0.064229 0.699959
vt 0.066109 0.697479
vt 0.064229 0.699959
vt 0.063859 0.697446
vt 0.018015 0.223862
vt 0.019416 0.221172
vt 0.029302 0.225049
vt 0.018015 0.223862
vt 0.029302 0.225049
vt 0.028571 0.227704
vt 0.028045 0.230155
vt 0.017348 0.226127
vt 0.018015 0.223862
vt 0.028045 0.230155
vt 0.018015 0.223862
vt 0.028571 0.227704
vt 0.019416 0.221172
vt 0.021126 0.218861
vt 0.030639 0.222250
vt 0.019416 0.221172
vt 0.030639 0.222250
vt 0.029302 0.225049
vt 0.030639 0.222250
vt 0.021126 0.218861
vt 0.022913 0.216626
vt 0.030639 0.222250
vt 0.022913 0.216626
vt 0.031797 0.220090
vt 0.063859 0.697446
vt 0.064229 0.699959
vt 0.055421 0.705018
vt 0.063859 0.697446
vt 0.055421 0.705018
vt 0.054331 0.699332
vt 0.331205 0.310445
vt 0.329794 0.320441
vt 0.325994 0.320615
vt 0.331205 0.310445
vt 0.325994 0.320615
vt 0.327404 0.310619
vt 0.335128 0.311114
vt 0.333676 0.320839
vt 0.329794 0.320441
vt 0.335128 0.311114
vt 0.329794 0.320441
vt 0.331205 0.310445
vt 0.022971 0.107774
vt 0.013546 0.112403
vt 0.011589 0.109465
vt 0.022971 0.107774
vt 0.011589 0.109465
vt 0.021582 0.104536
vt 0.029302 0.225049
vt 0.030639 0.222250
vt 0.040642 0.224446
vt 0.029302 0.225049
vt 0.040642 0.224446
vt 0.039884 0.227097
vt 0.039435 0.230126
vt 0.028571 0.227704
vt 0.029302 0.225049
vt 0.039435 0.230126
vt 0.029302 0.225049
vt 0.039884 0.227097
vt 0.038999 0.232691
vt 0.028045 0.230155
vt 0.028571 0.227704
vt 0.038999 0.232691
vt 0.028571 0.227704
vt 0.039435 0.230126
vt 0.331205 0.310445
vt 0.327404 0.310619
vt 0.329550 0.301866
vt 0.331205 0.310445
vt 0.329550 0.301866
vt 0.333015 0.301496
vt 0.336979 0.302436
vt 0.335128 0.311114
vt 0.331205 0.310445
vt 0.336979 0.302436
vt 0.331205 0.310445
vt 0.333015 0.301496
vt 0.383547 0.311739
vt 0.386766 0.310318
vt 0.389704 0.316968
vt 0.383547 0.311739
vt 0.389704 0.316968
vt 0.386491 0.318641
vt 0.040642 0.224446
vt 0.030639 0.222250
vt 0.031797 0.220090
vt 0.040642 0.224446
vt 0.031797 0.220090
vt 0.041350 0.222154
vt 0.286025 0.788934
vt 0.285943 0.798161
vt 0.282589 0.797709
vt 0.286025 0.788934
vt 0.282589 0.797709
vt 0.282597 0.788698
vt 0.282589 0.797709
vt 0.279216 0.798209
vt 0.279279 0.789052
vt 0.282589 0.797709
vt 0.279279 0.789052
vt 0.282597 0.788698
vt 0.286025 0.788934
vt 0.282597 0.788698
vt 0.282405 0.780194
vt 0.286025 0.788934
vt 0.282405 0.780194
vt 0.285888 0.780285
vt 0.288516 0.780384
vt 0.288839 0.789341
vt 0.286025 0.788934
vt 0.288516 0.780384
vt 0.286025 0.788934
vt 0.285888 0.780285
vt 0.049797 0.225520
vt 0.040642 0.224446
vt 0.041350 0.222154
vt 0.049797 0.225520
vt 0.041350 0.222154
vt 0.050286 0.223395
vt 0.246744 0.911221
vt 0.252108 0.892935
vt 0.282198 0.901361
vt 0.246744 0.911221
vt 0.282198 0.901361
vt 0.273710 0.919088
vt 0.282198 0.901361
vt 0.311953 0.915561
vt 0.299086 0.931690
vt 0.282198 0.901361
vt 0.299086 0.931690
vt 0.273710 0.919088
vt 0.039884 0.227097
vt 0.040642 0.224446
vt 0.049797 0.225520
vt 0.039884 0.227097
vt 0.049797 0.225520
vt 0.049540 0.228378
vt 0.049309 0.231238
vt 0.039435 0.230126
vt 0.039884 0.227097
vt 0.049309 0.231238
vt 0.039884 0.227097
vt 0.049540 0.228378
vt 0.049233 0.233823
vt 0.038999 0.232691
vt 0.039435 0.230126
vt 0.049233 0.233823
vt 0.039435 0.230126
vt 0.049309 0.231238
vt 0.141019 0.271597
vt 0.149004 0.270791
vt 0.148846 0.274486
vt 0.141019 0.271597
vt 0.148846 0.274486
vt 0.140930 0.275541
vt 0.049540 0.228378
vt 0.049797 0.225520
vt 0.059452 0.225436
vt 0.049540 0.228378
vt 0.059452 0.225436
vt 0.059504 0.228239
vt 0.059415 0.231287
vt 0.049309 0.231238
vt 0.049540 0.228378
vt 0.059415 0.231287
vt 0.049540 0.228378
vt 0.059504 0.228239
vt 0.142127 0.117385
vt 0.140239 0.119973
vt 0.133386 0.118239
vt 0.142127 0.117385
vt 0.133386 0.118239
vt 0.134748 0.115413
vt 0.217276 0.219427
vt 0.214779 0.202183
vt 0.241224 0.195391
vt 0.217276 0.219427
vt 0.241224 0.195391
vt 0.235459 0.217223
vt 0.538867 0.939447
vt 0.574506 0.934832
vt 0.575387 0.951956
vt 0.538867 0.939447
vt 0.575387 0.951956
vt 0.539748 0.956571
vt 0.214779 0.202183
vt 0.213534 0.197292
vt 0.239979 0.190501
vt 0.214779 0.202183
vt 0.239979 0.190501
vt 0.241224 0.195391
vt 0.187148 0.438828
vt 0.187101 0.434426
vt 0.213834 0.439155
vt 0.187148 0.438828
vt 0.213834 0.439155
vt 0.213517 0.443492
vt 0.187101 0.434426
vt 0.188009 0.427400
vt 0.214743 0.432129
vt 0.187101 0.434426
vt 0.214743 0.432129
vt 0.213834 0.439155
vt 0.246943 0.507513
vt 0.251339 0.495091
vt 0.269609 0.499009
vt 0.246943 0.507513
vt 0.269609 0.499009
vt 0.272930 0.516626
vt 0.271379 0.521622
vt 0.245287 0.512273
vt 0.246943 0.507513
vt 0.271379 0.521622
vt 0.246943 0.507513
vt 0.272930 0.516626
vt 0.188009 0.427400
vt 0.189246 0.422615
vt 0.215732 0.427331
vt 0.188009 0.427400
vt 0.215732 0.427331
vt 0.214743 0.432129
vt 0.537636 0.920503
vt 0.573291 0.916257
vt 0.574506 0.934832
vt 0.537636 0.920503
vt 0.574506 0.934832
vt 0.538867 0.939447
vt 0.284861 0.519806
vt 0.272930 0.516626
vt 0.269609 0.499009
vt 0.284861 0.519806
vt 0.269609 0.499009
vt 0.288982 0.501355
vt 0.573291 0.916257
vt 0.537636 0.920503
vt 0.536029 0.901226
vt 0.573291 0.916257
vt 0.536029 0.901226
vt 0.571733 0.896728
vt 0.235459 0.217223
vt 0.241224 0.195391
vt 0.253116 0.193259
vt 0.235459 0.217223
vt 0.253116 0.193259
vt 0.253757 0.216979
vt 0.501519 0.941514
vt 0.538867 0.939447
vt 0.539748 0.956571
vt 0.501519 0.941514
vt 0.539748 0.956571
vt 0.502401 0.958638
vt 0.500304 0.922939
vt 0.537636 0.920503
vt 0.538867 0.939447
vt 0.500304 0.922939
vt 0.538867 0.939447
vt 0.501519 0.941514
vt 0.498747 0.903410
vt 0.536029 0.901226
vt 0.537636 0.920503
vt 0.498747 0.903410
vt 0.537636 0.920503
vt 0.500304 0.922939
vt 0.213517 0.443492
vt 0.213834 0.439155
vt 0.226492 0.441209
vt 0.213517 0.443492
vt 0.226492 0.441209
vt 0.226294 0.445597
vt 0.253116 0.193259
vt 0.241224 0.195391
vt 0.239979 0.190501
vt 0.253116 0.193259
vt 0.239979 0.190501
vt 0.252603 0.188171
vt 0.283924 0.524829
vt 0.271379 0.521622
vt 0.272930 0.516626
vt 0.283924 0.524829
vt 0.272930 0.516626
vt 0.284861 0.519806
vt 0.213834 0.439155
vt 0.214743 0.432129
vt 0.227401 0.434183
vt 0.213834 0.439155
vt 0.227401 0.434183
vt 0.226492 0.441209
vt 0.214743 0.432129
vt 0.215732 0.427331
vt 0.228391 0.429385
vt 0.214743 0.432129
vt 0.228391 0.429385
vt 0.227401 0.434183
vt 0.239347 0.447447
vt 0.226294 0.445597
vt 0.226492 0.441209
vt 0.239347 0.447447
vt 0.226492 0.441209
vt 0.239911 0.443123
vt 0.226492 0.441209
vt 0.227401 0.434183
vt 0.240819 0.436098
vt 0.226492 0.441209
vt 0.240819 0.436098
vt 0.239911 0.443123
vt 0.227401 0.434183
vt 0.228391 0.429385
vt 0.241445 0.431234
vt 0.227401 0.434183
vt 0.241445 0.431234
vt 0.240819 0.436098
vt 0.253757 0.216979
vt 0.253116 0.193259
vt 0.265068 0.192741
vt 0.253757 0.216979
vt 0.265068 0.192741
vt 0.271646 0.219017
vt 0.288982 0.501355
vt 0.308622 0.500241
vt 0.297284 0.521387
vt 0.288982 0.501355
vt 0.297284 0.521387
vt 0.284861 0.519806
vt 0.533891 0.881510
vt 0.569635 0.877256
vt 0.571733 0.896728
vt 0.533891 0.881510
vt 0.571733 0.896728
vt 0.536029 0.901226
vt 0.569635 0.877256
vt 0.533891 0.881510
vt 0.531197 0.860119
vt 0.569635 0.877256
vt 0.531197 0.860119
vt 0.564837 0.856180
vt 0.334381 0.520338
vt 0.297284 0.521387
vt 0.308622 0.500241
vt 0.334381 0.520338
vt 0.308622 0.500241
vt 0.330426 0.496561
vt 0.253116 0.193259
vt 0.252603 0.188171
vt 0.265132 0.187678
vt 0.253116 0.193259
vt 0.265132 0.187678
vt 0.265068 0.192741
vt 0.290546 0.223860
vt 0.271646 0.219017
vt 0.265068 0.192741
vt 0.290546 0.223860
vt 0.265068 0.192741
vt 0.299326 0.196867
vt 0.265068 0.192741
vt 0.265132 0.187678
vt 0.299601 0.191928
vt 0.265068 0.192741
vt 0.299601 0.191928
vt 0.299326 0.196867
vt 0.239347 0.447447
vt 0.239911 0.443123
vt 0.277344 0.447534
vt 0.239347 0.447447
vt 0.277344 0.447534
vt 0.276416 0.451793
vt 0.296959 0.526437
vt 0.283924 0.524829
vt 0.284861 0.519806
vt 0.296959 0.526437
vt 0.284861 0.519806
vt 0.297284 0.521387
vt 0.239911 0.443123
vt 0.240819 0.436098
vt 0.278253 0.440509
vt 0.239911 0.443123
vt 0.278253 0.440509
vt 0.277344 0.447534
vt 0.334311 0.525282
vt 0.296959 0.526437
vt 0.297284 0.521387
vt 0.334311 0.525282
vt 0.297284 0.521387
vt 0.334381 0.520338
vt 0.240819 0.436098
vt 0.241445 0.431234
vt 0.278513 0.435580
vt 0.240819 0.436098
vt 0.278513 0.435580
vt 0.278253 0.440509
vt 0.496649 0.883938
vt 0.533891 0.881510
vt 0.536029 0.901226
vt 0.496649 0.883938
vt 0.536029 0.901226
vt 0.498747 0.903410
vt 0.496192 0.862464
vt 0.531197 0.860119
vt 0.533891 0.881510
vt 0.496192 0.862464
vt 0.533891 0.881510
vt 0.496649 0.883938
vt 0.336644 0.871444
vt 0.345470 0.878479
vt 0.333662 0.894824
vt 0.336644 0.871444
vt 0.333662 0.894824
vt 0.326618 0.890219
vt 0.811029 0.600603
vt 0.783596 0.591001
vt 0.815097 0.577512
vt 0.811029 0.600603
vt 0.815097 0.577512
vt 0.819571 0.582192
vt 0.330426 0.496561
vt 0.353699 0.490670
vt 0.356834 0.493774
vt 0.330426 0.496561
vt 0.356834 0.493774
vt 0.334381 0.520338
vt 0.556682 0.830106
vt 0.562246 0.834294
vt 0.566942 0.855864
vt 0.556682 0.830106
vt 0.566942 0.855864
vt 0.564837 0.856180
vt 0.311953 0.915561
vt 0.315513 0.916332
vt 0.327813 0.927048
vt 0.311953 0.915561
vt 0.327813 0.927048
vt 0.330831 0.930688
vt 0.311953 0.915561
vt 0.330831 0.930688
vt 0.316792 0.945356
vt 0.311953 0.915561
vt 0.316792 0.945356
vt 0.299086 0.931690
vt 0.318742 0.915631
vt 0.314257 0.915294
vt 0.317359 0.912496
vt 0.318742 0.915631
vt 0.317359 0.912496
vt 0.320028 0.913015
vt 0.225789 0.068314
vt 0.223098 0.064713
vt 0.222920 0.063049
vt 0.225789 0.068314
vt 0.222920 0.063049
vt 0.226945 0.065259
vt 0.223098 0.064713
vt 0.225789 0.068314
vt 0.225461 0.080033
vt 0.223098 0.064713
vt 0.225461 0.080033
vt 0.222920 0.083160
vt 0.817971 0.576257
vt 0.820671 0.579616
vt 0.819571 0.582192
vt 0.817971 0.576257
vt 0.819571 0.582192
vt 0.815097 0.577512
vt 0.073761 0.286767
vt 0.078016 0.287347
vt 0.078020 0.290333
vt 0.073761 0.286767
vt 0.078020 0.290333
vt 0.073489 0.290017
vt 0.816791 0.572110
vt 0.817971 0.576257
vt 0.815097 0.577512
vt 0.816791 0.572110
vt 0.815097 0.577512
vt 0.813848 0.572486
vt 0.078016 0.287347
vt 0.081875 0.287133
vt 0.081557 0.290137
vt 0.078016 0.287347
vt 0.081557 0.290137
vt 0.078020 0.290333
vt 0.816791 0.572110
vt 0.813848 0.572486
vt 0.812731 0.562371
vt 0.816791 0.572110
vt 0.812731 0.562371
vt 0.815869 0.562686
vt 0.081875 0.287133
vt 0.089402 0.286767
vt 0.089136 0.289743
vt 0.081875 0.287133
vt 0.089136 0.289743
vt 0.081557 0.290137
vt 0.396522 0.102144
vt 0.393749 0.103157
vt 0.389734 0.085224
vt 0.396522 0.102144
vt 0.389734 0.085224
vt 0.392482 0.084761
vt 0.395027 0.084666
vt 0.398874 0.102046
vt 0.396522 0.102144
vt 0.395027 0.084666
vt 0.396522 0.102144
vt 0.392482 0.084761
vt 0.812731 0.562371
vt 0.786277 0.559581
vt 0.783596 0.531651
vt 0.812731 0.562371
vt 0.783596 0.531651
vt 0.815390 0.546189
vt 0.073489 0.290017
vt 0.078020 0.290333
vt 0.078138 0.301172
vt 0.073489 0.290017
vt 0.078138 0.301172
vt 0.075215 0.302009
vt 0.078020 0.290333
vt 0.081557 0.290137
vt 0.081676 0.300976
vt 0.078020 0.290333
vt 0.081676 0.300976
vt 0.078138 0.301172
vt 0.815872 0.897236
vt 0.813277 0.907211
vt 0.803752 0.906616
vt 0.815872 0.897236
vt 0.803752 0.906616
vt 0.806367 0.897475
vt 0.356407 0.489379
vt 0.353699 0.490670
vt 0.352803 0.488494
vt 0.356407 0.489379
vt 0.352803 0.488494
vt 0.356282 0.486644
vt 0.353699 0.490670
vt 0.356407 0.489379
vt 0.358529 0.491608
vt 0.353699 0.490670
vt 0.358529 0.491608
vt 0.356834 0.493774
vt 0.222920 0.083160
vt 0.225461 0.080033
vt 0.226140 0.083004
vt 0.222920 0.083160
vt 0.226140 0.083004
vt 0.223735 0.084818
vt 0.078704 0.304050
vt 0.075781 0.304886
vt 0.075215 0.302009
vt 0.078704 0.304050
vt 0.075215 0.302009
vt 0.078138 0.301172
vt 0.078138 0.301172
vt 0.081676 0.300976
vt 0.082562 0.303835
vt 0.078138 0.301172
vt 0.082562 0.303835
vt 0.078704 0.304050
vt 0.818833 0.897532
vt 0.816263 0.907781
vt 0.813277 0.907211
vt 0.818833 0.897532
vt 0.813277 0.907211
vt 0.815872 0.897236
vt 0.362113 0.495507
vt 0.356834 0.493774
vt 0.358529 0.491608
vt 0.362113 0.495507
vt 0.358529 0.491608
vt 0.362836 0.493184
vt 0.374491 0.497666
vt 0.362113 0.495507
vt 0.362836 0.493184
vt 0.374491 0.497666
vt 0.362836 0.493184
vt 0.374496 0.495079
vt 0.370733 0.520992
vt 0.334381 0.520338
vt 0.362113 0.495507
vt 0.370733 0.520992
vt 0.362113 0.495507
vt 0.374491 0.497666
vt 0.817526 0.879324
vt 0.815872 0.897236
vt 0.806367 0.897475
vt 0.817526 0.879324
vt 0.806367 0.897475
vt 0.808278 0.879818
vt 0.820671 0.879051
vt 0.818833 0.897532
vt 0.815872 0.897236
vt 0.820671 0.879051
vt 0.815872 0.897236
vt 0.817526 0.879324
vt 0.394279 0.496211
vt 0.374491 0.497666
vt 0.374496 0.495079
vt 0.394279 0.496211
vt 0.374496 0.495079
vt 0.393777 0.493834
vt 0.564837 0.856180
vt 0.531197 0.860119
vt 0.527062 0.833926
vt 0.564837 0.856180
vt 0.527062 0.833926
vt 0.556682 0.830106
vt 0.496176 0.835646
vt 0.527062 0.833926
vt 0.531197 0.860119
vt 0.496176 0.835646
vt 0.531197 0.860119
vt 0.496192 0.862464
vt 0.545936 0.247317
vt 0.529376 0.250584
vt 0.522971 0.221174
vt 0.545936 0.247317
vt 0.522971 0.221174
vt 0.539941 0.221392
vt 0.582329 0.260341
vt 0.555859 0.270208
vt 0.545936 0.247317
vt 0.582329 0.260341
vt 0.545936 0.247317
vt 0.573024 0.241141
vt 0.545936 0.247317
vt 0.539941 0.221392
vt 0.568254 0.220537
vt 0.545936 0.247317
vt 0.568254 0.220537
vt 0.573024 0.241141
vt 0.539731 0.194524
vt 0.539941 0.221392
vt 0.522971 0.221174
vt 0.539731 0.194524
vt 0.522971 0.221174
vt 0.522352 0.190823
vt 0.568080 0.199067
vt 0.568254 0.220537
vt 0.539941 0.221392
vt 0.568080 0.199067
vt 0.539941 0.221392
vt 0.539731 0.194524
vt 0.573102 0.316315
vt 0.578316 0.315433
vt 0.580833 0.327711
vt 0.573102 0.316315
vt 0.580833 0.327711
vt 0.575729 0.329128
vt 0.404040 0.549996
vt 0.398824 0.561543
vt 0.394693 0.559399
vt 0.404040 0.549996
vt 0.394693 0.559399
vt 0.399429 0.548539
vt 0.387842 0.569007
vt 0.394693 0.559399
vt 0.398824 0.561543
vt 0.387842 0.569007
vt 0.398824 0.561543
vt 0.391634 0.571904
vt 0.578316 0.315433
vt 0.573102 0.316315
vt 0.572188 0.302869
vt 0.578316 0.315433
vt 0.572188 0.302869
vt 0.577331 0.302854
vt 0.951931 0.457935
vt 0.980687 0.459629
vt 0.979468 0.472720
vt 0.951931 0.457935
vt 0.979468 0.472720
vt 0.950712 0.471025
vt 0.391949 0.557837
vt 0.396459 0.547479
vt 0.399429 0.548539
vt 0.391949 0.557837
vt 0.399429 0.548539
vt 0.394693 0.559399
vt 0.889274 0.669174
vt 0.890158 0.679972
vt 0.886942 0.680621
vt 0.889274 0.669174
vt 0.886942 0.680621
vt 0.885764 0.669581
vt 0.890158 0.679972
vt 0.889274 0.669174
vt 0.918980 0.668240
vt 0.890158 0.679972
vt 0.918980 0.668240
vt 0.919841 0.678768
vt 0.952107 0.444481
vt 0.981137 0.446202
vt 0.980687 0.459629
vt 0.952107 0.444481
vt 0.980687 0.459629
vt 0.951931 0.457935
vt 0.385535 0.567035
vt 0.391949 0.557837
vt 0.394693 0.559399
vt 0.385535 0.567035
vt 0.394693 0.559399
vt 0.387842 0.569007
vt 0.888726 0.658260
vt 0.889274 0.669174
vt 0.885764 0.669581
vt 0.888726 0.658260
vt 0.885764 0.669581
vt 0.885466 0.658369
vt 0.889274 0.669174
vt 0.888726 0.658260
vt 0.918704 0.657298
vt 0.889274 0.669174
vt 0.918704 0.657298
vt 0.918980 0.668240
vt 0.577331 0.302854
vt 0.572188 0.302869
vt 0.572837 0.289914
vt 0.577331 0.302854
vt 0.572837 0.289914
vt 0.578167 0.290176
vt 0.379201 0.577204
vt 0.387842 0.569007
vt 0.391634 0.571904
vt 0.379201 0.577204
vt 0.391634 0.571904
vt 0.382374 0.580738
vt 0.377259 0.574798
vt 0.385535 0.567035
vt 0.387842 0.569007
vt 0.377259 0.574798
vt 0.387842 0.569007
vt 0.379201 0.577204
vt 0.951164 0.431482
vt 0.980437 0.433530
vt 0.981137 0.446202
vt 0.951164 0.431482
vt 0.981137 0.446202
vt 0.952107 0.444481
vt 0.889046 0.647396
vt 0.888726 0.658260
vt 0.885466 0.658369
vt 0.889046 0.647396
vt 0.885466 0.658369
vt 0.885764 0.647235
vt 0.888726 0.658260
vt 0.889046 0.647396
vt 0.919024 0.646434
vt 0.888726 0.658260
vt 0.919024 0.646434
vt 0.918704 0.657298
vt 0.890096 0.636800
vt 0.889046 0.647396
vt 0.885764 0.647235
vt 0.890096 0.636800
vt 0.885764 0.647235
vt 0.886759 0.636322
vt 0.377259 0.574798
vt 0.379201 0.577204
vt 0.369368 0.583964
vt 0.377259 0.574798
vt 0.369368 0.583964
vt 0.367748 0.581398
vt 0.889046 0.647396
vt 0.890096 0.636800
vt 0.920041 0.635791
vt 0.889046 0.647396
vt 0.920041 0.635791
vt 0.919024 0.646434
vt 0.579575 0.277992
vt 0.578167 0.290176
vt 0.572837 0.289914
vt 0.579575 0.277992
vt 0.572837 0.289914
vt 0.574471 0.277053
vt 0.949353 0.419079
vt 0.978625 0.421127
vt 0.980437 0.433530
vt 0.949353 0.419079
vt 0.980437 0.433530
vt 0.951164 0.431482
vt 0.369368 0.583964
vt 0.379201 0.577204
vt 0.382374 0.580738
vt 0.369368 0.583964
vt 0.382374 0.580738
vt 0.372061 0.588184
vt 0.890096 0.636800
vt 0.886759 0.636322
vt 0.888232 0.625974
vt 0.890096 0.636800
vt 0.888232 0.625974
vt 0.891613 0.626991
vt 0.890096 0.636800
vt 0.891613 0.626991
vt 0.921536 0.625712
vt 0.890096 0.636800
vt 0.921536 0.625712
vt 0.920041 0.635791
vt 0.369368 0.583964
vt 0.372061 0.588184
vt 0.360644 0.593624
vt 0.369368 0.583964
vt 0.360644 0.593624
vt 0.358761 0.589471
vt 0.357463 0.586746
vt 0.367748 0.581398
vt 0.369368 0.583964
vt 0.357463 0.586746
vt 0.369368 0.583964
vt 0.358761 0.589471
vt 0.579575 0.277992
vt 0.574471 0.277053
vt 0.577184 0.265247
vt 0.579575 0.277992
vt 0.577184 0.265247
vt 0.582264 0.266711
vt 0.358126 0.908273
vt 0.388056 0.910258
vt 0.385910 0.921536
vt 0.358126 0.908273
vt 0.385910 0.921536
vt 0.356073 0.920125
vt 0.353153 0.092741
vt 0.363779 0.094564
vt 0.367437 0.121496
vt 0.353153 0.092741
vt 0.367437 0.121496
vt 0.357088 0.119604
vt 0.891613 0.626991
vt 0.888232 0.625974
vt 0.890501 0.616702
vt 0.891613 0.626991
vt 0.890501 0.616702
vt 0.893609 0.617749
vt 0.346492 0.590271
vt 0.357463 0.586746
vt 0.358761 0.589471
vt 0.346492 0.590271
vt 0.358761 0.589471
vt 0.347328 0.593089
vt 0.358761 0.589471
vt 0.360644 0.593624
vt 0.348454 0.597812
vt 0.358761 0.589471
vt 0.348454 0.597812
vt 0.347328 0.593089
vt 0.003788 0.105449
vt 0.001014 0.100936
vt 0.012087 0.095173
vt 0.003788 0.105449
vt 0.012087 0.095173
vt 0.014219 0.099865
vt 0.359498 0.895334
vt 0.389348 0.897552
vt 0.388056 0.910258
vt 0.359498 0.895334
vt 0.388056 0.910258
vt 0.358126 0.908273
vt 0.026568 0.095254
vt 0.014219 0.099865
vt 0.012087 0.095173
vt 0.026568 0.095254
vt 0.012087 0.095173
vt 0.024917 0.090101
vt 0.389348 0.897552
vt 0.359498 0.895334
vt 0.360170 0.880364
vt 0.389348 0.897552
vt 0.360170 0.880364
vt 0.389704 0.883517
vt 0.950712 0.471025
vt 0.946178 0.469664
vt 0.947322 0.457392
vt 0.950712 0.471025
vt 0.947322 0.457392
vt 0.951931 0.457935
vt 0.043861 0.703031
vt 0.042021 0.700049
vt 0.052977 0.696178
vt 0.043861 0.703031
vt 0.052977 0.696178
vt 0.054331 0.699332
vt 0.951931 0.457935
vt 0.947322 0.457392
vt 0.947391 0.445057
vt 0.951931 0.457935
vt 0.947391 0.445057
vt 0.952107 0.444481
vt 0.042021 0.700049
vt 0.043861 0.703031
vt 0.034783 0.708950
vt 0.042021 0.700049
vt 0.034783 0.708950
vt 0.032371 0.705878
vt 0.054331 0.699332
vt 0.055421 0.705018
vt 0.045925 0.708372
vt 0.054331 0.699332
vt 0.045925 0.708372
vt 0.043861 0.703031
vt 0.043861 0.703031
vt 0.045925 0.708372
vt 0.037312 0.713521
vt 0.043861 0.703031
vt 0.037312 0.713521
vt 0.034783 0.708950
vt 0.952107 0.444481
vt 0.947391 0.445057
vt 0.946659 0.432688
vt 0.952107 0.444481
vt 0.946659 0.432688
vt 0.951164 0.431482
vt 0.032371 0.705878
vt 0.034783 0.708950
vt 0.026892 0.716243
vt 0.032371 0.705878
vt 0.026892 0.716243
vt 0.023932 0.713679
vt 0.015759 0.115104
vt 0.013546 0.112403
vt 0.022971 0.107774
vt 0.015759 0.115104
vt 0.022971 0.107774
vt 0.024479 0.110769
vt 0.032151 0.149789
vt 0.023723 0.153346
vt 0.021746 0.150126
vt 0.032151 0.149789
vt 0.021746 0.150126
vt 0.030508 0.146069
vt 0.041078 0.146827
vt 0.032151 0.149789
vt 0.030508 0.146069
vt 0.041078 0.146827
vt 0.030508 0.146069
vt 0.040031 0.143229
vt 0.024479 0.110769
vt 0.022971 0.107774
vt 0.033026 0.104346
vt 0.024479 0.110769
vt 0.033026 0.104346
vt 0.033966 0.107641
vt 0.033026 0.104346
vt 0.022971 0.107774
vt 0.021582 0.104536
vt 0.033026 0.104346
vt 0.021582 0.104536
vt 0.031989 0.100960
vt 0.282405 0.780194
vt 0.282597 0.788698
vt 0.279279 0.789052
vt 0.282405 0.780194
vt 0.279279 0.789052
vt 0.279216 0.780188
vt 0.041078 0.146827
vt 0.040031 0.143229
vt 0.049322 0.141030
vt 0.041078 0.146827
vt 0.049322 0.141030
vt 0.049805 0.144982
vt 0.033026 0.104346
vt 0.031989 0.100960
vt 0.041878 0.098936
vt 0.033026 0.104346
vt 0.041878 0.098936
vt 0.042564 0.102468
vt 0.043276 0.105668
vt 0.033966 0.107641
vt 0.033026 0.104346
vt 0.043276 0.105668
vt 0.033026 0.104346
vt 0.042564 0.102468
vt 0.285881 0.771208
vt 0.285888 0.780285
vt 0.282405 0.780194
vt 0.285881 0.771208
vt 0.282405 0.780194
vt 0.282398 0.771117
vt 0.282405 0.780194
vt 0.279216 0.780188
vt 0.279004 0.770874
vt 0.282405 0.780194
vt 0.279004 0.770874
vt 0.282398 0.771117
vt 0.034783 0.708950
vt 0.037312 0.713521
vt 0.030152 0.720556
vt 0.034783 0.708950
vt 0.030152 0.720556
vt 0.026892 0.716243
vt 0.020713 0.725061
vt 0.026892 0.716243
vt 0.030152 0.720556
vt 0.020713 0.725061
vt 0.030152 0.720556
vt 0.024194 0.728691
vt 0.140156 0.267926
vt 0.147806 0.266938
vt 0.149004 0.270791
vt 0.140156 0.267926
vt 0.149004 0.270791
vt 0.141019 0.271597
vt 0.288516 0.780384
vt 0.285888 0.780285
vt 0.285881 0.771208
vt 0.288516 0.780384
vt 0.285881 0.771208
vt 0.288510 0.771308
vt 0.141019 0.271597
vt 0.140930 0.275541
vt 0.132268 0.276750
vt 0.141019 0.271597
vt 0.132268 0.276750
vt 0.132629 0.272837
vt 0.131696 0.268918
vt 0.140156 0.267926
vt 0.141019 0.271597
vt 0.131696 0.268918
vt 0.141019 0.271597
vt 0.132629 0.272837
vt 0.059609 0.233777
vt 0.049233 0.233823
vt 0.049309 0.231238
vt 0.059609 0.233777
vt 0.049309 0.231238
vt 0.059415 0.231287
vt 0.059609 0.233777
vt 0.059415 0.231287
vt 0.070356 0.230626
vt 0.059609 0.233777
vt 0.070356 0.230626
vt 0.070640 0.233229
vt 0.122831 0.274062
vt 0.132629 0.272837
vt 0.132268 0.276750
vt 0.122831 0.274062
vt 0.132268 0.276750
vt 0.122807 0.278158
vt 0.052443 0.101274
vt 0.042564 0.102468
vt 0.041878 0.098936
vt 0.052443 0.101274
vt 0.041878 0.098936
vt 0.052202 0.097684
vt 0.043276 0.105668
vt 0.042564 0.102468
vt 0.052443 0.101274
vt 0.043276 0.105668
vt 0.052443 0.101274
vt 0.052680 0.104864
vt 0.059030 0.143733
vt 0.049805 0.144982
vt 0.049322 0.141030
vt 0.059030 0.143733
vt 0.049322 0.141030
vt 0.058712 0.140091
vt 0.122166 0.270077
vt 0.131696 0.268918
vt 0.132629 0.272837
vt 0.122166 0.270077
vt 0.132629 0.272837
vt 0.122831 0.274062
vt 0.063294 0.100884
vt 0.052443 0.101274
vt 0.052202 0.097684
vt 0.063294 0.100884
vt 0.052202 0.097684
vt 0.063312 0.097059
vt 0.063086 0.104532
vt 0.052680 0.104864
vt 0.052443 0.101274
vt 0.063086 0.104532
vt 0.052443 0.101274
vt 0.063294 0.100884
vt 0.951164 0.431482
vt 0.946659 0.432688
vt 0.945019 0.421401
vt 0.951164 0.431482
vt 0.945019 0.421401
vt 0.949353 0.419079
vt 0.023932 0.713679
vt 0.026892 0.716243
vt 0.020713 0.725061
vt 0.023932 0.713679
vt 0.020713 0.725061
vt 0.017594 0.722845
vt 0.366030 0.089896
vt 0.375950 0.092631
vt 0.373264 0.097126
vt 0.366030 0.089896
vt 0.373264 0.097126
vt 0.363779 0.094564
vt 0.012613 0.721350
vt 0.017594 0.722845
vt 0.012372 0.732851
vt 0.012613 0.721350
vt 0.012372 0.732851
vt 0.007316 0.731964
vt 0.012372 0.732851
vt 0.017594 0.722845
vt 0.020713 0.725061
vt 0.012372 0.732851
vt 0.020713 0.725061
vt 0.015956 0.734297
vt 0.354700 0.088001
vt 0.366030 0.089896
vt 0.363779 0.094564
vt 0.354700 0.088001
vt 0.363779 0.094564
vt 0.353153 0.092741
vt 0.007316 0.731964
vt 0.012372 0.732851
vt 0.008984 0.743710
vt 0.007316 0.731964
vt 0.008984 0.743710
vt 0.003706 0.743507
vt 0.012372 0.732851
vt 0.015956 0.734297
vt 0.012629 0.744821
vt 0.012372 0.732851
vt 0.012629 0.744821
vt 0.008984 0.743710
vt 0.353153 0.092741
vt 0.357088 0.119604
vt 0.345084 0.118155
vt 0.353153 0.092741
vt 0.345084 0.118155
vt 0.340449 0.091729
vt 0.341204 0.086762
vt 0.354700 0.088001
vt 0.353153 0.092741
vt 0.341204 0.086762
vt 0.353153 0.092741
vt 0.340449 0.091729
vt 0.003706 0.743507
vt 0.008984 0.743710
vt 0.007718 0.756532
vt 0.003706 0.743507
vt 0.007718 0.756532
vt 0.002464 0.756926
vt 0.008984 0.743710
vt 0.012629 0.744821
vt 0.011438 0.757034
vt 0.008984 0.743710
vt 0.011438 0.757034
vt 0.007718 0.756532
vt 0.299326 0.196867
vt 0.299601 0.191928
vt 0.333379 0.194193
vt 0.299326 0.196867
vt 0.333379 0.194193
vt 0.333314 0.199257
vt 0.276416 0.451793
vt 0.277344 0.447534
vt 0.312666 0.451966
vt 0.276416 0.451793
vt 0.312666 0.451966
vt 0.312349 0.456303
vt 0.370409 0.526041
vt 0.334311 0.525282
vt 0.334381 0.520338
vt 0.370409 0.526041
vt 0.334381 0.520338
vt 0.370733 0.520992
vt 0.277344 0.447534
vt 0.278253 0.440509
vt 0.313576 0.444940
vt 0.277344 0.447534
vt 0.313576 0.444940
vt 0.312666 0.451966
vt 0.313576 0.444940
vt 0.278253 0.440509
vt 0.278513 0.435580
vt 0.313576 0.444940
vt 0.278513 0.435580
vt 0.314447 0.440090
vt 0.401426 0.526491
vt 0.370733 0.520992
vt 0.374491 0.497666
vt 0.401426 0.526491
vt 0.374491 0.497666
vt 0.394279 0.496211
vt 0.333314 0.199257
vt 0.333379 0.194193
vt 0.362937 0.191446
vt 0.333314 0.199257
vt 0.362937 0.191446
vt 0.363239 0.196410
vt 0.312349 0.456303
vt 0.312666 0.451966
vt 0.343266 0.456499
vt 0.312349 0.456303
vt 0.343266 0.456499
vt 0.342821 0.460875
vt 0.400742 0.531409
vt 0.370409 0.526041
vt 0.370733 0.520992
vt 0.400742 0.531409
vt 0.370733 0.520992
vt 0.401426 0.526491
vt 0.312666 0.451966
vt 0.313576 0.444940
vt 0.344174 0.449474
vt 0.312666 0.451966
vt 0.344174 0.449474
vt 0.343266 0.456499
vt 0.313576 0.444940
vt 0.314447 0.440090
vt 0.344918 0.444662
vt 0.313576 0.444940
vt 0.344918 0.444662
vt 0.344174 0.449474
vt 0.399203 0.195549
vt 0.363239 0.196410
vt 0.362937 0.191446
vt 0.399203 0.195549
vt 0.362937 0.191446
vt 0.399478 0.190611
vt 0.342821 0.460875
vt 0.343266 0.456499
vt 0.381581 0.461865
vt 0.342821 0.460875
vt 0.381581 0.461865
vt 0.381018 0.466189
vt 0.343266 0.456499
vt 0.344174 0.449474
vt 0.382489 0.454840
vt 0.343266 0.456499
vt 0.382489 0.454840
vt 0.381581 0.461865
vt 0.344174 0.449474
vt 0.344918 0.444662
vt 0.383115 0.449976
vt 0.344174 0.449474
vt 0.383115 0.449976
vt 0.382489 0.454840
vt 0.400742 0.531409
vt 0.401426 0.526491
vt 0.438991 0.530554
vt 0.400742 0.531409
vt 0.438991 0.530554
vt 0.438921 0.535499
vt 0.151384 0.867584
vt 0.148274 0.850032
vt 0.185221 0.844454
vt 0.151384 0.867584
vt 0.185221 0.844454
vt 0.186354 0.862145
vt 0.185221 0.844454
vt 0.222116 0.845750
vt 0.219993 0.863489
vt 0.185221 0.844454
vt 0.219993 0.863489
vt 0.186354 0.862145
vt 0.151384 0.867584
vt 0.186354 0.862145
vt 0.188062 0.888875
vt 0.151384 0.867584
vt 0.188062 0.888875
vt 0.156954 0.893634
vt 0.227411 0.237182
vt 0.240168 0.238690
vt 0.240232 0.247147
vt 0.227411 0.237182
vt 0.240232 0.247147
vt 0.227802 0.245694
vt 0.227687 0.248578
vt 0.227802 0.245694
vt 0.240232 0.247147
vt 0.227687 0.248578
vt 0.240232 0.247147
vt 0.240116 0.250030
vt 0.240232 0.247147
vt 0.252374 0.249171
vt 0.252011 0.252176
vt 0.240232 0.247147
vt 0.252011 0.252176
vt 0.240116 0.250030
vt 0.240232 0.247147
vt 0.240168 0.238690
vt 0.252310 0.240714
vt 0.240232 0.247147
vt 0.252310 0.240714
vt 0.252374 0.249171
vt 0.698255 0.173528
vt 0.696342 0.185593
vt 0.693815 0.185721
vt 0.698255 0.173528
vt 0.693815 0.185721
vt 0.695727 0.173656
vt 0.693815 0.185721
vt 0.696342 0.185593
vt 0.694970 0.197765
vt 0.693815 0.185721
vt 0.694970 0.197765
vt 0.692712 0.197839
vt 0.696342 0.185593
vt 0.698255 0.173528
vt 0.701468 0.174278
vt 0.696342 0.185593
vt 0.701468 0.174278
vt 0.699477 0.185961
vt 0.696342 0.185593
vt 0.699477 0.185961
vt 0.698330 0.197892
vt 0.696342 0.185593
vt 0.698330 0.197892
vt 0.694970 0.197765
vt 0.227411 0.237182
vt 0.227802 0.245694
vt 0.215191 0.244977
vt 0.227411 0.237182
vt 0.215191 0.244977
vt 0.214800 0.236465
vt 0.700593 0.162389
vt 0.698255 0.173528
vt 0.695727 0.173656
vt 0.700593 0.162389
vt 0.695727 0.173656
vt 0.698334 0.162463
vt 0.188062 0.888875
vt 0.186354 0.862145
vt 0.219993 0.863489
vt 0.188062 0.888875
vt 0.219993 0.863489
vt 0.220403 0.888482
vt 0.276541 0.087374
vt 0.286980 0.083444
vt 0.288545 0.086528
vt 0.276541 0.087374
vt 0.288545 0.086528
vt 0.278184 0.090579
vt 0.296361 0.078872
vt 0.286980 0.083444
vt 0.284805 0.080987
vt 0.296361 0.078872
vt 0.284805 0.080987
vt 0.293673 0.076624
vt 0.301440 0.071538
vt 0.304284 0.073520
vt 0.296361 0.078872
vt 0.301440 0.071538
vt 0.296361 0.078872
vt 0.293673 0.076624
vt 0.274957 0.084830
vt 0.284805 0.080987
vt 0.286980 0.083444
vt 0.274957 0.084830
vt 0.286980 0.083444
vt 0.276541 0.087374
vt 0.117275 0.180991
vt 0.105555 0.181098
vt 0.105354 0.175316
vt 0.117275 0.180991
vt 0.105354 0.175316
vt 0.116474 0.175223
vt 0.127475 0.173873
vt 0.128934 0.179548
vt 0.117275 0.180991
vt 0.127475 0.173873
vt 0.117275 0.180991
vt 0.116474 0.175223
vt 0.215191 0.244977
vt 0.227802 0.245694
vt 0.227687 0.248578
vt 0.215191 0.244977
vt 0.227687 0.248578
vt 0.215402 0.247917
vt 0.215191 0.244977
vt 0.215402 0.247917
vt 0.202925 0.247999
vt 0.215191 0.244977
vt 0.202925 0.247999
vt 0.202714 0.245059
vt 0.202167 0.236840
vt 0.214800 0.236465
vt 0.215191 0.244977
vt 0.202167 0.236840
vt 0.215191 0.244977
vt 0.202714 0.245059
vt 0.840618 0.548100
vt 0.842889 0.544885
vt 0.851659 0.553273
vt 0.840618 0.548100
vt 0.851659 0.553273
vt 0.849181 0.556393
vt 0.851659 0.553273
vt 0.859238 0.562920
vt 0.856326 0.565531
vt 0.851659 0.553273
vt 0.856326 0.565531
vt 0.849181 0.556393
vt 0.849181 0.556393
vt 0.856326 0.565531
vt 0.852069 0.568066
vt 0.849181 0.556393
vt 0.852069 0.568066
vt 0.845359 0.559438
vt 0.837230 0.551654
vt 0.840618 0.548100
vt 0.849181 0.556393
vt 0.837230 0.551654
vt 0.849181 0.556393
vt 0.845359 0.559438
vt 0.842889 0.544885
vt 0.840618 0.548100
vt 0.831001 0.541136
vt 0.842889 0.544885
vt 0.831001 0.541136
vt 0.832839 0.537411
vt 0.828166 0.544950
vt 0.831001 0.541136
vt 0.840618 0.548100
vt 0.828166 0.544950
vt 0.840618 0.548100
vt 0.837230 0.551654
vt 0.190288 0.245762
vt 0.202714 0.245059
vt 0.202925 0.247999
vt 0.190288 0.245762
vt 0.202925 0.247999
vt 0.190746 0.248579
vt 0.832839 0.537411
vt 0.831001 0.541136
vt 0.820568 0.535002
vt 0.832839 0.537411
vt 0.820568 0.535002
vt 0.821921 0.531043
vt 0.831001 0.541136
vt 0.828166 0.544950
vt 0.818028 0.539256
vt 0.831001 0.541136
vt 0.818028 0.539256
vt 0.820568 0.535002
vt 0.379577 0.111199
vt 0.375534 0.110044
vt 0.378183 0.099511
vt 0.379577 0.111199
vt 0.378183 0.099511
vt 0.382346 0.100069
vt 0.379577 0.111199
vt 0.375786 0.121496
vt 0.371885 0.120109
vt 0.379577 0.111199
vt 0.371885 0.120109
vt 0.375534 0.110044
vt 0.214803 0.234502
vt 0.214800 0.236465
vt 0.202167 0.236840
vt 0.214803 0.234502
vt 0.202167 0.236840
vt 0.202089 0.234699
vt 0.265470 0.090293
vt 0.276541 0.087374
vt 0.278184 0.090579
vt 0.265470 0.090293
vt 0.278184 0.090579
vt 0.266522 0.093585
vt 0.264043 0.087483
vt 0.274957 0.084830
vt 0.276541 0.087374
vt 0.264043 0.087483
vt 0.276541 0.087374
vt 0.265470 0.090293
vt 0.094324 0.174423
vt 0.105354 0.175316
vt 0.105555 0.181098
vt 0.094324 0.174423
vt 0.105555 0.181098
vt 0.094009 0.179901
vt 0.629346 0.255853
vt 0.628613 0.246021
vt 0.641025 0.247137
vt 0.629346 0.255853
vt 0.641025 0.247137
vt 0.641866 0.256746
vt 0.772253 0.836549
vt 0.760523 0.835471
vt 0.757906 0.825594
vt 0.772253 0.836549
vt 0.757906 0.825594
vt 0.769849 0.826898
vt 0.202714 0.245059
vt 0.190288 0.245762
vt 0.190081 0.237591
vt 0.202714 0.245059
vt 0.190081 0.237591
vt 0.202167 0.236840
vt 0.190288 0.245762
vt 0.190746 0.248579
vt 0.179368 0.250063
vt 0.190288 0.245762
vt 0.179368 0.250063
vt 0.178910 0.247246
vt 0.178375 0.239019
vt 0.190081 0.237591
vt 0.190288 0.245762
vt 0.178375 0.239019
vt 0.190288 0.245762
vt 0.178910 0.247246
vt 0.190003 0.235451
vt 0.202089 0.234699
vt 0.202167 0.236840
vt 0.190003 0.235451
vt 0.202167 0.236840
vt 0.190081 0.237591
vt 0.253889 0.092403
vt 0.265470 0.090293
vt 0.266522 0.093585
vt 0.253889 0.092403
vt 0.266522 0.093585
vt 0.254585 0.095638
vt 0.252817 0.089649
vt 0.264043 0.087483
vt 0.265470 0.090293
vt 0.252817 0.089649
vt 0.265470 0.090293
vt 0.253889 0.092403
vt 0.083775 0.172259
vt 0.094324 0.174423
vt 0.094009 0.179901
vt 0.083775 0.172259
vt 0.094009 0.179901
vt 0.082861 0.177751
vt 0.242415 0.096816
vt 0.254585 0.095638
vt 0.254893 0.097755
vt 0.242415 0.096816
vt 0.254893 0.097755
vt 0.242445 0.098998
vt 0.241833 0.093236
vt 0.253889 0.092403
vt 0.254585 0.095638
vt 0.241833 0.093236
vt 0.254585 0.095638
vt 0.242415 0.096816
vt 0.627973 0.235384
vt 0.640417 0.236947
vt 0.641025 0.247137
vt 0.627973 0.235384
vt 0.641025 0.247137
vt 0.628613 0.246021
vt 0.384304 0.088902
vt 0.382346 0.100069
vt 0.378183 0.099511
vt 0.384304 0.088902
vt 0.378183 0.099511
vt 0.380141 0.088344
vt 0.627599 0.224615
vt 0.640058 0.226045
vt 0.640417 0.236947
vt 0.627599 0.224615
vt 0.640417 0.236947
vt 0.627973 0.235384
vt 0.809357 0.530318
vt 0.810503 0.526264
vt 0.821921 0.531043
vt 0.809357 0.530318
vt 0.821921 0.531043
vt 0.820568 0.535002
vt 0.178910 0.247246
vt 0.179368 0.250063
vt 0.168696 0.252280
vt 0.178910 0.247246
vt 0.168696 0.252280
vt 0.167911 0.249407
vt 0.167623 0.241058
vt 0.178375 0.239019
vt 0.178910 0.247246
vt 0.167623 0.241058
vt 0.178910 0.247246
vt 0.167911 0.249407
vt 0.810503 0.526264
vt 0.809357 0.530318
vt 0.797881 0.526725
vt 0.810503 0.526264
vt 0.797881 0.526725
vt 0.798702 0.522824
vt 0.820568 0.535002
vt 0.818028 0.539256
vt 0.807626 0.534653
vt 0.820568 0.535002
vt 0.807626 0.534653
vt 0.809357 0.530318
vt 0.809357 0.530318
vt 0.807626 0.534653
vt 0.796701 0.531321
vt 0.809357 0.530318
vt 0.796701 0.531321
vt 0.797881 0.526725
vt 0.384304 0.088902
vt 0.380141 0.088344
vt 0.380814 0.077237
vt 0.384304 0.088902
vt 0.380814 0.077237
vt 0.385119 0.077499
vt 0.640058 0.226045
vt 0.627599 0.224615
vt 0.627584 0.213624
vt 0.640058 0.226045
vt 0.627584 0.213624
vt 0.640044 0.215054
vt 0.158114 0.252056
vt 0.167911 0.249407
vt 0.168696 0.252280
vt 0.158114 0.252056
vt 0.168696 0.252280
vt 0.158560 0.254881
vt 0.798702 0.522824
vt 0.797881 0.526725
vt 0.786228 0.524568
vt 0.798702 0.522824
vt 0.786228 0.524568
vt 0.786497 0.520406
vt 0.797881 0.526725
vt 0.796701 0.531321
vt 0.785394 0.529328
vt 0.797881 0.526725
vt 0.785394 0.529328
vt 0.786228 0.524568
vt 0.385119 0.077499
vt 0.380814 0.077237
vt 0.380843 0.066161
vt 0.385119 0.077499
vt 0.380843 0.066161
vt 0.384959 0.065991
vt 0.263410 0.251954
vt 0.262955 0.254789
vt 0.252011 0.252176
vt 0.263410 0.251954
vt 0.252011 0.252176
vt 0.252374 0.249171
vt 0.263410 0.251954
vt 0.252374 0.249171
vt 0.252310 0.240714
vt 0.263410 0.251954
vt 0.252310 0.240714
vt 0.263920 0.243432
vt 0.862308 0.575334
vt 0.865447 0.573138
vt 0.870060 0.583511
vt 0.862308 0.575334
vt 0.870060 0.583511
vt 0.866713 0.585612
vt 0.870060 0.583511
vt 0.873489 0.594232
vt 0.869847 0.595894
vt 0.870060 0.583511
vt 0.869847 0.595894
vt 0.866713 0.585612
vt 0.856326 0.565531
vt 0.859238 0.562920
vt 0.865447 0.573138
vt 0.856326 0.565531
vt 0.865447 0.573138
vt 0.862308 0.575334
vt 0.862308 0.575334
vt 0.866713 0.585612
vt 0.861706 0.586881
vt 0.862308 0.575334
vt 0.861706 0.586881
vt 0.857755 0.577430
vt 0.852069 0.568066
vt 0.856326 0.565531
vt 0.862308 0.575334
vt 0.852069 0.568066
vt 0.862308 0.575334
vt 0.857755 0.577430
vt 0.866713 0.585612
vt 0.869847 0.595894
vt 0.864751 0.596818
vt 0.866713 0.585612
vt 0.864751 0.596818
vt 0.861706 0.586881
vt 0.776364 0.857516
vt 0.780699 0.856940
vt 0.781930 0.867431
vt 0.776364 0.857516
vt 0.781930 0.867431
vt 0.777570 0.867822
vt 0.781930 0.867431
vt 0.783077 0.878054
vt 0.778747 0.878056
vt 0.781930 0.867431
vt 0.778747 0.878056
vt 0.777570 0.867822
vt 0.783077 0.878054
vt 0.783846 0.888597
vt 0.779516 0.888599
vt 0.783077 0.878054
vt 0.779516 0.888599
vt 0.778747 0.878056
vt 0.694644 0.209741
vt 0.692149 0.210064
vt 0.692712 0.197839
vt 0.694644 0.209741
vt 0.692712 0.197839
vt 0.694970 0.197765
vt 0.697959 0.209681
vt 0.694644 0.209741
vt 0.694970 0.197765
vt 0.697959 0.209681
vt 0.694970 0.197765
vt 0.698330 0.197892
vt 0.307905 0.065916
vt 0.310906 0.067632
vt 0.304284 0.073520
vt 0.307905 0.065916
vt 0.304284 0.073520
vt 0.301440 0.071538
vt 0.140474 0.176848
vt 0.128934 0.179548
vt 0.127475 0.173873
vt 0.140474 0.176848
vt 0.127475 0.173873
vt 0.138509 0.171617
vt 0.148669 0.168436
vt 0.151390 0.173334
vt 0.140474 0.176848
vt 0.148669 0.168436
vt 0.140474 0.176848
vt 0.138509 0.171617
vt 0.774567 0.846906
vt 0.776364 0.857516
vt 0.764768 0.856679
vt 0.774567 0.846906
vt 0.764768 0.856679
vt 0.762837 0.845828
vt 0.777570 0.867822
vt 0.766188 0.867211
vt 0.764768 0.856679
vt 0.777570 0.867822
vt 0.764768 0.856679
vt 0.776364 0.857516
vt 0.780699 0.856940
vt 0.776364 0.857516
vt 0.774567 0.846906
vt 0.780699 0.856940
vt 0.774567 0.846906
vt 0.778689 0.846104
vt 0.776619 0.835586
vt 0.778689 0.846104
vt 0.774567 0.846906
vt 0.776619 0.835586
vt 0.774567 0.846906
vt 0.772253 0.836549
vt 0.774567 0.846906
vt 0.762837 0.845828
vt 0.760523 0.835471
vt 0.774567 0.846906
vt 0.760523 0.835471
vt 0.772253 0.836549
vt 0.767578 0.877671
vt 0.766188 0.867211
vt 0.777570 0.867822
vt 0.767578 0.877671
vt 0.777570 0.867822
vt 0.778747 0.878056
vt 0.769849 0.826898
vt 0.773977 0.825522
vt 0.776619 0.835586
vt 0.769849 0.826898
vt 0.776619 0.835586
vt 0.772253 0.836549
vt 0.161763 0.912110
vt 0.156954 0.893634
vt 0.188062 0.888875
vt 0.161763 0.912110
vt 0.188062 0.888875
vt 0.191251 0.907344
vt 0.188062 0.888875
vt 0.220403 0.888482
vt 0.219004 0.907206
vt 0.188062 0.888875
vt 0.219004 0.907206
vt 0.191251 0.907344
vt 0.241118 0.090539
vt 0.252817 0.089649
vt 0.253889 0.092403
vt 0.241118 0.090539
vt 0.253889 0.092403
vt 0.241833 0.093236
vt 0.073874 0.169254
vt 0.083775 0.172259
vt 0.082861 0.177751
vt 0.073874 0.169254
vt 0.082861 0.177751
vt 0.072444 0.174442
vt 0.174756 0.938594
vt 0.161763 0.912110
vt 0.191251 0.907344
vt 0.174756 0.938594
vt 0.191251 0.907344
vt 0.195194 0.935286
vt 0.216741 0.935397
vt 0.195194 0.935286
vt 0.191251 0.907344
vt 0.216741 0.935397
vt 0.191251 0.907344
vt 0.219004 0.907206
vt 0.129704 0.902581
vt 0.156954 0.893634
vt 0.161763 0.912110
vt 0.129704 0.902581
vt 0.161763 0.912110
vt 0.137793 0.920059
vt 0.156825 0.944757
vt 0.137793 0.920059
vt 0.161763 0.912110
vt 0.156825 0.944757
vt 0.161763 0.912110
vt 0.174756 0.938594
vt 0.735056 0.273964
vt 0.718073 0.287628
vt 0.700249 0.260269
vt 0.735056 0.273964
vt 0.700249 0.260269
vt 0.708490 0.253762
vt 0.718073 0.287628
vt 0.698064 0.297291
vt 0.686752 0.267145
vt 0.718073 0.287628
vt 0.686752 0.267145
vt 0.700249 0.260269
vt 0.698064 0.297291
vt 0.676747 0.302497
vt 0.672044 0.270369
vt 0.698064 0.297291
vt 0.672044 0.270369
vt 0.686752 0.267145
vt 0.230047 0.097162
vt 0.242415 0.096816
vt 0.242445 0.098998
vt 0.230047 0.097162
vt 0.242445 0.098998
vt 0.230077 0.099344
vt 0.229821 0.093639
vt 0.241833 0.093236
vt 0.242415 0.096816
vt 0.229821 0.093639
vt 0.242415 0.096816
vt 0.230047 0.097162
vt 0.229461 0.090999
vt 0.241118 0.090539
vt 0.241833 0.093236
vt 0.229461 0.090999
vt 0.241833 0.093236
vt 0.229821 0.093639
vt 0.064721 0.165169
vt 0.073874 0.169254
vt 0.072444 0.174442
vt 0.064721 0.165169
vt 0.072444 0.174442
vt 0.062732 0.170213
vt 0.230047 0.097162
vt 0.230077 0.099344
vt 0.217555 0.098938
vt 0.230047 0.097162
vt 0.217555 0.098938
vt 0.217525 0.096755
vt 0.217654 0.093289
vt 0.229821 0.093639
vt 0.230047 0.097162
vt 0.217654 0.093289
vt 0.230047 0.097162
vt 0.217525 0.096755
vt 0.217764 0.090361
vt 0.229461 0.090999
vt 0.229821 0.093639
vt 0.217764 0.090361
vt 0.229821 0.093639
vt 0.217654 0.093289
vt 0.056157 0.160324
vt 0.064721 0.165169
vt 0.062732 0.170213
vt 0.056157 0.160324
vt 0.062732 0.170213
vt 0.053961 0.165096
vt 0.640203 0.204020
vt 0.640044 0.215054
vt 0.627584 0.213624
vt 0.640203 0.204020
vt 0.627584 0.213624
vt 0.627601 0.202364
vt 0.157579 0.243829
vt 0.167623 0.241058
vt 0.167911 0.249407
vt 0.157579 0.243829
vt 0.167911 0.249407
vt 0.158114 0.252056
vt 0.217555 0.098938
vt 0.217906 0.105449
vt 0.205541 0.104267
vt 0.217555 0.098938
vt 0.205541 0.104267
vt 0.205347 0.097490
vt 0.205395 0.095429
vt 0.217525 0.096755
vt 0.217555 0.098938
vt 0.205395 0.095429
vt 0.217555 0.098938
vt 0.205347 0.097490
vt 0.158114 0.252056
vt 0.158560 0.254881
vt 0.149625 0.257969
vt 0.158114 0.252056
vt 0.149625 0.257969
vt 0.148931 0.255267
vt 0.786497 0.520406
vt 0.786228 0.524568
vt 0.774449 0.523571
vt 0.786497 0.520406
vt 0.774449 0.523571
vt 0.774324 0.519519
vt 0.786228 0.524568
vt 0.785394 0.529328
vt 0.774286 0.528342
vt 0.786228 0.524568
vt 0.774286 0.528342
vt 0.774449 0.523571
vt 0.205759 0.091819
vt 0.217654 0.093289
vt 0.217525 0.096755
vt 0.205759 0.091819
vt 0.217525 0.096755
vt 0.205395 0.095429
vt 0.206304 0.089070
vt 0.217764 0.090361
vt 0.217654 0.093289
vt 0.206304 0.089070
vt 0.217654 0.093289
vt 0.205759 0.091819
vt 0.053961 0.165096
vt 0.045989 0.159489
vt 0.048549 0.154669
vt 0.053961 0.165096
vt 0.048549 0.154669
vt 0.056157 0.160324
vt 0.206304 0.089070
vt 0.205759 0.091819
vt 0.195602 0.090045
vt 0.206304 0.089070
vt 0.195602 0.090045
vt 0.196580 0.087475
vt 0.042615 0.149449
vt 0.048549 0.154669
vt 0.045989 0.159489
vt 0.042615 0.149449
vt 0.045989 0.159489
vt 0.039946 0.153759
vt 0.774324 0.519519
vt 0.774449 0.523571
vt 0.764159 0.523879
vt 0.774324 0.519519
vt 0.764159 0.523879
vt 0.763621 0.519636
vt 0.141564 0.258451
vt 0.148931 0.255267
vt 0.149625 0.257969
vt 0.141564 0.258451
vt 0.149625 0.257969
vt 0.142338 0.261331
vt 0.194678 0.095925
vt 0.205347 0.097490
vt 0.205541 0.104267
vt 0.194678 0.095925
vt 0.205541 0.104267
vt 0.194871 0.102703
vt 0.194882 0.093599
vt 0.205395 0.095429
vt 0.205347 0.097490
vt 0.194882 0.093599
vt 0.205347 0.097490
vt 0.194678 0.095925
vt 0.195602 0.090045
vt 0.205759 0.091819
vt 0.205395 0.095429
vt 0.195602 0.090045
vt 0.205395 0.095429
vt 0.194882 0.093599
vt 0.851066 0.301964
vt 0.842134 0.302594
vt 0.843468 0.293809
vt 0.851066 0.301964
vt 0.843468 0.293809
vt 0.852557 0.292823
vt 0.184093 0.090814
vt 0.194882 0.093599
vt 0.194678 0.095925
vt 0.184093 0.090814
vt 0.194678 0.095925
vt 0.183811 0.093019
vt 0.185247 0.087439
vt 0.195602 0.090045
vt 0.194882 0.093599
vt 0.185247 0.087439
vt 0.194882 0.093599
vt 0.184093 0.090814
vt 0.676747 0.302497
vt 0.654656 0.302867
vt 0.656750 0.270364
vt 0.676747 0.302497
vt 0.656750 0.270364
vt 0.672044 0.270369
vt 0.641994 0.266521
vt 0.656750 0.270364
vt 0.654656 0.302867
vt 0.641994 0.266521
vt 0.654656 0.302867
vt 0.633217 0.298607
vt 0.804261 0.930099
vt 0.806432 0.944369
vt 0.772863 0.943629
vt 0.804261 0.930099
vt 0.772863 0.943629
vt 0.771412 0.931953
vt 0.768236 0.918990
vt 0.801118 0.917608
vt 0.804261 0.930099
vt 0.768236 0.918990
vt 0.804261 0.930099
vt 0.771412 0.931953
vt 0.806917 0.954837
vt 0.806633 0.969908
vt 0.773232 0.971523
vt 0.806917 0.954837
vt 0.773232 0.971523
vt 0.773457 0.958094
vt 0.772863 0.943629
vt 0.806432 0.944369
vt 0.806917 0.954837
vt 0.772863 0.943629
vt 0.806917 0.954837
vt 0.773457 0.958094
vt 0.796954 0.026566
vt 0.766831 0.028372
vt 0.769761 0.015124
vt 0.796954 0.026566
vt 0.769761 0.015124
vt 0.799664 0.013283
vt 0.773232 0.971523
vt 0.806633 0.969908
vt 0.804869 0.983986
vt 0.773232 0.971523
vt 0.804869 0.983986
vt 0.771564 0.985722
vt 0.981137 0.490914
vt 0.979919 0.505362
vt 0.944424 0.505100
vt 0.981137 0.490914
vt 0.944424 0.505100
vt 0.946023 0.491136
vt 0.979919 0.505362
vt 0.979352 0.520664
vt 0.944024 0.521524
vt 0.979919 0.505362
vt 0.944024 0.521524
vt 0.944424 0.505100
vt 0.049087 0.418408
vt 0.055358 0.429933
vt 0.052984 0.431149
vt 0.049087 0.418408
vt 0.052984 0.431149
vt 0.046996 0.419793
vt 0.771217 0.957963
vt 0.773457 0.958094
vt 0.773232 0.971523
vt 0.771217 0.957963
vt 0.773232 0.971523
vt 0.771054 0.971041
vt 0.771054 0.971041
vt 0.769354 0.984770
vt 0.763702 0.984949
vt 0.771054 0.971041
vt 0.763702 0.984949
vt 0.765403 0.971221
vt 0.771054 0.971041
vt 0.765403 0.971221
vt 0.765713 0.958315
vt 0.771054 0.971041
vt 0.765713 0.958315
vt 0.771217 0.957963
vt 0.220403 0.888482
vt 0.252108 0.892935
vt 0.246744 0.911221
vt 0.220403 0.888482
vt 0.246744 0.911221
vt 0.219004 0.907206
vt 0.219004 0.907206
vt 0.246744 0.911221
vt 0.238492 0.938523
vt 0.219004 0.907206
vt 0.238492 0.938523
vt 0.216741 0.935397
vt 0.246744 0.911221
vt 0.273710 0.919088
vt 0.259314 0.944678
vt 0.246744 0.911221
vt 0.259314 0.944678
vt 0.238492 0.938523
vt 0.633217 0.298607
vt 0.613380 0.289748
vt 0.628644 0.259542
vt 0.633217 0.298607
vt 0.628644 0.259542
vt 0.641994 0.266521
vt 0.621256 0.251559
vt 0.628644 0.259542
vt 0.613380 0.289748
vt 0.621256 0.251559
vt 0.613380 0.289748
vt 0.596188 0.276736
vt 0.278286 0.953629
vt 0.259314 0.944678
vt 0.273710 0.919088
vt 0.278286 0.953629
vt 0.273710 0.919088
vt 0.299086 0.931690
vt 0.384959 0.065991
vt 0.380843 0.066161
vt 0.379754 0.055148
vt 0.384959 0.065991
vt 0.379754 0.055148
vt 0.384178 0.054878
vt 0.640203 0.204020
vt 0.627601 0.202364
vt 0.628011 0.191331
vt 0.640203 0.204020
vt 0.628011 0.191331
vt 0.640283 0.192938
vt 0.640748 0.183647
vt 0.640283 0.192938
vt 0.628011 0.191331
vt 0.640748 0.183647
vt 0.628011 0.191331
vt 0.628475 0.182040
vt 0.774449 0.523571
vt 0.774286 0.528342
vt 0.764666 0.528662
vt 0.774449 0.523571
vt 0.764666 0.528662
vt 0.764159 0.523879
vt 0.384178 0.054878
vt 0.379754 0.055148
vt 0.378306 0.045989
vt 0.384178 0.054878
vt 0.378306 0.045989
vt 0.382397 0.045519
vt 0.843468 0.293809
vt 0.842134 0.302594
vt 0.839020 0.302286
vt 0.843468 0.293809
vt 0.839020 0.302286
vt 0.840608 0.293398
vt 0.763621 0.519636
vt 0.764159 0.523879
vt 0.753467 0.525208
vt 0.763621 0.519636
vt 0.753467 0.525208
vt 0.752346 0.521299
vt 0.764159 0.523879
vt 0.764666 0.528662
vt 0.754574 0.529977
vt 0.764159 0.523879
vt 0.754574 0.529977
vt 0.753467 0.525208
vt 0.640748 0.183647
vt 0.628475 0.182040
vt 0.629049 0.172524
vt 0.640748 0.183647
vt 0.629049 0.172524
vt 0.641227 0.174219
vt 0.379949 0.035891
vt 0.382397 0.045519
vt 0.378306 0.045989
vt 0.379949 0.035891
vt 0.378306 0.045989
vt 0.375572 0.036826
vt 0.186581 0.084926
vt 0.196580 0.087475
vt 0.195602 0.090045
vt 0.186581 0.084926
vt 0.195602 0.090045
vt 0.185247 0.087439
vt 0.787528 0.365688
vt 0.789468 0.373381
vt 0.784924 0.375950
vt 0.787528 0.365688
vt 0.784924 0.375950
vt 0.782855 0.367849
vt 0.375929 0.026724
vt 0.379949 0.035891
vt 0.375572 0.036826
vt 0.375929 0.026724
vt 0.375572 0.036826
vt 0.371885 0.027857
vt 0.641227 0.174219
vt 0.629049 0.172524
vt 0.629687 0.163185
vt 0.641227 0.174219
vt 0.629687 0.163185
vt 0.641866 0.164881
vt 0.787528 0.365688
vt 0.782855 0.367849
vt 0.780886 0.358706
vt 0.787528 0.365688
vt 0.780886 0.358706
vt 0.785859 0.357281
vt 0.843468 0.293809
vt 0.840608 0.293398
vt 0.841944 0.283607
vt 0.843468 0.293809
vt 0.841944 0.283607
vt 0.844707 0.283765
vt 0.853797 0.282779
vt 0.852557 0.292823
vt 0.843468 0.293809
vt 0.853797 0.282779
vt 0.843468 0.293809
vt 0.844707 0.283765
vt 0.173619 0.086989
vt 0.184093 0.090814
vt 0.183811 0.093019
vt 0.173619 0.086989
vt 0.183811 0.093019
vt 0.173336 0.089194
vt 0.175129 0.083671
vt 0.185247 0.087439
vt 0.184093 0.090814
vt 0.175129 0.083671
vt 0.184093 0.090814
vt 0.173619 0.086989
vt 0.741221 0.524243
vt 0.752346 0.521299
vt 0.753467 0.525208
vt 0.741221 0.524243
vt 0.753467 0.525208
vt 0.742686 0.528317
vt 0.753467 0.525208
vt 0.754574 0.529977
vt 0.744583 0.532849
vt 0.753467 0.525208
vt 0.744583 0.532849
vt 0.742686 0.528317
vt 0.741221 0.524243
vt 0.742686 0.528317
vt 0.732401 0.532873
vt 0.741221 0.524243
vt 0.732401 0.532873
vt 0.730471 0.528883
vt 0.845388 0.272704
vt 0.844707 0.283765
vt 0.841944 0.283607
vt 0.845388 0.272704
vt 0.841944 0.283607
vt 0.842723 0.272799
vt 0.854620 0.272007
vt 0.853797 0.282779
vt 0.844707 0.283765
vt 0.854620 0.272007
vt 0.844707 0.283765
vt 0.845388 0.272704
vt 0.340047 0.699681
vt 0.344441 0.691602
vt 0.348441 0.693549
vt 0.340047 0.699681
vt 0.348441 0.693549
vt 0.344233 0.701335
vt 0.784876 0.347831
vt 0.796679 0.348777
vt 0.797748 0.357999
vt 0.784876 0.347831
vt 0.797748 0.357999
vt 0.785859 0.357281
vt 0.732401 0.532873
vt 0.742686 0.528317
vt 0.744583 0.532849
vt 0.732401 0.532873
vt 0.744583 0.532849
vt 0.734877 0.537072
vt 0.336370 0.708969
vt 0.340047 0.699681
vt 0.344233 0.701335
vt 0.336370 0.708969
vt 0.344233 0.701335
vt 0.340618 0.710358
vt 0.796679 0.348777
vt 0.784876 0.347831
vt 0.784151 0.337692
vt 0.796679 0.348777
vt 0.784151 0.337692
vt 0.795711 0.338512
vt 0.732401 0.532873
vt 0.734877 0.537072
vt 0.725529 0.542673
vt 0.732401 0.532873
vt 0.725529 0.542673
vt 0.722588 0.538558
vt 0.720423 0.535065
vt 0.730471 0.528883
vt 0.732401 0.532873
vt 0.720423 0.535065
vt 0.732401 0.532873
vt 0.722588 0.538558
vt 0.176854 0.081257
vt 0.186581 0.084926
vt 0.185247 0.087439
vt 0.176854 0.081257
vt 0.185247 0.087439
vt 0.175129 0.083671
vt 0.856877 0.271365
vt 0.856150 0.282390
vt 0.853797 0.282779
vt 0.856877 0.271365
vt 0.853797 0.282779
vt 0.854620 0.272007
vt 0.168231 0.076782
vt 0.176854 0.081257
vt 0.175129 0.083671
vt 0.168231 0.076782
vt 0.175129 0.083671
vt 0.165716 0.078961
vt 0.175129 0.083671
vt 0.173619 0.086989
vt 0.164051 0.082036
vt 0.175129 0.083671
vt 0.164051 0.082036
vt 0.165716 0.078961
vt 0.784876 0.347831
vt 0.785859 0.357281
vt 0.780886 0.358706
vt 0.784876 0.347831
vt 0.780886 0.358706
vt 0.779760 0.348873
vt 0.857239 0.259828
vt 0.856877 0.271365
vt 0.854620 0.272007
vt 0.857239 0.259828
vt 0.854620 0.272007
vt 0.854886 0.260217
vt 0.854620 0.272007
vt 0.845388 0.272704
vt 0.846004 0.261064
vt 0.854620 0.272007
vt 0.846004 0.261064
vt 0.854886 0.260217
vt 0.531873 0.254881
vt 0.534846 0.252442
vt 0.540526 0.259113
vt 0.531873 0.254881
vt 0.540526 0.259113
vt 0.537509 0.261298
vt 0.784151 0.337692
vt 0.784876 0.347831
vt 0.779760 0.348873
vt 0.784151 0.337692
vt 0.779760 0.348873
vt 0.778991 0.338098
vt 0.157409 0.073446
vt 0.165716 0.078961
vt 0.164051 0.082036
vt 0.157409 0.073446
vt 0.164051 0.082036
vt 0.155309 0.076343
vt 0.783698 0.326842
vt 0.784151 0.337692
vt 0.778991 0.338098
vt 0.783698 0.326842
vt 0.778991 0.338098
vt 0.778493 0.326611
vt 0.537509 0.261298
vt 0.540526 0.259113
vt 0.545838 0.266782
vt 0.537509 0.261298
vt 0.545838 0.266782
vt 0.542731 0.268556
vt 0.149138 0.066956
vt 0.157409 0.073446
vt 0.155309 0.076343
vt 0.149138 0.066956
vt 0.155309 0.076343
vt 0.146961 0.069730
vt 0.857239 0.259828
vt 0.854886 0.260217
vt 0.854951 0.247742
vt 0.857239 0.259828
vt 0.854951 0.247742
vt 0.857349 0.247388
vt 0.795711 0.338512
vt 0.784151 0.337692
vt 0.783698 0.326842
vt 0.795711 0.338512
vt 0.783698 0.326842
vt 0.795256 0.327661
vt 0.332872 0.719063
vt 0.336370 0.708969
vt 0.340618 0.710358
vt 0.332872 0.719063
vt 0.340618 0.710358
vt 0.337424 0.720224
vt 0.713063 0.545594
vt 0.722588 0.538558
vt 0.725529 0.542673
vt 0.713063 0.545594
vt 0.725529 0.542673
vt 0.716378 0.549280
vt 0.795256 0.327661
vt 0.783698 0.326842
vt 0.784143 0.315913
vt 0.795256 0.327661
vt 0.784143 0.315913
vt 0.795432 0.316658
vt 0.330884 0.729619
vt 0.332872 0.719063
vt 0.337424 0.720224
vt 0.330884 0.729619
vt 0.337424 0.720224
vt 0.335319 0.730715
vt 0.783698 0.326842
vt 0.778493 0.326611
vt 0.778968 0.314841
vt 0.783698 0.326842
vt 0.778968 0.314841
vt 0.784143 0.315913
vt 0.542731 0.268556
vt 0.545838 0.266782
vt 0.549589 0.275484
vt 0.542731 0.268556
vt 0.549589 0.275484
vt 0.546162 0.277139
vt 0.149138 0.066956
vt 0.146961 0.069730
vt 0.140107 0.062412
vt 0.149138 0.066956
vt 0.140107 0.062412
vt 0.142483 0.059959
vt 0.785092 0.305137
vt 0.784143 0.315913
vt 0.778968 0.314841
vt 0.785092 0.305137
vt 0.778968 0.314841
vt 0.779973 0.303174
vt 0.551235 0.285297
vt 0.547993 0.286404
vt 0.546162 0.277139
vt 0.551235 0.285297
vt 0.546162 0.277139
vt 0.549589 0.275484
vt 0.796381 0.305883
vt 0.795432 0.316658
vt 0.784143 0.315913
vt 0.796381 0.305883
vt 0.784143 0.315913
vt 0.785092 0.305137
vt 0.797748 0.295492
vt 0.796381 0.305883
vt 0.785092 0.305137
vt 0.797748 0.295492
vt 0.785092 0.305137
vt 0.786571 0.294466
vt 0.785092 0.305137
vt 0.779973 0.303174
vt 0.781637 0.292018
vt 0.785092 0.305137
vt 0.781637 0.292018
vt 0.786571 0.294466
vt 0.547993 0.286404
vt 0.551235 0.285297
vt 0.551189 0.295379
vt 0.547993 0.286404
vt 0.551189 0.295379
vt 0.547632 0.296271
vt 0.944024 0.521524
vt 0.979352 0.520664
vt 0.979383 0.535751
vt 0.944024 0.521524
vt 0.979383 0.535751
vt 0.944041 0.535859
vt 0.979383 0.535751
vt 0.980051 0.545561
vt 0.944773 0.546074
vt 0.979383 0.535751
vt 0.944773 0.546074
vt 0.944041 0.535859
vt 0.621256 0.251559
vt 0.596188 0.276736
vt 0.582329 0.260341
vt 0.621256 0.251559
vt 0.582329 0.260341
vt 0.614754 0.242879
vt 0.980051 0.545561
vt 0.981137 0.554756
vt 0.945909 0.554449
vt 0.980051 0.545561
vt 0.945909 0.554449
vt 0.944773 0.546074
vt 0.573024 0.241141
vt 0.608727 0.229823
vt 0.614754 0.242879
vt 0.573024 0.241141
vt 0.614754 0.242879
vt 0.582329 0.260341
vt 0.928849 0.309356
vt 0.926969 0.296172
vt 0.961416 0.296408
vt 0.928849 0.309356
vt 0.961416 0.296408
vt 0.962799 0.309471
vt 0.608727 0.229823
vt 0.573024 0.241141
vt 0.568254 0.220537
vt 0.608727 0.229823
vt 0.568254 0.220537
vt 0.605673 0.217159
vt 0.926969 0.296172
vt 0.925841 0.283352
vt 0.960394 0.283256
vt 0.926969 0.296172
vt 0.960394 0.283256
vt 0.961416 0.296408
vt 0.605673 0.217159
vt 0.568254 0.220537
vt 0.568080 0.199067
vt 0.605673 0.217159
vt 0.568080 0.199067
vt 0.605672 0.203829
vt 0.960076 0.269468
vt 0.960394 0.283256
vt 0.925841 0.283352
vt 0.960076 0.269468
vt 0.925841 0.283352
vt 0.925656 0.269776
vt 0.057372 0.443717
vt 0.059653 0.443139
vt 0.061894 0.459284
vt 0.057372 0.443717
vt 0.061894 0.459284
vt 0.059394 0.459700
vt 0.061894 0.459284
vt 0.060926 0.473891
vt 0.058666 0.473516
vt 0.061894 0.459284
vt 0.058666 0.473516
vt 0.059394 0.459700
vt 0.556842 0.288235
vt 0.562802 0.288265
vt 0.562556 0.304517
vt 0.556842 0.288235
vt 0.562556 0.304517
vt 0.557019 0.304143
vt 0.558066 0.318014
vt 0.557019 0.304143
vt 0.562556 0.304517
vt 0.558066 0.318014
vt 0.562556 0.304517
vt 0.563002 0.318083
vt 0.057372 0.443717
vt 0.052984 0.431149
vt 0.055358 0.429933
vt 0.057372 0.443717
vt 0.055358 0.429933
vt 0.059653 0.443139
vt 0.556842 0.288235
vt 0.557796 0.274709
vt 0.563925 0.274915
vt 0.556842 0.288235
vt 0.563925 0.274915
vt 0.562802 0.288265
vt 0.011119 0.596971
vt 0.012463 0.595534
vt 0.016047 0.608971
vt 0.011119 0.596971
vt 0.016047 0.608971
vt 0.014476 0.609773
vt 0.009084 0.576054
vt 0.012463 0.595534
vt 0.011119 0.596971
vt 0.009084 0.576054
vt 0.011119 0.596971
vt 0.007491 0.573987
vt 0.900379 0.546540
vt 0.899844 0.563925
vt 0.876198 0.562245
vt 0.900379 0.546540
vt 0.876198 0.562245
vt 0.863373 0.543881
vt 0.923341 0.714106
vt 0.923164 0.712187
vt 0.937832 0.712206
vt 0.923341 0.714106
vt 0.937832 0.712206
vt 0.938110 0.715222
vt 0.910711 0.708639
vt 0.923164 0.712187
vt 0.923341 0.714106
vt 0.910711 0.708639
vt 0.923341 0.714106
vt 0.903393 0.709869
vt 0.404286 0.321886
vt 0.407368 0.335219
vt 0.405772 0.335328
vt 0.404286 0.321886
vt 0.405772 0.335328
vt 0.402551 0.321544
vt 0.938110 0.715222
vt 0.937832 0.712206
vt 0.952050 0.709496
vt 0.938110 0.715222
vt 0.952050 0.709496
vt 0.952202 0.711141
vt 0.407368 0.335219
vt 0.404286 0.321886
vt 0.423161 0.325138
vt 0.407368 0.335219
vt 0.423161 0.325138
vt 0.424283 0.331006
vt 0.404286 0.321886
vt 0.402551 0.321544
vt 0.397816 0.302131
vt 0.404286 0.321886
vt 0.397816 0.302131
vt 0.399011 0.299997
vt 0.433107 0.303081
vt 0.423161 0.325138
vt 0.404286 0.321886
vt 0.433107 0.303081
vt 0.404286 0.321886
vt 0.399011 0.299997
vt 0.966004 0.701826
vt 0.970842 0.703326
vt 0.952202 0.711141
vt 0.966004 0.701826
vt 0.952202 0.711141
vt 0.952050 0.709496
vt 0.978116 0.693227
vt 0.970842 0.703326
vt 0.966004 0.701826
vt 0.978116 0.693227
vt 0.966004 0.701826
vt 0.976241 0.692012
vt 0.979374 0.693978
vt 0.973259 0.701991
vt 0.970842 0.703326
vt 0.979374 0.693978
vt 0.970842 0.703326
vt 0.978116 0.693227
vt 0.404739 0.283714
vt 0.399011 0.299997
vt 0.396941 0.299510
vt 0.404739 0.283714
vt 0.396941 0.299510
vt 0.402946 0.284128
vt 0.058666 0.473516
vt 0.060926 0.473891
vt 0.058689 0.484627
vt 0.058666 0.473516
vt 0.058689 0.484627
vt 0.056439 0.483776
vt 0.053021 0.492564
vt 0.056439 0.483776
vt 0.058689 0.484627
vt 0.053021 0.492564
vt 0.058689 0.484627
vt 0.055343 0.493733
vt 0.558936 0.327619
vt 0.558066 0.318014
vt 0.563002 0.318083
vt 0.558936 0.327619
vt 0.563002 0.318083
vt 0.563925 0.327810
vt 0.983729 0.684131
vt 0.978116 0.693227
vt 0.976241 0.692012
vt 0.983729 0.684131
vt 0.976241 0.692012
vt 0.982077 0.683177
vt 0.903748 0.351565
vt 0.907631 0.342691
vt 0.909275 0.343514
vt 0.903748 0.351565
vt 0.909275 0.343514
vt 0.905391 0.352114
vt 0.346618 0.273088
vt 0.348441 0.281963
vt 0.343622 0.281581
vt 0.346618 0.273088
vt 0.343622 0.281581
vt 0.342183 0.273259
vt 0.983729 0.684131
vt 0.982077 0.683177
vt 0.985651 0.673163
vt 0.983729 0.684131
vt 0.985651 0.673163
vt 0.988003 0.673223
vt 0.900353 0.362911
vt 0.903748 0.351565
vt 0.905391 0.352114
vt 0.900353 0.362911
vt 0.905391 0.352114
vt 0.902241 0.362630
vt 0.311099 0.689292
vt 0.332508 0.689010
vt 0.332717 0.689619
vt 0.311099 0.689292
vt 0.332717 0.689619
vt 0.311063 0.692345
vt 0.406687 0.283077
vt 0.404739 0.283714
vt 0.400124 0.264799
vt 0.406687 0.283077
vt 0.400124 0.264799
vt 0.403133 0.263947
vt 0.398874 0.010825
vt 0.391974 0.025324
vt 0.389071 0.024960
vt 0.398874 0.010825
vt 0.389071 0.024960
vt 0.396424 0.009091
vt 0.406687 0.283077
vt 0.403133 0.263947
vt 0.440606 0.239689
vt 0.406687 0.283077
vt 0.440606 0.239689
vt 0.447452 0.245621
vt 0.456755 0.250163
vt 0.433107 0.303081
vt 0.406687 0.283077
vt 0.456755 0.250163
vt 0.406687 0.283077
vt 0.447452 0.245621
vt 0.298622 0.793813
vt 0.300178 0.692233
vt 0.311063 0.692345
vt 0.298622 0.793813
vt 0.311063 0.692345
vt 0.309506 0.793924
vt 0.046996 0.502687
vt 0.053021 0.492564
vt 0.055343 0.493733
vt 0.046996 0.502687
vt 0.055343 0.493733
vt 0.048943 0.504323
vt 0.345449 0.261052
vt 0.346618 0.273088
vt 0.342183 0.273259
vt 0.345449 0.261052
vt 0.342183 0.273259
vt 0.341001 0.260679
vt 0.988003 0.673223
vt 0.985651 0.673163
vt 0.987789 0.660253
vt 0.988003 0.673223
vt 0.987789 0.660253
vt 0.990307 0.660014
vt 0.898396 0.375609
vt 0.900353 0.362911
vt 0.902241 0.362630
vt 0.898396 0.375609
vt 0.902241 0.362630
vt 0.900039 0.375607
vt 0.355314 0.541088
vt 0.360216 0.529057
vt 0.362196 0.530057
vt 0.355314 0.541088
vt 0.362196 0.530057
vt 0.357170 0.542327
vt 0.344986 0.247854
vt 0.345449 0.261052
vt 0.341001 0.260679
vt 0.344986 0.247854
vt 0.341001 0.260679
vt 0.340298 0.247777
vt 0.990043 0.646496
vt 0.990307 0.660014
vt 0.987789 0.660253
vt 0.990043 0.646496
vt 0.987789 0.660253
vt 0.987525 0.646736
vt 0.897633 0.389114
vt 0.898396 0.375609
vt 0.900039 0.375607
vt 0.897633 0.389114
vt 0.900039 0.375607
vt 0.899277 0.389111
vt 0.355314 0.541088
vt 0.357170 0.542327
vt 0.349935 0.553790
vt 0.355314 0.541088
vt 0.349935 0.553790
vt 0.348203 0.552311
vt 0.344750 0.234088
vt 0.344986 0.247854
vt 0.340298 0.247777
vt 0.344750 0.234088
vt 0.340298 0.247777
vt 0.340315 0.234259
vt 0.987807 0.632872
vt 0.990043 0.646496
vt 0.987525 0.646736
vt 0.987807 0.632872
vt 0.987525 0.646736
vt 0.985289 0.633112
vt 0.898123 0.402878
vt 0.897633 0.389114
vt 0.899277 0.389111
vt 0.898123 0.402878
vt 0.899277 0.389111
vt 0.900039 0.402876
vt 0.795782 0.040639
vt 0.765879 0.042479
vt 0.766831 0.028372
vt 0.795782 0.040639
vt 0.766831 0.028372
vt 0.796954 0.026566
vt 0.765879 0.042479
vt 0.795782 0.040639
vt 0.796811 0.055332
vt 0.765879 0.042479
vt 0.796811 0.055332
vt 0.766687 0.057137
vt 0.796954 0.026566
vt 0.799664 0.013283
vt 0.802046 0.014193
vt 0.796954 0.026566
vt 0.802046 0.014193
vt 0.799339 0.026927
vt 0.798388 0.040761
vt 0.795782 0.040639
vt 0.796954 0.026566
vt 0.798388 0.040761
vt 0.796954 0.026566
vt 0.799339 0.026927
vt 0.795782 0.040639
vt 0.798388 0.040761
vt 0.799200 0.054871
vt 0.795782 0.040639
vt 0.799200 0.054871
vt 0.796811 0.055332
vt 0.771412 0.931953
vt 0.772863 0.943629
vt 0.770657 0.943969
vt 0.771412 0.931953
vt 0.770657 0.943969
vt 0.769239 0.932763
vt 0.804299 0.001709
vt 0.806458 0.003132
vt 0.802046 0.014193
vt 0.804299 0.001709
vt 0.802046 0.014193
vt 0.799664 0.013283
vt 0.772863 0.943629
vt 0.773457 0.958094
vt 0.771217 0.957963
vt 0.772863 0.943629
vt 0.771217 0.957963
vt 0.770657 0.943969
vt 0.763702 0.932645
vt 0.769239 0.932763
vt 0.770657 0.943969
vt 0.763702 0.932645
vt 0.770657 0.943969
vt 0.765153 0.944322
vt 0.770657 0.943969
vt 0.771217 0.957963
vt 0.765713 0.958315
vt 0.770657 0.943969
vt 0.765713 0.958315
vt 0.765153 0.944322
vt 0.075649 0.019776
vt 0.070524 0.020631
vt 0.070524 0.007117
vt 0.075649 0.019776
vt 0.070524 0.007117
vt 0.075649 0.006262
vt 0.887493 0.698622
vt 0.888353 0.695224
vt 0.898031 0.702624
vt 0.887493 0.698622
vt 0.898031 0.702624
vt 0.895131 0.705104
vt 0.007465 0.566354
vt 0.008156 0.557315
vt 0.009964 0.556678
vt 0.007465 0.566354
vt 0.009964 0.556678
vt 0.009051 0.566514
vt 0.009964 0.556678
vt 0.008156 0.557315
vt 0.011536 0.538960
vt 0.009964 0.556678
vt 0.011536 0.538960
vt 0.013114 0.540067
vt 0.879319 0.684177
vt 0.888353 0.695224
vt 0.887493 0.698622
vt 0.879319 0.684177
vt 0.887493 0.698622
vt 0.876242 0.684739
vt 0.916107 0.562428
vt 0.907391 0.563619
vt 0.905791 0.546497
vt 0.916107 0.562428
vt 0.905791 0.546497
vt 0.911529 0.545865
vt 0.916107 0.562428
vt 0.911529 0.545865
vt 0.932999 0.541120
vt 0.916107 0.562428
vt 0.932999 0.541120
vt 0.933330 0.558869
vt 0.898031 0.702624
vt 0.910711 0.708639
vt 0.903393 0.709869
vt 0.898031 0.702624
vt 0.903393 0.709869
vt 0.895131 0.705104
vt 0.009084 0.576054
vt 0.007491 0.573987
vt 0.007465 0.566354
vt 0.009084 0.576054
vt 0.007465 0.566354
vt 0.009051 0.566514
vt 0.905791 0.546497
vt 0.907391 0.563619
vt 0.899844 0.563925
vt 0.905791 0.546497
vt 0.899844 0.563925
vt 0.900379 0.546540
vt 0.911529 0.545865
vt 0.905791 0.546497
vt 0.906524 0.477382
vt 0.911529 0.545865
vt 0.906524 0.477382
vt 0.911914 0.476676
vt 0.932348 0.471350
vt 0.932999 0.541120
vt 0.911529 0.545865
vt 0.932348 0.471350
vt 0.911529 0.545865
vt 0.911914 0.476676
vt 0.905791 0.546497
vt 0.900379 0.546540
vt 0.901282 0.477641
vt 0.905791 0.546497
vt 0.901282 0.477641
vt 0.906524 0.477382
vt 0.804480 0.026586
vt 0.799339 0.026927
vt 0.802046 0.014193
vt 0.804480 0.026586
vt 0.802046 0.014193
vt 0.806917 0.013844
vt 0.013114 0.540067
vt 0.011536 0.538960
vt 0.013896 0.533459
vt 0.013114 0.540067
vt 0.013896 0.533459
vt 0.016047 0.532824
vt 0.876242 0.684739
vt 0.872719 0.676217
vt 0.873650 0.671436
vt 0.876242 0.684739
vt 0.873650 0.671436
vt 0.879319 0.684177
vt 0.142918 0.815533
vt 0.144420 0.816333
vt 0.130554 0.825111
vt 0.142918 0.815533
vt 0.130554 0.825111
vt 0.129802 0.823640
vt 0.870614 0.657610
vt 0.873650 0.671436
vt 0.872719 0.676217
vt 0.870614 0.657610
vt 0.872719 0.676217
vt 0.869260 0.657742
vt 0.799339 0.026927
vt 0.804480 0.026586
vt 0.803259 0.040412
vt 0.799339 0.026927
vt 0.803259 0.040412
vt 0.798388 0.040761
vt 0.798388 0.040761
vt 0.803259 0.040412
vt 0.804340 0.054803
vt 0.798388 0.040761
vt 0.804340 0.054803
vt 0.799200 0.054871
vt 0.871050 0.643198
vt 0.870614 0.657610
vt 0.869260 0.657742
vt 0.871050 0.643198
vt 0.869260 0.657742
vt 0.869260 0.638657
vt 0.129802 0.823640
vt 0.130554 0.825111
vt 0.113190 0.832006
vt 0.129802 0.823640
vt 0.113190 0.832006
vt 0.114204 0.829944
vt 0.948515 0.685421
vt 0.947396 0.669410
vt 0.968009 0.668969
vt 0.948515 0.685421
vt 0.968009 0.668969
vt 0.969267 0.683828
vt 0.939875 0.471832
vt 0.939875 0.539299
vt 0.932999 0.541120
vt 0.939875 0.471832
vt 0.932999 0.541120
vt 0.932348 0.471350
vt 0.943254 0.609050
vt 0.947396 0.669410
vt 0.927189 0.668969
vt 0.943254 0.609050
vt 0.927189 0.668969
vt 0.923031 0.608017
vt 0.947396 0.669410
vt 0.943254 0.609050
vt 0.963850 0.608017
vt 0.947396 0.669410
vt 0.963850 0.608017
vt 0.968009 0.668969
vt 0.846004 0.261064
vt 0.845388 0.272704
vt 0.842723 0.272799
vt 0.846004 0.261064
vt 0.842723 0.272799
vt 0.843085 0.261262
vt 0.846004 0.261064
vt 0.843085 0.261262
vt 0.843195 0.248822
vt 0.846004 0.261064
vt 0.843195 0.248822
vt 0.846070 0.248588
vt 0.854951 0.247742
vt 0.854886 0.260217
vt 0.846004 0.261064
vt 0.854951 0.247742
vt 0.846004 0.261064
vt 0.846070 0.248588
vt 0.710524 0.542529
vt 0.720423 0.535065
vt 0.722588 0.538558
vt 0.710524 0.542529
vt 0.722588 0.538558
vt 0.713063 0.545594
vt 0.713063 0.545594
vt 0.716378 0.549280
vt 0.708696 0.556874
vt 0.713063 0.545594
vt 0.708696 0.556874
vt 0.704682 0.553769
vt 0.702024 0.550954
vt 0.710524 0.542529
vt 0.713063 0.545594
vt 0.702024 0.550954
vt 0.713063 0.545594
vt 0.704682 0.553769
vt 0.845749 0.236065
vt 0.846070 0.248588
vt 0.843195 0.248822
vt 0.845749 0.236065
vt 0.843195 0.248822
vt 0.842971 0.236552
vt 0.854630 0.235219
vt 0.854951 0.247742
vt 0.846070 0.248588
vt 0.854630 0.235219
vt 0.846070 0.248588
vt 0.845749 0.236065
vt 0.857349 0.247388
vt 0.854951 0.247742
vt 0.854630 0.235219
vt 0.857349 0.247388
vt 0.854630 0.235219
vt 0.857029 0.234865
vt 0.330884 0.729619
vt 0.335319 0.730715
vt 0.334490 0.741539
vt 0.330884 0.729619
vt 0.334490 0.741539
vt 0.330110 0.740772
vt 0.698391 0.563236
vt 0.704682 0.553769
vt 0.708696 0.556874
vt 0.698391 0.563236
vt 0.708696 0.556874
vt 0.702641 0.565843
vt 0.695152 0.560754
vt 0.702024 0.550954
vt 0.704682 0.553769
vt 0.695152 0.560754
vt 0.704682 0.553769
vt 0.698391 0.563236
vt 0.844931 0.223887
vt 0.845749 0.236065
vt 0.842971 0.236552
vt 0.844931 0.223887
vt 0.842971 0.236552
vt 0.842108 0.224337
vt 0.845749 0.236065
vt 0.844931 0.223887
vt 0.853714 0.222788
vt 0.845749 0.236065
vt 0.853714 0.222788
vt 0.854630 0.235219
vt 0.695152 0.560754
vt 0.698391 0.563236
vt 0.693826 0.573509
vt 0.695152 0.560754
vt 0.693826 0.573509
vt 0.690558 0.571621
vt 0.843315 0.212121
vt 0.844931 0.223887
vt 0.842108 0.224337
vt 0.843315 0.212121
vt 0.842108 0.224337
vt 0.840888 0.212758
vt 0.852054 0.210985
vt 0.853714 0.222788
vt 0.844931 0.223887
vt 0.852054 0.210985
vt 0.844931 0.223887
vt 0.843315 0.212121
vt 0.549589 0.275484
vt 0.552794 0.275062
vt 0.554756 0.285091
vt 0.549589 0.275484
vt 0.554756 0.285091
vt 0.551235 0.285297
vt 0.855814 0.222501
vt 0.857029 0.234865
vt 0.854630 0.235219
vt 0.855814 0.222501
vt 0.854630 0.235219
vt 0.853714 0.222788
vt 0.854199 0.210734
vt 0.855814 0.222501
vt 0.853714 0.222788
vt 0.854199 0.210734
vt 0.853714 0.222788
vt 0.852054 0.210985
vt 0.551235 0.285297
vt 0.554756 0.285091
vt 0.554524 0.295721
vt 0.551235 0.285297
vt 0.554524 0.295721
vt 0.551189 0.295379
vt 0.224681 0.161774
vt 0.222389 0.161731
vt 0.222537 0.155253
vt 0.224681 0.161774
vt 0.222537 0.155253
vt 0.224729 0.154447
vt 0.226946 0.153690
vt 0.226804 0.161336
vt 0.224681 0.161774
vt 0.226946 0.153690
vt 0.224681 0.161774
vt 0.224729 0.154447
vt 0.220883 0.166722
vt 0.222389 0.161731
vt 0.224681 0.161774
vt 0.220883 0.166722
vt 0.224681 0.161774
vt 0.223176 0.167344
vt 0.313890 0.295606
vt 0.314551 0.297771
vt 0.308411 0.297152
vt 0.313890 0.295606
vt 0.308411 0.297152
vt 0.308136 0.294941
vt 0.314551 0.297771
vt 0.319114 0.329174
vt 0.312296 0.329683
vt 0.314551 0.297771
vt 0.312296 0.329683
vt 0.308411 0.297152
vt 0.359574 0.314116
vt 0.362886 0.318129
vt 0.360916 0.319427
vt 0.359574 0.314116
vt 0.360916 0.319427
vt 0.357791 0.316005
vt 0.353072 0.313958
vt 0.353861 0.311594
vt 0.359574 0.314116
vt 0.353072 0.313958
vt 0.359574 0.314116
vt 0.357791 0.316005
vt 0.222801 0.147927
vt 0.224729 0.154447
vt 0.222537 0.155253
vt 0.222801 0.147927
vt 0.222537 0.155253
vt 0.220883 0.149497
vt 0.347768 0.314036
vt 0.347608 0.311773
vt 0.353861 0.311594
vt 0.347768 0.314036
vt 0.353861 0.311594
vt 0.353072 0.313958
vt 0.224737 0.146971
vt 0.226946 0.153690
vt 0.224729 0.154447
vt 0.224737 0.146971
vt 0.224729 0.154447
vt 0.222801 0.147927
vt 0.668110 0.149994
vt 0.675439 0.151976
vt 0.679144 0.200448
vt 0.668110 0.149994
vt 0.679144 0.200448
vt 0.670261 0.200080
vt 0.040668 0.350734
vt 0.038820 0.349050
vt 0.040797 0.343861
vt 0.040668 0.350734
vt 0.040797 0.343861
vt 0.043018 0.344752
vt 0.032013 0.352771
vt 0.026408 0.357611
vt 0.024759 0.355982
vt 0.032013 0.352771
vt 0.024759 0.355982
vt 0.030142 0.351425
vt 0.009886 0.415132
vt 0.003953 0.413712
vt 0.004715 0.411564
vt 0.009886 0.415132
vt 0.004715 0.411564
vt 0.010377 0.412705
vt 0.008633 0.470936
vt 0.002429 0.471429
vt 0.003953 0.413712
vt 0.008633 0.470936
vt 0.003953 0.413712
vt 0.009886 0.415132
vt 0.412276 0.565369
vt 0.412276 0.544995
vt 0.417719 0.544968
vt 0.412276 0.565369
vt 0.417719 0.544968
vt 0.417719 0.565341
vt 0.423887 0.539310
vt 0.424090 0.544835
vt 0.417719 0.544968
vt 0.423887 0.539310
vt 0.417719 0.544968
vt 0.417287 0.539362
vt 0.417719 0.544968
vt 0.424090 0.544835
vt 0.424090 0.565208
vt 0.417719 0.544968
vt 0.424090 0.565208
vt 0.417719 0.565341
vt 0.417719 0.544968
vt 0.412276 0.544995
vt 0.410873 0.539396
vt 0.417719 0.544968
vt 0.410873 0.539396
vt 0.417287 0.539362
vt 0.412276 0.544995
vt 0.412276 0.565369
vt 0.409747 0.565376
vt 0.412276 0.544995
vt 0.409747 0.565376
vt 0.408963 0.544990
vt 0.407559 0.539392
vt 0.410873 0.539396
vt 0.412276 0.544995
vt 0.407559 0.539392
vt 0.412276 0.544995
vt 0.408963 0.544990
vt 0.412276 0.586018
vt 0.412276 0.565369
vt 0.417719 0.565341
vt 0.412276 0.586018
vt 0.417719 0.565341
vt 0.417719 0.585990
vt 0.417719 0.565341
vt 0.424090 0.565208
vt 0.424090 0.585857
vt 0.417719 0.565341
vt 0.424090 0.585857
vt 0.417719 0.585990
vt 0.129044 0.898069
vt 0.143919 0.890313
vt 0.144420 0.891294
vt 0.129044 0.898069
vt 0.144420 0.891294
vt 0.129417 0.899119
vt 0.129044 0.898069
vt 0.129417 0.899119
vt 0.113190 0.906967
vt 0.129044 0.898069
vt 0.113190 0.906967
vt 0.112689 0.905986
vt 0.409747 0.565376
vt 0.412276 0.565369
vt 0.412276 0.586018
vt 0.409747 0.565376
vt 0.412276 0.586018
vt 0.408963 0.586013
vt 0.319114 0.329174
vt 0.320076 0.333810
vt 0.312808 0.332161
vt 0.319114 0.329174
vt 0.312808 0.332161
vt 0.312296 0.329683
vt 0.306271 0.330349
vt 0.312296 0.329683
vt 0.312808 0.332161
vt 0.306271 0.330349
vt 0.312808 0.332161
vt 0.306284 0.332030
vt 0.217776 0.387211
vt 0.216274 0.389704
vt 0.212523 0.383754
vt 0.217776 0.387211
vt 0.212523 0.383754
vt 0.213501 0.382565
vt 0.670261 0.200080
vt 0.679144 0.200448
vt 0.681908 0.250727
vt 0.670261 0.200080
vt 0.681908 0.250727
vt 0.674809 0.252255
vt 0.002429 0.471429
vt 0.008633 0.470936
vt 0.009886 0.527181
vt 0.002429 0.471429
vt 0.009886 0.527181
vt 0.003953 0.529322
vt 0.288362 0.459282
vt 0.283244 0.458768
vt 0.283147 0.456831
vt 0.288362 0.459282
vt 0.283147 0.456831
vt 0.287991 0.457070
vt 0.308136 0.294941
vt 0.308411 0.297152
vt 0.302287 0.296998
vt 0.308136 0.294941
vt 0.302287 0.296998
vt 0.302399 0.294741
vt 0.283384 0.492922
vt 0.283244 0.458768
vt 0.288362 0.459282
vt 0.283384 0.492922
vt 0.288362 0.459282
vt 0.288500 0.492884
vt 0.302287 0.296998
vt 0.308411 0.297152
vt 0.312296 0.329683
vt 0.302287 0.296998
vt 0.312296 0.329683
vt 0.306271 0.330349
vt 0.283147 0.456831
vt 0.283244 0.458768
vt 0.279048 0.458781
vt 0.283147 0.456831
vt 0.279048 0.458781
vt 0.278950 0.456568
vt 0.125813 0.361232
vt 0.124026 0.362387
vt 0.122506 0.357782
vt 0.125813 0.361232
vt 0.122506 0.357782
vt 0.124686 0.357363
vt 0.124787 0.353434
vt 0.124686 0.357363
vt 0.122506 0.357782
vt 0.124787 0.353434
vt 0.122506 0.357782
vt 0.122555 0.353585
vt 0.278914 0.492936
vt 0.279048 0.458781
vt 0.283244 0.458768
vt 0.278914 0.492936
vt 0.283244 0.458768
vt 0.283384 0.492922
vt 0.261969 0.456568
vt 0.278950 0.456568
vt 0.279048 0.458781
vt 0.261969 0.456568
vt 0.279048 0.458781
vt 0.261763 0.458779
vt 0.261631 0.493210
vt 0.261763 0.458779
vt 0.279048 0.458781
vt 0.261631 0.493210
vt 0.279048 0.458781
vt 0.278914 0.492936
vt 0.911251 0.449657
vt 0.911914 0.476676
vt 0.906524 0.477382
vt 0.911251 0.449657
vt 0.906524 0.477382
vt 0.905861 0.450362
vt 0.906524 0.477382
vt 0.901282 0.477641
vt 0.900619 0.450623
vt 0.906524 0.477382
vt 0.900619 0.450623
vt 0.905861 0.450362
vt 0.128373 0.364889
vt 0.126980 0.366781
vt 0.124026 0.362387
vt 0.128373 0.364889
vt 0.124026 0.362387
vt 0.125813 0.361232
vt 0.362027 0.323573
vt 0.360916 0.319427
vt 0.362886 0.318129
vt 0.362027 0.323573
vt 0.362886 0.318129
vt 0.364488 0.322934
vt 0.129518 0.166990
vt 0.128363 0.163188
vt 0.132029 0.163354
vt 0.129518 0.166990
vt 0.132029 0.163354
vt 0.132958 0.167344
vt 0.126981 0.159299
vt 0.130669 0.158871
vt 0.132029 0.163354
vt 0.126981 0.159299
vt 0.132029 0.163354
vt 0.128363 0.163188
vt 0.128363 0.163188
vt 0.129518 0.166990
vt 0.121198 0.167314
vt 0.128363 0.163188
vt 0.121198 0.167314
vt 0.120809 0.163316
vt 0.128363 0.163188
vt 0.120809 0.163316
vt 0.120809 0.159197
vt 0.128363 0.163188
vt 0.120809 0.159197
vt 0.126981 0.159299
vt 0.364488 0.322934
vt 0.364274 0.327104
vt 0.361957 0.326654
vt 0.364488 0.322934
vt 0.361957 0.326654
vt 0.362027 0.323573
vt 0.403764 0.598812
vt 0.403605 0.595934
vt 0.407110 0.595834
vt 0.403764 0.598812
vt 0.407110 0.595834
vt 0.407572 0.598762
vt 0.394993 0.599083
vt 0.395107 0.596206
vt 0.403605 0.595934
vt 0.394993 0.599083
vt 0.403605 0.595934
vt 0.403764 0.598812
vt 0.102194 0.076673
vt 0.105449 0.077317
vt 0.105449 0.082526
vt 0.102194 0.076673
vt 0.105449 0.082526
vt 0.102194 0.081881
vt 0.192560 0.082526
vt 0.188829 0.082147
vt 0.187195 0.077407
vt 0.192560 0.082526
vt 0.187195 0.077407
vt 0.190644 0.077530
vt 0.318324 0.436461
vt 0.316737 0.433916
vt 0.334687 0.424449
vt 0.318324 0.436461
vt 0.334687 0.424449
vt 0.334276 0.431064
vt 0.121198 0.154960
vt 0.125785 0.154883
vt 0.126981 0.159299
vt 0.121198 0.154960
vt 0.126981 0.159299
vt 0.120809 0.159197
vt 0.188829 0.082147
vt 0.184200 0.081984
vt 0.184200 0.077303
vt 0.188829 0.082147
vt 0.184200 0.077303
vt 0.187195 0.077407
vt 0.360860 0.329809
vt 0.361957 0.326654
vt 0.364274 0.327104
vt 0.360860 0.329809
vt 0.364274 0.327104
vt 0.362996 0.330791
vt 0.403758 0.602163
vt 0.403764 0.598812
vt 0.407572 0.598762
vt 0.403758 0.602163
vt 0.407572 0.598762
vt 0.407565 0.602113
vt 0.403764 0.598812
vt 0.403758 0.602163
vt 0.395019 0.602214
vt 0.403764 0.598812
vt 0.395019 0.602214
vt 0.394993 0.599083
vt 0.124787 0.353434
vt 0.122555 0.353585
vt 0.126036 0.335976
vt 0.124787 0.353434
vt 0.126036 0.335976
vt 0.128373 0.336359
vt 0.351891 0.343244
vt 0.360860 0.329809
vt 0.362996 0.330791
vt 0.351891 0.343244
vt 0.362996 0.330791
vt 0.353641 0.344994
vt 0.404236 0.618148
vt 0.403758 0.602163
vt 0.407565 0.602113
vt 0.404236 0.618148
vt 0.407565 0.602113
vt 0.408043 0.618097
vt 0.395469 0.618148
vt 0.395019 0.602214
vt 0.403758 0.602163
vt 0.395469 0.618148
vt 0.403758 0.602163
vt 0.404236 0.618148
vt 0.190644 0.077530
vt 0.187195 0.077407
vt 0.186480 0.071833
vt 0.190644 0.077530
vt 0.186480 0.071833
vt 0.189688 0.071577
vt 0.184614 0.071644
vt 0.186480 0.071833
vt 0.187195 0.077407
vt 0.184614 0.071644
vt 0.187195 0.077407
vt 0.184200 0.077303
vt 0.043555 0.337515
vt 0.043018 0.344752
vt 0.040797 0.343861
vt 0.043555 0.337515
vt 0.040797 0.343861
vt 0.041278 0.337236
vt 0.160466 0.277378
vt 0.157219 0.276691
vt 0.157079 0.270197
vt 0.160466 0.277378
vt 0.157079 0.270197
vt 0.160015 0.271116
vt 0.157219 0.276691
vt 0.155350 0.276144
vt 0.156254 0.270107
vt 0.157219 0.276691
vt 0.156254 0.270107
vt 0.157079 0.270197
vt 0.017734 0.416187
vt 0.009886 0.415132
vt 0.010377 0.412705
vt 0.017734 0.416187
vt 0.010377 0.412705
vt 0.018175 0.413788
vt 0.032013 0.352771
vt 0.030142 0.351425
vt 0.033960 0.344986
vt 0.032013 0.352771
vt 0.033960 0.344986
vt 0.036041 0.345499
vt 0.009886 0.415132
vt 0.017734 0.416187
vt 0.016973 0.470661
vt 0.009886 0.415132
vt 0.016973 0.470661
vt 0.008633 0.470936
vt 0.017734 0.416187
vt 0.018175 0.413788
vt 0.027124 0.414736
vt 0.017734 0.416187
vt 0.027124 0.414736
vt 0.027175 0.417174
vt 0.017734 0.416187
vt 0.027175 0.417174
vt 0.026904 0.470591
vt 0.017734 0.416187
vt 0.026904 0.470591
vt 0.016973 0.470661
vt 0.042644 0.328575
vt 0.043555 0.337515
vt 0.041278 0.337236
vt 0.042644 0.328575
vt 0.041278 0.337236
vt 0.040671 0.328808
vt 0.160015 0.271116
vt 0.157079 0.270197
vt 0.158226 0.262378
vt 0.160015 0.271116
vt 0.158226 0.262378
vt 0.160397 0.262849
vt 0.038971 0.336879
vt 0.036041 0.345499
vt 0.033960 0.344986
vt 0.038971 0.336879
vt 0.033960 0.344986
vt 0.036663 0.336374
vt 0.157079 0.270197
vt 0.156254 0.270107
vt 0.157408 0.262259
vt 0.157079 0.270197
vt 0.157408 0.262259
vt 0.158226 0.262378
vt 0.096280 0.002487
vt 0.096089 0.006877
vt 0.093766 0.006560
vt 0.096280 0.002487
vt 0.093766 0.006560
vt 0.093925 0.002226
vt 0.261969 0.456568
vt 0.261763 0.458779
vt 0.257972 0.459875
vt 0.261969 0.456568
vt 0.257972 0.459875
vt 0.257878 0.458213
vt 0.348768 0.345985
vt 0.351891 0.343244
vt 0.353641 0.344994
vt 0.348768 0.345985
vt 0.353641 0.344994
vt 0.349864 0.347886
vt 0.403216 0.620245
vt 0.404236 0.618148
vt 0.408043 0.618097
vt 0.403216 0.620245
vt 0.408043 0.618097
vt 0.406534 0.621700
vt 0.404236 0.618148
vt 0.403216 0.620245
vt 0.395527 0.619653
vt 0.404236 0.618148
vt 0.395527 0.619653
vt 0.395469 0.618148
vt 0.347608 0.346305
vt 0.348768 0.345985
vt 0.349864 0.347886
vt 0.347608 0.346305
vt 0.349864 0.347886
vt 0.348499 0.348441
vt 0.096280 0.002487
vt 0.093925 0.002226
vt 0.093766 0.000751
vt 0.096280 0.002487
vt 0.093766 0.000751
vt 0.096044 0.000814
vt 0.335915 0.268208
vt 0.335147 0.266642
vt 0.335746 0.265631
vt 0.335915 0.268208
vt 0.335746 0.265631
vt 0.336759 0.267174
vt 0.406534 0.621700
vt 0.405484 0.622343
vt 0.402138 0.620837
vt 0.406534 0.621700
vt 0.402138 0.620837
vt 0.403216 0.620245
vt 0.137644 0.334114
vt 0.139957 0.333752
vt 0.139926 0.335292
vt 0.137644 0.334114
vt 0.139926 0.335292
vt 0.137612 0.335655
vt 0.405484 0.622343
vt 0.403863 0.622664
vt 0.401065 0.621159
vt 0.405484 0.622343
vt 0.401065 0.621159
vt 0.402138 0.620837
vt 0.395546 0.620245
vt 0.395527 0.619653
vt 0.403216 0.620245
vt 0.395546 0.620245
vt 0.403216 0.620245
vt 0.402138 0.620837
vt 0.141913 0.335707
vt 0.139926 0.335292
vt 0.139957 0.333752
vt 0.141913 0.335707
vt 0.139957 0.333752
vt 0.142126 0.334396
vt 0.137612 0.335655
vt 0.139926 0.335292
vt 0.140139 0.367399
vt 0.137612 0.335655
vt 0.140139 0.367399
vt 0.137622 0.367454
vt 0.139926 0.335292
vt 0.141913 0.335707
vt 0.142127 0.367544
vt 0.139926 0.335292
vt 0.142127 0.367544
vt 0.140139 0.367399
vt 0.316238 0.414345
vt 0.316366 0.412754
vt 0.322788 0.409172
vt 0.316238 0.414345
vt 0.322788 0.409172
vt 0.327194 0.410887
vt 0.402138 0.620837
vt 0.401065 0.621159
vt 0.394741 0.620837
vt 0.402138 0.620837
vt 0.394741 0.620837
vt 0.395546 0.620245
vt 0.041263 0.093418
vt 0.041263 0.096280
vt 0.039784 0.094999
vt 0.041263 0.093418
vt 0.039784 0.094999
vt 0.040470 0.093097
vt 0.048034 0.093832
vt 0.049816 0.092596
vt 0.050432 0.093039
vt 0.048034 0.093832
vt 0.050432 0.093039
vt 0.048959 0.094497
vt 0.526586 0.400631
vt 0.527162 0.399236
vt 0.529500 0.400887
vt 0.526586 0.400631
vt 0.529500 0.400887
vt 0.529313 0.401732
vt 0.529313 0.401732
vt 0.529313 0.403108
vt 0.526394 0.403116
vt 0.529313 0.401732
vt 0.526394 0.403116
vt 0.526586 0.400631
vt 0.528913 0.424007
vt 0.526394 0.403116
vt 0.529313 0.403108
vt 0.528913 0.424007
vt 0.529313 0.403108
vt 0.531832 0.424000
vt 0.003201 0.262709
vt 0.000977 0.262273
vt 0.000629 0.240479
vt 0.003201 0.262709
vt 0.000629 0.240479
vt 0.004585 0.241669
vt 0.050119 0.094900
vt 0.050098 0.096280
vt 0.048394 0.095916
vt 0.050119 0.094900
vt 0.048394 0.095916
vt 0.048959 0.094497
vt 0.293424 0.160722
vt 0.293363 0.163203
vt 0.291388 0.163127
vt 0.293424 0.160722
vt 0.291388 0.163127
vt 0.291724 0.160655
vt 0.293363 0.163203
vt 0.293424 0.184122
vt 0.291450 0.184046
vt 0.293363 0.163203
vt 0.291450 0.184046
vt 0.291388 0.163127
vt 0.160397 0.262849
vt 0.158226 0.262378
vt 0.158724 0.258881
vt 0.160397 0.262849
vt 0.158724 0.258881
vt 0.160466 0.258461
vt 0.040151 0.322991
vt 0.042644 0.328575
vt 0.040671 0.328808
vt 0.040151 0.322991
vt 0.040671 0.328808
vt 0.038820 0.324771
vt 0.038661 0.329735
vt 0.038971 0.336879
vt 0.036663 0.336374
vt 0.038661 0.329735
vt 0.036663 0.336374
vt 0.036761 0.330324
vt 0.158226 0.262378
vt 0.157408 0.262259
vt 0.157898 0.258792
vt 0.158226 0.262378
vt 0.157898 0.258792
vt 0.158724 0.258881
vt 0.034386 0.417920
vt 0.027175 0.417174
vt 0.027124 0.414736
vt 0.034386 0.417920
vt 0.027124 0.414736
vt 0.034064 0.415478
vt 0.027175 0.417174
vt 0.034386 0.417920
vt 0.034115 0.470789
vt 0.027175 0.417174
vt 0.034115 0.470789
vt 0.026904 0.470591
vt 0.032476 0.060336
vt 0.034386 0.060584
vt 0.033541 0.065547
vt 0.032476 0.060336
vt 0.033541 0.065547
vt 0.031427 0.065738
vt 0.032764 0.324945
vt 0.036761 0.330324
vt 0.034809 0.331486
vt 0.032764 0.324945
vt 0.034809 0.331486
vt 0.031280 0.326642
vt 0.009152 0.023338
vt 0.008320 0.023145
vt 0.008337 0.017297
vt 0.009152 0.023338
vt 0.008337 0.017297
vt 0.009169 0.017490
vt 0.034430 0.324089
vt 0.038661 0.329735
vt 0.036761 0.330324
vt 0.034430 0.324089
vt 0.036761 0.330324
vt 0.032764 0.324945
vt 0.587678 0.835448
vt 0.580151 0.835732
vt 0.580174 0.833383
vt 0.587678 0.835448
vt 0.580174 0.833383
vt 0.587724 0.833176
vt 0.580151 0.835732
vt 0.587678 0.835448
vt 0.586901 0.887534
vt 0.580151 0.835732
vt 0.586901 0.887534
vt 0.579968 0.887851
vt 0.008320 0.023145
vt 0.009152 0.023338
vt 0.009154 0.028594
vt 0.008320 0.023145
vt 0.009154 0.028594
vt 0.008316 0.028598
vt 0.008337 0.032093
vt 0.008316 0.028598
vt 0.009154 0.028594
vt 0.008337 0.032093
vt 0.009154 0.028594
vt 0.009169 0.031897
vt 0.030917 0.070504
vt 0.031427 0.065738
vt 0.033541 0.065547
vt 0.030917 0.070504
vt 0.033541 0.065547
vt 0.033031 0.070314
vt 0.047344 0.092906
vt 0.049471 0.092133
vt 0.049816 0.092596
vt 0.047344 0.092906
vt 0.049816 0.092596
vt 0.048034 0.093832
vt 0.031506 0.075263
vt 0.031244 0.074779
vt 0.033300 0.073666
vt 0.031506 0.075263
vt 0.033300 0.073666
vt 0.033562 0.074150
vt 0.046889 0.091719
vt 0.049397 0.091650
vt 0.049471 0.092133
vt 0.046889 0.091719
vt 0.049471 0.092133
vt 0.047344 0.092906
vt 0.031244 0.074779
vt 0.030917 0.070504
vt 0.033031 0.070314
vt 0.031244 0.074779
vt 0.033031 0.070314
vt 0.033300 0.073666
vt 0.029259 0.321203
vt 0.028004 0.322893
vt 0.024759 0.320521
vt 0.029259 0.321203
vt 0.024759 0.320521
vt 0.025084 0.318035
vt 0.032764 0.324945
vt 0.031280 0.326642
vt 0.028004 0.322893
vt 0.032764 0.324945
vt 0.028004 0.322893
vt 0.029259 0.321203
vt 0.034124 0.073548
vt 0.034386 0.074032
vt 0.033991 0.074536
vt 0.034124 0.073548
vt 0.033991 0.074536
vt 0.033562 0.074150
vt 0.033993 0.073306
vt 0.034124 0.073548
vt 0.033562 0.074150
vt 0.033993 0.073306
vt 0.033562 0.074150
vt 0.033300 0.073666
vt 0.080663 0.013065
vt 0.082526 0.013628
vt 0.081609 0.018694
vt 0.080663 0.013065
vt 0.081609 0.018694
vt 0.079588 0.018215
vt 0.081609 0.018694
vt 0.081269 0.024364
vt 0.079437 0.025005
vt 0.081609 0.018694
vt 0.079437 0.025005
vt 0.079588 0.018215
vt 0.587678 0.835448
vt 0.587724 0.833176
vt 0.593557 0.833108
vt 0.587678 0.835448
vt 0.593557 0.833108
vt 0.593718 0.835417
vt 0.593557 0.833108
vt 0.600464 0.833381
vt 0.600648 0.835767
vt 0.593557 0.833108
vt 0.600648 0.835767
vt 0.593718 0.835417
vt 0.592207 0.887669
vt 0.586901 0.887534
vt 0.587678 0.835448
vt 0.592207 0.887669
vt 0.587678 0.835448
vt 0.593718 0.855924
vt 0.288500 0.492884
vt 0.288839 0.494542
vt 0.283511 0.495138
vt 0.288500 0.492884
vt 0.283511 0.495138
vt 0.283384 0.492922
vt 0.213501 0.382565
vt 0.212523 0.383754
vt 0.207828 0.379434
vt 0.213501 0.382565
vt 0.207828 0.379434
vt 0.209971 0.378188
vt 0.212523 0.383754
vt 0.210649 0.388397
vt 0.207941 0.387073
vt 0.212523 0.383754
vt 0.207941 0.387073
vt 0.207828 0.379434
vt 0.207941 0.387073
vt 0.206426 0.386650
vt 0.206642 0.379761
vt 0.207941 0.387073
vt 0.206642 0.379761
vt 0.207828 0.379434
vt 0.283384 0.492922
vt 0.283511 0.495138
vt 0.278767 0.495154
vt 0.283384 0.492922
vt 0.278767 0.495154
vt 0.278914 0.492936
vt 0.209971 0.378188
vt 0.207828 0.379434
vt 0.206176 0.373849
vt 0.209971 0.378188
vt 0.206176 0.373849
vt 0.208757 0.373601
vt 0.208757 0.373601
vt 0.206176 0.373849
vt 0.206068 0.354810
vt 0.208757 0.373601
vt 0.206068 0.354810
vt 0.208196 0.355061
vt 0.008633 0.470936
vt 0.016973 0.470661
vt 0.017734 0.525496
vt 0.008633 0.470936
vt 0.017734 0.525496
vt 0.009886 0.527181
vt 0.016973 0.470661
vt 0.026904 0.470591
vt 0.027175 0.524291
vt 0.016973 0.470661
vt 0.027175 0.524291
vt 0.017734 0.525496
vt 0.026904 0.470591
vt 0.034115 0.470789
vt 0.034386 0.523942
vt 0.026904 0.470591
vt 0.034386 0.523942
vt 0.027175 0.524291
vt 0.261631 0.493210
vt 0.261665 0.494315
vt 0.256774 0.494315
vt 0.261631 0.493210
vt 0.256774 0.494315
vt 0.257259 0.493204
vt 0.209589 0.355138
vt 0.208196 0.355061
vt 0.207601 0.349782
vt 0.209589 0.355138
vt 0.207601 0.349782
vt 0.209453 0.349975
vt 0.208196 0.355061
vt 0.206068 0.354810
vt 0.204737 0.348744
vt 0.208196 0.355061
vt 0.204737 0.348744
vt 0.207601 0.349782
vt 0.528913 0.424007
vt 0.531832 0.424000
vt 0.531639 0.425934
vt 0.528913 0.424007
vt 0.531639 0.425934
vt 0.528721 0.425941
vt 0.291105 0.185963
vt 0.291450 0.184046
vt 0.293424 0.184122
vt 0.291105 0.185963
vt 0.293424 0.184122
vt 0.293382 0.186054
vt 0.289629 0.163051
vt 0.291388 0.163127
vt 0.291450 0.184046
vt 0.289629 0.163051
vt 0.291450 0.184046
vt 0.289691 0.183970
vt 0.370899 0.327195
vt 0.371022 0.325324
vt 0.372626 0.325432
vt 0.370899 0.327195
vt 0.372626 0.325432
vt 0.372626 0.327339
vt 0.371478 0.621159
vt 0.371531 0.622934
vt 0.369887 0.622934
vt 0.371478 0.621159
vt 0.369887 0.622934
vt 0.369834 0.621159
vt 0.059602 0.093988
vt 0.058333 0.093877
vt 0.057786 0.090025
vt 0.059602 0.093988
vt 0.057786 0.090025
vt 0.059602 0.089538
vt 0.058333 0.093877
vt 0.057064 0.093767
vt 0.056447 0.091149
vt 0.058333 0.093877
vt 0.056447 0.091149
vt 0.057786 0.090025
vt 0.368261 0.623527
vt 0.368191 0.621159
vt 0.369834 0.621159
vt 0.368261 0.623527
vt 0.369834 0.621159
vt 0.369887 0.622934
vt 0.005624 0.069246
vt 0.005499 0.096219
vt 0.002667 0.096280
vt 0.005624 0.069246
vt 0.002667 0.096280
vt 0.002791 0.069307
vt 0.368191 0.621159
vt 0.368261 0.623527
vt 0.341139 0.623527
vt 0.368191 0.621159
vt 0.341139 0.623527
vt 0.341069 0.621159
vt 0.528331 0.427869
vt 0.530861 0.427861
vt 0.529500 0.428969
vt 0.528331 0.427869
vt 0.529500 0.428969
vt 0.527360 0.428976
vt 0.527750 0.456233
vt 0.527360 0.428976
vt 0.529500 0.428969
vt 0.527750 0.456233
vt 0.529500 0.428969
vt 0.529500 0.456226
vt 0.139926 0.368710
vt 0.137612 0.369073
vt 0.137622 0.367454
vt 0.139926 0.368710
vt 0.137622 0.367454
vt 0.140139 0.367399
vt 0.060658 0.020631
vt 0.060658 0.017811
vt 0.061894 0.018115
vt 0.060658 0.020631
vt 0.061894 0.018115
vt 0.061709 0.020423
vt 0.528721 0.425941
vt 0.531639 0.425934
vt 0.530861 0.427861
vt 0.528721 0.425941
vt 0.530861 0.427861
vt 0.528331 0.427869
vt 0.293382 0.186054
vt 0.293067 0.187975
vt 0.290849 0.187063
vt 0.293382 0.186054
vt 0.290849 0.187063
vt 0.291105 0.185963
vt 0.006877 0.283354
vt 0.006359 0.310626
vt 0.005293 0.310631
vt 0.006877 0.283354
vt 0.005293 0.310631
vt 0.005293 0.282537
vt 0.040447 0.443063
vt 0.038754 0.443286
vt 0.038651 0.416573
vt 0.040447 0.443063
vt 0.038651 0.416573
vt 0.041140 0.415337
vt 0.005749 0.042001
vt 0.005624 0.069246
vt 0.002791 0.069307
vt 0.005749 0.042001
vt 0.002791 0.069307
vt 0.002916 0.042061
vt 0.341069 0.621159
vt 0.341139 0.623527
vt 0.313744 0.623527
vt 0.341069 0.621159
vt 0.313744 0.623527
vt 0.313673 0.621159
vt 0.527360 0.483764
vt 0.527750 0.456233
vt 0.529500 0.456226
vt 0.527360 0.483764
vt 0.529500 0.456226
vt 0.529500 0.483757
vt 0.038754 0.443286
vt 0.040447 0.443063
vt 0.041356 0.471191
vt 0.038754 0.443286
vt 0.041356 0.471191
vt 0.038859 0.470268
vt 0.005293 0.339001
vt 0.005293 0.310631
vt 0.006359 0.310626
vt 0.005293 0.339001
vt 0.006359 0.310626
vt 0.006877 0.338166
vt 0.579968 0.887851
vt 0.586901 0.887534
vt 0.587678 0.939872
vt 0.579968 0.887851
vt 0.587678 0.939872
vt 0.580151 0.940156
vt 0.346492 0.590271
vt 0.347328 0.593089
vt 0.334496 0.595179
vt 0.346492 0.590271
vt 0.334496 0.595179
vt 0.333773 0.592109
vt 0.896563 0.608921
vt 0.893609 0.617749
vt 0.890501 0.616702
vt 0.896563 0.608921
vt 0.890501 0.616702
vt 0.893388 0.607781
vt 0.347328 0.593089
vt 0.348454 0.597812
vt 0.334952 0.599903
vt 0.347328 0.593089
vt 0.334952 0.599903
vt 0.334496 0.595179
vt 0.322361 0.592717
vt 0.333773 0.592109
vt 0.334496 0.595179
vt 0.322361 0.592717
vt 0.334496 0.595179
vt 0.322621 0.595878
vt 0.334496 0.595179
vt 0.334952 0.599903
vt 0.322408 0.600603
vt 0.334496 0.595179
vt 0.322408 0.600603
vt 0.322621 0.595878
vt 0.026568 0.095254
vt 0.024917 0.090101
vt 0.036941 0.086091
vt 0.026568 0.095254
vt 0.036941 0.086091
vt 0.038303 0.091326
vt 0.133386 0.118239
vt 0.132582 0.121496
vt 0.124335 0.119847
vt 0.133386 0.118239
vt 0.124335 0.119847
vt 0.124895 0.116179
vt 0.126257 0.113353
vt 0.134748 0.115413
vt 0.133386 0.118239
vt 0.126257 0.113353
vt 0.133386 0.118239
vt 0.124895 0.116179
vt 0.285881 0.771208
vt 0.282398 0.771117
vt 0.282501 0.760870
vt 0.285881 0.771208
vt 0.282501 0.760870
vt 0.286189 0.761197
vt 0.059504 0.228239
vt 0.059452 0.225436
vt 0.069751 0.224381
vt 0.059504 0.228239
vt 0.069751 0.224381
vt 0.070085 0.227558
vt 0.070356 0.230626
vt 0.059415 0.231287
vt 0.059504 0.228239
vt 0.070356 0.230626
vt 0.059504 0.228239
vt 0.070085 0.227558
vt 0.124895 0.116179
vt 0.124335 0.119847
vt 0.115265 0.118132
vt 0.124895 0.116179
vt 0.115265 0.118132
vt 0.115550 0.114444
vt 0.116934 0.111423
vt 0.126257 0.113353
vt 0.124895 0.116179
vt 0.116934 0.111423
vt 0.124895 0.116179
vt 0.115550 0.114444
vt 0.286189 0.761197
vt 0.282501 0.760870
vt 0.283029 0.750212
vt 0.286189 0.761197
vt 0.283029 0.750212
vt 0.286717 0.750541
vt 0.081257 0.225833
vt 0.070085 0.227558
vt 0.069751 0.224381
vt 0.081257 0.225833
vt 0.069751 0.224381
vt 0.080795 0.222937
vt 0.069460 0.146726
vt 0.059208 0.147091
vt 0.059030 0.143733
vt 0.069460 0.146726
vt 0.059030 0.143733
vt 0.069214 0.143535
vt 0.059030 0.143733
vt 0.058712 0.140091
vt 0.069096 0.139561
vt 0.059030 0.143733
vt 0.069096 0.139561
vt 0.069214 0.143535
vt 0.069460 0.146726
vt 0.069214 0.143535
vt 0.080161 0.143601
vt 0.069460 0.146726
vt 0.080161 0.143601
vt 0.080206 0.147125
vt 0.069214 0.143535
vt 0.069096 0.139561
vt 0.080408 0.139605
vt 0.069214 0.143535
vt 0.080408 0.139605
vt 0.080161 0.143601
vt 0.063086 0.104532
vt 0.063294 0.100884
vt 0.074611 0.100936
vt 0.063086 0.104532
vt 0.074611 0.100936
vt 0.074402 0.104583
vt 0.107307 0.109859
vt 0.116934 0.111423
vt 0.115550 0.114444
vt 0.107307 0.109859
vt 0.115550 0.114444
vt 0.106197 0.112901
vt 0.115550 0.114444
vt 0.115265 0.118132
vt 0.105911 0.116591
vt 0.115550 0.114444
vt 0.105911 0.116591
vt 0.106197 0.112901
vt 0.286717 0.750541
vt 0.283029 0.750212
vt 0.283297 0.739464
vt 0.286717 0.750541
vt 0.283297 0.739464
vt 0.287059 0.739576
vt 0.080206 0.147125
vt 0.080161 0.143601
vt 0.091207 0.143977
vt 0.080206 0.147125
vt 0.091207 0.143977
vt 0.091021 0.147357
vt 0.112832 0.275505
vt 0.122831 0.274062
vt 0.122807 0.278158
vt 0.112832 0.275505
vt 0.122807 0.278158
vt 0.112541 0.279666
vt 0.070640 0.233229
vt 0.070356 0.230626
vt 0.081760 0.229201
vt 0.070640 0.233229
vt 0.081760 0.229201
vt 0.082186 0.231991
vt 0.081760 0.229201
vt 0.070356 0.230626
vt 0.070085 0.227558
vt 0.081760 0.229201
vt 0.070085 0.227558
vt 0.081257 0.225833
vt 0.111825 0.271239
vt 0.122166 0.270077
vt 0.122831 0.274062
vt 0.111825 0.271239
vt 0.122831 0.274062
vt 0.112832 0.275505
vt 0.074611 0.100936
vt 0.063294 0.100884
vt 0.063312 0.097059
vt 0.074611 0.100936
vt 0.063312 0.097059
vt 0.074855 0.097206
vt 0.112832 0.275505
vt 0.112541 0.279666
vt 0.101924 0.280699
vt 0.112832 0.275505
vt 0.101924 0.280699
vt 0.101949 0.276604
vt 0.101549 0.272552
vt 0.111825 0.271239
vt 0.112832 0.275505
vt 0.101549 0.272552
vt 0.112832 0.275505
vt 0.101949 0.276604
vt 0.092559 0.224259
vt 0.081257 0.225833
vt 0.080795 0.222937
vt 0.092559 0.224259
vt 0.080795 0.222937
vt 0.092006 0.221250
vt 0.093189 0.227346
vt 0.081760 0.229201
vt 0.081257 0.225833
vt 0.093189 0.227346
vt 0.081257 0.225833
vt 0.092559 0.224259
vt 0.093615 0.230137
vt 0.082186 0.231991
vt 0.081760 0.229201
vt 0.093615 0.230137
vt 0.081760 0.229201
vt 0.093189 0.227346
vt 0.097091 0.108834
vt 0.107307 0.109859
vt 0.106197 0.112901
vt 0.097091 0.108834
vt 0.106197 0.112901
vt 0.095981 0.111876
vt 0.106197 0.112901
vt 0.105911 0.116591
vt 0.095726 0.115178
vt 0.106197 0.112901
vt 0.095726 0.115178
vt 0.095981 0.111876
vt 0.104374 0.221996
vt 0.092559 0.224259
vt 0.092006 0.221250
vt 0.104374 0.221996
vt 0.092006 0.221250
vt 0.103693 0.219267
vt 0.287059 0.739576
vt 0.283297 0.739464
vt 0.283601 0.727761
vt 0.287059 0.739576
vt 0.283601 0.727761
vt 0.287363 0.727872
vt 0.093189 0.227346
vt 0.092559 0.224259
vt 0.104374 0.221996
vt 0.093189 0.227346
vt 0.104374 0.221996
vt 0.105224 0.224916
vt 0.105649 0.227706
vt 0.093615 0.230137
vt 0.093189 0.227346
vt 0.105649 0.227706
vt 0.093189 0.227346
vt 0.105224 0.224916
vt 0.090533 0.277836
vt 0.101949 0.276604
vt 0.101924 0.280699
vt 0.090533 0.277836
vt 0.101924 0.280699
vt 0.090434 0.281584
vt 0.080161 0.143601
vt 0.080408 0.139605
vt 0.091453 0.139981
vt 0.080161 0.143601
vt 0.091453 0.139981
vt 0.091207 0.143977
vt 0.074402 0.104583
vt 0.074611 0.100936
vt 0.085937 0.101237
vt 0.074402 0.104583
vt 0.085937 0.101237
vt 0.085471 0.105119
vt 0.085937 0.101237
vt 0.074611 0.100936
vt 0.074855 0.097206
vt 0.085937 0.101237
vt 0.074855 0.097206
vt 0.086181 0.097507
vt 0.091021 0.147357
vt 0.091207 0.143977
vt 0.102948 0.144784
vt 0.091021 0.147357
vt 0.102948 0.144784
vt 0.102830 0.147998
vt 0.091207 0.143977
vt 0.091453 0.139981
vt 0.103559 0.140766
vt 0.091207 0.143977
vt 0.103559 0.140766
vt 0.102948 0.144784
vt 0.085471 0.105119
vt 0.085937 0.101237
vt 0.098142 0.102252
vt 0.085471 0.105119
vt 0.098142 0.102252
vt 0.097573 0.105797
vt 0.085937 0.101237
vt 0.086181 0.097507
vt 0.098614 0.098619
vt 0.085937 0.101237
vt 0.098614 0.098619
vt 0.098142 0.102252
vt 0.089867 0.273850
vt 0.101549 0.272552
vt 0.101949 0.276604
vt 0.089867 0.273850
vt 0.101949 0.276604
vt 0.090533 0.277836
vt 0.086587 0.107788
vt 0.097091 0.108834
vt 0.095981 0.111876
vt 0.086587 0.107788
vt 0.095981 0.111876
vt 0.085760 0.110658
vt 0.095981 0.111876
vt 0.095726 0.115178
vt 0.085771 0.114174
vt 0.095981 0.111876
vt 0.085771 0.114174
vt 0.085760 0.110658
vt 0.116126 0.219191
vt 0.104374 0.221996
vt 0.103693 0.219267
vt 0.116126 0.219191
vt 0.103693 0.219267
vt 0.115367 0.216817
vt 0.116975 0.222110
vt 0.105224 0.224916
vt 0.104374 0.221996
vt 0.116975 0.222110
vt 0.104374 0.221996
vt 0.116126 0.219191
vt 0.117619 0.224733
vt 0.105649 0.227706
vt 0.105224 0.224916
vt 0.117619 0.224733
vt 0.105224 0.224916
vt 0.116975 0.222110
vt 0.102830 0.147998
vt 0.102948 0.144784
vt 0.114557 0.145757
vt 0.102830 0.147998
vt 0.114557 0.145757
vt 0.114306 0.149136
vt 0.287483 0.716674
vt 0.287363 0.727872
vt 0.283601 0.727761
vt 0.287483 0.716674
vt 0.283601 0.727761
vt 0.284055 0.716439
vt 0.102948 0.144784
vt 0.103559 0.140766
vt 0.115267 0.142048
vt 0.102948 0.144784
vt 0.115267 0.142048
vt 0.114557 0.145757
vt 0.110099 0.103754
vt 0.098142 0.102252
vt 0.098614 0.098619
vt 0.110099 0.103754
vt 0.098614 0.098619
vt 0.110447 0.100362
vt 0.089867 0.273850
vt 0.090533 0.277836
vt 0.078766 0.278591
vt 0.089867 0.273850
vt 0.078766 0.278591
vt 0.078436 0.274787
vt 0.109302 0.107202
vt 0.097573 0.105797
vt 0.098142 0.102252
vt 0.109302 0.107202
vt 0.098142 0.102252
vt 0.110099 0.103754
vt 0.114557 0.145757
vt 0.115267 0.142048
vt 0.125150 0.143609
vt 0.114557 0.145757
vt 0.125150 0.143609
vt 0.124441 0.147317
vt 0.123957 0.150553
vt 0.114306 0.149136
vt 0.114557 0.145757
vt 0.123957 0.150553
vt 0.114557 0.145757
vt 0.124441 0.147317
vt 0.109302 0.107202
vt 0.110099 0.103754
vt 0.120236 0.105569
vt 0.109302 0.107202
vt 0.120236 0.105569
vt 0.119211 0.108921
vt 0.110099 0.103754
vt 0.110447 0.100362
vt 0.120935 0.102031
vt 0.110099 0.103754
vt 0.120935 0.102031
vt 0.120236 0.105569
vt 0.287683 0.706886
vt 0.287483 0.716674
vt 0.284055 0.716439
vt 0.287683 0.706886
vt 0.284055 0.716439
vt 0.284441 0.706958
vt 0.077109 0.107217
vt 0.086587 0.107788
vt 0.085760 0.110658
vt 0.077109 0.107217
vt 0.085760 0.110658
vt 0.076556 0.110109
vt 0.085760 0.110658
vt 0.085771 0.114174
vt 0.076568 0.113626
vt 0.085760 0.110658
vt 0.076568 0.113626
vt 0.076556 0.110109
vt 0.126180 0.216436
vt 0.116126 0.219191
vt 0.115367 0.216817
vt 0.126180 0.216436
vt 0.115367 0.216817
vt 0.125422 0.214063
vt 0.127248 0.219188
vt 0.116975 0.222110
vt 0.116126 0.219191
vt 0.127248 0.219188
vt 0.116126 0.219191
vt 0.126180 0.216436
vt 0.077109 0.107217
vt 0.076556 0.110109
vt 0.066981 0.110511
vt 0.077109 0.107217
vt 0.066981 0.110511
vt 0.067268 0.107403
vt 0.136247 0.212786
vt 0.126180 0.216436
vt 0.125422 0.214063
vt 0.136247 0.212786
vt 0.125422 0.214063
vt 0.135129 0.210392
vt 0.066981 0.110511
vt 0.076556 0.110109
vt 0.076568 0.113626
vt 0.066981 0.110511
vt 0.076568 0.113626
vt 0.067298 0.113661
vt 0.287683 0.706886
vt 0.284441 0.706958
vt 0.284530 0.697458
vt 0.287683 0.706886
vt 0.284530 0.697458
vt 0.287718 0.697532
vt 0.133895 0.148900
vt 0.124441 0.147317
vt 0.125150 0.143609
vt 0.133895 0.148900
vt 0.125150 0.143609
vt 0.134769 0.145501
vt 0.119211 0.108921
vt 0.120236 0.105569
vt 0.130248 0.107626
vt 0.119211 0.108921
vt 0.130248 0.107626
vt 0.128873 0.111125
vt 0.123957 0.150553
vt 0.124441 0.147317
vt 0.133895 0.148900
vt 0.123957 0.150553
vt 0.133895 0.148900
vt 0.133644 0.152279
vt 0.756919 0.101391
vt 0.761069 0.109221
vt 0.757999 0.110034
vt 0.756919 0.101391
vt 0.757999 0.110034
vt 0.753856 0.102215
vt 0.329433 0.091301
vt 0.340449 0.091729
vt 0.345084 0.118155
vt 0.329433 0.091301
vt 0.345084 0.118155
vt 0.333990 0.117606
vt 0.329643 0.086506
vt 0.341204 0.086762
vt 0.340449 0.091729
vt 0.329643 0.086506
vt 0.340449 0.091729
vt 0.329433 0.091301
vt 0.066981 0.110511
vt 0.067298 0.113661
vt 0.056289 0.114729
vt 0.066981 0.110511
vt 0.056289 0.114729
vt 0.055676 0.111752
vt 0.055392 0.108795
vt 0.067268 0.107403
vt 0.066981 0.110511
vt 0.055392 0.108795
vt 0.066981 0.110511
vt 0.055676 0.111752
vt 0.287718 0.697532
vt 0.284530 0.697458
vt 0.283971 0.687256
vt 0.287718 0.697532
vt 0.283971 0.687256
vt 0.287251 0.687043
vt 0.133644 0.152279
vt 0.133895 0.148900
vt 0.144246 0.151365
vt 0.133644 0.152279
vt 0.144246 0.151365
vt 0.144063 0.154578
vt 0.133895 0.148900
vt 0.134769 0.145501
vt 0.145185 0.147967
vt 0.133895 0.148900
vt 0.145185 0.147967
vt 0.144246 0.151365
vt 0.055676 0.111752
vt 0.056289 0.114729
vt 0.044631 0.117114
vt 0.055676 0.111752
vt 0.044631 0.117114
vt 0.043469 0.114093
vt 0.055676 0.111752
vt 0.043469 0.114093
vt 0.042614 0.111287
vt 0.055676 0.111752
vt 0.042614 0.111287
vt 0.055392 0.108795
vt 0.424728 0.029973
vt 0.422011 0.041262
vt 0.419174 0.040098
vt 0.424728 0.029973
vt 0.419174 0.040098
vt 0.421556 0.029515
vt 0.144063 0.154578
vt 0.144246 0.151365
vt 0.154966 0.153641
vt 0.144063 0.154578
vt 0.154966 0.153641
vt 0.154885 0.156996
vt 0.043469 0.114093
vt 0.044631 0.117114
vt 0.033235 0.120102
vt 0.043469 0.114093
vt 0.033235 0.120102
vt 0.030892 0.117965
vt 0.043469 0.114093
vt 0.030892 0.117965
vt 0.029496 0.114922
vt 0.043469 0.114093
vt 0.029496 0.114922
vt 0.042614 0.111287
vt 0.334490 0.741539
vt 0.335116 0.752495
vt 0.330674 0.751993
vt 0.334490 0.741539
vt 0.330674 0.751993
vt 0.330110 0.740772
vt 0.335116 0.752495
vt 0.336901 0.763216
vt 0.332514 0.763043
vt 0.335116 0.752495
vt 0.332514 0.763043
vt 0.330674 0.751993
vt 0.360246 0.032526
vt 0.365756 0.031674
vt 0.366684 0.042134
vt 0.360246 0.032526
vt 0.366684 0.042134
vt 0.361208 0.042593
vt 0.547632 0.296271
vt 0.551189 0.295379
vt 0.549268 0.306279
vt 0.547632 0.296271
vt 0.549268 0.306279
vt 0.545853 0.306368
vt 0.552602 0.306620
vt 0.549268 0.306279
vt 0.551189 0.295379
vt 0.552602 0.306620
vt 0.551189 0.295379
vt 0.554524 0.295721
vt 0.336901 0.763216
vt 0.337797 0.763217
vt 0.340617 0.773729
vt 0.336901 0.763216
vt 0.340617 0.773729
vt 0.339720 0.773728
vt 0.335451 0.773620
vt 0.332514 0.763043
vt 0.336901 0.763216
vt 0.335451 0.773620
vt 0.336901 0.763216
vt 0.339720 0.773728
vt 0.361358 0.053181
vt 0.351639 0.052508
vt 0.351218 0.041713
vt 0.361358 0.053181
vt 0.351218 0.041713
vt 0.361208 0.042593
vt 0.695896 0.585996
vt 0.694887 0.596423
vt 0.690205 0.595431
vt 0.695896 0.585996
vt 0.690205 0.595431
vt 0.691242 0.584411
vt 0.693826 0.573509
vt 0.698450 0.575688
vt 0.695896 0.585996
vt 0.693826 0.573509
vt 0.695896 0.585996
vt 0.691242 0.584411
vt 0.350719 0.062836
vt 0.350805 0.052276
vt 0.351639 0.052508
vt 0.350719 0.062836
vt 0.351639 0.052508
vt 0.351827 0.063083
vt 0.351639 0.052508
vt 0.361358 0.053181
vt 0.361259 0.063745
vt 0.351639 0.052508
vt 0.361259 0.063745
vt 0.351827 0.063083
vt 0.339001 0.783649
vt 0.335451 0.773620
vt 0.339720 0.773728
vt 0.339001 0.783649
vt 0.339720 0.773728
vt 0.342974 0.783391
vt 0.690441 0.606448
vt 0.690205 0.595431
vt 0.694887 0.596423
vt 0.690441 0.606448
vt 0.694887 0.596423
vt 0.695014 0.606777
vt 0.687184 0.605788
vt 0.687068 0.594523
vt 0.690205 0.595431
vt 0.687184 0.605788
vt 0.690205 0.595431
vt 0.690441 0.606448
vt 0.687877 0.583089
vt 0.691242 0.584411
vt 0.690205 0.595431
vt 0.687877 0.583089
vt 0.690205 0.595431
vt 0.687068 0.594523
vt 0.361208 0.042593
vt 0.366684 0.042134
vt 0.366781 0.053504
vt 0.361208 0.042593
vt 0.366781 0.053504
vt 0.361358 0.053181
vt 0.545853 0.306368
vt 0.549268 0.306279
vt 0.545840 0.316901
vt 0.545853 0.306368
vt 0.545840 0.316901
vt 0.542382 0.316736
vt 0.549268 0.306279
vt 0.552602 0.306620
vt 0.549218 0.317497
vt 0.549268 0.306279
vt 0.549218 0.317497
vt 0.545840 0.316901
vt 0.625934 0.710483
vt 0.623686 0.710657
vt 0.626003 0.699475
vt 0.625934 0.710483
vt 0.626003 0.699475
vt 0.628332 0.698920
vt 0.852189 0.199746
vt 0.854199 0.210734
vt 0.852054 0.210985
vt 0.852189 0.199746
vt 0.852054 0.210985
vt 0.850044 0.199997
vt 0.632265 0.722152
vt 0.634380 0.710832
vt 0.636831 0.711171
vt 0.632265 0.722152
vt 0.636831 0.711171
vt 0.634452 0.722432
vt 0.636831 0.711171
vt 0.634380 0.710832
vt 0.637123 0.699511
vt 0.636831 0.711171
vt 0.637123 0.699511
vt 0.639573 0.700037
vt 0.623901 0.721798
vt 0.625934 0.710483
vt 0.634380 0.710832
vt 0.623901 0.721798
vt 0.634380 0.710832
vt 0.632265 0.722152
vt 0.634380 0.710832
vt 0.625934 0.710483
vt 0.628332 0.698920
vt 0.634380 0.710832
vt 0.628332 0.698920
vt 0.637123 0.699511
vt 0.361358 0.053181
vt 0.366781 0.053504
vt 0.366369 0.064640
vt 0.361358 0.053181
vt 0.366369 0.064640
vt 0.361259 0.063745
vt 0.542382 0.316736
vt 0.545840 0.316901
vt 0.541729 0.327031
vt 0.542382 0.316736
vt 0.541729 0.327031
vt 0.538227 0.326611
vt 0.545840 0.316901
vt 0.549218 0.317497
vt 0.544921 0.328175
vt 0.545840 0.316901
vt 0.544921 0.328175
vt 0.541729 0.327031
vt 0.621653 0.722161
vt 0.623686 0.710657
vt 0.625934 0.710483
vt 0.621653 0.722161
vt 0.625934 0.710483
vt 0.623901 0.721798
vt 0.144246 0.151365
vt 0.145185 0.147967
vt 0.155768 0.150576
vt 0.144246 0.151365
vt 0.155768 0.150576
vt 0.154966 0.153641
vt 0.424728 0.029973
vt 0.421556 0.029515
vt 0.422532 0.018949
vt 0.424728 0.029973
vt 0.422532 0.018949
vt 0.426382 0.018198
vt 0.164464 0.155031
vt 0.165051 0.158174
vt 0.154885 0.156996
vt 0.164464 0.155031
vt 0.154885 0.156996
vt 0.154966 0.153641
vt 0.426067 0.009898
vt 0.426382 0.018198
vt 0.422532 0.018949
vt 0.426067 0.009898
vt 0.422532 0.018949
vt 0.422264 0.011026
vt 0.419174 0.012056
vt 0.422264 0.011026
vt 0.422532 0.018949
vt 0.419174 0.012056
vt 0.422532 0.018949
vt 0.419518 0.020031
vt 0.561496 0.467591
vt 0.562034 0.462150
vt 0.565766 0.461110
vt 0.561496 0.467591
vt 0.565766 0.461110
vt 0.565209 0.465716
vt 0.561496 0.467591
vt 0.556004 0.471002
vt 0.558314 0.461724
vt 0.561496 0.467591
vt 0.558314 0.461724
vt 0.562034 0.462150
vt 0.751384 0.029139
vt 0.748377 0.028724
vt 0.750581 0.018447
vt 0.751384 0.029139
vt 0.750581 0.018447
vt 0.753535 0.019201
vt 0.746507 0.039711
vt 0.748377 0.028724
vt 0.751384 0.029139
vt 0.746507 0.039711
vt 0.751384 0.029139
vt 0.749866 0.039957
vt 0.556447 0.481049
vt 0.583205 0.476357
vt 0.583762 0.486543
vt 0.556447 0.481049
vt 0.583762 0.486543
vt 0.556481 0.491445
vt 0.747835 0.017663
vt 0.750581 0.018447
vt 0.748377 0.028724
vt 0.747835 0.017663
vt 0.748377 0.028724
vt 0.745279 0.028107
vt 0.748377 0.028724
vt 0.746507 0.039711
vt 0.743356 0.039432
vt 0.748377 0.028724
vt 0.743356 0.039432
vt 0.745279 0.028107
vt 0.756319 0.010143
vt 0.753535 0.019201
vt 0.750581 0.018447
vt 0.756319 0.010143
vt 0.750581 0.018447
vt 0.753308 0.008815
vt 0.750581 0.018447
vt 0.747835 0.017663
vt 0.750614 0.007692
vt 0.750581 0.018447
vt 0.750614 0.007692
vt 0.753308 0.008815
vt 0.239788 0.542411
vt 0.242548 0.540928
vt 0.247204 0.550254
vt 0.239788 0.542411
vt 0.247204 0.550254
vt 0.243041 0.552609
vt 0.247204 0.550254
vt 0.252784 0.559395
vt 0.248924 0.562184
vt 0.247204 0.550254
vt 0.248924 0.562184
vt 0.243041 0.552609
vt 0.257993 0.108604
vt 0.248223 0.113598
vt 0.245656 0.110563
vt 0.257993 0.108604
vt 0.245656 0.110563
vt 0.254230 0.104699
vt 0.262811 0.099854
vt 0.266142 0.104093
vt 0.257993 0.108604
vt 0.262811 0.099854
vt 0.257993 0.108604
vt 0.254230 0.104699
vt 0.562034 0.462150
vt 0.558314 0.461724
vt 0.558099 0.458876
vt 0.562034 0.462150
vt 0.558099 0.458876
vt 0.561829 0.459291
vt 0.565381 0.458528
vt 0.565766 0.461110
vt 0.562034 0.462150
vt 0.565381 0.458528
vt 0.562034 0.462150
vt 0.561829 0.459291
vt 0.568629 0.464580
vt 0.565209 0.465716
vt 0.565766 0.461110
vt 0.568629 0.464580
vt 0.565766 0.461110
vt 0.568748 0.460352
vt 0.568362 0.457769
vt 0.568748 0.460352
vt 0.565766 0.461110
vt 0.568362 0.457769
vt 0.565766 0.461110
vt 0.565381 0.458528
vt 0.568748 0.460352
vt 0.568362 0.457769
vt 0.571629 0.457737
vt 0.568748 0.460352
vt 0.571629 0.457737
vt 0.571691 0.460233
vt 0.571611 0.463822
vt 0.568629 0.464580
vt 0.568748 0.460352
vt 0.571611 0.463822
vt 0.568748 0.460352
vt 0.571691 0.460233
vt 0.571697 0.455613
vt 0.571629 0.457737
vt 0.568362 0.457769
vt 0.571697 0.455613
vt 0.568362 0.457769
vt 0.568356 0.455469
vt 0.568362 0.457769
vt 0.565381 0.458528
vt 0.565308 0.456041
vt 0.568362 0.457769
vt 0.565308 0.456041
vt 0.568356 0.455469
vt 0.329392 0.072744
vt 0.327452 0.073037
vt 0.328033 0.069093
vt 0.329392 0.072744
vt 0.328033 0.069093
vt 0.330108 0.069154
vt 0.575444 0.458319
vt 0.571629 0.457737
vt 0.571697 0.455613
vt 0.575444 0.458319
vt 0.571697 0.455613
vt 0.575760 0.456105
vt 0.571697 0.455613
vt 0.568356 0.455469
vt 0.568795 0.453636
vt 0.571697 0.455613
vt 0.568795 0.453636
vt 0.572127 0.453789
vt 0.575251 0.460916
vt 0.571691 0.460233
vt 0.571629 0.457737
vt 0.575251 0.460916
vt 0.571629 0.457737
vt 0.575444 0.458319
vt 0.574744 0.463417
vt 0.571611 0.463822
vt 0.571691 0.460233
vt 0.574744 0.463417
vt 0.571691 0.460233
vt 0.575251 0.460916
vt 0.579458 0.459461
vt 0.575444 0.458319
vt 0.575760 0.456105
vt 0.579458 0.459461
vt 0.575760 0.456105
vt 0.579879 0.456793
vt 0.327452 0.073037
vt 0.329392 0.072744
vt 0.329434 0.076762
vt 0.327452 0.073037
vt 0.329434 0.076762
vt 0.327237 0.077152
vt 0.329392 0.072744
vt 0.330108 0.069154
vt 0.331924 0.069276
vt 0.329392 0.072744
vt 0.331924 0.069276
vt 0.331438 0.072682
vt 0.329392 0.072744
vt 0.331438 0.072682
vt 0.331317 0.076261
vt 0.329392 0.072744
vt 0.331317 0.076261
vt 0.329434 0.076762
vt 0.577349 0.460921
vt 0.575251 0.460916
vt 0.575444 0.458319
vt 0.577349 0.460921
vt 0.575444 0.458319
vt 0.579458 0.459461
vt 0.574744 0.463417
vt 0.575251 0.460916
vt 0.577349 0.460921
vt 0.574744 0.463417
vt 0.577349 0.460921
vt 0.578210 0.463088
vt 0.583500 0.460826
vt 0.583145 0.463681
vt 0.578210 0.463088
vt 0.583500 0.460826
vt 0.578210 0.463088
vt 0.579458 0.459461
vt 0.760660 0.006572
vt 0.758158 0.004962
vt 0.758513 0.002991
vt 0.760660 0.006572
vt 0.758513 0.002991
vt 0.761069 0.004262
vt 0.561787 0.454719
vt 0.561823 0.456991
vt 0.558083 0.456584
vt 0.561787 0.454719
vt 0.558083 0.456584
vt 0.558702 0.454475
vt 0.554787 0.458101
vt 0.555350 0.455796
vt 0.558083 0.456584
vt 0.554787 0.458101
vt 0.558083 0.456584
vt 0.558099 0.458876
vt 0.558083 0.456584
vt 0.561823 0.456991
vt 0.561829 0.459291
vt 0.558083 0.456584
vt 0.561829 0.459291
vt 0.558099 0.458876
vt 0.758158 0.004962
vt 0.757285 0.007203
vt 0.754452 0.005796
vt 0.758158 0.004962
vt 0.754452 0.005796
vt 0.755324 0.003556
vt 0.756158 0.001676
vt 0.758513 0.002991
vt 0.758158 0.004962
vt 0.756158 0.001676
vt 0.758158 0.004962
vt 0.755324 0.003556
vt 0.331968 0.056794
vt 0.330774 0.056746
vt 0.332236 0.054339
vt 0.331968 0.056794
vt 0.332236 0.054339
vt 0.333307 0.054840
vt 0.334687 0.053776
vt 0.333307 0.054840
vt 0.332236 0.054339
vt 0.334687 0.053776
vt 0.332236 0.054339
vt 0.334185 0.053214
vt 0.339001 0.783649
vt 0.342974 0.783391
vt 0.346359 0.791929
vt 0.339001 0.783649
vt 0.346359 0.791929
vt 0.342566 0.792489
vt 0.350424 0.072594
vt 0.350719 0.062836
vt 0.351827 0.063083
vt 0.350424 0.072594
vt 0.351827 0.063083
vt 0.351533 0.072840
vt 0.351237 0.077906
vt 0.350399 0.077866
vt 0.350424 0.072594
vt 0.351237 0.077906
vt 0.350424 0.072594
vt 0.351533 0.072840
vt 0.690441 0.606448
vt 0.695014 0.606777
vt 0.695888 0.616274
vt 0.690441 0.606448
vt 0.695888 0.616274
vt 0.691404 0.616289
vt 0.229999 0.158466
vt 0.230260 0.148931
vt 0.233822 0.148611
vt 0.229999 0.158466
vt 0.233822 0.148611
vt 0.233466 0.157772
vt 0.351827 0.063083
vt 0.361259 0.063745
vt 0.360947 0.073699
vt 0.351827 0.063083
vt 0.360947 0.073699
vt 0.351533 0.072840
vt 0.020659 0.194852
vt 0.017606 0.194029
vt 0.020563 0.186809
vt 0.020659 0.194852
vt 0.020563 0.186809
vt 0.023682 0.187599
vt 0.030892 0.117965
vt 0.023838 0.121496
vt 0.022159 0.118625
vt 0.030892 0.117965
vt 0.022159 0.118625
vt 0.029496 0.114922
vt 0.361259 0.063745
vt 0.366369 0.064640
vt 0.365745 0.075165
vt 0.361259 0.063745
vt 0.365745 0.075165
vt 0.360947 0.073699
vt 0.536933 0.336671
vt 0.533624 0.335605
vt 0.538227 0.326611
vt 0.536933 0.336671
vt 0.538227 0.326611
vt 0.541729 0.327031
vt 0.561823 0.456991
vt 0.561787 0.454719
vt 0.565349 0.453946
vt 0.561823 0.456991
vt 0.565349 0.453946
vt 0.565308 0.456041
vt 0.565381 0.458528
vt 0.561829 0.459291
vt 0.561823 0.456991
vt 0.565381 0.458528
vt 0.561823 0.456991
vt 0.565308 0.456041
vt 0.330099 0.059664
vt 0.330774 0.056746
vt 0.331968 0.056794
vt 0.330099 0.059664
vt 0.331968 0.056794
vt 0.331632 0.059836
vt 0.332149 0.062803
vt 0.330388 0.062816
vt 0.330099 0.059664
vt 0.332149 0.062803
vt 0.330099 0.059664
vt 0.331632 0.059836
vt 0.351237 0.077906
vt 0.351533 0.072840
vt 0.360947 0.073699
vt 0.351237 0.077906
vt 0.360947 0.073699
vt 0.360615 0.079351
vt 0.568795 0.453636
vt 0.568356 0.455469
vt 0.565308 0.456041
vt 0.568795 0.453636
vt 0.565308 0.456041
vt 0.565349 0.453946
vt 0.330388 0.062816
vt 0.332149 0.062803
vt 0.332206 0.066101
vt 0.330388 0.062816
vt 0.332206 0.066101
vt 0.330390 0.065979
vt 0.332149 0.062803
vt 0.332571 0.064708
vt 0.332763 0.066796
vt 0.332149 0.062803
vt 0.332763 0.066796
vt 0.332206 0.066101
vt 0.331924 0.069276
vt 0.330108 0.069154
vt 0.330390 0.065979
vt 0.331924 0.069276
vt 0.330390 0.065979
vt 0.332206 0.066101
vt 0.332206 0.066101
vt 0.332763 0.066796
vt 0.332682 0.069703
vt 0.332206 0.066101
vt 0.332682 0.069703
vt 0.331924 0.069276
vt 0.365192 0.081163
vt 0.362694 0.081611
vt 0.360615 0.079351
vt 0.365192 0.081163
vt 0.360615 0.079351
vt 0.365271 0.078656
vt 0.360615 0.079351
vt 0.360947 0.073699
vt 0.365745 0.075165
vt 0.360615 0.079351
vt 0.365745 0.075165
vt 0.365271 0.078656
vt 0.362652 0.082389
vt 0.360478 0.081689
vt 0.360615 0.079351
vt 0.362652 0.082389
vt 0.360615 0.079351
vt 0.362694 0.081611
vt 0.365043 0.084078
vt 0.362652 0.082389
vt 0.362694 0.081611
vt 0.365043 0.084078
vt 0.362694 0.081611
vt 0.365192 0.081163
vt 0.422264 0.011026
vt 0.421926 0.009709
vt 0.424117 0.007915
vt 0.422264 0.011026
vt 0.424117 0.007915
vt 0.425790 0.007637
vt 0.024004 0.184774
vt 0.023682 0.187599
vt 0.020563 0.186809
vt 0.024004 0.184774
vt 0.020563 0.186809
vt 0.021198 0.184749
vt 0.099672 0.096280
vt 0.099672 0.093242
vt 0.100838 0.093362
vt 0.099672 0.096280
vt 0.100838 0.093362
vt 0.100864 0.096126
vt 0.365192 0.081163
vt 0.366571 0.081045
vt 0.366434 0.083955
vt 0.365192 0.081163
vt 0.366434 0.083955
vt 0.365043 0.084078
vt 0.026221 0.000871
vt 0.027126 0.003626
vt 0.026150 0.003569
vt 0.026221 0.000871
vt 0.026150 0.003569
vt 0.025444 0.000865
vt 0.531873 0.338557
vt 0.533624 0.335605
vt 0.536933 0.336671
vt 0.531873 0.338557
vt 0.536933 0.336671
vt 0.534911 0.339661
vt 0.027509 0.003911
vt 0.027241 0.006954
vt 0.026670 0.006382
vt 0.027509 0.003911
vt 0.026670 0.006382
vt 0.027126 0.003626
vt 0.026670 0.006382
vt 0.027241 0.006954
vt 0.025827 0.009169
vt 0.026670 0.006382
vt 0.025827 0.009169
vt 0.025444 0.008871
vt 0.425733 0.004738
vt 0.425790 0.007637
vt 0.424117 0.007915
vt 0.425733 0.004738
vt 0.424117 0.007915
vt 0.424962 0.005194
vt 0.027509 0.003911
vt 0.027126 0.003626
vt 0.026221 0.000871
vt 0.027509 0.003911
vt 0.026221 0.000871
vt 0.026604 0.001155
vt 0.023682 0.187599
vt 0.024004 0.184774
vt 0.027509 0.184245
vt 0.023682 0.187599
vt 0.027509 0.184245
vt 0.026974 0.187757
vt 0.024327 0.181949
vt 0.024004 0.184774
vt 0.021198 0.184749
vt 0.024327 0.181949
vt 0.021198 0.184749
vt 0.022004 0.182312
vt 0.024004 0.184774
vt 0.024327 0.181949
vt 0.027268 0.181054
vt 0.024004 0.184774
vt 0.027268 0.181054
vt 0.027509 0.184245
vt 0.052724 0.016047
vt 0.052483 0.015682
vt 0.052532 0.012914
vt 0.052724 0.016047
vt 0.052532 0.012914
vt 0.052724 0.013545
vt 0.425057 0.002104
vt 0.425733 0.004738
vt 0.424962 0.005194
vt 0.425057 0.002104
vt 0.424962 0.005194
vt 0.424401 0.002491
vt 0.023915 0.179134
vt 0.024327 0.181949
vt 0.022004 0.182312
vt 0.023915 0.179134
vt 0.022004 0.182312
vt 0.022431 0.179742
vt 0.029198 0.082526
vt 0.028856 0.081754
vt 0.028856 0.077492
vt 0.029198 0.082526
vt 0.028856 0.077492
vt 0.029801 0.079817
vt 0.540125 0.337814
vt 0.536933 0.336671
vt 0.541729 0.327031
vt 0.540125 0.337814
vt 0.541729 0.327031
vt 0.544921 0.328175
vt 0.620063 0.733036
vt 0.621653 0.722161
vt 0.623901 0.721798
vt 0.620063 0.733036
vt 0.623901 0.721798
vt 0.622311 0.732861
vt 0.534911 0.339661
vt 0.536933 0.336671
vt 0.540125 0.337814
vt 0.534911 0.339661
vt 0.540125 0.337814
vt 0.537484 0.343857
vt 0.620063 0.733036
vt 0.622311 0.732861
vt 0.621629 0.739812
vt 0.620063 0.733036
vt 0.621629 0.739812
vt 0.619543 0.739602
vt 0.024327 0.181949
vt 0.023915 0.179134
vt 0.026648 0.177729
vt 0.024327 0.181949
vt 0.026648 0.177729
vt 0.027268 0.181054
vt 0.630594 0.733032
vt 0.632265 0.722152
vt 0.634452 0.722432
vt 0.630594 0.733032
vt 0.634452 0.722432
vt 0.632518 0.733253
vt 0.622311 0.732861
vt 0.623901 0.721798
vt 0.632265 0.722152
vt 0.622311 0.732861
vt 0.632265 0.722152
vt 0.630594 0.733032
vt 0.231520 0.165051
vt 0.229999 0.158466
vt 0.233466 0.157772
vt 0.231520 0.165051
vt 0.233466 0.157772
vt 0.233822 0.164140
vt 0.629589 0.740943
vt 0.630594 0.733032
vt 0.632518 0.733253
vt 0.629589 0.740943
vt 0.632518 0.733253
vt 0.632221 0.741345
vt 0.621629 0.739812
vt 0.622311 0.732861
vt 0.630594 0.733032
vt 0.621629 0.739812
vt 0.630594 0.733032
vt 0.629589 0.740943
vt 0.756319 0.010143
vt 0.753308 0.008815
vt 0.754452 0.005796
vt 0.756319 0.010143
vt 0.754452 0.005796
vt 0.757285 0.007203
vt 0.558099 0.458876
vt 0.558314 0.461724
vt 0.555153 0.461304
vt 0.558099 0.458876
vt 0.555153 0.461304
vt 0.554787 0.458101
vt 0.754452 0.005796
vt 0.753308 0.008815
vt 0.750614 0.007692
vt 0.754452 0.005796
vt 0.750614 0.007692
vt 0.751640 0.004425
vt 0.752982 0.002264
vt 0.755324 0.003556
vt 0.754452 0.005796
vt 0.752982 0.002264
vt 0.754452 0.005796
vt 0.751640 0.004425
vt 0.238259 0.539311
vt 0.241019 0.537828
vt 0.242548 0.540928
vt 0.238259 0.539311
vt 0.242548 0.540928
vt 0.239788 0.542411
vt 0.756158 0.001676
vt 0.755324 0.003556
vt 0.752982 0.002264
vt 0.756158 0.001676
vt 0.752982 0.002264
vt 0.754405 0.000714
vt 0.192029 0.008697
vt 0.192894 0.010419
vt 0.191033 0.011462
vt 0.192029 0.008697
vt 0.191033 0.011462
vt 0.189722 0.009275
vt 0.239705 0.535713
vt 0.241019 0.537828
vt 0.238259 0.539311
vt 0.239705 0.535713
vt 0.238259 0.539311
vt 0.237058 0.536946
vt 0.194852 0.010878
vt 0.194274 0.011425
vt 0.192894 0.010419
vt 0.194852 0.010878
vt 0.192894 0.010419
vt 0.193314 0.010069
vt 0.192829 0.008382
vt 0.193314 0.010069
vt 0.192894 0.010419
vt 0.192829 0.008382
vt 0.192894 0.010419
vt 0.192029 0.008697
vt 0.237058 0.536946
vt 0.238259 0.539311
vt 0.235217 0.540644
vt 0.237058 0.536946
vt 0.235217 0.540644
vt 0.234270 0.538094
vt 0.192019 0.006680
vt 0.192029 0.008697
vt 0.189722 0.009275
vt 0.192019 0.006680
vt 0.189722 0.009275
vt 0.189360 0.006428
vt 0.238259 0.539311
vt 0.239788 0.542411
vt 0.236747 0.543744
vt 0.238259 0.539311
vt 0.236747 0.543744
vt 0.235217 0.540644
vt 0.140455 0.105449
vt 0.138029 0.103947
vt 0.139702 0.101182
vt 0.140455 0.105449
vt 0.139702 0.101182
vt 0.142127 0.102684
vt 0.231890 0.538497
vt 0.234270 0.538094
vt 0.235217 0.540644
vt 0.231890 0.538497
vt 0.235217 0.540644
vt 0.232724 0.541297
vt 0.192917 0.004390
vt 0.192019 0.006680
vt 0.189360 0.006428
vt 0.192917 0.004390
vt 0.189360 0.006428
vt 0.190510 0.003576
vt 0.139702 0.101182
vt 0.138029 0.103947
vt 0.129307 0.100339
vt 0.139702 0.101182
vt 0.129307 0.100339
vt 0.131560 0.096583
vt 0.129307 0.100339
vt 0.120621 0.095729
vt 0.122813 0.090674
vt 0.129307 0.100339
vt 0.122813 0.090674
vt 0.131560 0.096583
vt 0.631133 0.746144
vt 0.634454 0.745904
vt 0.634781 0.749376
vt 0.631133 0.746144
vt 0.634781 0.749376
vt 0.631986 0.749734
vt 0.634781 0.749376
vt 0.635781 0.760431
vt 0.633594 0.760715
vt 0.634781 0.749376
vt 0.633594 0.760715
vt 0.631986 0.749734
vt 0.630482 0.743442
vt 0.633540 0.743143
vt 0.634454 0.745904
vt 0.630482 0.743442
vt 0.634454 0.745904
vt 0.631133 0.746144
vt 0.192917 0.004390
vt 0.190510 0.003576
vt 0.192425 0.001054
vt 0.192917 0.004390
vt 0.192425 0.001054
vt 0.194852 0.002425
vt 0.625155 0.741964
vt 0.629589 0.740943
vt 0.630482 0.743442
vt 0.625155 0.741964
vt 0.630482 0.743442
vt 0.626049 0.744276
vt 0.630482 0.743442
vt 0.631133 0.746144
vt 0.626881 0.747041
vt 0.630482 0.743442
vt 0.626881 0.747041
vt 0.626049 0.744276
vt 0.625155 0.741964
vt 0.626049 0.744276
vt 0.622689 0.746546
vt 0.625155 0.741964
vt 0.622689 0.746546
vt 0.621613 0.744170
vt 0.058287 0.012227
vt 0.059778 0.014813
vt 0.056784 0.016047
vt 0.058287 0.012227
vt 0.056784 0.016047
vt 0.056800 0.015104
vt 0.070253 0.001265
vt 0.070679 0.001534
vt 0.071064 0.003789
vt 0.070253 0.001265
vt 0.071064 0.003789
vt 0.070253 0.004585
vt 0.135192 0.057309
vt 0.134487 0.054754
vt 0.137424 0.054606
vt 0.135192 0.057309
vt 0.137424 0.054606
vt 0.137543 0.057133
vt 0.153617 0.294323
vt 0.150856 0.293342
vt 0.151147 0.292221
vt 0.153617 0.294323
vt 0.151147 0.292221
vt 0.153647 0.291066
vt 0.153569 0.297727
vt 0.150821 0.296139
vt 0.150856 0.293342
vt 0.153569 0.297727
vt 0.150856 0.293342
vt 0.153617 0.294323
vt 0.015549 0.000977
vt 0.017989 0.001888
vt 0.018339 0.004585
vt 0.015549 0.000977
vt 0.018339 0.004585
vt 0.015549 0.004394
vt 0.021697 0.179752
vt 0.021554 0.179209
vt 0.021809 0.177016
vt 0.021697 0.179752
vt 0.021809 0.177016
vt 0.022431 0.179742
vt 0.011013 0.088414
vt 0.011462 0.091695
vt 0.010578 0.089674
vt 0.011013 0.088414
vt 0.010578 0.089674
vt 0.011462 0.086056
vt 0.020451 0.174898
vt 0.021809 0.177016
vt 0.021554 0.179209
vt 0.020451 0.174898
vt 0.021554 0.179209
vt 0.019596 0.175839
vt 0.022979 0.176241
vt 0.023915 0.179134
vt 0.022431 0.179742
vt 0.022979 0.176241
vt 0.022431 0.179742
vt 0.021809 0.177016
vt 0.023915 0.179134
vt 0.022979 0.176241
vt 0.025332 0.174703
vt 0.023915 0.179134
vt 0.025332 0.174703
vt 0.026648 0.177729
vt 0.021307 0.173957
vt 0.022979 0.176241
vt 0.021809 0.177016
vt 0.021307 0.173957
vt 0.021809 0.177016
vt 0.020451 0.174898
vt 0.619243 0.743075
vt 0.619543 0.739602
vt 0.621629 0.739812
vt 0.619243 0.743075
vt 0.621629 0.739812
vt 0.621613 0.744170
vt 0.618591 0.739623
vt 0.619543 0.739602
vt 0.619243 0.743075
vt 0.618591 0.739623
vt 0.619243 0.743075
vt 0.618635 0.743150
vt 0.019596 0.175839
vt 0.017606 0.174585
vt 0.018461 0.173644
vt 0.019596 0.175839
vt 0.018461 0.173644
vt 0.020451 0.174898
vt 0.124726 0.042523
vt 0.124912 0.039778
vt 0.126081 0.040330
vt 0.124726 0.042523
vt 0.126081 0.040330
vt 0.125683 0.043104
vt 0.619243 0.743075
vt 0.621613 0.744170
vt 0.618779 0.746371
vt 0.619243 0.743075
vt 0.618779 0.746371
vt 0.618515 0.745748
vt 0.021307 0.173957
vt 0.020451 0.174898
vt 0.018461 0.173644
vt 0.021307 0.173957
vt 0.018461 0.173644
vt 0.019002 0.172536
vt 0.124912 0.039778
vt 0.124726 0.042523
vt 0.123417 0.042264
vt 0.124912 0.039778
vt 0.123417 0.042264
vt 0.123651 0.039564
vt 0.022979 0.176241
vt 0.021307 0.173957
vt 0.023346 0.172252
vt 0.022979 0.176241
vt 0.023346 0.172252
vt 0.025332 0.174703
vt 0.124469 0.037123
vt 0.123651 0.039564
vt 0.120824 0.039077
vt 0.124469 0.037123
vt 0.120824 0.039077
vt 0.121736 0.036298
vt 0.631133 0.746144
vt 0.631986 0.749734
vt 0.627997 0.750503
vt 0.631133 0.746144
vt 0.627997 0.750503
vt 0.626881 0.747041
vt 0.627997 0.750503
vt 0.624981 0.752264
vt 0.623865 0.748990
vt 0.627997 0.750503
vt 0.623865 0.748990
vt 0.626881 0.747041
vt 0.621193 0.750617
vt 0.623865 0.748990
vt 0.624981 0.752264
vt 0.621193 0.750617
vt 0.624981 0.752264
vt 0.622390 0.753699
vt 0.626049 0.744276
vt 0.626881 0.747041
vt 0.623865 0.748990
vt 0.626049 0.744276
vt 0.623865 0.748990
vt 0.622689 0.746546
vt 0.623865 0.748990
vt 0.621193 0.750617
vt 0.620017 0.748173
vt 0.623865 0.748990
vt 0.620017 0.748173
vt 0.622689 0.746546
vt 0.616552 0.748121
vt 0.618779 0.746371
vt 0.620017 0.748173
vt 0.616552 0.748121
vt 0.620017 0.748173
vt 0.617527 0.749864
vt 0.620017 0.748173
vt 0.621193 0.750617
vt 0.618521 0.752057
vt 0.620017 0.748173
vt 0.618521 0.752057
vt 0.617527 0.749864
vt 0.621613 0.744170
vt 0.622689 0.746546
vt 0.620017 0.748173
vt 0.621613 0.744170
vt 0.620017 0.748173
vt 0.618779 0.746371
vt 0.073637 0.061894
vt 0.073923 0.059526
vt 0.075261 0.058832
vt 0.073637 0.061894
vt 0.075261 0.058832
vt 0.075649 0.060303
vt 0.121618 0.045510
vt 0.123954 0.044973
vt 0.126081 0.047320
vt 0.121618 0.045510
vt 0.126081 0.047320
vt 0.122833 0.048140
vt 0.073637 0.057174
vt 0.074469 0.056917
vt 0.075261 0.058832
vt 0.073637 0.057174
vt 0.075261 0.058832
vt 0.073923 0.059526
vt 0.125683 0.043104
vt 0.125449 0.045376
vt 0.125403 0.046151
vt 0.125683 0.043104
vt 0.125403 0.046151
vt 0.124726 0.042523
vt 0.123417 0.042264
vt 0.124726 0.042523
vt 0.125403 0.046151
vt 0.123417 0.042264
vt 0.125403 0.046151
vt 0.123954 0.044973
vt 0.120777 0.042348
vt 0.123417 0.042264
vt 0.123954 0.044973
vt 0.120777 0.042348
vt 0.123954 0.044973
vt 0.121618 0.045510
vt 0.617527 0.749864
vt 0.614854 0.751116
vt 0.614487 0.749299
vt 0.617527 0.749864
vt 0.614487 0.749299
vt 0.616552 0.748121
vt 0.617527 0.749864
vt 0.618521 0.752057
vt 0.615322 0.753191
vt 0.617527 0.749864
vt 0.615322 0.753191
vt 0.614854 0.751116
vt 0.614487 0.749299
vt 0.614854 0.751116
vt 0.611108 0.751307
vt 0.614487 0.749299
vt 0.611108 0.751307
vt 0.611268 0.749607
vt 0.621193 0.750617
vt 0.622390 0.753699
vt 0.619273 0.754828
vt 0.621193 0.750617
vt 0.619273 0.754828
vt 0.618521 0.752057
vt 0.615322 0.753191
vt 0.618521 0.752057
vt 0.619273 0.754828
vt 0.615322 0.753191
vt 0.619273 0.754828
vt 0.615547 0.756031
vt 0.614854 0.751116
vt 0.615322 0.753191
vt 0.610968 0.753644
vt 0.614854 0.751116
vt 0.610968 0.753644
vt 0.611108 0.751307
vt 0.615322 0.753191
vt 0.615547 0.756031
vt 0.611274 0.756292
vt 0.615322 0.753191
vt 0.611274 0.756292
vt 0.610968 0.753644
vt 0.120824 0.039077
vt 0.123651 0.039564
vt 0.123417 0.042264
vt 0.120824 0.039077
vt 0.123417 0.042264
vt 0.120777 0.042348
vt 0.392482 0.084761
vt 0.389734 0.085224
vt 0.389825 0.079172
vt 0.392482 0.084761
vt 0.389825 0.079172
vt 0.392546 0.079259
vt 0.392482 0.084761
vt 0.392546 0.079259
vt 0.395066 0.079714
vt 0.392482 0.084761
vt 0.395066 0.079714
vt 0.395027 0.084666
vt 0.392546 0.079259
vt 0.389825 0.079172
vt 0.391934 0.067366
vt 0.392546 0.079259
vt 0.391934 0.067366
vt 0.394630 0.068004
vt 0.392546 0.079259
vt 0.394630 0.068004
vt 0.397163 0.068183
vt 0.392546 0.079259
vt 0.397163 0.068183
vt 0.395066 0.079714
vt 0.394630 0.068004
vt 0.391934 0.067366
vt 0.392905 0.054997
vt 0.394630 0.068004
vt 0.392905 0.054997
vt 0.395834 0.054811
vt 0.398366 0.054991
vt 0.397163 0.068183
vt 0.394630 0.068004
vt 0.398366 0.054991
vt 0.394630 0.068004
vt 0.395834 0.054811
vt 0.808278 0.879818
vt 0.807983 0.874864
vt 0.817062 0.874111
vt 0.808278 0.879818
vt 0.817062 0.874111
vt 0.817526 0.879324
vt 0.814743 0.862728
vt 0.817062 0.874111
vt 0.807983 0.874864
vt 0.814743 0.862728
vt 0.807983 0.874864
vt 0.805808 0.863466
vt 0.820207 0.873839
vt 0.820671 0.879051
vt 0.817526 0.879324
vt 0.820207 0.873839
vt 0.817526 0.879324
vt 0.817062 0.874111
vt 0.399972 0.494144
vt 0.394279 0.496211
vt 0.393777 0.493834
vt 0.399972 0.494144
vt 0.393777 0.493834
vt 0.398603 0.491846
vt 0.817889 0.862456
vt 0.820207 0.873839
vt 0.817062 0.874111
vt 0.817889 0.862456
vt 0.817062 0.874111
vt 0.814743 0.862728
vt 0.409845 0.487284
vt 0.399972 0.494144
vt 0.398603 0.491846
vt 0.409845 0.487284
vt 0.398603 0.491846
vt 0.408326 0.485326
vt 0.438991 0.530554
vt 0.401426 0.526491
vt 0.399972 0.494144
vt 0.438991 0.530554
vt 0.399972 0.494144
vt 0.409845 0.487284
vt 0.813141 0.849606
vt 0.814743 0.862728
vt 0.805808 0.863466
vt 0.813141 0.849606
vt 0.805808 0.863466
vt 0.804206 0.850343
vt 0.816287 0.849333
vt 0.817889 0.862456
vt 0.814743 0.862728
vt 0.816287 0.849333
vt 0.814743 0.862728
vt 0.813141 0.849606
vt 0.421064 0.482101
vt 0.409845 0.487284
vt 0.408326 0.485326
vt 0.421064 0.482101
vt 0.408326 0.485326
vt 0.420203 0.479593
vt 0.395834 0.054811
vt 0.392905 0.054997
vt 0.392723 0.042338
vt 0.395834 0.054811
vt 0.392723 0.042338
vt 0.395471 0.041875
vt 0.395834 0.054811
vt 0.395471 0.041875
vt 0.398016 0.041780
vt 0.395834 0.054811
vt 0.398016 0.041780
vt 0.398366 0.054991
vt 0.395471 0.041875
vt 0.392723 0.042338
vt 0.389783 0.030472
vt 0.395471 0.041875
vt 0.389783 0.030472
vt 0.392544 0.029734
vt 0.395471 0.041875
vt 0.392544 0.029734
vt 0.394881 0.029898
vt 0.395471 0.041875
vt 0.394881 0.029898
vt 0.398016 0.041780
vt 0.389071 0.024960
vt 0.391974 0.025324
vt 0.392544 0.029734
vt 0.389071 0.024960
vt 0.392544 0.029734
vt 0.389783 0.030472
vt 0.392544 0.029734
vt 0.391974 0.025324
vt 0.394494 0.025779
vt 0.392544 0.029734
vt 0.394494 0.025779
vt 0.394881 0.029898
vt 0.391255 0.247792
vt 0.399203 0.195549
vt 0.439495 0.200397
vt 0.391255 0.247792
vt 0.439495 0.200397
vt 0.396243 0.249158
vt 0.440606 0.239689
vt 0.403133 0.263947
vt 0.396243 0.249158
vt 0.440606 0.239689
vt 0.396243 0.249158
vt 0.437732 0.231054
vt 0.804206 0.850343
vt 0.803752 0.837096
vt 0.812688 0.836359
vt 0.804206 0.850343
vt 0.812688 0.836359
vt 0.813141 0.849606
vt 0.813986 0.824862
vt 0.812688 0.836359
vt 0.803752 0.837096
vt 0.813986 0.824862
vt 0.803752 0.837096
vt 0.805056 0.825039
vt 0.815858 0.836361
vt 0.816287 0.849333
vt 0.813141 0.849606
vt 0.815858 0.836361
vt 0.813141 0.849606
vt 0.812688 0.836359
vt 0.433167 0.478231
vt 0.421064 0.482101
vt 0.420203 0.479593
vt 0.433167 0.478231
vt 0.420203 0.479593
vt 0.432665 0.475853
vt 0.817037 0.825154
vt 0.815858 0.836361
vt 0.812688 0.836359
vt 0.817037 0.825154
vt 0.812688 0.836359
vt 0.813986 0.824862
vt 0.444393 0.477792
vt 0.433167 0.478231
vt 0.432665 0.475853
vt 0.444393 0.477792
vt 0.432665 0.475853
vt 0.444398 0.475206
vt 0.805056 0.825039
vt 0.805498 0.820842
vt 0.814388 0.821217
vt 0.805056 0.825039
vt 0.814388 0.821217
vt 0.813986 0.824862
vt 0.290619 0.783555
vt 0.293634 0.702416
vt 0.294756 0.692226
vt 0.290619 0.783555
vt 0.294756 0.692226
vt 0.291061 0.793780
vt 0.294756 0.692226
vt 0.300178 0.692233
vt 0.298622 0.793813
vt 0.294756 0.692226
vt 0.298622 0.793813
vt 0.291061 0.793780
vt 0.813986 0.824862
vt 0.814388 0.821217
vt 0.817271 0.821251
vt 0.813986 0.824862
vt 0.817271 0.821251
vt 0.817037 0.825154
vt 0.984820 0.416499
vt 0.985284 0.341263
vt 0.985722 0.338216
vt 0.984820 0.416499
vt 0.985722 0.338216
vt 0.985722 0.419505
vt 0.444398 0.475206
vt 0.448373 0.474684
vt 0.449489 0.477088
vt 0.444398 0.475206
vt 0.449489 0.477088
vt 0.444393 0.477792
vt 0.981794 0.416033
vt 0.982287 0.341897
vt 0.985284 0.341263
vt 0.981794 0.416033
vt 0.985284 0.341263
vt 0.984820 0.416499
vt 0.481262 0.531002
vt 0.438991 0.530554
vt 0.444393 0.477792
vt 0.481262 0.531002
vt 0.444393 0.477792
vt 0.449489 0.477088
vt 0.917786 0.417731
vt 0.915815 0.343665
vt 0.982287 0.341897
vt 0.917786 0.417731
vt 0.982287 0.341897
vt 0.981794 0.416033
vt 0.078766 0.278591
vt 0.090533 0.277836
vt 0.090434 0.281584
vt 0.078766 0.278591
vt 0.090434 0.281584
vt 0.078668 0.282339
vt 0.127802 0.221698
vt 0.117619 0.224733
vt 0.116975 0.222110
vt 0.127802 0.221698
vt 0.116975 0.222110
vt 0.127248 0.219188
vt 0.068531 0.279566
vt 0.078766 0.278591
vt 0.078668 0.282339
vt 0.068531 0.279566
vt 0.078668 0.282339
vt 0.068428 0.283216
vt 0.068201 0.275763
vt 0.078436 0.274787
vt 0.078766 0.278591
vt 0.068201 0.275763
vt 0.078766 0.278591
vt 0.068531 0.279566
vt 0.058009 0.280216
vt 0.068531 0.279566
vt 0.068428 0.283216
vt 0.058009 0.280216
vt 0.068428 0.283216
vt 0.057570 0.283683
vt 0.127802 0.221698
vt 0.127248 0.219188
vt 0.137315 0.215538
vt 0.127802 0.221698
vt 0.137315 0.215538
vt 0.138088 0.217879
vt 0.137315 0.215538
vt 0.127248 0.219188
vt 0.126180 0.216436
vt 0.137315 0.215538
vt 0.126180 0.216436
vt 0.136247 0.212786
vt 0.057951 0.276444
vt 0.068201 0.275763
vt 0.068531 0.279566
vt 0.057951 0.276444
vt 0.068531 0.279566
vt 0.058009 0.280216
vt 0.120236 0.105569
vt 0.120935 0.102031
vt 0.131051 0.104426
vt 0.120236 0.105569
vt 0.131051 0.104426
vt 0.130248 0.107626
vt 0.058009 0.280216
vt 0.057570 0.283683
vt 0.045099 0.284255
vt 0.058009 0.280216
vt 0.045099 0.284255
vt 0.045804 0.280720
vt 0.046284 0.276914
vt 0.057951 0.276444
vt 0.058009 0.280216
vt 0.046284 0.276914
vt 0.058009 0.280216
vt 0.045804 0.280720
vt 0.140767 0.111126
vt 0.130248 0.107626
vt 0.131051 0.104426
vt 0.140767 0.111126
vt 0.131051 0.104426
vt 0.142025 0.108117
vt 0.399203 0.195549
vt 0.399478 0.190611
vt 0.440347 0.195483
vt 0.399203 0.195549
vt 0.440347 0.195483
vt 0.439495 0.200397
vt 0.381018 0.466189
vt 0.381581 0.461865
vt 0.425744 0.467053
vt 0.381018 0.466189
vt 0.425744 0.467053
vt 0.424934 0.471363
vt 0.482947 0.534594
vt 0.438921 0.535499
vt 0.438991 0.530554
vt 0.482947 0.534594
vt 0.438991 0.530554
vt 0.481262 0.531002
vt 0.381581 0.461865
vt 0.382489 0.454840
vt 0.427510 0.460121
vt 0.381581 0.461865
vt 0.427510 0.460121
vt 0.425744 0.467053
vt 0.382489 0.454840
vt 0.383115 0.449976
vt 0.426715 0.455677
vt 0.382489 0.454840
vt 0.426715 0.455677
vt 0.427510 0.460121
vt 0.128873 0.111125
vt 0.130248 0.107626
vt 0.140767 0.111126
vt 0.128873 0.111125
vt 0.140767 0.111126
vt 0.139382 0.114375
vt 0.147317 0.207252
vt 0.136247 0.212786
vt 0.135129 0.210392
vt 0.147317 0.207252
vt 0.135129 0.210392
vt 0.146071 0.205139
vt 0.148295 0.209891
vt 0.137315 0.215538
vt 0.136247 0.212786
vt 0.148295 0.209891
vt 0.136247 0.212786
vt 0.147317 0.207252
vt 0.149260 0.212494
vt 0.138088 0.217879
vt 0.137315 0.215538
vt 0.149260 0.212494
vt 0.137315 0.215538
vt 0.148295 0.209891
vt 0.158979 0.201106
vt 0.147317 0.207252
vt 0.146071 0.205139
vt 0.158979 0.201106
vt 0.146071 0.205139
vt 0.157746 0.199461
vt 0.160008 0.203818
vt 0.148295 0.209891
vt 0.147317 0.207252
vt 0.160008 0.203818
vt 0.147317 0.207252
vt 0.158979 0.201106
vt 0.160806 0.206664
vt 0.149260 0.212494
vt 0.148295 0.209891
vt 0.160806 0.206664
vt 0.148295 0.209891
vt 0.160008 0.203818
vt 0.033190 0.280696
vt 0.045804 0.280720
vt 0.045099 0.284255
vt 0.033190 0.280696
vt 0.045099 0.284255
vt 0.031803 0.283670
vt 0.034276 0.277104
vt 0.046284 0.276914
vt 0.045804 0.280720
vt 0.034276 0.277104
vt 0.045804 0.280720
vt 0.033190 0.280696
vt 0.029482 0.112374
vt 0.042853 0.108956
vt 0.042614 0.111287
vt 0.029482 0.112374
vt 0.042614 0.111287
vt 0.029496 0.114922
vt 0.172533 0.198331
vt 0.160008 0.203818
vt 0.158979 0.201106
vt 0.172533 0.198331
vt 0.158979 0.201106
vt 0.171542 0.195657
vt 0.172494 0.201453
vt 0.160806 0.206664
vt 0.160008 0.203818
vt 0.172494 0.201453
vt 0.160008 0.203818
vt 0.172533 0.198331
vt 0.020827 0.279446
vt 0.033190 0.280696
vt 0.031803 0.283670
vt 0.020827 0.279446
vt 0.031803 0.283670
vt 0.018498 0.282023
vt 0.139382 0.114375
vt 0.140767 0.111126
vt 0.151608 0.114810
vt 0.139382 0.114375
vt 0.151608 0.114810
vt 0.150089 0.118052
vt 0.140767 0.111126
vt 0.142025 0.108117
vt 0.153196 0.112236
vt 0.140767 0.111126
vt 0.153196 0.112236
vt 0.151608 0.114810
vt 0.149259 0.120749
vt 0.150089 0.118052
vt 0.159816 0.121757
vt 0.149259 0.120749
vt 0.159816 0.121757
vt 0.159049 0.124875
vt 0.150089 0.118052
vt 0.151608 0.114810
vt 0.161468 0.118523
vt 0.150089 0.118052
vt 0.161468 0.118523
vt 0.159816 0.121757
vt 0.151608 0.114810
vt 0.153196 0.112236
vt 0.163387 0.116384
vt 0.151608 0.114810
vt 0.163387 0.116384
vt 0.161468 0.118523
vt 0.023390 0.276118
vt 0.034276 0.277104
vt 0.033190 0.280696
vt 0.023390 0.276118
vt 0.033190 0.280696
vt 0.020827 0.279446
vt 0.014552 0.273194
vt 0.023390 0.276118
vt 0.020827 0.279446
vt 0.014552 0.273194
vt 0.020827 0.279446
vt 0.013328 0.276288
vt 0.020827 0.279446
vt 0.018498 0.282023
vt 0.009255 0.278667
vt 0.020827 0.279446
vt 0.009255 0.278667
vt 0.013328 0.276288
vt 0.298919 0.330957
vt 0.294469 0.339272
vt 0.291414 0.336467
vt 0.298919 0.330957
vt 0.291414 0.336467
vt 0.295251 0.329536
vt 0.296416 0.320441
vt 0.300301 0.320758
vt 0.298919 0.330957
vt 0.296416 0.320441
vt 0.298919 0.330957
vt 0.295251 0.329536
vt 0.166534 0.128373
vt 0.159049 0.124875
vt 0.159816 0.121757
vt 0.166534 0.128373
vt 0.159816 0.121757
vt 0.167756 0.125448
vt 0.159816 0.121757
vt 0.161468 0.118523
vt 0.169636 0.122309
vt 0.159816 0.121757
vt 0.169636 0.122309
vt 0.167756 0.125448
vt 0.024531 0.273346
vt 0.023390 0.276118
vt 0.014552 0.273194
vt 0.024531 0.273346
vt 0.014552 0.273194
vt 0.016029 0.270605
vt 0.442966 0.225996
vt 0.441837 0.231008
vt 0.437732 0.231054
vt 0.442966 0.225996
vt 0.437732 0.231054
vt 0.439167 0.224331
vt 0.445726 0.230569
vt 0.447380 0.236276
vt 0.444128 0.238352
vt 0.445726 0.230569
vt 0.444128 0.238352
vt 0.441837 0.231008
vt 0.444128 0.238352
vt 0.447380 0.236276
vt 0.452645 0.240644
vt 0.444128 0.238352
vt 0.452645 0.240644
vt 0.450288 0.243564
vt 0.441837 0.231008
vt 0.442966 0.225996
vt 0.446549 0.227269
vt 0.441837 0.231008
vt 0.446549 0.227269
vt 0.445726 0.230569
vt 0.583145 0.463681
vt 0.583500 0.460826
vt 0.586849 0.462067
vt 0.583145 0.463681
vt 0.586849 0.462067
vt 0.586286 0.464372
vt 0.579458 0.459461
vt 0.579879 0.456793
vt 0.584036 0.457696
vt 0.579458 0.459461
vt 0.584036 0.457696
vt 0.583500 0.460826
vt 0.327237 0.077152
vt 0.329434 0.076762
vt 0.330301 0.080583
vt 0.327237 0.077152
vt 0.330301 0.080583
vt 0.328010 0.081511
vt 0.329434 0.076762
vt 0.331317 0.076261
vt 0.331995 0.079593
vt 0.329434 0.076762
vt 0.331995 0.079593
vt 0.330301 0.080583
vt 0.329877 0.084818
vt 0.328010 0.081511
vt 0.330301 0.080583
vt 0.329877 0.084818
vt 0.330301 0.080583
vt 0.331980 0.083402
vt 0.330301 0.080583
vt 0.331995 0.079593
vt 0.333145 0.081803
vt 0.330301 0.080583
vt 0.333145 0.081803
vt 0.331980 0.083402
vt 0.583500 0.460826
vt 0.584036 0.457696
vt 0.586796 0.458960
vt 0.583500 0.460826
vt 0.586796 0.458960
vt 0.586849 0.462067
vt 0.064746 0.845404
vt 0.066479 0.847413
vt 0.064563 0.849568
vt 0.064746 0.845404
vt 0.064563 0.849568
vt 0.062853 0.848157
vt 0.060096 0.846441
vt 0.062136 0.843613
vt 0.064746 0.845404
vt 0.060096 0.846441
vt 0.064746 0.845404
vt 0.062853 0.848157
vt 0.331980 0.083402
vt 0.333145 0.081803
vt 0.334687 0.082704
vt 0.331980 0.083402
vt 0.334687 0.082704
vt 0.333888 0.084475
vt 0.445254 0.222299
vt 0.442966 0.225996
vt 0.439167 0.224331
vt 0.445254 0.222299
vt 0.439167 0.224331
vt 0.441768 0.220187
vt 0.442966 0.225996
vt 0.445254 0.222299
vt 0.448838 0.223573
vt 0.442966 0.225996
vt 0.448838 0.223573
vt 0.446549 0.227269
vt 0.445254 0.222299
vt 0.439495 0.200397
vt 0.462385 0.206332
vt 0.445254 0.222299
vt 0.462385 0.206332
vt 0.448838 0.223573
vt 0.448838 0.223573
vt 0.462385 0.206332
vt 0.489973 0.239958
vt 0.448838 0.223573
vt 0.489973 0.239958
vt 0.484596 0.244671
vt 0.060169 0.842446
vt 0.062136 0.843613
vt 0.060096 0.846441
vt 0.060169 0.842446
vt 0.060096 0.846441
vt 0.058227 0.845263
vt 0.047729 0.837292
vt 0.049853 0.834726
vt 0.060169 0.842446
vt 0.047729 0.837292
vt 0.060169 0.842446
vt 0.058227 0.845263
vt 0.066479 0.004680
vt 0.065389 0.005514
vt 0.063172 0.004008
vt 0.066479 0.004680
vt 0.063172 0.004008
vt 0.064011 0.002294
vt 0.060762 0.851962
vt 0.062853 0.848157
vt 0.064563 0.849568
vt 0.060762 0.851962
vt 0.064563 0.849568
vt 0.062548 0.852764
vt 0.057847 0.850593
vt 0.060096 0.846441
vt 0.062853 0.848157
vt 0.057847 0.850593
vt 0.062853 0.848157
vt 0.060762 0.851962
vt 0.058227 0.845263
vt 0.060096 0.846441
vt 0.057847 0.850593
vt 0.058227 0.845263
vt 0.057847 0.850593
vt 0.056244 0.849926
vt 0.044591 0.842050
vt 0.047729 0.837292
vt 0.058227 0.845263
vt 0.044591 0.842050
vt 0.058227 0.845263
vt 0.056244 0.849926
vt 0.606149 0.755891
vt 0.606005 0.752669
vt 0.610968 0.753644
vt 0.606149 0.755891
vt 0.610968 0.753644
vt 0.611274 0.756292
vt 0.071730 0.265687
vt 0.072337 0.272793
vt 0.069367 0.272271
vt 0.071730 0.265687
vt 0.069367 0.272271
vt 0.068542 0.265264
vt 0.180994 0.196141
vt 0.172533 0.198331
vt 0.171542 0.195657
vt 0.180994 0.196141
vt 0.171542 0.195657
vt 0.179554 0.193335
vt 0.181098 0.199451
vt 0.172494 0.201453
vt 0.172533 0.198331
vt 0.181098 0.199451
vt 0.172533 0.198331
vt 0.180994 0.196141
vt 0.300301 0.320758
vt 0.296416 0.320441
vt 0.296063 0.309714
vt 0.300301 0.320758
vt 0.296063 0.309714
vt 0.299966 0.309206
vt 0.134487 0.054754
vt 0.135389 0.051481
vt 0.137543 0.051292
vt 0.134487 0.054754
vt 0.137543 0.051292
vt 0.137424 0.054606
vt 0.135389 0.051481
vt 0.134744 0.047876
vt 0.137489 0.047727
vt 0.135389 0.051481
vt 0.137489 0.047727
vt 0.137543 0.051292
vt 0.134744 0.047876
vt 0.132507 0.045326
vt 0.136046 0.044643
vt 0.134744 0.047876
vt 0.136046 0.044643
vt 0.137489 0.047727
vt 0.068542 0.265264
vt 0.068409 0.261881
vt 0.071625 0.262354
vt 0.068542 0.265264
vt 0.071625 0.262354
vt 0.071730 0.265687
vt 0.071555 0.258801
vt 0.071625 0.262354
vt 0.068409 0.261881
vt 0.071555 0.258801
vt 0.068409 0.261881
vt 0.068085 0.258646
vt 0.075089 0.265281
vt 0.071730 0.265687
vt 0.071625 0.262354
vt 0.075089 0.265281
vt 0.071625 0.262354
vt 0.074976 0.262219
vt 0.075089 0.265281
vt 0.074976 0.262219
vt 0.077941 0.261519
vt 0.075089 0.265281
vt 0.077941 0.261519
vt 0.077781 0.264579
vt 0.075180 0.258669
vt 0.074976 0.262219
vt 0.071625 0.262354
vt 0.075180 0.258669
vt 0.071625 0.262354
vt 0.071555 0.258801
vt 0.074976 0.262219
vt 0.075180 0.258669
vt 0.077855 0.258508
vt 0.074976 0.262219
vt 0.077855 0.258508
vt 0.077941 0.261519
vt 0.071576 0.255129
vt 0.071555 0.258801
vt 0.068085 0.258646
vt 0.071576 0.255129
vt 0.068085 0.258646
vt 0.068098 0.255245
vt 0.075193 0.255267
vt 0.075180 0.258669
vt 0.071555 0.258801
vt 0.075193 0.255267
vt 0.071555 0.258801
vt 0.071576 0.255129
vt 0.077853 0.255648
vt 0.077855 0.258508
vt 0.075180 0.258669
vt 0.077853 0.255648
vt 0.075180 0.258669
vt 0.075193 0.255267
vt 0.014161 0.272190
vt 0.014552 0.273194
vt 0.013328 0.276288
vt 0.014161 0.272190
vt 0.013328 0.276288
vt 0.012246 0.274528
vt 0.013328 0.276288
vt 0.009255 0.278667
vt 0.006703 0.276741
vt 0.013328 0.276288
vt 0.006703 0.276741
vt 0.009042 0.275226
vt 0.009373 0.274445
vt 0.012246 0.274528
vt 0.013328 0.276288
vt 0.009373 0.274445
vt 0.013328 0.276288
vt 0.009042 0.275226
vt 0.458960 0.247734
vt 0.450288 0.243564
vt 0.452645 0.240644
vt 0.458960 0.247734
vt 0.452645 0.240644
vt 0.461106 0.244691
vt 0.062728 0.049326
vt 0.064187 0.050752
vt 0.063866 0.052725
vt 0.062728 0.049326
vt 0.063866 0.052725
vt 0.062728 0.052388
vt 0.161859 0.318201
vt 0.161846 0.315090
vt 0.285169 0.315682
vt 0.161859 0.318201
vt 0.285169 0.315682
vt 0.285201 0.318201
vt 0.285191 0.320932
vt 0.161848 0.320933
vt 0.161859 0.318201
vt 0.285191 0.320932
vt 0.161859 0.318201
vt 0.285201 0.318201
vt 0.645502 0.153963
vt 0.648267 0.154384
vt 0.647962 0.259444
vt 0.645502 0.153963
vt 0.647962 0.259444
vt 0.645208 0.259456
vt 0.006426 0.274014
vt 0.009042 0.275226
vt 0.006703 0.276741
vt 0.006426 0.274014
vt 0.006703 0.276741
vt 0.004411 0.274651
vt 0.650759 0.154951
vt 0.648267 0.154384
vt 0.648808 0.153714
vt 0.650759 0.154951
vt 0.648808 0.153714
vt 0.651035 0.154716
vt 0.648267 0.154384
vt 0.650759 0.154951
vt 0.650454 0.260011
vt 0.648267 0.154384
vt 0.650454 0.260011
vt 0.647962 0.259444
vt 0.006426 0.274014
vt 0.004411 0.274651
vt 0.002921 0.272362
vt 0.006426 0.274014
vt 0.002921 0.272362
vt 0.004268 0.272324
vt 0.015504 0.203845
vt 0.015632 0.206314
vt 0.015330 0.206264
vt 0.015504 0.203845
vt 0.015330 0.206264
vt 0.014929 0.203794
vt 0.015632 0.206314
vt 0.015504 0.203845
vt 0.138238 0.203845
vt 0.015632 0.206314
vt 0.138238 0.203845
vt 0.138365 0.206314
vt 0.294921 0.299549
vt 0.298648 0.298218
vt 0.299966 0.309206
vt 0.294921 0.299549
vt 0.299966 0.309206
vt 0.296063 0.309714
vt 0.298648 0.298218
vt 0.294921 0.299549
vt 0.291414 0.291068
vt 0.298648 0.298218
vt 0.291414 0.291068
vt 0.294964 0.288913
vt 0.405881 0.064187
vt 0.402986 0.061576
vt 0.407453 0.055204
vt 0.405881 0.064187
vt 0.407453 0.055204
vt 0.411040 0.057221
vt 0.411040 0.057221
vt 0.407453 0.055204
vt 0.409466 0.048034
vt 0.411040 0.057221
vt 0.409466 0.048034
vt 0.413035 0.048614
vt 0.153647 0.291066
vt 0.156959 0.290801
vt 0.156926 0.294331
vt 0.153647 0.291066
vt 0.156926 0.294331
vt 0.153617 0.294323
vt 0.156959 0.290801
vt 0.160529 0.291174
vt 0.160502 0.294402
vt 0.156959 0.290801
vt 0.160502 0.294402
vt 0.156926 0.294331
vt 0.156875 0.298009
vt 0.153569 0.297727
vt 0.153617 0.294323
vt 0.156875 0.298009
vt 0.153617 0.294323
vt 0.156926 0.294331
vt 0.254099 0.311629
vt 0.250884 0.311763
vt 0.251034 0.308434
vt 0.254099 0.311629
vt 0.251034 0.308434
vt 0.254249 0.308300
vt 0.156926 0.294331
vt 0.160502 0.294402
vt 0.160455 0.297806
vt 0.156926 0.294331
vt 0.160455 0.297806
vt 0.156875 0.298009
vt 0.162931 0.297100
vt 0.160455 0.297806
vt 0.160502 0.294402
vt 0.162931 0.297100
vt 0.160502 0.294402
vt 0.162714 0.292353
vt 0.250884 0.311763
vt 0.247288 0.311654
vt 0.247438 0.308326
vt 0.250884 0.311763
vt 0.247438 0.308326
vt 0.251034 0.308434
vt 0.247288 0.311654
vt 0.244671 0.311297
vt 0.245096 0.308583
vt 0.247288 0.311654
vt 0.245096 0.308583
vt 0.247438 0.308326
vt 0.068098 0.255245
vt 0.068496 0.252050
vt 0.071701 0.251932
vt 0.068098 0.255245
vt 0.071701 0.251932
vt 0.071576 0.255129
vt 0.075193 0.255267
vt 0.071576 0.255129
vt 0.071701 0.251932
vt 0.075193 0.255267
vt 0.071701 0.251932
vt 0.075317 0.252069
vt 0.075193 0.255267
vt 0.075317 0.252069
vt 0.077941 0.252670
vt 0.075193 0.255267
vt 0.077941 0.252670
vt 0.077853 0.255648
vt 0.302208 0.034244
vt 0.302516 0.037082
vt 0.299393 0.036854
vt 0.302208 0.034244
vt 0.299393 0.036854
vt 0.299081 0.033627
vt 0.299164 0.040354
vt 0.299393 0.036854
vt 0.302516 0.037082
vt 0.299164 0.040354
vt 0.302516 0.037082
vt 0.302594 0.040376
vt 0.295771 0.037082
vt 0.295499 0.034038
vt 0.299081 0.033627
vt 0.295771 0.037082
vt 0.299081 0.033627
vt 0.299393 0.036854
vt 0.295499 0.034038
vt 0.295771 0.037082
vt 0.293112 0.037539
vt 0.295499 0.034038
vt 0.293112 0.037539
vt 0.292809 0.035090
vt 0.295848 0.040376
vt 0.295771 0.037082
vt 0.299393 0.036854
vt 0.295848 0.040376
vt 0.299393 0.036854
vt 0.299164 0.040354
vt 0.293185 0.040444
vt 0.293112 0.037539
vt 0.295771 0.037082
vt 0.293185 0.040444
vt 0.295771 0.037082
vt 0.295848 0.040376
vt 0.163556 0.290230
vt 0.164088 0.291391
vt 0.164070 0.293797
vt 0.163556 0.290230
vt 0.164070 0.293797
vt 0.163525 0.293243
vt 0.287458 0.295212
vt 0.164070 0.293797
vt 0.164088 0.291391
vt 0.287458 0.295212
vt 0.164088 0.291391
vt 0.287476 0.292806
vt 0.162714 0.292353
vt 0.163525 0.293243
vt 0.163484 0.296588
vt 0.162714 0.292353
vt 0.163484 0.296588
vt 0.162931 0.297100
vt 0.163525 0.293243
vt 0.164070 0.293797
vt 0.164035 0.296594
vt 0.163525 0.293243
vt 0.164035 0.296594
vt 0.163484 0.296588
vt 0.287423 0.298009
vt 0.164035 0.296594
vt 0.164070 0.293797
vt 0.287423 0.298009
vt 0.164070 0.293797
vt 0.287458 0.295212
vt 0.245096 0.308583
vt 0.244671 0.311297
vt 0.244036 0.311301
vt 0.245096 0.308583
vt 0.244036 0.311301
vt 0.244207 0.308834
vt 0.244036 0.311301
vt 0.243491 0.311303
vt 0.243662 0.308836
vt 0.244036 0.311301
vt 0.243662 0.308836
vt 0.244207 0.308834
vt 0.121601 0.309296
vt 0.243662 0.308836
vt 0.243491 0.311303
vt 0.121601 0.309296
vt 0.243491 0.311303
vt 0.121430 0.311763
vt 0.003310 0.269902
vt 0.004268 0.272324
vt 0.002921 0.272362
vt 0.003310 0.269902
vt 0.002921 0.272362
vt 0.002160 0.269625
vt 0.015501 0.201036
vt 0.015504 0.203845
vt 0.014929 0.203794
vt 0.015501 0.201036
vt 0.014929 0.203794
vt 0.014953 0.201036
vt 0.015504 0.203845
vt 0.015501 0.201036
vt 0.138234 0.201036
vt 0.015504 0.203845
vt 0.138234 0.201036
vt 0.138238 0.203845
vt 0.003221 0.267530
vt 0.003310 0.269902
vt 0.002160 0.269625
vt 0.003221 0.267530
vt 0.002160 0.269625
vt 0.002269 0.266938
vt 0.015604 0.198700
vt 0.015501 0.201036
vt 0.014953 0.201036
vt 0.015604 0.198700
vt 0.014953 0.201036
vt 0.015056 0.198700
vt 0.015501 0.201036
vt 0.015604 0.198700
vt 0.138338 0.198700
vt 0.015501 0.201036
vt 0.138338 0.198700
vt 0.138234 0.201036
vt 0.292219 0.040489
vt 0.292109 0.037789
vt 0.293112 0.037539
vt 0.292219 0.040489
vt 0.293112 0.037539
vt 0.293185 0.040444
vt 0.291679 0.040489
vt 0.291569 0.037789
vt 0.292109 0.037789
vt 0.291679 0.040489
vt 0.292109 0.037789
vt 0.292219 0.040489
vt 0.291569 0.037789
vt 0.291679 0.040489
vt 0.170796 0.040489
vt 0.291569 0.037789
vt 0.170796 0.040489
vt 0.170686 0.037789
vt 0.250983 0.304863
vt 0.254454 0.305097
vt 0.254249 0.308300
vt 0.250983 0.304863
vt 0.254249 0.308300
vt 0.251034 0.308434
vt 0.064011 0.002294
vt 0.063172 0.004008
vt 0.059815 0.003431
vt 0.064011 0.002294
vt 0.059815 0.003431
vt 0.059491 0.001663
vt 0.254454 0.305097
vt 0.250983 0.304863
vt 0.250699 0.301787
vt 0.254454 0.305097
vt 0.250699 0.301787
vt 0.254224 0.302144
vt 0.250983 0.304863
vt 0.251034 0.308434
vt 0.247438 0.308326
vt 0.250983 0.304863
vt 0.247438 0.308326
vt 0.247370 0.305124
vt 0.245048 0.305627
vt 0.247370 0.305124
vt 0.247438 0.308326
vt 0.245048 0.305627
vt 0.247438 0.308326
vt 0.245096 0.308583
vt 0.606671 0.750639
vt 0.611108 0.751307
vt 0.610968 0.753644
vt 0.606671 0.750639
vt 0.610968 0.753644
vt 0.606005 0.752669
vt 0.250983 0.304863
vt 0.247370 0.305124
vt 0.247413 0.302170
vt 0.250983 0.304863
vt 0.247413 0.302170
vt 0.250699 0.301787
vt 0.244856 0.303167
vt 0.247413 0.302170
vt 0.247370 0.305124
vt 0.244856 0.303167
vt 0.247370 0.305124
vt 0.245048 0.305627
vt 0.299164 0.040354
vt 0.302594 0.040376
vt 0.302396 0.043555
vt 0.299164 0.040354
vt 0.302396 0.043555
vt 0.298966 0.043532
vt 0.295848 0.040376
vt 0.299164 0.040354
vt 0.298966 0.043532
vt 0.295848 0.040376
vt 0.298966 0.043532
vt 0.295650 0.043555
vt 0.293185 0.040444
vt 0.295848 0.040376
vt 0.295650 0.043555
vt 0.293185 0.040444
vt 0.295650 0.043555
vt 0.292982 0.043234
vt 0.245096 0.308583
vt 0.244207 0.308834
vt 0.244177 0.306124
vt 0.245096 0.308583
vt 0.244177 0.306124
vt 0.245048 0.305627
vt 0.244207 0.308834
vt 0.243662 0.308836
vt 0.243633 0.306126
vt 0.244207 0.308834
vt 0.243633 0.306126
vt 0.244177 0.306124
vt 0.121572 0.306587
vt 0.243633 0.306126
vt 0.243662 0.308836
vt 0.121572 0.306587
vt 0.243662 0.308836
vt 0.121601 0.309296
vt 0.245048 0.305627
vt 0.244177 0.306124
vt 0.243986 0.303663
vt 0.245048 0.305627
vt 0.243986 0.303663
vt 0.244856 0.303167
vt 0.244177 0.306124
vt 0.243633 0.306126
vt 0.243441 0.303666
vt 0.244177 0.306124
vt 0.243441 0.303666
vt 0.243986 0.303663
vt 0.121381 0.304126
vt 0.243441 0.303666
vt 0.243633 0.306126
vt 0.121381 0.304126
vt 0.243633 0.306126
vt 0.121572 0.306587
vt 0.292219 0.040489
vt 0.293185 0.040444
vt 0.292982 0.043234
vt 0.292219 0.040489
vt 0.292982 0.043234
vt 0.292053 0.043074
vt 0.291679 0.040489
vt 0.292219 0.040489
vt 0.292053 0.043074
vt 0.291679 0.040489
vt 0.292053 0.043074
vt 0.291514 0.043074
vt 0.170796 0.040489
vt 0.291679 0.040489
vt 0.291514 0.043074
vt 0.170796 0.040489
vt 0.291514 0.043074
vt 0.170630 0.043074
vt 0.412411 0.040077
vt 0.413035 0.048614
vt 0.409466 0.048034
vt 0.412411 0.040077
vt 0.409466 0.048034
vt 0.408854 0.040576
vt 0.360296 0.867574
vt 0.389663 0.870656
vt 0.389704 0.883517
vt 0.360296 0.867574
vt 0.389704 0.883517
vt 0.360170 0.880364
vt 0.753698 0.092796
vt 0.756919 0.101391
vt 0.753856 0.102215
vt 0.753698 0.092796
vt 0.753856 0.102215
vt 0.750516 0.093372
vt 0.322361 0.592717
vt 0.322621 0.595878
vt 0.311010 0.594889
vt 0.322361 0.592717
vt 0.311010 0.594889
vt 0.310958 0.591819
vt 0.322621 0.595878
vt 0.322408 0.600603
vt 0.310126 0.599614
vt 0.322621 0.595878
vt 0.310126 0.599614
vt 0.311010 0.594889
vt 0.333990 0.117606
vt 0.322732 0.117287
vt 0.317911 0.091596
vt 0.333990 0.117606
vt 0.317911 0.091596
vt 0.329433 0.091301
vt 0.753698 0.092796
vt 0.750516 0.093372
vt 0.747918 0.083831
vt 0.753698 0.092796
vt 0.747918 0.083831
vt 0.751272 0.083165
vt 0.322732 0.117287
vt 0.311481 0.117988
vt 0.306862 0.092617
vt 0.322732 0.117287
vt 0.306862 0.092617
vt 0.317911 0.091596
vt 0.050353 0.088647
vt 0.038303 0.091326
vt 0.036941 0.086091
vt 0.050353 0.088647
vt 0.036941 0.086091
vt 0.049599 0.083410
vt 0.359750 0.854369
vt 0.389037 0.857684
vt 0.389663 0.870656
vt 0.359750 0.854369
vt 0.389663 0.870656
vt 0.360296 0.867574
vt 0.299914 0.589574
vt 0.310958 0.591819
vt 0.311010 0.594889
vt 0.299914 0.589574
vt 0.311010 0.594889
vt 0.299409 0.592394
vt 0.311010 0.594889
vt 0.310126 0.599614
vt 0.297967 0.596869
vt 0.311010 0.594889
vt 0.297967 0.596869
vt 0.299409 0.592394
vt 0.050353 0.088647
vt 0.049599 0.083410
vt 0.062445 0.081518
vt 0.050353 0.088647
vt 0.062445 0.081518
vt 0.062813 0.087027
vt 0.358793 0.841530
vt 0.387833 0.844873
vt 0.389037 0.857684
vt 0.358793 0.841530
vt 0.389037 0.857684
vt 0.359750 0.854369
vt 0.002464 0.756926
vt 0.007718 0.756532
vt 0.007784 0.767381
vt 0.002464 0.756926
vt 0.007784 0.767381
vt 0.002552 0.768373
vt 0.749588 0.072837
vt 0.751272 0.083165
vt 0.747918 0.083831
vt 0.749588 0.072837
vt 0.747918 0.083831
vt 0.746295 0.073177
vt 0.747918 0.083831
vt 0.745002 0.084951
vt 0.743260 0.074048
vt 0.747918 0.083831
vt 0.743260 0.074048
vt 0.746295 0.073177
vt 0.299409 0.592394
vt 0.297967 0.596869
vt 0.286168 0.592777
vt 0.299409 0.592394
vt 0.286168 0.592777
vt 0.288279 0.588302
vt 0.075509 0.081064
vt 0.075366 0.086385
vt 0.062813 0.087027
vt 0.075509 0.081064
vt 0.062813 0.087027
vt 0.062445 0.081518
vt 0.311481 0.117988
vt 0.300393 0.119439
vt 0.295896 0.094268
vt 0.311481 0.117988
vt 0.295896 0.094268
vt 0.306862 0.092617
vt 0.749588 0.072837
vt 0.746295 0.073177
vt 0.745526 0.062061
vt 0.749588 0.072837
vt 0.745526 0.062061
vt 0.748766 0.062060
vt 0.300393 0.119439
vt 0.289698 0.121496
vt 0.285294 0.096991
vt 0.300393 0.119439
vt 0.285294 0.096991
vt 0.295896 0.094268
vt 0.583503 0.496824
vt 0.582923 0.506165
vt 0.554787 0.511200
vt 0.583503 0.496824
vt 0.554787 0.511200
vt 0.555890 0.501649
vt 0.748766 0.062060
vt 0.745526 0.062061
vt 0.745557 0.050823
vt 0.748766 0.062060
vt 0.745557 0.050823
vt 0.748916 0.051070
vt 0.746295 0.073177
vt 0.743260 0.074048
vt 0.742379 0.062696
vt 0.746295 0.073177
vt 0.742379 0.062696
vt 0.745526 0.062061
vt 0.288279 0.588302
vt 0.286168 0.592777
vt 0.275162 0.586929
vt 0.288279 0.588302
vt 0.275162 0.586929
vt 0.277717 0.582954
vt 0.088183 0.081564
vt 0.087688 0.086981
vt 0.075366 0.086385
vt 0.088183 0.081564
vt 0.075366 0.086385
vt 0.075509 0.081064
vt 0.745557 0.050823
vt 0.745526 0.062061
vt 0.742379 0.062696
vt 0.745557 0.050823
vt 0.742379 0.062696
vt 0.742643 0.051041
vt 0.277717 0.582954
vt 0.275162 0.586929
vt 0.265324 0.579800
vt 0.277717 0.582954
vt 0.265324 0.579800
vt 0.268296 0.576008
vt 0.087688 0.086981
vt 0.088183 0.081564
vt 0.100468 0.083503
vt 0.087688 0.086981
vt 0.100468 0.083503
vt 0.099364 0.088921
vt 0.357677 0.829161
vt 0.386547 0.832298
vt 0.387833 0.844873
vt 0.357677 0.829161
vt 0.387833 0.844873
vt 0.358793 0.841530
vt 0.356073 0.817391
vt 0.384361 0.820549
vt 0.386547 0.832298
vt 0.356073 0.817391
vt 0.386547 0.832298
vt 0.357677 0.829161
vt 0.639573 0.806917
vt 0.610126 0.806683
vt 0.608867 0.795644
vt 0.639573 0.806917
vt 0.608867 0.795644
vt 0.637969 0.796012
vt 0.007784 0.767381
vt 0.007718 0.756532
vt 0.011438 0.757034
vt 0.007784 0.767381
vt 0.011438 0.757034
vt 0.011566 0.767548
vt 0.317763 0.086747
vt 0.329643 0.086506
vt 0.329433 0.091301
vt 0.317763 0.086747
vt 0.329433 0.091301
vt 0.317911 0.091596
vt 0.009759 0.778476
vt 0.007784 0.767381
vt 0.011566 0.767548
vt 0.009759 0.778476
vt 0.011566 0.767548
vt 0.013275 0.778131
vt 0.004306 0.780151
vt 0.002552 0.768373
vt 0.007784 0.767381
vt 0.004306 0.780151
vt 0.007784 0.767381
vt 0.009759 0.778476
vt 0.305812 0.087886
vt 0.317763 0.086747
vt 0.317911 0.091596
vt 0.305812 0.087886
vt 0.317911 0.091596
vt 0.306862 0.092617
vt 0.012792 0.789489
vt 0.009759 0.778476
vt 0.013275 0.778131
vt 0.012792 0.789489
vt 0.013275 0.778131
vt 0.016369 0.788807
vt 0.294256 0.089629
vt 0.305812 0.087886
vt 0.306862 0.092617
vt 0.294256 0.089629
vt 0.306862 0.092617
vt 0.295896 0.094268
vt 0.004306 0.780151
vt 0.009759 0.778476
vt 0.012792 0.789489
vt 0.004306 0.780151
vt 0.012792 0.789489
vt 0.007605 0.791675
vt 0.017273 0.800258
vt 0.012792 0.789489
vt 0.016369 0.788807
vt 0.017273 0.800258
vt 0.016369 0.788807
vt 0.020682 0.799054
vt 0.012352 0.802956
vt 0.007605 0.791675
vt 0.012792 0.789489
vt 0.012352 0.802956
vt 0.012792 0.789489
vt 0.017273 0.800258
vt 0.283064 0.092446
vt 0.294256 0.089629
vt 0.295896 0.094268
vt 0.283064 0.092446
vt 0.295896 0.094268
vt 0.285294 0.096991
vt 0.023215 0.810511
vt 0.017273 0.800258
vt 0.020682 0.799054
vt 0.023215 0.810511
vt 0.020682 0.799054
vt 0.026442 0.809057
vt 0.018560 0.813720
vt 0.012352 0.802956
vt 0.017273 0.800258
vt 0.018560 0.813720
vt 0.017273 0.800258
vt 0.023215 0.810511
vt 0.285294 0.096991
vt 0.275364 0.100252
vt 0.272623 0.095920
vt 0.285294 0.096991
vt 0.272623 0.095920
vt 0.283064 0.092446
vt 0.583503 0.496824
vt 0.555890 0.501649
vt 0.556481 0.491445
vt 0.583503 0.496824
vt 0.556481 0.491445
vt 0.583762 0.486543
vt 0.275364 0.100252
vt 0.266142 0.104093
vt 0.262811 0.099854
vt 0.275364 0.100252
vt 0.262811 0.099854
vt 0.272623 0.095920
vt 0.023215 0.810511
vt 0.026442 0.809057
vt 0.033238 0.818381
vt 0.023215 0.810511
vt 0.033238 0.818381
vt 0.030521 0.820260
vt 0.038619 0.829414
vt 0.030521 0.820260
vt 0.033238 0.818381
vt 0.038619 0.829414
vt 0.033238 0.818381
vt 0.041168 0.827013
vt 0.026132 0.823980
vt 0.018560 0.813720
vt 0.023215 0.810511
vt 0.026132 0.823980
vt 0.023215 0.810511
vt 0.030521 0.820260
vt 0.034983 0.833474
vt 0.026132 0.823980
vt 0.030521 0.820260
vt 0.034983 0.833474
vt 0.030521 0.820260
vt 0.038619 0.829414
vt 0.636546 0.784231
vt 0.637969 0.796012
vt 0.608867 0.795644
vt 0.636546 0.784231
vt 0.608867 0.795644
vt 0.607788 0.783731
vt 0.746507 0.039711
vt 0.749866 0.039957
vt 0.748916 0.051070
vt 0.746507 0.039711
vt 0.748916 0.051070
vt 0.745557 0.050823
vt 0.743356 0.039432
vt 0.746507 0.039711
vt 0.745557 0.050823
vt 0.743356 0.039432
vt 0.745557 0.050823
vt 0.742643 0.051041
vt 0.259817 0.568284
vt 0.268296 0.576008
vt 0.265324 0.579800
vt 0.259817 0.568284
vt 0.265324 0.579800
vt 0.256262 0.571508
vt 0.248924 0.562184
vt 0.252784 0.559395
vt 0.259817 0.568284
vt 0.248924 0.562184
vt 0.259817 0.568284
vt 0.256262 0.571508
vt 0.112202 0.086598
vt 0.110619 0.091651
vt 0.099364 0.088921
vt 0.112202 0.086598
vt 0.099364 0.088921
vt 0.100468 0.083503
vt 0.112202 0.086598
vt 0.122813 0.090674
vt 0.120621 0.095729
vt 0.112202 0.086598
vt 0.120621 0.095729
vt 0.110619 0.091651
vt 0.607788 0.783731
vt 0.607334 0.771441
vt 0.635404 0.772209
vt 0.607788 0.783731
vt 0.635404 0.772209
vt 0.636546 0.784231
vt 0.041168 0.827013
vt 0.049853 0.834726
vt 0.047729 0.837292
vt 0.041168 0.827013
vt 0.047729 0.837292
vt 0.038619 0.829414
vt 0.038619 0.829414
vt 0.047729 0.837292
vt 0.044591 0.842050
vt 0.038619 0.829414
vt 0.044591 0.842050
vt 0.034983 0.833474
vt 0.439495 0.200397
vt 0.440347 0.195483
vt 0.463237 0.201418
vt 0.439495 0.200397
vt 0.463237 0.201418
vt 0.462385 0.206332
vt 0.355095 0.252396
vt 0.359903 0.252913
vt 0.359903 0.277378
vt 0.355095 0.252396
vt 0.359903 0.277378
vt 0.355275 0.276861
vt 0.462385 0.206332
vt 0.463237 0.201418
vt 0.508191 0.205546
vt 0.462385 0.206332
vt 0.508191 0.205546
vt 0.507129 0.210337
vt 0.450191 0.473838
vt 0.451119 0.469579
vt 0.499419 0.475448
vt 0.450191 0.473838
vt 0.499419 0.475448
vt 0.498245 0.479692
vt 0.913717 0.417819
vt 0.911747 0.343752
vt 0.915815 0.343665
vt 0.913717 0.417819
vt 0.915815 0.343665
vt 0.917786 0.417731
vt 0.427510 0.460121
vt 0.426715 0.455677
vt 0.428991 0.453444
vt 0.427510 0.460121
vt 0.428991 0.453444
vt 0.433621 0.454151
vt 0.443025 0.381466
vt 0.433621 0.454151
vt 0.428991 0.453444
vt 0.443025 0.381466
vt 0.428991 0.453444
vt 0.438394 0.380758
vt 0.462271 0.383383
vt 0.452867 0.456069
vt 0.433621 0.454151
vt 0.462271 0.383383
vt 0.433621 0.454151
vt 0.443025 0.381466
vt 0.451119 0.469579
vt 0.452867 0.456069
vt 0.505851 0.425729
vt 0.451119 0.469579
vt 0.505851 0.425729
vt 0.499419 0.475448
vt 0.693826 0.573509
vt 0.698391 0.563236
vt 0.702641 0.565843
vt 0.693826 0.573509
vt 0.702641 0.565843
vt 0.698450 0.575688
vt 0.687877 0.583089
vt 0.690558 0.571621
vt 0.693826 0.573509
vt 0.687877 0.583089
vt 0.693826 0.573509
vt 0.691242 0.584411
vt 0.841447 0.201421
vt 0.843315 0.212121
vt 0.840888 0.212758
vt 0.841447 0.201421
vt 0.840888 0.212758
vt 0.839020 0.202058
vt 0.850044 0.199997
vt 0.852054 0.210985
vt 0.843315 0.212121
vt 0.850044 0.199997
vt 0.843315 0.212121
vt 0.841447 0.201421
vt 0.417212 0.049068
vt 0.413035 0.048614
vt 0.412411 0.040077
vt 0.417212 0.049068
vt 0.412411 0.040077
vt 0.416394 0.038884
vt 0.409188 0.033408
vt 0.412411 0.040077
vt 0.408854 0.040576
vt 0.409188 0.033408
vt 0.408854 0.040576
vt 0.405635 0.034265
vt 0.412990 0.031644
vt 0.416394 0.038884
vt 0.412411 0.040077
vt 0.412990 0.031644
vt 0.412411 0.040077
vt 0.409188 0.033408
vt 0.535682 0.312771
vt 0.530883 0.311564
vt 0.493114 0.244489
vt 0.535682 0.312771
vt 0.493114 0.244489
vt 0.522059 0.228924
vt 0.163621 0.148317
vt 0.171631 0.148336
vt 0.171928 0.153589
vt 0.163621 0.148317
vt 0.171928 0.153589
vt 0.164069 0.152475
vt 0.284241 0.077256
vt 0.278654 0.077941
vt 0.278639 0.059199
vt 0.284241 0.077256
vt 0.278639 0.059199
vt 0.284255 0.059199
vt 0.239676 0.226067
vt 0.240003 0.228298
vt 0.220087 0.227628
vt 0.239676 0.226067
vt 0.220087 0.227628
vt 0.219761 0.225398
vt 0.240003 0.228298
vt 0.239482 0.231530
vt 0.219809 0.230565
vt 0.240003 0.228298
vt 0.219809 0.230565
vt 0.220087 0.227628
vt 0.240003 0.228298
vt 0.323869 0.226099
vt 0.324018 0.231149
vt 0.240003 0.228298
vt 0.324018 0.231149
vt 0.239482 0.231530
vt 0.639469 0.831301
vt 0.639424 0.833303
vt 0.618102 0.833518
vt 0.639469 0.831301
vt 0.618102 0.833518
vt 0.618148 0.831516
vt 0.732715 0.836104
vt 0.639424 0.833303
vt 0.639469 0.831301
vt 0.732715 0.836104
vt 0.639469 0.831301
vt 0.732622 0.831871
vt 0.336254 0.233702
vt 0.336979 0.265789
vt 0.335746 0.265631
vt 0.336254 0.233702
vt 0.335746 0.265631
vt 0.335147 0.233759
vt 0.073079 0.120768
vt 0.073012 0.122059
vt 0.070059 0.121796
vt 0.073079 0.120768
vt 0.070059 0.121796
vt 0.070041 0.120681
vt 0.070318 0.119058
vt 0.073356 0.119145
vt 0.073079 0.120768
vt 0.070318 0.119058
vt 0.073079 0.120768
vt 0.070041 0.120681
vt 0.054828 0.070921
vt 0.056110 0.073342
vt 0.049216 0.075799
vt 0.054828 0.070921
vt 0.049216 0.075799
vt 0.048967 0.073990
vt 0.055445 0.067652
vt 0.054828 0.070921
vt 0.048967 0.073990
vt 0.055445 0.067652
vt 0.048967 0.073990
vt 0.050841 0.067371
vt 0.064187 0.272793
vt 0.061429 0.272098
vt 0.061610 0.266148
vt 0.064187 0.272793
vt 0.061610 0.266148
vt 0.064086 0.266927
vt 0.073012 0.122059
vt 0.073356 0.123788
vt 0.070403 0.123526
vt 0.073012 0.122059
vt 0.070403 0.123526
vt 0.070059 0.121796
vt 0.211778 0.227421
vt 0.211451 0.225190
vt 0.213288 0.225114
vt 0.211778 0.227421
vt 0.213288 0.225114
vt 0.213614 0.227344
vt 0.213288 0.225114
vt 0.219761 0.225398
vt 0.220087 0.227628
vt 0.213288 0.225114
vt 0.220087 0.227628
vt 0.213614 0.227344
vt 0.048034 0.093832
vt 0.048959 0.094497
vt 0.048394 0.095916
vt 0.048034 0.093832
vt 0.048394 0.095916
vt 0.046889 0.095050
vt 0.289629 0.163051
vt 0.290238 0.160589
vt 0.291724 0.160655
vt 0.289629 0.163051
vt 0.291724 0.160655
vt 0.291388 0.163127
vt 0.082526 0.026436
vt 0.081026 0.027509
vt 0.080116 0.026471
vt 0.082526 0.026436
vt 0.080116 0.026471
vt 0.081861 0.025572
vt 0.372753 0.348354
vt 0.372506 0.350734
vt 0.370904 0.350716
vt 0.372753 0.348354
vt 0.370904 0.350716
vt 0.370905 0.348355
vt 0.081269 0.024364
vt 0.081861 0.025572
vt 0.080116 0.026471
vt 0.081269 0.024364
vt 0.080116 0.026471
vt 0.079437 0.025005
vt 0.374229 0.348245
vt 0.374106 0.350661
vt 0.372506 0.350734
vt 0.374229 0.348245
vt 0.372506 0.350734
vt 0.372753 0.348354
vt 0.370905 0.348355
vt 0.372626 0.327339
vt 0.374473 0.327339
vt 0.370905 0.348355
vt 0.374473 0.327339
vt 0.372753 0.348354
vt 0.375950 0.327229
vt 0.374229 0.348245
vt 0.372753 0.348354
vt 0.375950 0.327229
vt 0.372753 0.348354
vt 0.374473 0.327339
vt 0.210438 0.225551
vt 0.211451 0.225190
vt 0.211778 0.227421
vt 0.210438 0.225551
vt 0.211778 0.227421
vt 0.210551 0.227607
vt 0.165658 0.343374
vt 0.167309 0.343182
vt 0.167137 0.344851
vt 0.165658 0.343374
vt 0.167137 0.344851
vt 0.165531 0.345006
vt 0.211778 0.227421
vt 0.213614 0.227344
vt 0.213792 0.230160
vt 0.211778 0.227421
vt 0.213792 0.230160
vt 0.212269 0.230293
vt 0.211043 0.230479
vt 0.210551 0.227607
vt 0.211778 0.227421
vt 0.211043 0.230479
vt 0.211778 0.227421
vt 0.212269 0.230293
vt 0.169917 0.345046
vt 0.167137 0.344851
vt 0.167309 0.343182
vt 0.169917 0.345046
vt 0.167309 0.343182
vt 0.169928 0.343961
vt 0.165531 0.345006
vt 0.167137 0.344851
vt 0.168506 0.351534
vt 0.165531 0.345006
vt 0.168506 0.351534
vt 0.166641 0.352042
vt 0.167137 0.344851
vt 0.169917 0.345046
vt 0.170816 0.351006
vt 0.167137 0.344851
vt 0.170816 0.351006
vt 0.168506 0.351534
vt 0.169917 0.345046
vt 0.171526 0.345069
vt 0.172149 0.350771
vt 0.169917 0.345046
vt 0.172149 0.350771
vt 0.170816 0.351006
vt 0.220087 0.227628
vt 0.219809 0.230565
vt 0.213792 0.230160
vt 0.220087 0.227628
vt 0.213792 0.230160
vt 0.213614 0.227344
vt 0.618148 0.831516
vt 0.618102 0.833518
vt 0.612086 0.833627
vt 0.618148 0.831516
vt 0.612086 0.833627
vt 0.611559 0.831401
vt 0.610004 0.831689
vt 0.611559 0.831401
vt 0.612086 0.833627
vt 0.610004 0.831689
vt 0.612086 0.833627
vt 0.609959 0.833691
vt 0.593718 0.855924
vt 0.593718 0.835417
vt 0.600648 0.835767
vt 0.593718 0.855924
vt 0.600648 0.835767
vt 0.598063 0.856109
vt 0.059254 0.053561
vt 0.055445 0.067652
vt 0.050841 0.067371
vt 0.059254 0.053561
vt 0.050841 0.067371
vt 0.054918 0.053069
vt 0.064086 0.266927
vt 0.061610 0.266148
vt 0.061711 0.253628
vt 0.064086 0.266927
vt 0.061711 0.253628
vt 0.064187 0.254407
vt 0.166641 0.352042
vt 0.168506 0.351534
vt 0.171143 0.366058
vt 0.166641 0.352042
vt 0.171143 0.366058
vt 0.169279 0.366566
vt 0.168506 0.351534
vt 0.170816 0.351006
vt 0.173400 0.365262
vt 0.168506 0.351534
vt 0.173400 0.365262
vt 0.171143 0.366058
vt 0.170816 0.351006
vt 0.172149 0.350771
vt 0.174733 0.365026
vt 0.170816 0.351006
vt 0.174733 0.365026
vt 0.173400 0.365262
vt 0.059602 0.050490
vt 0.059254 0.053561
vt 0.054918 0.053069
vt 0.059602 0.050490
vt 0.054918 0.053069
vt 0.055288 0.050588
vt 0.075359 0.092028
vt 0.077941 0.091529
vt 0.077795 0.093489
vt 0.075359 0.092028
vt 0.077795 0.093489
vt 0.075213 0.093988
vt 0.055288 0.050588
vt 0.055883 0.046729
vt 0.059021 0.047134
vt 0.055288 0.050588
vt 0.059021 0.047134
vt 0.059602 0.050490
vt 0.075213 0.088430
vt 0.077122 0.088596
vt 0.077941 0.091529
vt 0.075213 0.088430
vt 0.077941 0.091529
vt 0.075359 0.092028
vt 0.171183 0.368803
vt 0.169533 0.368995
vt 0.169279 0.366566
vt 0.171183 0.368803
vt 0.169279 0.366566
vt 0.171143 0.366058
vt 0.095488 0.073711
vt 0.098572 0.073484
vt 0.098316 0.076629
vt 0.095488 0.073711
vt 0.098316 0.076629
vt 0.096272 0.076367
vt 0.027456 0.100627
vt 0.026178 0.100864
vt 0.026024 0.098913
vt 0.027456 0.100627
vt 0.026024 0.098913
vt 0.027509 0.099553
vt 0.026426 0.096599
vt 0.027509 0.097099
vt 0.027509 0.099553
vt 0.026426 0.096599
vt 0.027509 0.099553
vt 0.026024 0.098913
vt 0.095350 0.071426
vt 0.097716 0.071211
vt 0.098572 0.073484
vt 0.095350 0.071426
vt 0.098572 0.073484
vt 0.095488 0.073711
vt 0.110034 0.003837
vt 0.109077 0.004317
vt 0.108682 0.002626
vt 0.110034 0.003837
vt 0.108682 0.002626
vt 0.109639 0.002146
vt 0.108682 0.002626
vt 0.109077 0.004317
vt 0.108146 0.004471
vt 0.108682 0.002626
vt 0.108146 0.004471
vt 0.107226 0.001982
vt 0.361911 0.241300
vt 0.364109 0.241167
vt 0.363839 0.269380
vt 0.361911 0.241300
vt 0.363839 0.269380
vt 0.361792 0.269428
vt 0.003864 0.310626
vt 0.003864 0.282256
vt 0.005293 0.282537
vt 0.003864 0.310626
vt 0.005293 0.282537
vt 0.005293 0.310631
vt 0.002710 0.310621
vt 0.003013 0.282254
vt 0.003864 0.282256
vt 0.002710 0.310621
vt 0.003864 0.282256
vt 0.003864 0.310626
vt 0.094077 0.071203
vt 0.095350 0.071426
vt 0.095488 0.073711
vt 0.094077 0.071203
vt 0.095488 0.073711
vt 0.093646 0.073673
vt 0.364109 0.241167
vt 0.365073 0.241646
vt 0.365124 0.269288
vt 0.364109 0.241167
vt 0.365124 0.269288
vt 0.363839 0.269380
vt 0.094077 0.071203
vt 0.093646 0.073673
vt 0.091646 0.073865
vt 0.094077 0.071203
vt 0.091646 0.073865
vt 0.091398 0.070168
vt 0.372258 0.274621
vt 0.372258 0.301866
vt 0.371642 0.302139
vt 0.372258 0.274621
vt 0.371642 0.302139
vt 0.371888 0.274602
vt 0.092258 0.091944
vt 0.091986 0.094401
vt 0.090728 0.094158
vt 0.092258 0.091944
vt 0.090728 0.094158
vt 0.090757 0.091925
vt 0.374846 0.298632
vt 0.373984 0.300558
vt 0.372258 0.301866
vt 0.374846 0.298632
vt 0.372258 0.301866
vt 0.372258 0.274621
vt 0.174540 0.368866
vt 0.171183 0.368803
vt 0.171143 0.366058
vt 0.174540 0.368866
vt 0.171143 0.366058
vt 0.173400 0.365262
vt 0.173400 0.365262
vt 0.174733 0.365026
vt 0.176513 0.369073
vt 0.173400 0.365262
vt 0.176513 0.369073
vt 0.174540 0.368866
vt 0.092775 0.076934
vt 0.091110 0.077941
vt 0.090057 0.074103
vt 0.092775 0.076934
vt 0.090057 0.074103
vt 0.091646 0.073865
vt 0.090057 0.068988
vt 0.091398 0.070168
vt 0.091646 0.073865
vt 0.090057 0.068988
vt 0.091646 0.073865
vt 0.090057 0.074103
vt 0.374473 0.325431
vt 0.374473 0.327339
vt 0.372626 0.327339
vt 0.374473 0.325431
vt 0.372626 0.327339
vt 0.372626 0.325432
vt 0.375950 0.325322
vt 0.375950 0.327229
vt 0.374473 0.327339
vt 0.375950 0.325322
vt 0.374473 0.327339
vt 0.374473 0.325431
vt 0.595273 0.859953
vt 0.593718 0.855924
vt 0.598063 0.856109
vt 0.595273 0.859953
vt 0.598063 0.856109
vt 0.598063 0.857997
vt 0.094062 0.096280
vt 0.093068 0.095752
vt 0.093743 0.094089
vt 0.094062 0.096280
vt 0.093743 0.094089
vt 0.094974 0.094924
vt 0.096280 0.093938
vt 0.094974 0.094924
vt 0.093743 0.094089
vt 0.096280 0.093938
vt 0.093743 0.094089
vt 0.094617 0.092900
vt 0.094876 0.090019
vt 0.093493 0.092248
vt 0.092258 0.091944
vt 0.094876 0.090019
vt 0.092258 0.091944
vt 0.092814 0.089674
vt 0.092258 0.091944
vt 0.090757 0.091925
vt 0.090530 0.090024
vt 0.092258 0.091944
vt 0.090530 0.090024
vt 0.092814 0.089674
vt 0.599574 0.863489
vt 0.601929 0.863810
vt 0.602660 0.888056
vt 0.599574 0.863489
vt 0.602660 0.888056
vt 0.601265 0.887955
vt 0.598886 0.887826
vt 0.597629 0.862703
vt 0.599574 0.863489
vt 0.598886 0.887826
vt 0.599574 0.863489
vt 0.601265 0.887955
vt 0.038971 0.060296
vt 0.036465 0.059302
vt 0.038141 0.037734
vt 0.038971 0.060296
vt 0.038141 0.037734
vt 0.038971 0.039515
vt 0.003864 0.339272
vt 0.003864 0.310626
vt 0.005293 0.310631
vt 0.003864 0.339272
vt 0.005293 0.310631
vt 0.005293 0.339001
vt 0.361792 0.269428
vt 0.363839 0.269380
vt 0.364110 0.297877
vt 0.361792 0.269428
vt 0.364110 0.297877
vt 0.361911 0.298009
vt 0.003013 0.339269
vt 0.002710 0.310621
vt 0.003864 0.310626
vt 0.003013 0.339269
vt 0.003864 0.310626
vt 0.003864 0.339272
vt 0.363839 0.269380
vt 0.365124 0.269288
vt 0.365073 0.297260
vt 0.363839 0.269380
vt 0.365073 0.297260
vt 0.364110 0.297877
vt 0.371642 0.246830
vt 0.371888 0.274602
vt 0.370779 0.274549
vt 0.371642 0.246830
vt 0.370779 0.274549
vt 0.370409 0.246195
vt 0.372258 0.247102
vt 0.372258 0.274621
vt 0.371888 0.274602
vt 0.372258 0.247102
vt 0.371888 0.274602
vt 0.371642 0.246830
vt 0.036465 0.059302
vt 0.038971 0.060296
vt 0.038963 0.081022
vt 0.036465 0.059302
vt 0.038963 0.081022
vt 0.038132 0.082526
vt 0.375950 0.249826
vt 0.373241 0.274458
vt 0.372258 0.274621
vt 0.375950 0.249826
vt 0.372258 0.274621
vt 0.372258 0.247102
vt 0.601929 0.911569
vt 0.602113 0.887514
vt 0.615313 0.887281
vt 0.601929 0.911569
vt 0.615313 0.887281
vt 0.606391 0.913907
vt 0.597629 0.912621
vt 0.598886 0.887826
vt 0.601265 0.887955
vt 0.597629 0.912621
vt 0.601265 0.887955
vt 0.599574 0.911789
vt 0.518648 0.210139
vt 0.515957 0.214284
vt 0.507129 0.210337
vt 0.518648 0.210139
vt 0.507129 0.210337
vt 0.508191 0.205546
vt 0.242923 0.062716
vt 0.247477 0.063771
vt 0.247577 0.071104
vt 0.242923 0.062716
vt 0.247577 0.071104
vt 0.243112 0.071779
vt 0.323869 0.226099
vt 0.333471 0.225114
vt 0.334687 0.230152
vt 0.323869 0.226099
vt 0.334687 0.230152
vt 0.324018 0.231149
vt 0.732715 0.836104
vt 0.732622 0.831871
vt 0.744540 0.831927
vt 0.732715 0.836104
vt 0.744540 0.831927
vt 0.744838 0.836198
vt 0.242923 0.062716
vt 0.243112 0.071779
vt 0.238321 0.072534
vt 0.242923 0.062716
vt 0.238321 0.072534
vt 0.238321 0.062794
vt 0.744838 0.885846
vt 0.732715 0.885752
vt 0.732715 0.836104
vt 0.744838 0.885846
vt 0.732715 0.836104
vt 0.744838 0.836198
vt 0.732715 0.885752
vt 0.744838 0.885846
vt 0.744838 0.935764
vt 0.732715 0.885752
vt 0.744838 0.935764
vt 0.732715 0.935671
vt 0.238321 0.072534
vt 0.243112 0.071779
vt 0.247127 0.083536
vt 0.238321 0.072534
vt 0.247127 0.083536
vt 0.242475 0.084818
vt 0.518269 0.426638
vt 0.511837 0.476356
vt 0.499419 0.475448
vt 0.518269 0.426638
vt 0.499419 0.475448
vt 0.505851 0.425729
vt 0.744838 0.885846
vt 0.744838 0.836198
vt 0.754192 0.836834
vt 0.744838 0.885846
vt 0.754192 0.836834
vt 0.754192 0.886482
vt 0.505851 0.425729
vt 0.462271 0.383383
vt 0.464018 0.369873
vt 0.505851 0.425729
vt 0.464018 0.369873
vt 0.512318 0.375741
vt 0.524737 0.376650
vt 0.518269 0.426638
vt 0.505851 0.425729
vt 0.524737 0.376650
vt 0.505851 0.425729
vt 0.512318 0.375741
vt 0.744838 0.935764
vt 0.744838 0.885846
vt 0.754192 0.886482
vt 0.744838 0.935764
vt 0.754192 0.886482
vt 0.754192 0.936401
vt 0.313667 0.402159
vt 0.357900 0.398454
vt 0.358108 0.403496
vt 0.313667 0.402159
vt 0.358108 0.403496
vt 0.314074 0.407014
vt 0.092556 0.326342
vt 0.092509 0.321940
vt 0.134399 0.329631
vt 0.092556 0.326342
vt 0.134399 0.329631
vt 0.134447 0.334033
vt 0.092509 0.321940
vt 0.093418 0.314914
vt 0.135309 0.322605
vt 0.092509 0.321940
vt 0.135309 0.322605
vt 0.134399 0.329631
vt 0.093418 0.314914
vt 0.094654 0.310130
vt 0.136545 0.317821
vt 0.093418 0.314914
vt 0.136545 0.317821
vt 0.135309 0.322605
vt 0.078957 0.057010
vt 0.081529 0.052675
vt 0.118642 0.076814
vt 0.078957 0.057010
vt 0.118642 0.076814
vt 0.116071 0.081148
vt 0.318354 0.388771
vt 0.348216 0.378171
vt 0.357900 0.398454
vt 0.318354 0.388771
vt 0.357900 0.398454
vt 0.313667 0.402159
vt 0.081529 0.052675
vt 0.117181 0.045642
vt 0.128989 0.058353
vt 0.081529 0.052675
vt 0.128989 0.058353
vt 0.118642 0.076814
vt 0.832299 0.674701
vt 0.827446 0.704439
vt 0.812391 0.697567
vt 0.832299 0.674701
vt 0.812391 0.697567
vt 0.816651 0.669669
vt 0.137324 0.091356
vt 0.118642 0.076814
vt 0.128989 0.058353
vt 0.137324 0.091356
vt 0.128989 0.058353
vt 0.141979 0.070048
vt 0.655015 0.018463
vt 0.623414 0.019894
vt 0.622819 0.004068
vt 0.655015 0.018463
vt 0.622819 0.004068
vt 0.653290 0.002523
vt 0.290229 0.405748
vt 0.313667 0.402159
vt 0.314074 0.407014
vt 0.290229 0.405748
vt 0.314074 0.407014
vt 0.290617 0.410955
vt 0.261331 0.084818
vt 0.256622 0.083629
vt 0.256624 0.063421
vt 0.261331 0.084818
vt 0.256624 0.063421
vt 0.261331 0.064336
vt 0.288831 0.393051
vt 0.318354 0.388771
vt 0.313667 0.402159
vt 0.288831 0.393051
vt 0.313667 0.402159
vt 0.290229 0.405748
vt 0.134427 0.095491
vt 0.116071 0.081148
vt 0.118642 0.076814
vt 0.134427 0.095491
vt 0.118642 0.076814
vt 0.137324 0.091356
vt 0.156641 0.326857
vt 0.135309 0.322605
vt 0.136545 0.317821
vt 0.156641 0.326857
vt 0.136545 0.317821
vt 0.157878 0.322072
vt 0.134399 0.329631
vt 0.135309 0.322605
vt 0.156641 0.326857
vt 0.134399 0.329631
vt 0.156641 0.326857
vt 0.155732 0.333882
vt 0.175571 0.115539
vt 0.137324 0.091356
vt 0.141979 0.070048
vt 0.175571 0.115539
vt 0.141979 0.070048
vt 0.186001 0.101269
vt 0.290229 0.405748
vt 0.290617 0.410955
vt 0.245483 0.413836
vt 0.290229 0.405748
vt 0.245483 0.413836
vt 0.245276 0.408794
vt 0.655582 0.036515
vt 0.605450 0.037314
vt 0.605141 0.030284
vt 0.655582 0.036515
vt 0.605141 0.030284
vt 0.655929 0.029778
vt 0.306830 0.051737
vt 0.257531 0.060254
vt 0.257380 0.054419
vt 0.306830 0.051737
vt 0.257380 0.054419
vt 0.305812 0.046421
vt 0.502879 0.971968
vt 0.451921 0.971968
vt 0.451414 0.965078
vt 0.502879 0.971968
vt 0.451414 0.965078
vt 0.502401 0.958638
vt 0.200000 0.334719
vt 0.156641 0.326857
vt 0.157878 0.322072
vt 0.200000 0.334719
vt 0.157878 0.322072
vt 0.201236 0.329934
vt 0.134427 0.095491
vt 0.137324 0.091356
vt 0.175571 0.115539
vt 0.134427 0.095491
vt 0.175571 0.115539
vt 0.173000 0.119874
vt 0.653290 0.002523
vt 0.684960 0.004294
vt 0.687565 0.020253
vt 0.653290 0.002523
vt 0.687565 0.020253
vt 0.655015 0.018463
vt 0.655015 0.018463
vt 0.687565 0.020253
vt 0.688708 0.031789
vt 0.655015 0.018463
vt 0.688708 0.031789
vt 0.655929 0.029778
vt 0.155898 0.338336
vt 0.155732 0.333882
vt 0.199091 0.341744
vt 0.155898 0.338336
vt 0.199091 0.341744
vt 0.199139 0.346146
vt 0.155732 0.333882
vt 0.156641 0.326857
vt 0.200000 0.334719
vt 0.155732 0.333882
vt 0.200000 0.334719
vt 0.199091 0.341744
vt 0.870286 0.521025
vt 0.863535 0.484781
vt 0.876203 0.484507
vt 0.870286 0.521025
vt 0.876203 0.484507
vt 0.882566 0.521516
vt 0.655582 0.036515
vt 0.655929 0.029778
vt 0.688708 0.031789
vt 0.655582 0.036515
vt 0.688708 0.031789
vt 0.687501 0.038381
vt 0.688708 0.031789
vt 0.724391 0.036410
vt 0.722506 0.042836
vt 0.688708 0.031789
vt 0.722506 0.042836
vt 0.687501 0.038381
vt 0.306830 0.051737
vt 0.305812 0.046421
vt 0.335581 0.036676
vt 0.306830 0.051737
vt 0.335581 0.036676
vt 0.337417 0.042077
vt 0.335581 0.036676
vt 0.367073 0.020646
vt 0.369491 0.025567
vt 0.335581 0.036676
vt 0.369491 0.025567
vt 0.337417 0.042077
vt 0.337968 0.049635
vt 0.306821 0.059315
vt 0.306830 0.051737
vt 0.337968 0.049635
vt 0.306830 0.051737
vt 0.337417 0.042077
vt 0.418272 0.954905
vt 0.451164 0.957796
vt 0.451414 0.965078
vt 0.418272 0.954905
vt 0.451414 0.965078
vt 0.418243 0.962708
vt 0.451164 0.957796
vt 0.418272 0.954905
vt 0.418558 0.938169
vt 0.451164 0.957796
vt 0.418558 0.938169
vt 0.451122 0.940471
vt 0.601282 0.823679
vt 0.564165 0.828201
vt 0.564771 0.823304
vt 0.601282 0.823679
vt 0.564771 0.823304
vt 0.603379 0.816586
vt 0.565171 0.806210
vt 0.604041 0.808356
vt 0.603379 0.816586
vt 0.565171 0.806210
vt 0.603379 0.816586
vt 0.564973 0.817394
vt 0.565164 0.788101
vt 0.603866 0.791112
vt 0.604041 0.808356
vt 0.565164 0.788101
vt 0.604041 0.808356
vt 0.565171 0.806210
vt 0.451600 0.921865
vt 0.451122 0.940471
vt 0.418558 0.938169
vt 0.451600 0.921865
vt 0.418558 0.938169
vt 0.419684 0.919873
vt 0.564362 0.769794
vt 0.602916 0.772446
vt 0.603866 0.791112
vt 0.564362 0.769794
vt 0.603866 0.791112
vt 0.565164 0.788101
vt 0.562879 0.752994
vt 0.600073 0.753816
vt 0.602916 0.772446
vt 0.562879 0.752994
vt 0.602916 0.772446
vt 0.564362 0.769794
vt 0.596164 0.735219
vt 0.600073 0.753816
vt 0.562879 0.752994
vt 0.596164 0.735219
vt 0.562879 0.752994
vt 0.560501 0.734596
vt 0.562879 0.752994
vt 0.564362 0.769794
vt 0.522417 0.766989
vt 0.562879 0.752994
vt 0.522417 0.766989
vt 0.521997 0.748584
vt 0.521150 0.730387
vt 0.560501 0.734596
vt 0.562879 0.752994
vt 0.521150 0.730387
vt 0.562879 0.752994
vt 0.521997 0.748584
vt 0.199220 0.129651
vt 0.175571 0.115539
vt 0.186001 0.101269
vt 0.199220 0.129651
vt 0.186001 0.101269
vt 0.203391 0.108699
vt 0.451600 0.921865
vt 0.481681 0.921933
vt 0.482936 0.940751
vt 0.451600 0.921865
vt 0.482936 0.940751
vt 0.451122 0.940471
vt 0.228826 0.394841
vt 0.246892 0.396278
vt 0.245276 0.408794
vt 0.228826 0.394841
vt 0.245276 0.408794
vt 0.217998 0.409973
vt 0.245276 0.408794
vt 0.245483 0.413836
vt 0.218006 0.415201
vt 0.245276 0.408794
vt 0.218006 0.415201
vt 0.217998 0.409973
vt 0.199139 0.346146
vt 0.199091 0.341744
vt 0.225824 0.346474
vt 0.199139 0.346146
vt 0.225824 0.346474
vt 0.225626 0.350862
vt 0.199091 0.341744
vt 0.200000 0.334719
vt 0.226733 0.339448
vt 0.199091 0.341744
vt 0.226733 0.339448
vt 0.225824 0.346474
vt 0.200000 0.334719
vt 0.201236 0.329934
vt 0.227723 0.334650
vt 0.200000 0.334719
vt 0.227723 0.334650
vt 0.226733 0.339448
vt 0.228826 0.394841
vt 0.217998 0.409973
vt 0.205923 0.409601
vt 0.228826 0.394841
vt 0.205923 0.409601
vt 0.210475 0.391669
vt 0.196704 0.134238
vt 0.173000 0.119874
vt 0.175571 0.115539
vt 0.196704 0.134238
vt 0.175571 0.115539
vt 0.199220 0.129651
vt 0.210278 0.135146
vt 0.199220 0.129651
vt 0.203391 0.108699
vt 0.210278 0.135146
vt 0.203391 0.108699
vt 0.221797 0.114357
vt 0.452566 0.902599
vt 0.480074 0.902657
vt 0.481681 0.921933
vt 0.452566 0.902599
vt 0.481681 0.921933
vt 0.451600 0.921865
vt 0.217998 0.409973
vt 0.218006 0.415201
vt 0.205372 0.414684
vt 0.217998 0.409973
vt 0.205372 0.414684
vt 0.205923 0.409601
vt 0.208357 0.139882
vt 0.196704 0.134238
vt 0.199220 0.129651
vt 0.208357 0.139882
vt 0.199220 0.129651
vt 0.210278 0.135146
vt 0.225626 0.350862
vt 0.225824 0.346474
vt 0.238482 0.348527
vt 0.225626 0.350862
vt 0.238482 0.348527
vt 0.238284 0.352916
vt 0.225824 0.346474
vt 0.226733 0.339448
vt 0.239392 0.341503
vt 0.225824 0.346474
vt 0.239392 0.341503
vt 0.238482 0.348527
vt 0.240381 0.336704
vt 0.239392 0.341503
vt 0.226733 0.339448
vt 0.240381 0.336704
vt 0.226733 0.339448
vt 0.227723 0.334650
vt 0.251338 0.354766
vt 0.238284 0.352916
vt 0.238482 0.348527
vt 0.251338 0.354766
vt 0.238482 0.348527
vt 0.251901 0.350442
vt 0.238482 0.348527
vt 0.239392 0.341503
vt 0.252810 0.343417
vt 0.238482 0.348527
vt 0.252810 0.343417
vt 0.251901 0.350442
vt 0.253436 0.338553
vt 0.252810 0.343417
vt 0.239392 0.341503
vt 0.253436 0.338553
vt 0.239392 0.341503
vt 0.240381 0.336704
vt 0.194122 0.407637
vt 0.193431 0.385275
vt 0.210475 0.391669
vt 0.194122 0.407637
vt 0.210475 0.391669
vt 0.205923 0.409601
vt 0.193431 0.385275
vt 0.194122 0.407637
vt 0.161456 0.396518
vt 0.193431 0.385275
vt 0.161456 0.396518
vt 0.175599 0.375949
vt 0.222135 0.139173
vt 0.210278 0.135146
vt 0.221797 0.114357
vt 0.222135 0.139173
vt 0.221797 0.114357
vt 0.240836 0.117790
vt 0.454100 0.883160
vt 0.478107 0.883418
vt 0.480074 0.902657
vt 0.454100 0.883160
vt 0.480074 0.902657
vt 0.452566 0.902599
vt 0.205923 0.409601
vt 0.205372 0.414684
vt 0.193012 0.412578
vt 0.205923 0.409601
vt 0.193012 0.412578
vt 0.194122 0.407637
vt 0.194122 0.407637
vt 0.193012 0.412578
vt 0.159967 0.401480
vt 0.194122 0.407637
vt 0.159967 0.401480
vt 0.161456 0.396518
vt 0.251338 0.354766
vt 0.251901 0.350442
vt 0.289334 0.354853
vt 0.251338 0.354766
vt 0.289334 0.354853
vt 0.288524 0.359163
vt 0.251901 0.350442
vt 0.252810 0.343417
vt 0.290243 0.347828
vt 0.251901 0.350442
vt 0.290243 0.347828
vt 0.289334 0.354853
vt 0.252810 0.343417
vt 0.253436 0.338553
vt 0.290622 0.342951
vt 0.252810 0.343417
vt 0.290622 0.342951
vt 0.290243 0.347828
vt 0.208357 0.139882
vt 0.210278 0.135146
vt 0.222135 0.139173
vt 0.208357 0.139882
vt 0.222135 0.139173
vt 0.220810 0.144056
vt 0.222135 0.139173
vt 0.240836 0.117790
vt 0.262182 0.118939
vt 0.222135 0.139173
vt 0.262182 0.118939
vt 0.258697 0.145542
vt 0.257697 0.150626
vt 0.220810 0.144056
vt 0.222135 0.139173
vt 0.257697 0.150626
vt 0.222135 0.139173
vt 0.258697 0.145542
vt 0.539731 0.194524
vt 0.522352 0.190823
vt 0.528778 0.157305
vt 0.539731 0.194524
vt 0.528778 0.157305
vt 0.544732 0.165544
vt 0.572661 0.178070
vt 0.568080 0.199067
vt 0.539731 0.194524
vt 0.572661 0.178070
vt 0.539731 0.194524
vt 0.544732 0.165544
vt 0.521186 0.168349
vt 0.528778 0.157305
vt 0.522352 0.190823
vt 0.521186 0.168349
vt 0.522352 0.190823
vt 0.520116 0.185706
vt 0.148414 0.341883
vt 0.147846 0.345920
vt 0.145056 0.346067
vt 0.148414 0.341883
vt 0.145056 0.346067
vt 0.144639 0.343064
vt 0.519084 0.187314
vt 0.516227 0.185551
vt 0.517101 0.182797
vt 0.519084 0.187314
vt 0.517101 0.182797
vt 0.520116 0.185706
vt 0.456896 0.862748
vt 0.475561 0.862631
vt 0.478107 0.883418
vt 0.456896 0.862748
vt 0.478107 0.883418
vt 0.454100 0.883160
vt 0.285024 0.125583
vt 0.258697 0.145542
vt 0.262182 0.118939
vt 0.285024 0.125583
vt 0.262182 0.118939
vt 0.283371 0.120643
vt 0.153645 0.369480
vt 0.157245 0.366759
vt 0.175599 0.375949
vt 0.153645 0.369480
vt 0.175599 0.375949
vt 0.161456 0.396518
vt 0.461894 0.835712
vt 0.456896 0.862748
vt 0.428968 0.863477
vt 0.461894 0.835712
vt 0.428968 0.863477
vt 0.436529 0.833364
vt 0.556339 0.142782
vt 0.544732 0.165544
vt 0.528778 0.157305
vt 0.556339 0.142782
vt 0.528778 0.157305
vt 0.541353 0.132786
vt 0.020688 0.380079
vt 0.022924 0.383017
vt 0.021292 0.385119
vt 0.020688 0.380079
vt 0.021292 0.385119
vt 0.018449 0.381609
vt 0.087331 0.166486
vt 0.086476 0.170103
vt 0.083863 0.169748
vt 0.087331 0.166486
vt 0.083863 0.169748
vt 0.084716 0.166131
vt 0.520116 0.185706
vt 0.517101 0.182797
vt 0.517467 0.171011
vt 0.520116 0.185706
vt 0.517467 0.171011
vt 0.521186 0.168349
vt 0.097876 0.167427
vt 0.098111 0.171321
vt 0.086476 0.170103
vt 0.097876 0.167427
vt 0.086476 0.170103
vt 0.087331 0.166486
vt 0.520371 0.166703
vt 0.521186 0.168349
vt 0.517467 0.171011
vt 0.520371 0.166703
vt 0.517467 0.171011
vt 0.517297 0.168194
vt 0.098111 0.171321
vt 0.097876 0.167427
vt 0.100644 0.167493
vt 0.098111 0.171321
vt 0.100644 0.167493
vt 0.100864 0.171928
vt 0.097876 0.167427
vt 0.087331 0.166486
vt 0.087251 0.161529
vt 0.097876 0.167427
vt 0.087251 0.161529
vt 0.097501 0.162147
vt 0.097876 0.167427
vt 0.097501 0.162147
vt 0.100549 0.161944
vt 0.097876 0.167427
vt 0.100549 0.161944
vt 0.100644 0.167493
vt 0.018128 0.375736
vt 0.020688 0.380079
vt 0.018449 0.381609
vt 0.018128 0.375736
vt 0.018449 0.381609
vt 0.015302 0.376223
vt 0.087251 0.161529
vt 0.087331 0.166486
vt 0.084716 0.166131
vt 0.087251 0.161529
vt 0.084716 0.166131
vt 0.084609 0.161123
vt 0.018128 0.375736
vt 0.015302 0.376223
vt 0.012738 0.362876
vt 0.018128 0.375736
vt 0.012738 0.362876
vt 0.015654 0.363622
vt 0.086792 0.151146
vt 0.087251 0.161529
vt 0.084609 0.161123
vt 0.086792 0.151146
vt 0.084609 0.161123
vt 0.083863 0.150147
vt 0.147665 0.371741
vt 0.161456 0.396518
vt 0.128497 0.387341
vt 0.147665 0.371741
vt 0.128497 0.387341
vt 0.133277 0.372197
vt 0.097148 0.152237
vt 0.097501 0.162147
vt 0.087251 0.161529
vt 0.097148 0.152237
vt 0.087251 0.161529
vt 0.086792 0.151146
vt 0.099922 0.152033
vt 0.100549 0.161944
vt 0.097501 0.162147
vt 0.099922 0.152033
vt 0.097501 0.162147
vt 0.097148 0.152237
vt 0.286123 0.120670
vt 0.283371 0.120643
vt 0.283892 0.117914
vt 0.286123 0.120670
vt 0.283892 0.117914
vt 0.286804 0.117091
vt 0.283371 0.120643
vt 0.286123 0.120670
vt 0.287553 0.124699
vt 0.283371 0.120643
vt 0.287553 0.124699
vt 0.285024 0.125583
vt 0.285024 0.125583
vt 0.287553 0.124699
vt 0.290770 0.129074
vt 0.285024 0.125583
vt 0.290770 0.129074
vt 0.288677 0.130663
vt 0.299744 0.137470
vt 0.288677 0.130663
vt 0.290770 0.129074
vt 0.299744 0.137470
vt 0.290770 0.129074
vt 0.300590 0.135333
vt 0.294244 0.153684
vt 0.258697 0.145542
vt 0.288677 0.130663
vt 0.294244 0.153684
vt 0.288677 0.130663
vt 0.299744 0.137470
vt 0.451600 0.921865
vt 0.419684 0.919873
vt 0.421521 0.901146
vt 0.451600 0.921865
vt 0.421521 0.901146
vt 0.452566 0.902599
vt 0.452566 0.902599
vt 0.421521 0.901146
vt 0.424467 0.882196
vt 0.452566 0.902599
vt 0.424467 0.882196
vt 0.454100 0.883160
vt 0.596164 0.735219
vt 0.560501 0.734596
vt 0.558048 0.716891
vt 0.596164 0.735219
vt 0.558048 0.716891
vt 0.592199 0.716854
vt 0.456896 0.862748
vt 0.454100 0.883160
vt 0.424467 0.882196
vt 0.456896 0.862748
vt 0.424467 0.882196
vt 0.428968 0.863477
vt 0.411018 0.828198
vt 0.436529 0.833364
vt 0.428968 0.863477
vt 0.411018 0.828198
vt 0.428968 0.863477
vt 0.399487 0.854601
vt 0.518925 0.714518
vt 0.558048 0.716891
vt 0.560501 0.734596
vt 0.518925 0.714518
vt 0.560501 0.734596
vt 0.521150 0.730387
vt 0.518825 0.693099
vt 0.550015 0.691554
vt 0.558048 0.716891
vt 0.518825 0.693099
vt 0.558048 0.716891
vt 0.518925 0.714518
vt 0.541353 0.132786
vt 0.561235 0.108527
vt 0.573951 0.120954
vt 0.541353 0.132786
vt 0.573951 0.120954
vt 0.556339 0.142782
vt 0.564973 0.817394
vt 0.522706 0.816626
vt 0.522621 0.803839
vt 0.564973 0.817394
vt 0.522621 0.803839
vt 0.565171 0.806210
vt 0.565171 0.806210
vt 0.522621 0.803839
vt 0.522866 0.785578
vt 0.565171 0.806210
vt 0.522866 0.785578
vt 0.565164 0.788101
vt 0.565164 0.788101
vt 0.522866 0.785578
vt 0.522417 0.766989
vt 0.565164 0.788101
vt 0.522417 0.766989
vt 0.564362 0.769794
vt 0.481319 0.768401
vt 0.482366 0.749786
vt 0.521997 0.748584
vt 0.481319 0.768401
vt 0.521997 0.748584
vt 0.522417 0.766989
vt 0.521997 0.748584
vt 0.482366 0.749786
vt 0.483626 0.731557
vt 0.521997 0.748584
vt 0.483626 0.731557
vt 0.521150 0.730387
vt 0.161456 0.396518
vt 0.159967 0.401480
vt 0.127586 0.392096
vt 0.161456 0.396518
vt 0.127586 0.392096
vt 0.128497 0.387341
vt 0.288524 0.359163
vt 0.289334 0.354853
vt 0.324657 0.359284
vt 0.288524 0.359163
vt 0.324657 0.359284
vt 0.324340 0.363621
vt 0.289334 0.354853
vt 0.290243 0.347828
vt 0.325566 0.352259
vt 0.289334 0.354853
vt 0.325566 0.352259
vt 0.324657 0.359284
vt 0.290243 0.347828
vt 0.290622 0.342951
vt 0.326437 0.347409
vt 0.290243 0.347828
vt 0.326437 0.347409
vt 0.325566 0.352259
vt 0.292863 0.158315
vt 0.257697 0.150626
vt 0.258697 0.145542
vt 0.292863 0.158315
vt 0.258697 0.145542
vt 0.294244 0.153684
vt 0.393508 0.283957
vt 0.394289 0.304714
vt 0.391324 0.304886
vt 0.393508 0.283957
vt 0.391324 0.304886
vt 0.390606 0.283582
vt 0.015654 0.363622
vt 0.012738 0.362876
vt 0.020349 0.345369
vt 0.015654 0.363622
vt 0.020349 0.345369
vt 0.022924 0.347008
vt 0.133277 0.372197
vt 0.128497 0.387341
vt 0.098829 0.383754
vt 0.133277 0.372197
vt 0.098829 0.383754
vt 0.115303 0.362005
vt 0.357176 0.757358
vt 0.355061 0.777806
vt 0.346731 0.778086
vt 0.357176 0.757358
vt 0.346731 0.778086
vt 0.348842 0.757363
vt 0.359810 0.757344
vt 0.357554 0.778071
vt 0.355061 0.777806
vt 0.359810 0.757344
vt 0.355061 0.777806
vt 0.357176 0.757358
vt 0.362196 0.757576
vt 0.359806 0.779408
vt 0.357554 0.778071
vt 0.362196 0.757576
vt 0.357554 0.778071
vt 0.359810 0.757344
vt 0.323167 0.164940
vt 0.294244 0.153684
vt 0.299744 0.137470
vt 0.323167 0.164940
vt 0.299744 0.137470
vt 0.322058 0.137907
vt 0.128497 0.387341
vt 0.127586 0.392096
vt 0.098098 0.388674
vt 0.128497 0.387341
vt 0.098098 0.388674
vt 0.098829 0.383754
vt 0.324340 0.363621
vt 0.324657 0.359284
vt 0.355374 0.363870
vt 0.324340 0.363621
vt 0.355374 0.363870
vt 0.354811 0.368194
vt 0.324657 0.359284
vt 0.325566 0.352259
vt 0.356283 0.356845
vt 0.324657 0.359284
vt 0.356283 0.356845
vt 0.355374 0.363870
vt 0.325566 0.352259
vt 0.326437 0.347409
vt 0.356909 0.351981
vt 0.325566 0.352259
vt 0.356909 0.351981
vt 0.356283 0.356845
vt 0.321517 0.169624
vt 0.292863 0.158315
vt 0.294244 0.153684
vt 0.321517 0.169624
vt 0.294244 0.153684
vt 0.323167 0.164940
vt 0.063464 0.377162
vt 0.098829 0.383754
vt 0.098098 0.388674
vt 0.063464 0.377162
vt 0.098098 0.388674
vt 0.062174 0.381938
vt 0.354811 0.368194
vt 0.355374 0.363870
vt 0.393571 0.369184
vt 0.354811 0.368194
vt 0.393571 0.369184
vt 0.393008 0.373507
vt 0.355374 0.363870
vt 0.356283 0.356845
vt 0.394480 0.362159
vt 0.355374 0.363870
vt 0.394480 0.362159
vt 0.393571 0.369184
vt 0.356283 0.356845
vt 0.356909 0.351981
vt 0.395106 0.357295
vt 0.356283 0.356845
vt 0.395106 0.357295
vt 0.394480 0.362159
vt 0.321517 0.169624
vt 0.323167 0.164940
vt 0.359169 0.176412
vt 0.321517 0.169624
vt 0.359169 0.176412
vt 0.358114 0.181243
vt 0.769482 0.071284
vt 0.766687 0.057137
vt 0.796811 0.055332
vt 0.769482 0.071284
vt 0.796811 0.055332
vt 0.799385 0.069444
vt 0.398874 0.418686
vt 0.370918 0.419056
vt 0.369159 0.404736
vt 0.398874 0.418686
vt 0.369159 0.404736
vt 0.397157 0.403901
vt 0.398730 0.430821
vt 0.370486 0.433944
vt 0.370918 0.419056
vt 0.398730 0.430821
vt 0.370918 0.419056
vt 0.398874 0.418686
vt 0.698011 0.116922
vt 0.717639 0.125769
vt 0.696931 0.155411
vt 0.698011 0.116922
vt 0.696931 0.155411
vt 0.687430 0.151199
vt 0.396786 0.444721
vt 0.369159 0.444055
vt 0.370486 0.433944
vt 0.396786 0.444721
vt 0.370486 0.433944
vt 0.398730 0.430821
vt 0.853663 0.917971
vt 0.818514 0.917756
vt 0.820050 0.905731
vt 0.853663 0.917971
vt 0.820050 0.905731
vt 0.855057 0.907269
vt 0.676364 0.112649
vt 0.698011 0.116922
vt 0.687430 0.151199
vt 0.676364 0.112649
vt 0.687430 0.151199
vt 0.672737 0.147892
vt 0.817718 0.931668
vt 0.818514 0.917756
vt 0.853663 0.917971
vt 0.817718 0.931668
vt 0.853663 0.917971
vt 0.852813 0.931801
vt 0.676364 0.112649
vt 0.672737 0.147892
vt 0.657714 0.148436
vt 0.676364 0.112649
vt 0.657714 0.148436
vt 0.654481 0.113032
vt 0.657714 0.148436
vt 0.642861 0.152183
vt 0.632779 0.118289
vt 0.657714 0.148436
vt 0.632779 0.118289
vt 0.654481 0.113032
vt 0.852809 0.946418
vt 0.817377 0.946753
vt 0.817718 0.931668
vt 0.852809 0.946418
vt 0.817718 0.931668
vt 0.852813 0.931801
vt 0.853334 0.962809
vt 0.818007 0.962044
vt 0.817377 0.946753
vt 0.853334 0.962809
vt 0.817377 0.946753
vt 0.852809 0.946418
vt 0.613155 0.127901
vt 0.632779 0.118289
vt 0.642861 0.152183
vt 0.613155 0.127901
vt 0.642861 0.152183
vt 0.629428 0.159595
vt 0.278361 0.568881
vt 0.277306 0.571118
vt 0.264675 0.562923
vt 0.278361 0.568881
vt 0.264675 0.562923
vt 0.265952 0.561100
vt 0.264675 0.562923
vt 0.255491 0.553138
vt 0.257116 0.551489
vt 0.264675 0.562923
vt 0.257116 0.551489
vt 0.265952 0.561100
vt 0.016769 0.043526
vt 0.010719 0.043946
vt 0.011274 0.030394
vt 0.016769 0.043526
vt 0.011274 0.030394
vt 0.017323 0.029974
vt 0.018339 0.019818
vt 0.017323 0.029974
vt 0.011274 0.030394
vt 0.018339 0.019818
vt 0.011274 0.030394
vt 0.012482 0.020042
vt 0.652989 0.083987
vt 0.621739 0.091295
vt 0.616391 0.074729
vt 0.652989 0.083987
vt 0.616391 0.074729
vt 0.649121 0.066686
vt 0.616391 0.074729
vt 0.621739 0.091295
vt 0.596164 0.103582
vt 0.616391 0.074729
vt 0.596164 0.103582
vt 0.586522 0.088893
vt 0.447470 0.714034
vt 0.452681 0.691554
vt 0.485768 0.692906
vt 0.447470 0.714034
vt 0.485768 0.692906
vt 0.484621 0.715728
vt 0.485768 0.692906
vt 0.518825 0.693099
vt 0.518925 0.714518
vt 0.485768 0.692906
vt 0.518925 0.714518
vt 0.484621 0.715728
vt 0.654481 0.113032
vt 0.632779 0.118289
vt 0.621739 0.091295
vt 0.654481 0.113032
vt 0.621739 0.091295
vt 0.652989 0.083987
vt 0.621739 0.091295
vt 0.632779 0.118289
vt 0.613155 0.127901
vt 0.621739 0.091295
vt 0.613155 0.127901
vt 0.596164 0.103582
vt 0.652989 0.083987
vt 0.682263 0.083384
vt 0.676364 0.112649
vt 0.652989 0.083987
vt 0.676364 0.112649
vt 0.654481 0.113032
vt 0.652989 0.083987
vt 0.649121 0.066686
vt 0.682316 0.066120
vt 0.652989 0.083987
vt 0.682316 0.066120
vt 0.682263 0.083384
vt 0.572661 0.178070
vt 0.608486 0.189550
vt 0.605672 0.203829
vt 0.572661 0.178070
vt 0.605672 0.203829
vt 0.568080 0.199067
vt 0.925656 0.269776
vt 0.926155 0.255203
vt 0.960105 0.255318
vt 0.925656 0.269776
vt 0.960105 0.255318
vt 0.960076 0.269468
vt 0.582299 0.158555
vt 0.612784 0.179472
vt 0.608486 0.189550
vt 0.582299 0.158555
vt 0.608486 0.189550
vt 0.572661 0.178070
vt 0.926155 0.255203
vt 0.927356 0.244833
vt 0.961079 0.245341
vt 0.926155 0.255203
vt 0.961079 0.245341
vt 0.960105 0.255318
vt 0.927356 0.244833
vt 0.928697 0.234856
vt 0.962799 0.235546
vt 0.927356 0.244833
vt 0.962799 0.235546
vt 0.961079 0.245341
vt 0.595964 0.141552
vt 0.618093 0.169767
vt 0.612784 0.179472
vt 0.595964 0.141552
vt 0.612784 0.179472
vt 0.582299 0.158555
vt 0.819462 0.976553
vt 0.818007 0.962044
vt 0.853334 0.962809
vt 0.819462 0.976553
vt 0.853334 0.962809
vt 0.855057 0.976463
vt 0.613155 0.127901
vt 0.629428 0.159595
vt 0.618093 0.169767
vt 0.613155 0.127901
vt 0.618093 0.169767
vt 0.595964 0.141552
vt 0.582299 0.158555
vt 0.572661 0.178070
vt 0.544732 0.165544
vt 0.582299 0.158555
vt 0.544732 0.165544
vt 0.556339 0.142782
vt 0.582299 0.158555
vt 0.556339 0.142782
vt 0.573951 0.120954
vt 0.582299 0.158555
vt 0.573951 0.120954
vt 0.595964 0.141552
vt 0.307883 0.575333
vt 0.307648 0.577679
vt 0.291258 0.576309
vt 0.307883 0.575333
vt 0.291258 0.576309
vt 0.291783 0.573850
vt 0.011721 0.074116
vt 0.010778 0.058014
vt 0.016580 0.057709
vt 0.011721 0.074116
vt 0.016580 0.057709
vt 0.017389 0.073716
vt 0.321997 0.574875
vt 0.307648 0.577679
vt 0.307883 0.575333
vt 0.321997 0.574875
vt 0.307883 0.575333
vt 0.321578 0.572546
vt 0.011721 0.074116
vt 0.017389 0.073716
vt 0.018339 0.086753
vt 0.011721 0.074116
vt 0.018339 0.086753
vt 0.013434 0.087111
vt 0.291258 0.576309
vt 0.277306 0.571118
vt 0.278361 0.568881
vt 0.291258 0.576309
vt 0.278361 0.568881
vt 0.291783 0.573850
vt 0.010719 0.043946
vt 0.016769 0.043526
vt 0.016580 0.057709
vt 0.010719 0.043946
vt 0.016580 0.057709
vt 0.010778 0.058014
vt 0.912282 0.594026
vt 0.912106 0.592106
vt 0.926419 0.588288
vt 0.912282 0.594026
vt 0.926419 0.588288
vt 0.926697 0.591303
vt 0.893268 0.599932
vt 0.912106 0.592106
vt 0.912282 0.594026
vt 0.893268 0.599932
vt 0.912282 0.594026
vt 0.900687 0.599799
vt 0.051469 0.824648
vt 0.049909 0.825760
vt 0.039133 0.820227
vt 0.051469 0.824648
vt 0.039133 0.820227
vt 0.040106 0.818798
vt 0.070438 0.833086
vt 0.049909 0.825760
vt 0.051469 0.824648
vt 0.070438 0.833086
vt 0.051469 0.824648
vt 0.068719 0.831188
vt 0.435575 0.039183
vt 0.447978 0.024290
vt 0.463926 0.034101
vt 0.435575 0.039183
vt 0.463926 0.034101
vt 0.443058 0.058253
vt 0.926697 0.591303
vt 0.926419 0.588288
vt 0.941214 0.589677
vt 0.926697 0.591303
vt 0.941214 0.589677
vt 0.941168 0.591334
vt 0.040106 0.818798
vt 0.039133 0.820227
vt 0.031922 0.812592
vt 0.040106 0.818798
vt 0.031922 0.812592
vt 0.032724 0.810948
vt 0.439632 0.063412
vt 0.419837 0.060975
vt 0.427872 0.049346
vt 0.439632 0.063412
vt 0.427872 0.049346
vt 0.443058 0.058253
vt 0.960768 0.593938
vt 0.956481 0.596264
vt 0.941168 0.591334
vt 0.960768 0.593938
vt 0.941168 0.591334
vt 0.941214 0.589677
vt 0.418645 0.061168
vt 0.419837 0.060975
vt 0.408054 0.080344
vt 0.418645 0.061168
vt 0.408054 0.080344
vt 0.407822 0.078023
vt 0.419837 0.060975
vt 0.439632 0.063412
vt 0.443973 0.087626
vt 0.419837 0.060975
vt 0.443973 0.087626
vt 0.408054 0.080344
vt 0.969759 0.602482
vt 0.968136 0.604008
vt 0.956481 0.596264
vt 0.969759 0.602482
vt 0.956481 0.596264
vt 0.960768 0.593938
vt 0.339295 0.562376
vt 0.348203 0.552311
vt 0.349935 0.553790
vt 0.339295 0.562376
vt 0.349935 0.553790
vt 0.340598 0.564286
vt 0.345268 0.221065
vt 0.344750 0.234088
vt 0.340315 0.234259
vt 0.345268 0.221065
vt 0.340315 0.234259
vt 0.340819 0.220692
vt 0.983130 0.620310
vt 0.987807 0.632872
vt 0.985289 0.633112
vt 0.983130 0.620310
vt 0.985289 0.633112
vt 0.980828 0.620799
vt 0.900039 0.402876
vt 0.902241 0.415789
vt 0.900353 0.415519
vt 0.900039 0.402876
vt 0.900353 0.415519
vt 0.898123 0.402878
vt 0.331203 0.568320
vt 0.339295 0.562376
vt 0.340598 0.564286
vt 0.331203 0.568320
vt 0.340598 0.564286
vt 0.332216 0.570344
vt 0.346597 0.210874
vt 0.345268 0.221065
vt 0.340819 0.220692
vt 0.346597 0.210874
vt 0.340819 0.220692
vt 0.341792 0.211037
vt 0.976963 0.610657
vt 0.983130 0.620310
vt 0.980828 0.620799
vt 0.976963 0.610657
vt 0.980828 0.620799
vt 0.975487 0.611622
vt 0.900353 0.415519
vt 0.902241 0.415789
vt 0.905391 0.425931
vt 0.900353 0.415519
vt 0.905391 0.425931
vt 0.903748 0.426759
vt 0.332216 0.570344
vt 0.321997 0.574875
vt 0.321578 0.572546
vt 0.332216 0.570344
vt 0.321578 0.572546
vt 0.331203 0.568320
vt 0.346597 0.210874
vt 0.341792 0.211037
vt 0.343636 0.201888
vt 0.346597 0.210874
vt 0.343636 0.201888
vt 0.348441 0.201725
vt 0.976963 0.610657
vt 0.975487 0.611622
vt 0.968136 0.604008
vt 0.976963 0.610657
vt 0.968136 0.604008
vt 0.969759 0.602482
vt 0.903748 0.426759
vt 0.905391 0.425931
vt 0.909275 0.434684
vt 0.903748 0.426759
vt 0.909275 0.434684
vt 0.907631 0.435512
vt 0.969759 0.602482
vt 0.960768 0.593938
vt 0.963387 0.594796
vt 0.969759 0.602482
vt 0.963387 0.594796
vt 0.970866 0.601587
vt 0.309506 0.793924
vt 0.332983 0.781299
vt 0.339272 0.790197
vt 0.309506 0.793924
vt 0.339272 0.790197
vt 0.331068 0.797256
vt 0.406266 0.080291
vt 0.408054 0.080344
vt 0.406651 0.097109
vt 0.406266 0.080291
vt 0.406651 0.097109
vt 0.405292 0.096251
vt 0.309506 0.793924
vt 0.331068 0.797256
vt 0.330842 0.797748
vt 0.309506 0.793924
vt 0.330842 0.797748
vt 0.309450 0.796928
vt 0.309506 0.793924
vt 0.309450 0.796928
vt 0.298373 0.796819
vt 0.309506 0.793924
vt 0.298373 0.796819
vt 0.298622 0.793813
vt 0.393576 0.113228
vt 0.406651 0.097109
vt 0.408066 0.098218
vt 0.393576 0.113228
vt 0.408066 0.098218
vt 0.395911 0.114490
vt 0.387862 0.122611
vt 0.386011 0.120993
vt 0.393576 0.113228
vt 0.387862 0.122611
vt 0.393576 0.113228
vt 0.395911 0.114490
vt 0.422501 0.148277
vt 0.395911 0.114490
vt 0.408066 0.098218
vt 0.422501 0.148277
vt 0.408066 0.098218
vt 0.432148 0.144844
vt 0.408066 0.098218
vt 0.443973 0.087626
vt 0.443645 0.143419
vt 0.408066 0.098218
vt 0.443645 0.143419
vt 0.432148 0.144844
vt 0.573951 0.120954
vt 0.596164 0.103582
vt 0.613155 0.127901
vt 0.573951 0.120954
vt 0.613155 0.127901
vt 0.595964 0.141552
vt 0.573951 0.120954
vt 0.561235 0.108527
vt 0.586522 0.088893
vt 0.573951 0.120954
vt 0.586522 0.088893
vt 0.596164 0.103582
vt 0.796811 0.055332
vt 0.799200 0.054871
vt 0.801776 0.068709
vt 0.796811 0.055332
vt 0.801776 0.068709
vt 0.799385 0.069444
vt 0.799200 0.054871
vt 0.804340 0.054803
vt 0.806917 0.068368
vt 0.799200 0.054871
vt 0.806917 0.068368
vt 0.801776 0.068709
vt 0.871050 0.643198
vt 0.869260 0.638657
vt 0.871167 0.629633
vt 0.871050 0.643198
vt 0.871167 0.629633
vt 0.874492 0.629608
vt 0.114204 0.829944
vt 0.113190 0.832006
vt 0.106604 0.833788
vt 0.114204 0.829944
vt 0.106604 0.833788
vt 0.105728 0.832071
vt 0.975495 0.666816
vt 0.976553 0.682997
vt 0.969267 0.683828
vt 0.975495 0.666816
vt 0.969267 0.683828
vt 0.968009 0.668969
vt 0.799385 0.069444
vt 0.801776 0.068709
vt 0.806071 0.081209
vt 0.799385 0.069444
vt 0.806071 0.081209
vt 0.803898 0.082526
vt 0.369252 0.040999
vt 0.374257 0.040667
vt 0.375950 0.054646
vt 0.369252 0.040999
vt 0.375950 0.054646
vt 0.371022 0.055101
vt 0.881157 0.617090
vt 0.874492 0.629608
vt 0.871167 0.629633
vt 0.881157 0.617090
vt 0.871167 0.629633
vt 0.879888 0.613896
vt 0.105728 0.832071
vt 0.106604 0.833788
vt 0.086908 0.834858
vt 0.105728 0.832071
vt 0.086908 0.834858
vt 0.087837 0.833147
vt 0.106604 0.833788
vt 0.105995 0.848794
vt 0.081431 0.850171
vt 0.106604 0.833788
vt 0.081431 0.850171
vt 0.086908 0.834858
vt 0.104068 0.908231
vt 0.105995 0.848794
vt 0.114098 0.848075
vt 0.104068 0.908231
vt 0.114098 0.848075
vt 0.112689 0.905986
vt 0.080264 0.909827
vt 0.081431 0.850171
vt 0.105995 0.848794
vt 0.080264 0.909827
vt 0.105995 0.848794
vt 0.104068 0.908231
vt 0.243432 0.529878
vt 0.245505 0.529057
vt 0.249561 0.539848
vt 0.243432 0.529878
vt 0.249561 0.539848
vt 0.247712 0.541083
vt 0.375919 0.066782
vt 0.371029 0.066771
vt 0.371022 0.055101
vt 0.375919 0.066782
vt 0.371022 0.055101
vt 0.375950 0.054646
vt 0.255491 0.553138
vt 0.247712 0.541083
vt 0.249561 0.539848
vt 0.255491 0.553138
vt 0.249561 0.539848
vt 0.257116 0.551489
vt 0.374141 0.080233
vt 0.369252 0.080221
vt 0.371029 0.066771
vt 0.374141 0.080233
vt 0.371029 0.066771
vt 0.375919 0.066782
vt 0.881157 0.617090
vt 0.879888 0.613896
vt 0.886016 0.606134
vt 0.881157 0.617090
vt 0.886016 0.606134
vt 0.889321 0.608039
vt 0.087837 0.833147
vt 0.086908 0.834858
vt 0.077836 0.834236
vt 0.087837 0.833147
vt 0.077836 0.834236
vt 0.077966 0.832626
vt 0.075591 0.849451
vt 0.077836 0.834236
vt 0.086908 0.834858
vt 0.075591 0.849451
vt 0.086908 0.834858
vt 0.081431 0.850171
vt 0.893268 0.599932
vt 0.900687 0.599799
vt 0.889321 0.608039
vt 0.893268 0.599932
vt 0.889321 0.608039
vt 0.886016 0.606134
vt 0.070438 0.833086
vt 0.068719 0.831188
vt 0.077966 0.832626
vt 0.070438 0.833086
vt 0.077966 0.832626
vt 0.077836 0.834236
vt 0.070334 0.848446
vt 0.070438 0.833086
vt 0.077836 0.834236
vt 0.070334 0.848446
vt 0.077836 0.834236
vt 0.075591 0.849451
vt 0.074677 0.909283
vt 0.075591 0.849451
vt 0.081431 0.850171
vt 0.074677 0.909283
vt 0.081431 0.850171
vt 0.080264 0.909827
vt 0.069676 0.908142
vt 0.070334 0.848446
vt 0.075591 0.849451
vt 0.069676 0.908142
vt 0.075591 0.849451
vt 0.074677 0.909283
vt 0.084553 0.025255
vt 0.084553 0.017784
vt 0.089527 0.018117
vt 0.084553 0.025255
vt 0.089527 0.018117
vt 0.090726 0.024044
vt 0.092133 0.029439
vt 0.085768 0.029801
vt 0.084553 0.025255
vt 0.092133 0.029439
vt 0.084553 0.025255
vt 0.090726 0.024044
vt 0.407559 0.591426
vt 0.408963 0.586013
vt 0.412276 0.586018
vt 0.407559 0.591426
vt 0.412276 0.586018
vt 0.410873 0.591431
vt 0.077941 0.450041
vt 0.077511 0.454682
vt 0.070681 0.454618
vt 0.077941 0.450041
vt 0.070681 0.454618
vt 0.070906 0.452460
vt 0.071340 0.450059
vt 0.070906 0.452460
vt 0.064440 0.453174
vt 0.071340 0.450059
vt 0.064440 0.453174
vt 0.064463 0.451835
vt 0.077511 0.454682
vt 0.076537 0.486278
vt 0.070506 0.487656
vt 0.077511 0.454682
vt 0.070506 0.487656
vt 0.070681 0.454618
vt 0.064620 0.454533
vt 0.064440 0.453174
vt 0.070906 0.452460
vt 0.064620 0.454533
vt 0.070906 0.452460
vt 0.070681 0.454618
vt 0.668306 0.257794
vt 0.667869 0.255510
vt 0.674809 0.252255
vt 0.668306 0.257794
vt 0.674809 0.252255
vt 0.674987 0.254792
vt 0.681811 0.253285
vt 0.674987 0.254792
vt 0.674809 0.252255
vt 0.681811 0.253285
vt 0.674809 0.252255
vt 0.681908 0.250727
vt 0.076537 0.486278
vt 0.076126 0.488453
vt 0.070286 0.489826
vt 0.076537 0.486278
vt 0.070286 0.489826
vt 0.070506 0.487656
vt 0.668306 0.257794
vt 0.674987 0.254792
vt 0.675156 0.256971
vt 0.668306 0.257794
vt 0.675156 0.256971
vt 0.669271 0.259534
vt 0.668306 0.257794
vt 0.669271 0.259534
vt 0.665385 0.262731
vt 0.668306 0.257794
vt 0.665385 0.262731
vt 0.663884 0.261175
vt 0.418598 0.442049
vt 0.419182 0.444377
vt 0.414463 0.444721
vt 0.418598 0.442049
vt 0.414463 0.444721
vt 0.414599 0.442206
vt 0.414463 0.444721
vt 0.408977 0.442448
vt 0.410191 0.440244
vt 0.414463 0.444721
vt 0.410191 0.440244
vt 0.414599 0.442206
vt 0.681143 0.255378
vt 0.675156 0.256971
vt 0.674987 0.254792
vt 0.681143 0.255378
vt 0.674987 0.254792
vt 0.681811 0.253285
vt 0.408977 0.442448
vt 0.404826 0.437743
vt 0.406812 0.436381
vt 0.408977 0.442448
vt 0.406812 0.436381
vt 0.410191 0.440244
vt 0.004715 0.531832
vt 0.003953 0.529322
vt 0.009886 0.527181
vt 0.004715 0.531832
vt 0.009886 0.527181
vt 0.010377 0.529685
vt 0.686757 0.255877
vt 0.681143 0.255378
vt 0.681811 0.253285
vt 0.686757 0.255877
vt 0.681811 0.253285
vt 0.687713 0.253907
vt 0.404751 0.430519
vt 0.406812 0.436381
vt 0.404826 0.437743
vt 0.404751 0.430519
vt 0.404826 0.437743
vt 0.402353 0.430944
vt 0.361061 0.434148
vt 0.360439 0.440849
vt 0.357436 0.441816
vt 0.361061 0.434148
vt 0.357436 0.441816
vt 0.355938 0.437879
vt 0.362377 0.434598
vt 0.362119 0.440616
vt 0.360439 0.440849
vt 0.362377 0.434598
vt 0.360439 0.440849
vt 0.361061 0.434148
vt 0.355938 0.437879
vt 0.355266 0.437160
vt 0.359016 0.433131
vt 0.355938 0.437879
vt 0.359016 0.433131
vt 0.361061 0.434148
vt 0.309471 0.530496
vt 0.309139 0.531867
vt 0.304024 0.531887
vt 0.309471 0.530496
vt 0.304024 0.531887
vt 0.304139 0.529972
vt 0.304051 0.566317
vt 0.304024 0.531887
vt 0.309139 0.531867
vt 0.304051 0.566317
vt 0.309139 0.531867
vt 0.309167 0.565746
vt 0.064620 0.454533
vt 0.070681 0.454618
vt 0.070506 0.487656
vt 0.064620 0.454533
vt 0.070506 0.487656
vt 0.064440 0.488396
vt 0.361061 0.434148
vt 0.359016 0.433131
vt 0.360362 0.428849
vt 0.361061 0.434148
vt 0.360362 0.428849
vt 0.362893 0.428954
vt 0.304139 0.529972
vt 0.304024 0.531887
vt 0.299554 0.532162
vt 0.304139 0.529972
vt 0.299554 0.532162
vt 0.299395 0.529972
vt 0.299581 0.566316
vt 0.299554 0.532162
vt 0.304024 0.531887
vt 0.299581 0.566316
vt 0.304024 0.531887
vt 0.304051 0.566317
vt 0.362893 0.428954
vt 0.360362 0.428849
vt 0.360902 0.410936
vt 0.362893 0.428954
vt 0.360902 0.410936
vt 0.363013 0.410616
vt 0.282297 0.566258
vt 0.282269 0.531828
vt 0.299554 0.532162
vt 0.282297 0.566258
vt 0.299554 0.532162
vt 0.299581 0.566316
vt 0.364488 0.404922
vt 0.363013 0.410616
vt 0.360902 0.410936
vt 0.364488 0.404922
vt 0.360902 0.410936
vt 0.361478 0.405809
vt 0.360902 0.410936
vt 0.359687 0.411282
vt 0.359839 0.406321
vt 0.360902 0.410936
vt 0.359839 0.406321
vt 0.361478 0.405809
vt 0.282298 0.530729
vt 0.282269 0.531828
vt 0.277898 0.531807
vt 0.282298 0.530729
vt 0.277898 0.531807
vt 0.277407 0.530713
vt 0.312082 0.622934
vt 0.312029 0.621159
vt 0.313673 0.621159
vt 0.312082 0.622934
vt 0.313673 0.621159
vt 0.313744 0.623527
vt 0.006368 0.040732
vt 0.005749 0.042001
vt 0.002916 0.042061
vt 0.006368 0.040732
vt 0.002916 0.042061
vt 0.002924 0.040426
vt 0.528331 0.484859
vt 0.527360 0.483764
vt 0.529500 0.483757
vt 0.528331 0.484859
vt 0.529500 0.483757
vt 0.530861 0.484852
vt 0.310438 0.622934
vt 0.310385 0.621159
vt 0.312029 0.621159
vt 0.310438 0.622934
vt 0.312029 0.621159
vt 0.312082 0.622934
vt 0.002924 0.040426
vt 0.002931 0.038791
vt 0.006622 0.038717
vt 0.002924 0.040426
vt 0.006622 0.038717
vt 0.006368 0.040732
vt 0.005251 0.016387
vt 0.006877 0.036793
vt 0.002931 0.038791
vt 0.005251 0.016387
vt 0.002931 0.038791
vt 0.003031 0.016995
vt 0.041199 0.472121
vt 0.038704 0.472008
vt 0.038859 0.470268
vt 0.041199 0.472121
vt 0.038859 0.470268
vt 0.041356 0.471191
vt 0.528331 0.484859
vt 0.530861 0.484852
vt 0.531639 0.486779
vt 0.528331 0.484859
vt 0.531639 0.486779
vt 0.528721 0.486786
vt 0.432903 0.003392
vt 0.433218 0.005306
vt 0.430940 0.005383
vt 0.432903 0.003392
vt 0.430940 0.005383
vt 0.430685 0.004297
vt 0.041227 0.473548
vt 0.038711 0.473626
vt 0.038704 0.472008
vt 0.041227 0.473548
vt 0.038704 0.472008
vt 0.041199 0.472121
vt 0.280798 0.621159
vt 0.288469 0.621159
vt 0.310438 0.622934
vt 0.280798 0.621159
vt 0.310438 0.622934
vt 0.278117 0.622664
vt 0.040962 0.505663
vt 0.038651 0.505508
vt 0.038711 0.473626
vt 0.040962 0.505663
vt 0.038711 0.473626
vt 0.041227 0.473548
vt 0.433218 0.005306
vt 0.433259 0.007231
vt 0.431284 0.007299
vt 0.433218 0.005306
vt 0.431284 0.007299
vt 0.430940 0.005383
vt 0.528721 0.486786
vt 0.531639 0.486779
vt 0.531832 0.488699
vt 0.528721 0.486786
vt 0.531832 0.488699
vt 0.528913 0.488707
vt 0.528913 0.488707
vt 0.531832 0.488699
vt 0.529313 0.509656
vt 0.528913 0.488707
vt 0.529313 0.509656
vt 0.526394 0.509663
vt 0.431223 0.028279
vt 0.431284 0.007299
vt 0.433259 0.007231
vt 0.431223 0.028279
vt 0.433259 0.007231
vt 0.433198 0.028211
vt 0.232669 0.087304
vt 0.231076 0.087096
vt 0.231074 0.085149
vt 0.232669 0.087304
vt 0.231074 0.085149
vt 0.232788 0.085401
vt 0.429463 0.028333
vt 0.429525 0.007353
vt 0.431284 0.007299
vt 0.429463 0.028333
vt 0.431284 0.007299
vt 0.431223 0.028279
vt 0.073634 0.932017
vt 0.074677 0.909283
vt 0.080264 0.909827
vt 0.073634 0.932017
vt 0.080264 0.909827
vt 0.079094 0.932629
vt 0.068632 0.930876
vt 0.069676 0.908142
vt 0.074677 0.909283
vt 0.068632 0.930876
vt 0.074677 0.909283
vt 0.073634 0.932017
vt 0.303965 0.568235
vt 0.304051 0.566317
vt 0.309167 0.565746
vt 0.303965 0.568235
vt 0.309167 0.565746
vt 0.308532 0.567941
vt 0.064440 0.488396
vt 0.070506 0.487656
vt 0.070286 0.489826
vt 0.064440 0.488396
vt 0.070286 0.489826
vt 0.064610 0.490569
vt 0.304051 0.566317
vt 0.303965 0.568235
vt 0.299769 0.568509
vt 0.304051 0.566317
vt 0.299769 0.568509
vt 0.299581 0.566316
vt 0.427229 0.439728
vt 0.424524 0.443130
vt 0.423075 0.442162
vt 0.427229 0.439728
vt 0.423075 0.442162
vt 0.425299 0.439081
vt 0.427229 0.439728
vt 0.425299 0.439081
vt 0.426207 0.435554
vt 0.427229 0.439728
vt 0.426207 0.435554
vt 0.428258 0.435972
vt 0.299581 0.566316
vt 0.299769 0.568509
vt 0.282788 0.568453
vt 0.299581 0.566316
vt 0.282788 0.568453
vt 0.282297 0.566258
vt 0.110284 0.156815
vt 0.116523 0.156504
vt 0.116523 0.160622
vt 0.110284 0.156815
vt 0.116523 0.160622
vt 0.108968 0.160749
vt 0.116523 0.160622
vt 0.116911 0.164620
vt 0.108817 0.164757
vt 0.116523 0.160622
vt 0.108817 0.164757
vt 0.108968 0.160749
vt 0.276917 0.599083
vt 0.277579 0.596206
vt 0.285798 0.596206
vt 0.276917 0.599083
vt 0.285798 0.596206
vt 0.285684 0.599083
vt 0.112325 0.152344
vt 0.116911 0.152266
vt 0.116523 0.156504
vt 0.112325 0.152344
vt 0.116523 0.156504
vt 0.110284 0.156815
vt 0.036678 0.196855
vt 0.032046 0.196878
vt 0.033493 0.192192
vt 0.036678 0.196855
vt 0.033493 0.192192
vt 0.036491 0.192177
vt 0.105080 0.161044
vt 0.106417 0.156514
vt 0.110284 0.156815
vt 0.105080 0.161044
vt 0.110284 0.156815
vt 0.108968 0.160749
vt 0.110284 0.156815
vt 0.106417 0.156514
vt 0.108459 0.152043
vt 0.110284 0.156815
vt 0.108459 0.152043
vt 0.112325 0.152344
vt 0.032046 0.196878
vt 0.028161 0.197144
vt 0.029861 0.192211
vt 0.032046 0.196878
vt 0.029861 0.192211
vt 0.033493 0.192192
vt 0.663884 0.261175
vt 0.665385 0.262731
vt 0.663171 0.265916
vt 0.663884 0.261175
vt 0.663171 0.265916
vt 0.661434 0.264812
vt 0.104929 0.165051
vt 0.105080 0.161044
vt 0.108968 0.160749
vt 0.104929 0.165051
vt 0.108968 0.160749
vt 0.108817 0.164757
vt 0.419182 0.444377
vt 0.418598 0.442049
vt 0.421834 0.439946
vt 0.419182 0.444377
vt 0.421834 0.439946
vt 0.423075 0.442162
vt 0.273053 0.599033
vt 0.273693 0.595834
vt 0.277579 0.596206
vt 0.273053 0.599033
vt 0.277579 0.596206
vt 0.276917 0.599083
vt 0.423394 0.437490
vt 0.425299 0.439081
vt 0.423075 0.442162
vt 0.423394 0.437490
vt 0.423075 0.442162
vt 0.421834 0.439946
vt 0.285684 0.599083
vt 0.285711 0.602214
vt 0.276916 0.602163
vt 0.285684 0.599083
vt 0.276916 0.602163
vt 0.276917 0.599083
vt 0.277394 0.618148
vt 0.276916 0.602163
vt 0.285711 0.602214
vt 0.277394 0.618148
vt 0.285711 0.602214
vt 0.286160 0.618148
vt 0.273052 0.602113
vt 0.273053 0.599033
vt 0.276917 0.599083
vt 0.273052 0.602113
vt 0.276917 0.599083
vt 0.276916 0.602163
vt 0.425299 0.439081
vt 0.423394 0.437490
vt 0.424243 0.434708
vt 0.425299 0.439081
vt 0.424243 0.434708
vt 0.426207 0.435554
vt 0.273525 0.618368
vt 0.273052 0.602113
vt 0.276916 0.602163
vt 0.273525 0.618368
vt 0.276916 0.602163
vt 0.277394 0.618148
vt 0.428258 0.435972
vt 0.426207 0.435554
vt 0.426382 0.418763
vt 0.428258 0.435972
vt 0.426382 0.418763
vt 0.428674 0.418724
vt 0.426207 0.435554
vt 0.424243 0.434708
vt 0.424416 0.418508
vt 0.426207 0.435554
vt 0.424416 0.418508
vt 0.426382 0.418763
vt 0.034735 0.186639
vt 0.036678 0.186506
vt 0.036491 0.192177
vt 0.034735 0.186639
vt 0.036491 0.192177
vt 0.033493 0.192192
vt 0.033493 0.192192
vt 0.029861 0.192211
vt 0.031391 0.186288
vt 0.033493 0.192192
vt 0.031391 0.186288
vt 0.034735 0.186639
vt 0.263623 0.184436
vt 0.261756 0.184988
vt 0.261945 0.178484
vt 0.263623 0.184436
vt 0.261945 0.178484
vt 0.262764 0.178393
vt 0.261756 0.184988
vt 0.258524 0.185682
vt 0.258986 0.179138
vt 0.261756 0.184988
vt 0.258986 0.179138
vt 0.261945 0.178484
vt 0.404751 0.430519
vt 0.402353 0.430944
vt 0.402152 0.423278
vt 0.404751 0.430519
vt 0.402152 0.423278
vt 0.404612 0.423370
vt 0.018175 0.528028
vt 0.010377 0.529685
vt 0.009886 0.527181
vt 0.018175 0.528028
vt 0.009886 0.527181
vt 0.017734 0.525496
vt 0.018735 0.529829
vt 0.011530 0.531194
vt 0.010377 0.529685
vt 0.018735 0.529829
vt 0.010377 0.529685
vt 0.018175 0.528028
vt 0.027396 0.526791
vt 0.018175 0.528028
vt 0.017734 0.525496
vt 0.027396 0.526791
vt 0.017734 0.525496
vt 0.027175 0.524291
vt 0.262764 0.178393
vt 0.261945 0.178484
vt 0.260808 0.170663
vt 0.262764 0.178393
vt 0.260808 0.170663
vt 0.261625 0.170543
vt 0.261945 0.178484
vt 0.258986 0.179138
vt 0.258624 0.170867
vt 0.261945 0.178484
vt 0.258624 0.170867
vt 0.260808 0.170663
vt 0.018735 0.529829
vt 0.018175 0.528028
vt 0.027396 0.526791
vt 0.018735 0.529829
vt 0.027396 0.526791
vt 0.027364 0.528334
vt 0.405909 0.415176
vt 0.404612 0.423370
vt 0.402152 0.423278
vt 0.405909 0.415176
vt 0.402152 0.423278
vt 0.403697 0.414707
vt 0.286160 0.618148
vt 0.286219 0.619653
vt 0.278834 0.620516
vt 0.286160 0.618148
vt 0.278834 0.620516
vt 0.277394 0.618148
vt 0.215081 0.447261
vt 0.222218 0.451406
vt 0.222361 0.452950
vt 0.215081 0.447261
vt 0.222361 0.452950
vt 0.210184 0.448431
vt 0.286219 0.619653
vt 0.286236 0.620245
vt 0.279679 0.620837
vt 0.286219 0.619653
vt 0.279679 0.620837
vt 0.278834 0.620516
vt 0.279679 0.620837
vt 0.286236 0.620245
vt 0.287350 0.620837
vt 0.279679 0.620837
vt 0.287350 0.620837
vt 0.280798 0.621159
vt 0.526586 0.512135
vt 0.526394 0.509663
vt 0.529313 0.509656
vt 0.526586 0.512135
vt 0.529313 0.509656
vt 0.529116 0.511026
vt 0.529116 0.511026
vt 0.529500 0.511839
vt 0.527162 0.513493
vt 0.529116 0.511026
vt 0.527162 0.513493
vt 0.526586 0.512135
vt 0.013353 0.135629
vt 0.013132 0.137543
vt 0.010976 0.135745
vt 0.013353 0.135629
vt 0.010976 0.135745
vt 0.011266 0.134938
vt 0.433198 0.028211
vt 0.433259 0.030686
vt 0.431284 0.030754
vt 0.433198 0.028211
vt 0.431284 0.030754
vt 0.431223 0.028279
vt 0.433259 0.030686
vt 0.433222 0.032056
vt 0.432068 0.032093
vt 0.433259 0.030686
vt 0.432068 0.032093
vt 0.431284 0.030754
vt 0.280798 0.621159
vt 0.278117 0.622664
vt 0.276724 0.622343
vt 0.280798 0.621159
vt 0.276724 0.622343
vt 0.279679 0.620837
vt 0.275308 0.621700
vt 0.278834 0.620516
vt 0.279679 0.620837
vt 0.275308 0.621700
vt 0.279679 0.620837
vt 0.276724 0.622343
vt 0.424516 0.409443
vt 0.424158 0.408945
vt 0.426024 0.407813
vt 0.424516 0.409443
vt 0.426024 0.407813
vt 0.426380 0.408902
vt 0.481399 0.515828
vt 0.480911 0.518077
vt 0.477198 0.515689
vt 0.481399 0.515828
vt 0.477198 0.515689
vt 0.478023 0.513768
vt 0.428674 0.418724
vt 0.426382 0.418763
vt 0.426243 0.414059
vt 0.428674 0.418724
vt 0.426243 0.414059
vt 0.428592 0.413866
vt 0.275308 0.621700
vt 0.273525 0.618368
vt 0.277394 0.618148
vt 0.275308 0.621700
vt 0.277394 0.618148
vt 0.278834 0.620516
vt 0.426243 0.414059
vt 0.426382 0.418763
vt 0.424416 0.418508
vt 0.426243 0.414059
vt 0.424416 0.418508
vt 0.424451 0.414605
vt 0.043029 0.508182
vt 0.040859 0.508908
vt 0.040991 0.507361
vt 0.043029 0.508182
vt 0.040991 0.507361
vt 0.043162 0.506904
vt 0.477625 0.512849
vt 0.478023 0.513768
vt 0.477198 0.515689
vt 0.477625 0.512849
vt 0.477198 0.515689
vt 0.476464 0.514442
vt 0.038679 0.506935
vt 0.038651 0.505508
vt 0.040962 0.505663
vt 0.038679 0.506935
vt 0.040962 0.505663
vt 0.040991 0.507361
vt 0.040859 0.508908
vt 0.038730 0.508441
vt 0.038679 0.506935
vt 0.040859 0.508908
vt 0.038679 0.506935
vt 0.040991 0.507361
vt 0.040962 0.505663
vt 0.041227 0.473548
vt 0.043217 0.473674
vt 0.040962 0.505663
vt 0.043217 0.473674
vt 0.043134 0.505478
vt 0.043162 0.506904
vt 0.040991 0.507361
vt 0.040962 0.505663
vt 0.043162 0.506904
vt 0.040962 0.505663
vt 0.043134 0.505478
vt 0.261625 0.170543
vt 0.260808 0.170663
vt 0.260244 0.166900
vt 0.261625 0.170543
vt 0.260244 0.166900
vt 0.261103 0.167079
vt 0.260808 0.170663
vt 0.258624 0.170867
vt 0.258524 0.166481
vt 0.260808 0.170663
vt 0.258524 0.166481
vt 0.260244 0.166900
vt 0.034064 0.526430
vt 0.027396 0.526791
vt 0.027175 0.524291
vt 0.034064 0.526430
vt 0.027175 0.524291
vt 0.034386 0.523942
vt 0.033271 0.527931
vt 0.027364 0.528334
vt 0.027396 0.526791
vt 0.033271 0.527931
vt 0.027396 0.526791
vt 0.034064 0.526430
vt 0.405909 0.415176
vt 0.403697 0.414707
vt 0.406718 0.409670
vt 0.405909 0.415176
vt 0.406718 0.409670
vt 0.408206 0.411509
vt 0.048823 0.050652
vt 0.048004 0.050846
vt 0.048005 0.044998
vt 0.048823 0.050652
vt 0.048005 0.044998
vt 0.048818 0.045002
vt 0.048818 0.045002
vt 0.050432 0.044626
vt 0.050432 0.050863
vt 0.048818 0.045002
vt 0.050432 0.050863
vt 0.048823 0.050652
vt 0.587724 0.942457
vt 0.580174 0.942663
vt 0.580151 0.940156
vt 0.587724 0.942457
vt 0.580151 0.940156
vt 0.587678 0.939872
vt 0.580836 0.944279
vt 0.580174 0.942663
vt 0.587724 0.942457
vt 0.580836 0.944279
vt 0.587724 0.942457
vt 0.587997 0.944078
vt 0.413847 0.409651
vt 0.408206 0.411509
vt 0.406718 0.409670
vt 0.413847 0.409651
vt 0.406718 0.409670
vt 0.413199 0.407397
vt 0.048021 0.056101
vt 0.048004 0.050846
vt 0.048823 0.050652
vt 0.048021 0.056101
vt 0.048823 0.050652
vt 0.048834 0.056106
vt 0.048866 0.059601
vt 0.048040 0.059602
vt 0.048021 0.056101
vt 0.048866 0.059601
vt 0.048021 0.056101
vt 0.048834 0.056106
vt 0.012717 0.130084
vt 0.010681 0.130774
vt 0.008922 0.126827
vt 0.012717 0.130084
vt 0.008922 0.126827
vt 0.010959 0.126137
vt 0.010582 0.134611
vt 0.010621 0.134061
vt 0.011447 0.134396
vt 0.010582 0.134611
vt 0.011447 0.134396
vt 0.011266 0.134938
vt 0.010621 0.134061
vt 0.010784 0.133793
vt 0.011485 0.133846
vt 0.010621 0.134061
vt 0.011485 0.133846
vt 0.011447 0.134396
vt 0.011447 0.134396
vt 0.011485 0.133846
vt 0.013754 0.133995
vt 0.011447 0.134396
vt 0.013754 0.133995
vt 0.013717 0.134544
vt 0.011485 0.133846
vt 0.010681 0.130774
vt 0.012717 0.130084
vt 0.011485 0.133846
vt 0.012717 0.130084
vt 0.013754 0.133995
vt 0.423322 0.408177
vt 0.418886 0.408343
vt 0.418477 0.406224
vt 0.423322 0.408177
vt 0.418477 0.406224
vt 0.424232 0.405913
vt 0.593647 0.944051
vt 0.587997 0.944078
vt 0.587724 0.942457
vt 0.593647 0.944051
vt 0.587724 0.942457
vt 0.593557 0.942389
vt 0.413847 0.409651
vt 0.413199 0.407397
vt 0.418477 0.406224
vt 0.413847 0.409651
vt 0.418477 0.406224
vt 0.418886 0.408343
vt 0.418477 0.406224
vt 0.418321 0.404399
vt 0.425154 0.404399
vt 0.418477 0.406224
vt 0.425154 0.404399
vt 0.424232 0.405913
vt 0.593557 0.942389
vt 0.587724 0.942457
vt 0.587678 0.939872
vt 0.593557 0.942389
vt 0.587678 0.939872
vt 0.593718 0.939841
vt 0.600648 0.940191
vt 0.600464 0.942661
vt 0.593557 0.942389
vt 0.600648 0.940191
vt 0.593557 0.942389
vt 0.593718 0.939841
vt 0.424158 0.408945
vt 0.423801 0.408447
vt 0.425308 0.406816
vt 0.424158 0.408945
vt 0.425308 0.406816
vt 0.426024 0.407813
vt 0.423801 0.408447
vt 0.423322 0.408177
vt 0.424232 0.405913
vt 0.423801 0.408447
vt 0.424232 0.405913
vt 0.425308 0.406816
vt 0.483626 0.731557
vt 0.444164 0.730152
vt 0.447470 0.714034
vt 0.483626 0.731557
vt 0.447470 0.714034
vt 0.484621 0.715728
vt 0.518925 0.714518
vt 0.521150 0.730387
vt 0.483626 0.731557
vt 0.518925 0.714518
vt 0.483626 0.731557
vt 0.484621 0.715728
vt 0.357176 0.757358
vt 0.348842 0.757363
vt 0.348647 0.752134
vt 0.357176 0.757358
vt 0.348647 0.752134
vt 0.357126 0.752124
vt 0.357176 0.757358
vt 0.357126 0.752124
vt 0.359607 0.751288
vt 0.357176 0.757358
vt 0.359607 0.751288
vt 0.359810 0.757344
vt 0.075245 0.149173
vt 0.075229 0.159670
vt 0.064209 0.159203
vt 0.075245 0.149173
vt 0.064209 0.159203
vt 0.064209 0.148981
vt 0.357126 0.752124
vt 0.354612 0.740619
vt 0.357478 0.740329
vt 0.357126 0.752124
vt 0.357478 0.740329
vt 0.359607 0.751288
vt 0.117616 0.360194
vt 0.115303 0.362005
vt 0.111738 0.358005
vt 0.117616 0.360194
vt 0.111738 0.358005
vt 0.114212 0.356710
vt 0.394289 0.278774
vt 0.393508 0.283957
vt 0.390606 0.283582
vt 0.394289 0.278774
vt 0.390606 0.283582
vt 0.391417 0.278126
vt 0.114212 0.356710
vt 0.111738 0.358005
vt 0.107156 0.348286
vt 0.114212 0.356710
vt 0.107156 0.348286
vt 0.109829 0.346805
vt 0.064209 0.159203
vt 0.075229 0.159670
vt 0.075649 0.162759
vt 0.064209 0.159203
vt 0.075649 0.162759
vt 0.064431 0.162274
vt 0.111738 0.358005
vt 0.098829 0.383754
vt 0.063464 0.377162
vt 0.111738 0.358005
vt 0.063464 0.377162
vt 0.107156 0.348286
vt 0.345894 0.335341
vt 0.343700 0.348441
vt 0.341010 0.347861
vt 0.345894 0.335341
vt 0.341010 0.347861
vt 0.342984 0.335023
vt 0.109829 0.346805
vt 0.107156 0.348286
vt 0.099846 0.340121
vt 0.109829 0.346805
vt 0.099846 0.340121
vt 0.102158 0.338310
vt 0.353906 0.727416
vt 0.354612 0.740619
vt 0.346369 0.740628
vt 0.353906 0.727416
vt 0.346369 0.740628
vt 0.345518 0.727429
vt 0.356775 0.727401
vt 0.357478 0.740329
vt 0.354612 0.740619
vt 0.356775 0.727401
vt 0.354612 0.740619
vt 0.353906 0.727416
vt 0.359810 0.757344
vt 0.359607 0.751288
vt 0.361827 0.749321
vt 0.359810 0.757344
vt 0.361827 0.749321
vt 0.362196 0.757576
vt 0.359855 0.739735
vt 0.361827 0.749321
vt 0.359607 0.751288
vt 0.359855 0.739735
vt 0.359607 0.751288
vt 0.357478 0.740329
vt 0.359158 0.727357
vt 0.359855 0.739735
vt 0.357478 0.740329
vt 0.359158 0.727357
vt 0.357478 0.740329
vt 0.356775 0.727401
vt 0.345894 0.335341
vt 0.342984 0.335023
vt 0.343214 0.322083
vt 0.345894 0.335341
vt 0.343214 0.322083
vt 0.346149 0.322127
vt 0.345518 0.727429
vt 0.346113 0.714187
vt 0.354356 0.714179
vt 0.345518 0.727429
vt 0.354356 0.714179
vt 0.353906 0.727416
vt 0.303213 0.190268
vt 0.300217 0.189686
vt 0.302026 0.179520
vt 0.303213 0.190268
vt 0.302026 0.179520
vt 0.304886 0.179585
vt 0.304886 0.179585
vt 0.302026 0.179520
vt 0.300217 0.168976
vt 0.304886 0.179585
vt 0.300217 0.168976
vt 0.303141 0.168822
vt 0.343756 0.310139
vt 0.346149 0.322127
vt 0.343214 0.322083
vt 0.343756 0.310139
vt 0.343214 0.322083
vt 0.341015 0.310106
vt 0.356840 0.701986
vt 0.354356 0.714179
vt 0.346113 0.714187
vt 0.356840 0.701986
vt 0.346113 0.714187
vt 0.348599 0.702270
vt 0.353906 0.727416
vt 0.354356 0.714179
vt 0.357225 0.714164
vt 0.353906 0.727416
vt 0.357225 0.714164
vt 0.356775 0.727401
vt 0.354356 0.714179
vt 0.356840 0.701986
vt 0.359711 0.702246
vt 0.354356 0.714179
vt 0.359711 0.702246
vt 0.357225 0.714164
vt 0.341015 0.310106
vt 0.341010 0.305972
vt 0.343726 0.306279
vt 0.341015 0.310106
vt 0.343726 0.306279
vt 0.343756 0.310139
vt 0.300572 0.164799
vt 0.303568 0.165381
vt 0.303141 0.168822
vt 0.300572 0.164799
vt 0.303141 0.168822
vt 0.300217 0.168976
vt 0.348599 0.702270
vt 0.348851 0.698406
vt 0.356953 0.698676
vt 0.348599 0.702270
vt 0.356953 0.698676
vt 0.356840 0.701986
vt 0.356840 0.701986
vt 0.356953 0.698676
vt 0.359821 0.698662
vt 0.356840 0.701986
vt 0.359821 0.698662
vt 0.359711 0.702246
vt 0.291061 0.793780
vt 0.298622 0.793813
vt 0.298373 0.796819
vt 0.291061 0.793780
vt 0.298373 0.796819
vt 0.290619 0.796790
vt 0.359616 0.714947
vt 0.359158 0.727357
vt 0.356775 0.727401
vt 0.359616 0.714947
vt 0.356775 0.727401
vt 0.357225 0.714164
vt 0.362099 0.702753
vt 0.359616 0.714947
vt 0.357225 0.714164
vt 0.362099 0.702753
vt 0.357225 0.714164
vt 0.359711 0.702246
vt 0.362099 0.702753
vt 0.359711 0.702246
vt 0.359821 0.698662
vt 0.362099 0.702753
vt 0.359821 0.698662
vt 0.362196 0.697792
vt 0.402168 0.183908
vt 0.359169 0.176412
vt 0.375908 0.128330
vt 0.402168 0.183908
vt 0.375908 0.128330
vt 0.380819 0.127648
vt 0.379451 0.125673
vt 0.386011 0.120993
vt 0.387862 0.122611
vt 0.379451 0.125673
vt 0.387862 0.122611
vt 0.380819 0.127648
vt 0.380819 0.127648
vt 0.387862 0.122611
vt 0.415634 0.155383
vt 0.380819 0.127648
vt 0.415634 0.155383
vt 0.414004 0.162006
vt 0.023499 0.369124
vt 0.025509 0.365989
vt 0.063464 0.377162
vt 0.023499 0.369124
vt 0.063464 0.377162
vt 0.062174 0.381938
vt 0.393008 0.373507
vt 0.393571 0.369184
vt 0.438591 0.374464
vt 0.393008 0.373507
vt 0.438591 0.374464
vt 0.436748 0.378128
vt 0.393571 0.369184
vt 0.394480 0.362159
vt 0.438643 0.367347
vt 0.393571 0.369184
vt 0.438643 0.367347
vt 0.438591 0.374464
vt 0.394480 0.362159
vt 0.395106 0.357295
vt 0.439022 0.362469
vt 0.394480 0.362159
vt 0.439022 0.362469
vt 0.438643 0.367347
vt 0.401707 0.188887
vt 0.358114 0.181243
vt 0.359169 0.176412
vt 0.401707 0.188887
vt 0.359169 0.176412
vt 0.402168 0.183908
vt 0.387862 0.122611
vt 0.395911 0.114490
vt 0.422501 0.148277
vt 0.387862 0.122611
vt 0.422501 0.148277
vt 0.415634 0.155383
vt 0.357611 0.290421
vt 0.354911 0.293424
vt 0.351056 0.285517
vt 0.357611 0.290421
vt 0.351056 0.285517
vt 0.354303 0.283841
vt 0.351056 0.285517
vt 0.349339 0.275450
vt 0.352822 0.274857
vt 0.351056 0.285517
vt 0.352822 0.274857
vt 0.354303 0.283841
vt 0.417681 0.161401
vt 0.414004 0.162006
vt 0.415634 0.155383
vt 0.417681 0.161401
vt 0.415634 0.155383
vt 0.418836 0.156447
vt 0.422306 0.157949
vt 0.418836 0.156447
vt 0.424521 0.150358
vt 0.422306 0.157949
vt 0.424521 0.150358
vt 0.426595 0.153181
vt 0.433926 0.150718
vt 0.426595 0.153181
vt 0.424521 0.150358
vt 0.433926 0.150718
vt 0.424521 0.150358
vt 0.433145 0.147384
vt 0.421681 0.161487
vt 0.417681 0.161401
vt 0.418836 0.156447
vt 0.421681 0.161487
vt 0.418836 0.156447
vt 0.422306 0.157949
vt 0.414004 0.162006
vt 0.417681 0.161401
vt 0.418358 0.165740
vt 0.414004 0.162006
vt 0.418358 0.165740
vt 0.414737 0.166596
vt 0.422247 0.165321
vt 0.418358 0.165740
vt 0.417681 0.161401
vt 0.422247 0.165321
vt 0.417681 0.161401
vt 0.421681 0.161487
vt 0.428053 0.185234
vt 0.402168 0.183908
vt 0.418358 0.165740
vt 0.428053 0.185234
vt 0.418358 0.165740
vt 0.422247 0.165321
vt 0.471388 0.162434
vt 0.428053 0.185234
vt 0.422247 0.165321
vt 0.471388 0.162434
vt 0.422247 0.165321
vt 0.468106 0.156494
vt 0.352354 0.264108
vt 0.352822 0.274857
vt 0.349339 0.275450
vt 0.352354 0.264108
vt 0.349339 0.275450
vt 0.348802 0.263878
vt 0.444344 0.149501
vt 0.433926 0.150718
vt 0.433145 0.147384
vt 0.444344 0.149501
vt 0.433145 0.147384
vt 0.443833 0.146115
vt 0.642742 0.260044
vt 0.645208 0.259456
vt 0.645493 0.261205
vt 0.642742 0.260044
vt 0.645493 0.261205
vt 0.643299 0.261648
vt 0.286542 0.320554
vt 0.285191 0.320932
vt 0.285201 0.318201
vt 0.286542 0.320554
vt 0.285201 0.318201
vt 0.286547 0.318409
vt 0.647696 0.261196
vt 0.645493 0.261205
vt 0.645208 0.259456
vt 0.647696 0.261196
vt 0.645208 0.259456
vt 0.647962 0.259444
vt 0.644413 0.262924
vt 0.643299 0.261648
vt 0.645493 0.261205
vt 0.644413 0.262924
vt 0.645493 0.261205
vt 0.645783 0.262630
vt 0.645493 0.261205
vt 0.647696 0.261196
vt 0.647436 0.262622
vt 0.645493 0.261205
vt 0.647436 0.262622
vt 0.645783 0.262630
vt 0.647962 0.259444
vt 0.650454 0.260011
vt 0.649634 0.261621
vt 0.647962 0.259444
vt 0.649634 0.261621
vt 0.647696 0.261196
vt 0.138365 0.206314
vt 0.138238 0.203845
vt 0.139731 0.203505
vt 0.138365 0.206314
vt 0.139731 0.203505
vt 0.139835 0.205653
vt 0.648819 0.262906
vt 0.647436 0.262622
vt 0.647696 0.261196
vt 0.648819 0.262906
vt 0.647696 0.261196
vt 0.649634 0.261621
vt 0.348802 0.263878
vt 0.349030 0.252781
vt 0.352651 0.253834
vt 0.348802 0.263878
vt 0.352651 0.253834
vt 0.352354 0.264108
vt 0.354524 0.245059
vt 0.352651 0.253834
vt 0.349030 0.252781
vt 0.354524 0.245059
vt 0.349030 0.252781
vt 0.351121 0.243152
vt 0.453636 0.149552
vt 0.444344 0.149501
vt 0.443833 0.146115
vt 0.453636 0.149552
vt 0.443833 0.146115
vt 0.454260 0.146211
vt 0.461811 0.152185
vt 0.453636 0.149552
vt 0.454260 0.146211
vt 0.461811 0.152185
vt 0.454260 0.146211
vt 0.463625 0.149140
vt 0.288824 0.295316
vt 0.287458 0.295212
vt 0.287476 0.292806
vt 0.288824 0.295316
vt 0.287476 0.292806
vt 0.288839 0.293183
vt 0.287458 0.295212
vt 0.288824 0.295316
vt 0.288795 0.297565
vt 0.287458 0.295212
vt 0.288795 0.297565
vt 0.287423 0.298009
vt 0.201734 0.084818
vt 0.199698 0.084669
vt 0.199591 0.083276
vt 0.201734 0.084818
vt 0.199591 0.083276
vt 0.201262 0.083362
vt 0.202441 0.082787
vt 0.203687 0.083986
vt 0.201734 0.084818
vt 0.202441 0.082787
vt 0.201734 0.084818
vt 0.201262 0.083362
vt 0.203687 0.083986
vt 0.202441 0.082787
vt 0.203497 0.081611
vt 0.203687 0.083986
vt 0.203497 0.081611
vt 0.204987 0.082270
vt 0.121430 0.311763
vt 0.119939 0.311278
vt 0.120093 0.309181
vt 0.121430 0.311763
vt 0.120093 0.309181
vt 0.121601 0.309296
vt 0.204987 0.082270
vt 0.203497 0.081611
vt 0.203860 0.079931
vt 0.204987 0.082270
vt 0.203860 0.079931
vt 0.205593 0.080051
vt 0.204895 0.077807
vt 0.205593 0.080051
vt 0.203860 0.079931
vt 0.204895 0.077807
vt 0.203860 0.079931
vt 0.203449 0.078508
vt 0.121572 0.306587
vt 0.121601 0.309296
vt 0.120093 0.309181
vt 0.121572 0.306587
vt 0.120093 0.309181
vt 0.120048 0.306841
vt 0.203449 0.078508
vt 0.202469 0.077184
vt 0.203587 0.076041
vt 0.203449 0.078508
vt 0.203587 0.076041
vt 0.204895 0.077807
vt 0.139716 0.201237
vt 0.139731 0.203505
vt 0.138238 0.203845
vt 0.139716 0.201237
vt 0.138238 0.203845
vt 0.138234 0.201036
vt 0.648819 0.262906
vt 0.649634 0.261621
vt 0.651035 0.262626
vt 0.648819 0.262906
vt 0.651035 0.262626
vt 0.649938 0.263623
vt 0.198395 0.076887
vt 0.197339 0.078063
vt 0.196544 0.077372
vt 0.198395 0.076887
vt 0.196544 0.077372
vt 0.197843 0.075657
vt 0.138234 0.201036
vt 0.138338 0.198700
vt 0.139809 0.199443
vt 0.138234 0.201036
vt 0.139809 0.199443
vt 0.139716 0.201237
vt 0.169212 0.040557
vt 0.169107 0.038246
vt 0.170686 0.037789
vt 0.169212 0.040557
vt 0.170686 0.037789
vt 0.170796 0.040489
vt 0.199574 0.076311
vt 0.198395 0.076887
vt 0.197843 0.075657
vt 0.199574 0.076311
vt 0.197843 0.075657
vt 0.199593 0.074984
vt 0.201245 0.076398
vt 0.199574 0.076311
vt 0.199593 0.074984
vt 0.201245 0.076398
vt 0.199593 0.074984
vt 0.201833 0.074972
vt 0.203587 0.076041
vt 0.202469 0.077184
vt 0.201245 0.076398
vt 0.203587 0.076041
vt 0.201245 0.076398
vt 0.201833 0.074972
vt 0.169212 0.040557
vt 0.170796 0.040489
vt 0.170630 0.043074
vt 0.169212 0.040557
vt 0.170630 0.043074
vt 0.169079 0.042547
vt 0.206314 0.077181
vt 0.204895 0.077807
vt 0.203587 0.076041
vt 0.206314 0.077181
vt 0.203587 0.076041
vt 0.204679 0.074972
vt 0.461811 0.152185
vt 0.463625 0.149140
vt 0.470952 0.154301
vt 0.461811 0.152185
vt 0.470952 0.154301
vt 0.468106 0.156494
vt 0.080233 0.068513
vt 0.079428 0.075648
vt 0.079428 0.061822
vt 0.080233 0.068513
vt 0.079428 0.061822
vt 0.080009 0.064734
vt 0.443025 0.381466
vt 0.438643 0.367347
vt 0.464018 0.369873
vt 0.443025 0.381466
vt 0.464018 0.369873
vt 0.462271 0.383383
vt 0.438643 0.367347
vt 0.439022 0.362469
vt 0.464398 0.364996
vt 0.438643 0.367347
vt 0.464398 0.364996
vt 0.464018 0.369873
vt 0.427648 0.190466
vt 0.401707 0.188887
vt 0.402168 0.183908
vt 0.427648 0.190466
vt 0.402168 0.183908
vt 0.428053 0.185234
vt 0.474980 0.199756
vt 0.427648 0.190466
vt 0.428053 0.185234
vt 0.474980 0.199756
vt 0.428053 0.185234
vt 0.475171 0.194829
vt 0.512318 0.375741
vt 0.464018 0.369873
vt 0.464398 0.364996
vt 0.512318 0.375741
vt 0.464398 0.364996
vt 0.512333 0.370799
vt 0.357611 0.238649
vt 0.354524 0.245059
vt 0.351121 0.243152
vt 0.357611 0.238649
vt 0.351121 0.243152
vt 0.354834 0.235571
vt 0.471388 0.162434
vt 0.468106 0.156494
vt 0.470952 0.154301
vt 0.471388 0.162434
vt 0.470952 0.154301
vt 0.474559 0.160442
vt 0.470952 0.154301
vt 0.473853 0.152851
vt 0.477841 0.159444
vt 0.470952 0.154301
vt 0.477841 0.159444
vt 0.474559 0.160442
vt 0.477841 0.159444
vt 0.546812 0.108839
vt 0.549962 0.108672
vt 0.477841 0.159444
vt 0.549962 0.108672
vt 0.498801 0.182131
vt 0.264640 0.364569
vt 0.265220 0.361213
vt 0.268358 0.360804
vt 0.264640 0.364569
vt 0.268358 0.360804
vt 0.268949 0.364652
vt 0.264984 0.367629
vt 0.264640 0.364569
vt 0.268949 0.364652
vt 0.264984 0.367629
vt 0.268949 0.364652
vt 0.269319 0.367133
vt 0.287491 0.304351
vt 0.288502 0.301367
vt 0.290429 0.301177
vt 0.287491 0.304351
vt 0.290429 0.301177
vt 0.290055 0.304754
vt 0.290053 0.307028
vt 0.287489 0.306624
vt 0.287491 0.304351
vt 0.290053 0.307028
vt 0.287491 0.304351
vt 0.290055 0.304754
vt 0.268798 0.381733
vt 0.264984 0.367629
vt 0.269319 0.367133
vt 0.268798 0.381733
vt 0.269319 0.367133
vt 0.273397 0.381436
vt 0.287489 0.306624
vt 0.290053 0.307028
vt 0.291302 0.319779
vt 0.287489 0.306624
vt 0.291302 0.319779
vt 0.288738 0.319376
vt 0.479464 0.479561
vt 0.481399 0.479988
vt 0.481028 0.481154
vt 0.479464 0.479561
vt 0.481028 0.481154
vt 0.479922 0.481072
vt 0.481028 0.481154
vt 0.477625 0.512849
vt 0.476244 0.513030
vt 0.481028 0.481154
vt 0.476244 0.513030
vt 0.479922 0.481072
vt 0.043217 0.473674
vt 0.041199 0.472121
vt 0.041356 0.471191
vt 0.043217 0.473674
vt 0.041356 0.471191
vt 0.043555 0.472163
vt 0.064187 0.123788
vt 0.062192 0.122920
vt 0.061900 0.120458
vt 0.064187 0.123788
vt 0.061900 0.120458
vt 0.063747 0.120576
vt 0.104156 0.095272
vt 0.103300 0.095587
vt 0.103113 0.093673
vt 0.104156 0.095272
vt 0.103113 0.093673
vt 0.103879 0.092479
vt 0.230635 0.088233
vt 0.231076 0.087096
vt 0.232669 0.087304
vt 0.230635 0.088233
vt 0.232669 0.087304
vt 0.232349 0.088486
vt 0.061900 0.120458
vt 0.061825 0.119201
vt 0.063747 0.118732
vt 0.061900 0.120458
vt 0.063747 0.118732
vt 0.063747 0.120576
vt 0.064187 0.116773
vt 0.063747 0.118732
vt 0.061825 0.119201
vt 0.064187 0.116773
vt 0.061825 0.119201
vt 0.061450 0.116603
vt 0.116911 0.041262
vt 0.115980 0.039233
vt 0.114983 0.037750
vt 0.116911 0.041262
vt 0.114983 0.037750
vt 0.116911 0.036541
vt 0.052724 0.004271
vt 0.052441 0.005377
vt 0.052209 0.006877
vt 0.052724 0.004271
vt 0.052209 0.006877
vt 0.052209 0.001991
vt 0.255958 0.367869
vt 0.254037 0.367655
vt 0.254273 0.365158
vt 0.255958 0.367869
vt 0.254273 0.365158
vt 0.256243 0.365102
vt 0.254037 0.367655
vt 0.255958 0.367869
vt 0.253486 0.382491
vt 0.254037 0.367655
vt 0.253486 0.382491
vt 0.251566 0.382277
vt 0.259188 0.361433
vt 0.260767 0.360607
vt 0.261331 0.364566
vt 0.259188 0.361433
vt 0.261331 0.364566
vt 0.259374 0.364725
vt 0.601929 0.911569
vt 0.606391 0.913907
vt 0.605681 0.915230
vt 0.601929 0.911569
vt 0.605681 0.915230
vt 0.602364 0.913611
vt 0.258249 0.368498
vt 0.255958 0.367869
vt 0.256243 0.365102
vt 0.258249 0.368498
vt 0.256243 0.365102
vt 0.259374 0.364725
vt 0.255958 0.367869
vt 0.258249 0.368498
vt 0.255827 0.382851
vt 0.255958 0.367869
vt 0.255827 0.382851
vt 0.253486 0.382491
vt 0.259374 0.364725
vt 0.261331 0.364566
vt 0.259576 0.368769
vt 0.259374 0.364725
vt 0.259576 0.368769
vt 0.258249 0.368498
vt 0.258249 0.368498
vt 0.259576 0.368769
vt 0.257154 0.383122
vt 0.258249 0.368498
vt 0.257154 0.383122
vt 0.255827 0.382851
vt 0.599574 0.911789
vt 0.601929 0.911569
vt 0.602364 0.913611
vt 0.599574 0.911789
vt 0.602364 0.913611
vt 0.600808 0.913898
vt 0.599824 0.914680
vt 0.597629 0.912621
vt 0.599574 0.911789
vt 0.599824 0.914680
vt 0.599574 0.911789
vt 0.600808 0.913898
vt 0.232349 0.088486
vt 0.232669 0.087304
vt 0.234513 0.087420
vt 0.232349 0.088486
vt 0.234513 0.087420
vt 0.234176 0.088873
vt 0.232669 0.087304
vt 0.232788 0.085401
vt 0.234632 0.085516
vt 0.232669 0.087304
vt 0.234632 0.085516
vt 0.234513 0.087420
vt 0.235376 0.089403
vt 0.234176 0.088873
vt 0.234513 0.087420
vt 0.235376 0.089403
vt 0.234513 0.087420
vt 0.236115 0.087447
vt 0.236113 0.085500
vt 0.236115 0.087447
vt 0.234513 0.087420
vt 0.236113 0.085500
vt 0.234513 0.087420
vt 0.234632 0.085516
vt 0.593718 0.919334
vt 0.595273 0.915268
vt 0.598246 0.917588
vt 0.593718 0.919334
vt 0.598246 0.917588
vt 0.598063 0.919518
vt 0.234194 0.065050
vt 0.234632 0.085516
vt 0.232788 0.085401
vt 0.234194 0.065050
vt 0.232788 0.085401
vt 0.232349 0.064935
vt 0.235674 0.065034
vt 0.236113 0.085500
vt 0.234632 0.085516
vt 0.235674 0.065034
vt 0.234632 0.085516
vt 0.234194 0.065050
vt 0.593718 0.939841
vt 0.593718 0.919334
vt 0.598063 0.919518
vt 0.593718 0.939841
vt 0.598063 0.919518
vt 0.600648 0.940191
vt 0.069470 0.938549
vt 0.068632 0.930876
vt 0.073634 0.932017
vt 0.069470 0.938549
vt 0.073634 0.932017
vt 0.073173 0.939726
vt 0.011462 0.230383
vt 0.011462 0.251817
vt 0.006894 0.252161
vt 0.011462 0.230383
vt 0.006894 0.252161
vt 0.006901 0.231309
vt 0.562981 0.092594
vt 0.551914 0.109971
vt 0.549962 0.108672
vt 0.562981 0.092594
vt 0.549962 0.108672
vt 0.561084 0.091547
vt 0.564931 0.094481
vt 0.554134 0.111904
vt 0.551914 0.109971
vt 0.564931 0.094481
vt 0.551914 0.109971
vt 0.562981 0.092594
vt 0.502759 0.185471
vt 0.498801 0.182131
vt 0.551914 0.109971
vt 0.502759 0.185471
vt 0.551914 0.109971
vt 0.554134 0.111904
vt 0.639424 0.940965
vt 0.639469 0.943280
vt 0.618148 0.944034
vt 0.639424 0.940965
vt 0.618148 0.944034
vt 0.618102 0.941719
vt 0.732805 0.940571
vt 0.639469 0.943280
vt 0.639424 0.940965
vt 0.732805 0.940571
vt 0.639424 0.940965
vt 0.732715 0.935671
vt 0.269416 0.385001
vt 0.268798 0.381733
vt 0.273397 0.381436
vt 0.269416 0.385001
vt 0.273397 0.381436
vt 0.275085 0.388120
vt 0.288738 0.319376
vt 0.291302 0.319779
vt 0.292046 0.325977
vt 0.288738 0.319376
vt 0.292046 0.325977
vt 0.289181 0.325375
vt 0.269416 0.385001
vt 0.275085 0.388120
vt 0.274836 0.389929
vt 0.269416 0.385001
vt 0.274836 0.389929
vt 0.268134 0.387424
vt 0.251566 0.382277
vt 0.253486 0.382491
vt 0.252189 0.389244
vt 0.251566 0.382277
vt 0.252189 0.389244
vt 0.250539 0.389336
vt 0.253486 0.382491
vt 0.255827 0.382851
vt 0.255000 0.388832
vt 0.253486 0.382491
vt 0.255000 0.388832
vt 0.252189 0.389244
vt 0.255827 0.382851
vt 0.257154 0.383122
vt 0.256637 0.388637
vt 0.255827 0.382851
vt 0.256637 0.388637
vt 0.255000 0.388832
vt 0.291708 0.327729
vt 0.288843 0.327128
vt 0.289181 0.325375
vt 0.291708 0.327729
vt 0.289181 0.325375
vt 0.292046 0.325977
vt 0.291307 0.328926
vt 0.288422 0.328181
vt 0.288843 0.327128
vt 0.291307 0.328926
vt 0.288843 0.327128
vt 0.291708 0.327729
vt 0.290354 0.330102
vt 0.287489 0.329501
vt 0.288422 0.328181
vt 0.290354 0.330102
vt 0.288422 0.328181
vt 0.291307 0.328926
vt 0.564556 0.085621
vt 0.565411 0.084601
vt 0.567307 0.085647
vt 0.564556 0.085621
vt 0.567307 0.085647
vt 0.566508 0.086920
vt 0.562981 0.092594
vt 0.561084 0.091547
vt 0.564556 0.085621
vt 0.562981 0.092594
vt 0.564556 0.085621
vt 0.566508 0.086920
vt 0.230635 0.064682
vt 0.231036 0.062233
vt 0.232508 0.062397
vt 0.230635 0.064682
vt 0.232508 0.062397
vt 0.232349 0.064935
vt 0.427778 0.408249
vt 0.426380 0.408902
vt 0.426024 0.407813
vt 0.427778 0.408249
vt 0.426024 0.407813
vt 0.427304 0.406797
vt 0.426469 0.405437
vt 0.427304 0.406797
vt 0.426024 0.407813
vt 0.426469 0.405437
vt 0.426024 0.407813
vt 0.425308 0.406816
vt 0.234194 0.065050
vt 0.232349 0.064935
vt 0.232508 0.062397
vt 0.234194 0.065050
vt 0.232508 0.062397
vt 0.234105 0.062515
vt 0.234194 0.065050
vt 0.234105 0.062515
vt 0.235707 0.062542
vt 0.234194 0.065050
vt 0.235707 0.062542
vt 0.235674 0.065034
vt 0.426469 0.405437
vt 0.425308 0.406816
vt 0.424232 0.405913
vt 0.426469 0.405437
vt 0.424232 0.405913
vt 0.425154 0.404399
vt 0.250539 0.389336
vt 0.252189 0.389244
vt 0.252368 0.390988
vt 0.250539 0.389336
vt 0.252368 0.390988
vt 0.250663 0.391098
vt 0.252189 0.389244
vt 0.255000 0.388832
vt 0.255012 0.389983
vt 0.252189 0.389244
vt 0.255012 0.389983
vt 0.252368 0.390988
vt 0.293024 0.329201
vt 0.291307 0.328926
vt 0.291708 0.327729
vt 0.293024 0.329201
vt 0.291708 0.327729
vt 0.293424 0.328004
vt 0.252905 0.391996
vt 0.252368 0.390988
vt 0.255012 0.389983
vt 0.252905 0.391996
vt 0.255012 0.389983
vt 0.255550 0.390991
vt 0.568244 0.089014
vt 0.566508 0.086920
vt 0.567307 0.085647
vt 0.568244 0.089014
vt 0.567307 0.085647
vt 0.569100 0.087895
vt 0.618102 0.941719
vt 0.618148 0.944034
vt 0.611559 0.944459
vt 0.618102 0.941719
vt 0.611559 0.944459
vt 0.612086 0.941829
vt 0.568244 0.089014
vt 0.564931 0.094481
vt 0.562981 0.092594
vt 0.568244 0.089014
vt 0.562981 0.092594
vt 0.566508 0.086920
vt 0.609959 0.941623
vt 0.612086 0.941829
vt 0.611559 0.944459
vt 0.609959 0.941623
vt 0.611559 0.944459
vt 0.610004 0.944208
vt 0.744540 0.940669
vt 0.732805 0.940571
vt 0.732715 0.935671
vt 0.744540 0.940669
vt 0.732715 0.935671
vt 0.744838 0.935764
vt 0.475171 0.194829
vt 0.485914 0.193812
vt 0.487667 0.198629
vt 0.475171 0.194829
vt 0.487667 0.198629
vt 0.474980 0.199756
vt 0.485914 0.193812
vt 0.492101 0.189993
vt 0.495362 0.193993
vt 0.485914 0.193812
vt 0.495362 0.193993
vt 0.487667 0.198629
vt 0.495362 0.193993
vt 0.492101 0.189993
vt 0.498801 0.182131
vt 0.495362 0.193993
vt 0.498801 0.182131
vt 0.502759 0.185471
vt 0.744540 0.940669
vt 0.744838 0.935764
vt 0.754192 0.936401
vt 0.744540 0.940669
vt 0.754192 0.936401
vt 0.753116 0.941314
vt 0.524259 0.371680
vt 0.524737 0.376650
vt 0.512318 0.375741
vt 0.524259 0.371680
vt 0.512318 0.375741
vt 0.512333 0.370799
usemtl mat0
f 1/1 2/2 3/3
f 3/4 4/5 5/6
f 3/7 6/8 1/9
f 1/10 6/11 7/12
f 7/13 6/14 8/15
f 9/16 7/17 10/18
f 11/19 12/20 13/21
f 14/22 11/23 13/24
f 15/25 12/26 11/27
f 11/28 16/29 15/30
f 11/31 17/32 16/33
f 18/34 11/35 19/36
f 18/37 17/38 11/39
f 11/40 20/41 21/42
f 19/43 11/44 21/45
f 11/46 14/47 22/48
f 11/49 22/50 23/51
f 11/52 23/53 24/54
f 11/55 24/56 25/57
f 25/58 26/59 11/60
f 11/61 26/62 27/63
f 10/64 28/65 29/66
f 30/67 31/68 32/69
f 33/70 34/71 35/72
f 35/73 36/74 33/75
f 37/76 38/77 39/78
f 40/79 41/80 42/81
f 43/82 44/83 45/84
f 46/85 47/86 36/87
f 33/88 36/89 47/90
f 48/91 49/92 50/93
f 48/94 50/95 51/96
f 52/97 49/98 53/99
f 49/100 52/101 50/102
f 54/103 50/104 52/105
f 50/106 54/107 55/108
f 56/109 57/110 58/111
f 52/112 59/113 54/114
f 60/115 61/116 62/117
f 63/118 64/119 65/120
f 66/121 67/122 68/123
f 66/124 69/125 70/126
f 70/127 67/128 66/129
f 69/130 66/131 71/132
f 71/133 72/134 69/135
f 73/136 74/137 71/138
f 75/139 76/140 77/141
f 75/142 77/143 78/144
f 77/145 79/146 78/147
f 80/148 81/149 82/150
f 73/151 83/152 74/153
f 84/154 85/155 86/156
f 85/157 84/158 87/159
f 87/160 88/161 85/162
f 84/163 86/164 75/165
f 78/166 84/167 75/168
f 79/169 89/170 78/171
f 89/172 90/173 78/174
f 91/175 92/176 93/177
f 93/178 94/179 91/180
f 95/181 96/182 97/183
f 97/184 98/185 95/186
f 99/187 95/188 98/189
f 95/190 99/191 100/192
f 101/193 102/194 103/195
f 104/196 105/197 106/198
f 101/199 107/200 108/201
f 109/202 110/203 104/204
f 111/205 104/206 110/207
f 112/208 113/209 114/210
f 114/211 113/212 115/213
f 116/214 117/215 118/216
f 116/217 119/218 117/219
f 119/220 116/221 111/222
f 110/223 119/224 111/225
f 111/226 120/227 121/228
f 122/229 123/230 124/231
f 122/232 124/233 120/234
f 125/235 126/236 127/237
f 123/238 128/239 129/240
f 130/241 131/242 123/243
f 129/244 130/245 123/246
f 123/247 131/248 124/249
f 132/250 124/251 133/252
f 132/253 120/254 124/255
f 134/256 121/257 120/258
f 135/259 134/260 120/261
f 120/262 132/263 135/264
f 136/265 137/266 138/267
f 34/268 33/269 139/270
f 47/271 140/272 33/273
f 141/274 33/275 140/276
f 33/277 141/278 139/279
f 142/280 139/281 143/282
f 141/283 144/284 139/285
f 143/286 139/287 144/288
f 145/289 146/290 142/291
f 147/292 148/293 142/294
f 142/295 148/296 145/297
f 142/298 143/299 147/300
f 146/301 145/302 149/303
f 150/304 151/305 152/306
f 153/307 154/308 155/309
f 154/310 156/311 155/312
f 157/313 158/314 159/315
f 157/316 127/317 158/318
f 153/319 160/320 161/321
f 159/322 160/323 157/324
f 162/325 157/326 160/327
f 127/328 157/329 163/330
f 162/331 163/332 157/333
f 164/334 155/335 156/336
f 165/337 166/338 167/339
f 166/340 165/341 168/342
f 169/343 168/344 165/345
f 99/346 170/347 100/348
f 171/349 172/350 173/351
f 171/352 173/353 174/354
f 175/355 176/356 177/357
f 178/358 179/359 180/360
f 181/361 174/362 173/363
f 182/364 183/365 184/366
f 185/367 186/368 187/369
f 184/370 133/371 188/372
f 189/373 190/374 187/375
f 133/376 184/377 132/378
f 125/379 191/380 192/381
f 193/382 129/383 128/384
f 194/385 193/386 128/387
f 191/388 195/389 192/390
f 130/391 129/392 196/393
f 197/394 198/395 193/396
f 193/397 194/398 197/399
f 199/400 200/401 201/402
f 202/403 203/404 204/405
f 205/406 206/407 207/408
f 208/409 207/410 206/411
f 209/412 208/413 206/414
f 210/415 209/416 206/417
f 208/418 211/419 207/420
f 208/421 209/422 212/423
f 213/424 214/425 215/426
f 216/427 217/428 218/429
f 219/430 216/431 218/432
f 220/433 218/434 217/435
f 218/436 221/437 219/438
f 218/439 220/440 222/441
f 218/442 222/443 223/444
f 222/445 224/446 223/447
f 225/448 223/449 224/450
f 226/451 227/452 223/453
f 228/454 229/455 230/456
f 231/457 228/458 230/459
f 232/460 233/461 234/462
f 234/463 235/464 232/465
f 234/466 236/467 235/468
f 236/469 234/470 237/471
f 238/472 239/473 240/474
f 241/475 242/476 236/477
f 236/478 237/479 241/480
f 243/481 244/482 245/483
f 224/484 246/485 247/486
f 224/487 247/488 225/489
f 248/490 249/491 250/492
f 249/493 251/494 250/495
f 252/496 250/497 251/498
f 246/499 253/500 254/501
f 246/502 254/503 255/504
f 246/505 255/506 247/507
f 247/508 256/509 225/510
f 257/511 258/512 259/513
f 260/514 261/515 243/516
f 243/517 245/518 260/519
f 260/520 262/521 261/522
f 262/523 260/524 263/525
f 264/526 263/527 260/528
f 260/529 265/530 264/531
f 241/532 266/533 242/534
f 266/535 241/536 267/537
f 268/538 269/539 270/540
f 271/541 272/542 273/543
f 274/544 269/545 275/546
f 268/547 276/548 269/549
f 268/550 277/551 278/552
f 268/553 279/554 277/555
f 268/556 280/557 279/558
f 268/559 281/560 280/561
f 278/562 276/563 268/564
f 268/565 282/566 281/567
f 283/568 284/569 285/570
f 134/571 283/572 121/573
f 286/574 283/575 287/576
f 134/577 135/578 288/579
f 286/580 287/581 289/582
f 290/583 291/584 292/585
f 290/586 293/587 291/588
f 287/589 290/590 292/591
f 294/592 289/593 287/594
f 295/595 288/596 296/597
f 288/598 297/599 298/600
f 299/601 300/602 301/603
f 301/604 302/605 299/606
f 264/607 303/608 263/609
f 302/610 301/611 304/612
f 302/613 304/614 305/615
f 306/616 295/617 296/618
f 307/619 295/620 308/621
f 295/622 306/623 309/624
f 310/625 311/626 312/627
f 311/628 313/629 314/630
f 315/631 316/632 317/633
f 316/634 315/635 318/636
f 319/637 320/638 321/639
f 322/640 323/641 324/642
f 325/643 301/644 300/645
f 326/646 327/647 313/648
f 328/649 327/650 326/651
f 318/652 329/653 316/654
f 330/655 331/656 332/657
f 333/658 334/659 323/660
f 323/661 322/662 333/663
f 334/664 335/665 336/666
f 333/667 335/668 334/669
f 337/670 338/671 339/672
f 330/673 340/674 331/675
f 340/676 330/677 341/678
f 342/679 343/680 344/681
f 345/682 344/683 343/684
f 346/685 347/686 348/687
f 349/688 350/689 348/690
f 350/691 351/692 348/693
f 352/694 353/695 354/696
f 354/697 355/698 356/699
f 354/700 356/701 350/702
f 357/703 351/704 350/705
f 358/706 357/707 350/708
f 350/709 359/710 360/711
f 350/712 360/713 358/714
f 353/715 361/716 362/717
f 361/718 363/719 362/720
f 364/721 362/722 363/723
f 365/724 364/725 363/726
f 366/727 364/728 367/729
f 364/730 365/731 368/732
f 364/733 368/734 369/735
f 364/736 369/737 370/738
f 367/739 371/740 366/741
f 367/742 372/743 371/744
f 369/745 373/746 370/747
f 374/748 375/749 370/750
f 370/751 373/752 374/753
f 357/754 358/755 376/756
f 358/757 377/758 376/759
f 378/760 379/761 380/762
f 381/763 378/764 380/765
f 380/766 382/767 381/768
f 383/769 384/770 385/771
f 385/772 386/773 383/774
f 378/775 381/776 387/777
f 388/778 389/779 386/780
f 386/781 389/782 390/783
f 385/784 388/785 386/786
f 391/787 390/788 389/789
f 391/790 392/791 390/792
f 393/793 394/794 395/795
f 396/796 395/797 394/798
f 397/799 396/800 394/801
f 396/802 398/803 395/804
f 397/805 399/806 396/807
f 399/808 397/809 400/810
f 401/811 400/812 397/813
f 402/814 398/815 403/816
f 404/817 405/818 403/819
f 406/820 392/821 391/822
f 407/823 408/824 409/825
f 407/826 409/827 410/828
f 407/829 410/830 411/831
f 408/832 412/833 409/834
f 413/835 414/836 400/837
f 401/838 413/839 400/840
f 413/841 401/842 415/843
f 416/844 417/845 418/846
f 419/847 420/848 421/849
f 421/850 416/851 419/852
f 384/853 422/854 423/855
f 422/856 424/857 423/858
f 425/859 385/860 384/861
f 426/862 425/863 384/864
f 384/865 423/866 427/867
f 384/868 427/869 426/870
f 385/871 428/872 388/873
f 377/874 429/875 376/876
f 430/877 376/878 429/879
f 376/880 430/881 431/882
f 432/883 433/884 425/885
f 425/886 426/887 432/888
f 434/889 435/890 436/891
f 436/892 437/893 434/894
f 436/895 438/896 437/897
f 436/898 439/899 438/900
f 440/901 441/902 442/903
f 443/904 442/905 441/906
f 441/907 444/908 443/909
f 443/910 445/911 442/912
f 443/913 446/914 445/915
f 417/916 416/917 447/918
f 448/919 447/920 416/921
f 449/922 447/923 450/924
f 451/925 452/926 453/927
f 454/928 451/929 453/930
f 455/931 456/932 457/933
f 451/934 458/935 452/936
f 451/937 459/938 458/939
f 454/940 460/941 451/942
f 461/943 462/944 463/945
f 456/946 458/947 457/948
f 458/949 459/950 457/951
f 464/952 457/953 459/954
f 457/955 464/956 465/957
f 457/958 465/959 466/960
f 467/961 468/962 469/963
f 467/964 470/965 471/966
f 470/967 472/968 473/969
f 473/970 471/971 470/972
f 474/973 471/974 464/975
f 464/976 475/977 474/978
f 464/979 459/980 475/981
f 476/982 477/983 460/984
f 478/985 479/986 480/987
f 481/988 482/989 483/990
f 481/991 484/992 482/993
f 483/994 480/995 485/996
f 388/997 391/998 389/999
f 486/1000 421/1001 420/1002
f 487/1003 488/1004 489/1005
f 490/1006 491/1007 492/1008
f 493/1009 494/1010 492/1011
f 495/1012 490/1013 492/1014
f 491/1015 490/1016 496/1017
f 494/1018 493/1019 497/1020
f 490/1021 495/1022 498/1023
f 490/1024 498/1025 499/1026
f 497/1027 500/1028 501/1029
f 501/1030 502/1031 497/1032
f 483/1033 485/1034 503/1035
f 483/1036 503/1037 504/1038
f 483/1039 504/1040 505/1041
f 483/1042 505/1043 506/1044
f 483/1045 506/1046 481/1047
f 507/1048 508/1049 485/1050
f 503/1051 485/1052 508/1053
f 508/1054 509/1055 503/1056
f 510/1057 511/1058 505/1059
f 505/1060 511/1061 506/1062
f 511/1063 512/1064 506/1065
f 484/1066 481/1067 513/1068
f 344/1069 514/1070 342/1071
f 515/1072 516/1073 517/1074
f 518/1075 519/1076 517/1077
f 520/1078 521/1079 522/1080
f 522/1081 521/1082 523/1083
f 520/1084 524/1085 521/1086
f 523/1087 525/1088 526/1089
f 524/1090 520/1091 527/1092
f 524/1093 527/1094 528/1095
f 524/1096 528/1097 529/1098
f 524/1099 529/1100 530/1101
f 524/1102 530/1103 531/1104
f 532/1105 533/1106 534/1107
f 530/1108 535/1109 536/1110
f 537/1111 538/1112 539/1113
f 540/1114 541/1115 542/1116
f 543/1117 544/1118 541/1119
f 542/1120 545/1121 540/1122
f 546/1123 547/1124 545/1125
f 545/1126 542/1127 548/1128
f 545/1129 548/1130 546/1131
f 544/1132 543/1133 549/1134
f 550/1135 549/1136 543/1137
f 543/1138 551/1139 550/1140
f 547/1141 546/1142 552/1143
f 552/1144 546/1145 553/1146
f 550/1147 554/1148 549/1149
f 518/1150 555/1151 519/1152
f 556/1153 557/1154 538/1155
f 558/1156 559/1157 560/1158
f 561/1159 562/1160 563/1161
f 564/1162 563/1163 562/1164
f 565/1165 566/1166 567/1167
f 568/1168 569/1169 565/1170
f 538/1171 570/1172 571/1173
f 572/1174 539/1175 538/1176
f 571/1177 572/1178 538/1179
f 573/1180 574/1181 570/1182
f 575/1183 573/1184 570/1185
f 570/1186 576/1187 577/1188
f 578/1189 571/1190 570/1191
f 570/1192 577/1193 579/1194
f 570/1195 579/1196 578/1197
f 580/1198 581/1199 582/1200
f 583/1201 582/1202 581/1203
f 581/1204 584/1205 585/1206
f 581/1207 585/1208 583/1209
f 574/1210 583/1211 585/1212
f 565/1213 586/1214 568/1215
f 565/1216 587/1217 586/1218
f 588/1219 565/1220 589/1221
f 588/1222 587/1223 565/1224
f 589/1225 565/1226 567/1227
f 589/1228 590/1229 588/1230
f 590/1231 589/1232 591/1233
f 591/1234 589/1235 592/1236
f 592/1237 593/1238 591/1239
f 341/1240 594/1241 340/1242
f 341/1243 595/1244 594/1245
f 341/1246 596/1247 595/1248
f 597/1249 598/1250 599/1251
f 598/1252 600/1253 599/1254
f 600/1255 601/1256 599/1257
f 602/1258 603/1259 604/1260
f 605/1261 602/1262 604/1263
f 606/1264 605/1265 604/1266
f 606/1267 607/1268 605/1269
f 608/1270 609/1271 610/1272
f 611/1273 612/1274 613/1275
f 614/1276 615/1277 616/1278
f 614/1279 616/1280 617/1281
f 618/1282 619/1283 620/1284
f 618/1285 620/1286 621/1287
f 619/1288 622/1289 620/1290
f 623/1291 621/1292 620/1293
f 624/1294 623/1295 620/1296
f 625/1297 624/1298 620/1299
f 626/1300 625/1301 620/1302
f 627/1303 628/1304 629/1305
f 630/1306 631/1307 632/1308
f 632/1309 633/1310 630/1311
f 634/1312 630/1313 633/1314
f 635/1315 636/1316 628/1317
f 628/1318 627/1319 637/1320
f 628/1321 637/1322 638/1323
f 638/1324 635/1325 628/1326
f 639/1327 617/1328 616/1329
f 613/1330 640/1331 611/1332
f 611/1333 641/1334 642/1335
f 643/1336 644/1337 642/1338
f 645/1339 646/1340 639/1341
f 429/1342 636/1343 635/1344
f 635/1345 647/1346 648/1347
f 649/1348 424/1349 431/1350
f 431/1351 650/1352 649/1353
f 424/1354 651/1355 652/1356
f 424/1357 649/1358 651/1359
f 650/1360 653/1361 649/1362
f 654/1363 655/1364 656/1365
f 657/1366 654/1367 656/1368
f 656/1369 658/1370 657/1371
f 659/1372 660/1373 655/1374
f 661/1375 659/1376 655/1377
f 654/1378 661/1379 655/1380
f 662/1381 654/1382 663/1383
f 662/1384 661/1385 654/1386
f 654/1387 657/1388 664/1389
f 665/1390 666/1391 654/1392
f 667/1393 665/1394 654/1395
f 654/1396 664/1397 667/1398
f 668/1399 664/1400 657/1401
f 669/1402 670/1403 671/1404
f 672/1405 670/1406 669/1407
f 669/1408 660/1409 673/1410
f 659/1411 673/1412 660/1413
f 674/1414 675/1415 676/1416
f 675/1417 677/1418 676/1419
f 498/1420 678/1421 499/1422
f 678/1423 679/1424 499/1425
f 679/1426 680/1427 499/1428
f 499/1429 681/1430 682/1431
f 681/1432 499/1433 509/1434
f 499/1435 683/1436 509/1437
f 684/1438 679/1439 678/1440
f 678/1441 685/1442 684/1443
f 686/1444 676/1445 677/1446
f 679/1447 687/1448 684/1449
f 684/1450 680/1451 679/1452
f 687/1453 684/1454 688/1455
f 689/1456 690/1457 684/1458
f 680/1459 684/1460 688/1461
f 684/1462 687/1463 680/1464
f 688/1465 687/1466 680/1467
f 688/1468 691/1469 687/1470
f 663/1471 691/1472 662/1473
f 509/1474 508/1475 681/1476
f 501/1477 692/1478 502/1479
f 692/1480 501/1481 693/1482
f 693/1483 694/1484 692/1485
f 693/1486 690/1487 694/1488
f 693/1489 695/1490 690/1491
f 689/1492 696/1493 690/1494
f 690/1495 693/1496 697/1497
f 689/1498 693/1499 697/1500
f 667/1501 698/1502 665/1503
f 698/1504 667/1505 699/1506
f 700/1507 297/1508 298/1509
f 700/1510 297/1511 307/1512
f 308/1513 701/1514 307/1515
f 702/1516 307/1517 701/1518
f 703/1519 333/1520 322/1521
f 704/1522 705/1523 706/1524
f 707/1525 708/1526 709/1527
f 710/1528 711/1529 712/1530
f 713/1531 711/1532 710/1533
f 710/1534 714/1535 713/1536
f 715/1537 711/1538 716/1539
f 712/1540 711/1541 715/1542
f 717/1543 718/1544 719/1545
f 720/1546 721/1547 722/1548
f 723/1549 722/1550 721/1551
f 724/1552 725/1553 726/1554
f 724/1555 727/1556 728/1557
f 724/1558 729/1559 727/1560
f 730/1561 731/1562 732/1563
f 733/1564 734/1565 730/1566
f 727/1567 733/1568 730/1569
f 727/1570 729/1571 735/1572
f 727/1573 735/1574 736/1575
f 737/1576 738/1577 727/1578
f 736/1579 737/1580 727/1581
f 739/1582 731/1583 740/1584
f 741/1585 736/1586 735/1587
f 741/1588 742/1589 736/1590
f 743/1591 411/1592 410/1593
f 411/1594 743/1595 744/1596
f 411/1597 744/1598 745/1599
f 746/1600 745/1601 744/1602
f 747/1603 748/1604 414/1605
f 749/1606 750/1607 748/1608
f 743/1609 410/1610 409/1611
f 743/1612 751/1613 744/1614
f 744/1615 752/1616 746/1617
f 753/1618 754/1619 755/1620
f 755/1621 756/1622 753/1623
f 757/1624 755/1625 754/1626
f 752/1627 758/1628 759/1629
f 752/1630 759/1631 760/1632
f 752/1633 760/1634 746/1635
f 761/1636 746/1637 760/1638
f 762/1639 763/1640 746/1641
f 746/1642 761/1643 762/1644
f 757/1645 764/1646 765/1647
f 766/1648 767/1649 757/1650
f 757/1651 765/1652 766/1653
f 768/1654 769/1655 770/1656
f 771/1657 772/1658 766/1659
f 773/1660 774/1661 775/1662
f 776/1663 777/1664 773/1665
f 778/1666 779/1667 775/1668
f 775/1669 779/1670 780/1671
f 781/1672 501/1673 500/1674
f 782/1675 783/1676 784/1677
f 785/1678 780/1679 779/1680
f 786/1681 787/1682 780/1683
f 780/1684 785/1685 786/1686
f 763/1687 762/1688 788/1689
f 741/1690 789/1691 742/1692
f 789/1693 741/1694 790/1695
f 791/1696 790/1697 741/1698
f 792/1699 793/1700 794/1701
f 794/1702 795/1703 792/1704
f 792/1705 796/1706 793/1707
f 795/1708 797/1709 792/1710
f 797/1711 798/1712 792/1713
f 796/1714 792/1715 799/1716
f 799/1717 800/1718 796/1719
f 800/1720 799/1721 801/1722
f 801/1723 802/1724 800/1725
f 799/1726 803/1727 801/1728
f 803/1729 804/1730 801/1731
f 779/1732 805/1733 785/1734
f 785/1735 805/1736 806/1737
f 807/1738 786/1739 785/1740
f 808/1741 807/1742 785/1743
f 786/1744 809/1745 787/1746
f 809/1747 786/1748 810/1749
f 811/1750 812/1751 813/1752
f 812/1753 810/1754 814/1755
f 810/1756 815/1757 814/1758
f 816/1759 814/1760 815/1761
f 640/1762 817/1763 818/1764
f 640/1765 819/1766 817/1767
f 640/1768 613/1769 819/1770
f 721/1771 820/1772 723/1773
f 820/1774 821/1775 723/1776
f 821/1777 822/1778 723/1779
f 822/1780 823/1781 723/1782
f 824/1783 825/1784 826/1785
f 824/1786 826/1787 827/1788
f 826/1789 828/1790 827/1791
f 829/1792 830/1793 831/1794
f 832/1795 829/1796 831/1797
f 829/1798 833/1799 830/1800
f 829/1801 832/1802 834/1803
f 829/1804 834/1805 835/1806
f 829/1807 835/1808 836/1809
f 829/1810 836/1811 837/1812
f 838/1813 839/1814 840/1815
f 841/1816 842/1817 843/1818
f 842/1819 844/1820 843/1821
f 844/1822 845/1823 843/1824
f 843/1825 846/1826 841/1827
f 843/1828 847/1829 846/1830
f 843/1831 848/1832 847/1833
f 843/1834 849/1835 848/1836
f 843/1837 850/1838 849/1839
f 850/1840 843/1841 851/1842
f 845/1843 852/1844 843/1845
f 843/1846 853/1847 854/1848
f 843/1849 854/1850 851/1851
f 839/1852 855/1853 856/1854
f 857/1855 840/1856 839/1857
f 858/1858 857/1859 839/1860
f 839/1861 856/1862 858/1863
f 856/1864 855/1865 789/1866
f 859/1867 860/1868 856/1869
f 861/1870 862/1871 863/1872
f 864/1873 863/1874 862/1875
f 862/1876 865/1877 864/1878
f 866/1879 693/1880 867/1881
f 510/1882 697/1883 693/1884
f 866/1885 510/1886 693/1887
f 865/1888 868/1889 869/1890
f 869/1891 864/1892 865/1893
f 699/1894 870/1895 698/1896
f 699/1897 871/1898 870/1899
f 511/1900 510/1901 866/1902
f 872/1903 788/1904 873/1905
f 788/1906 872/1907 874/1908
f 788/1909 874/1910 791/1911
f 875/1912 791/1913 874/1914
f 874/1915 876/1916 875/1917
f 877/1918 871/1919 878/1920
f 879/1921 878/1922 871/1923
f 880/1924 881/1925 882/1926
f 880/1927 882/1928 883/1929
f 882/1930 881/1931 884/1932
f 882/1933 884/1934 885/1935
f 882/1936 886/1937 887/1938
f 882/1939 887/1940 883/1941
f 882/1942 885/1943 888/1944
f 882/1945 888/1946 886/1947
f 881/1948 880/1949 889/1950
f 881/1951 889/1952 890/1953
f 889/1954 880/1955 891/1956
f 889/1957 891/1958 892/1959
f 893/1960 890/1961 889/1962
f 893/1963 889/1964 894/1965
f 889/1966 892/1967 895/1968
f 889/1969 895/1970 894/1971
f 880/1972 883/1973 896/1974
f 880/1975 896/1976 891/1977
f 897/1978 884/1979 881/1980
f 897/1981 881/1982 890/1983
f 891/1984 896/1985 898/1986
f 891/1987 898/1988 899/1989
f 900/1990 892/1991 891/1992
f 900/1993 891/1994 899/1995
f 892/1996 900/1997 901/1998
f 892/1999 901/2000 895/2001
f 902/2002 2/2003 903/2004
f 902/2005 903/2006 904/2007
f 905/2008 4/2009 902/2010
f 905/2011 902/2012 906/2013
f 3/2014 2/2015 902/2016
f 3/2017 902/2018 4/2019
f 907/2020 906/2021 902/2022
f 907/2023 902/2024 904/2025
f 9/2026 908/2027 1/2028
f 9/2029 1/2030 7/2031
f 903/2032 2/2033 1/2034
f 903/2035 1/2036 909/2037
f 910/2038 909/2039 1/2040
f 910/2041 1/2042 908/2043
f 911/2044 912/2045 913/2046
f 911/2047 913/2048 914/2049
f 913/2050 915/2051 916/2052
f 913/2053 916/2054 914/2055
f 917/2056 915/2057 913/2058
f 917/2059 913/2060 918/2061
f 913/2062 912/2063 919/2064
f 913/2065 919/2066 918/2067
f 912/2068 911/2069 920/2070
f 912/2071 920/2072 921/2073
f 912/2074 921/2075 922/2076
f 912/2077 922/2078 919/2079
f 923/2080 920/2081 911/2082
f 923/2083 911/2084 924/2085
f 911/2086 914/2087 925/2088
f 911/2089 925/2090 924/2091
f 12/2092 920/2093 923/2094
f 12/2095 923/2096 13/2097
f 923/2098 924/2099 926/2100
f 923/2101 926/2102 927/2103
f 14/2104 13/2105 923/2106
f 14/2107 923/2108 927/2109
f 15/2110 921/2111 920/2112
f 15/2113 920/2114 12/2115
f 921/2116 15/2117 16/2118
f 921/2119 16/2120 922/2121
f 928/2122 929/2123 930/2124
f 928/2125 930/2126 931/2127
f 930/2128 9/2129 932/2130
f 930/2131 932/2132 931/2133
f 930/2134 933/2135 908/2136
f 930/2137 908/2138 9/2139
f 930/2140 929/2141 934/2142
f 930/2143 934/2144 933/2145
f 915/2146 935/2147 936/2148
f 915/2149 936/2150 916/2151
f 937/2152 935/2153 915/2154
f 937/2155 915/2156 917/2157
f 938/2158 936/2159 935/2160
f 938/2161 935/2162 939/2163
f 935/2164 937/2165 940/2166
f 935/2167 940/2168 939/2169
f 929/2170 928/2171 941/2172
f 929/2173 941/2174 942/2175
f 943/2176 934/2177 929/2178
f 943/2179 929/2180 942/2181
f 32/2182 932/2183 9/2184
f 32/2185 9/2186 10/2187
f 914/2188 916/2189 944/2190
f 914/2191 944/2192 925/2193
f 945/2194 944/2195 916/2196
f 945/2197 916/2198 936/2199
f 926/2200 924/2201 925/2202
f 926/2203 925/2204 946/2205
f 925/2206 944/2207 947/2208
f 925/2209 947/2210 946/2211
f 944/2212 945/2213 948/2214
f 944/2215 948/2216 947/2217
f 945/2218 936/2219 938/2220
f 945/2221 938/2222 949/2223
f 945/2224 949/2225 950/2226
f 945/2227 950/2228 948/2229
f 941/2230 928/2231 951/2232
f 941/2233 951/2234 952/2235
f 951/2236 928/2237 931/2238
f 951/2239 931/2240 953/2241
f 954/2242 952/2243 951/2244
f 954/2245 951/2246 955/2247
f 951/2248 953/2249 956/2250
f 951/2251 956/2252 955/2253
f 931/2254 932/2255 957/2256
f 931/2257 957/2258 953/2259
f 958/2260 957/2261 932/2262
f 958/2263 932/2264 32/2265
f 953/2266 957/2267 35/2268
f 953/2269 35/2270 956/2271
f 957/2272 958/2273 36/2274
f 957/2275 36/2276 35/2277
f 37/2278 903/2279 909/2280
f 37/2281 909/2282 38/2283
f 909/2284 910/2285 959/2286
f 909/2287 959/2288 38/2289
f 960/2290 904/2291 903/2292
f 960/2293 903/2294 37/2295
f 961/2296 960/2297 37/2298
f 961/2299 37/2300 39/2301
f 959/2302 910/2303 962/2304
f 959/2305 962/2306 963/2307
f 962/2308 910/2309 908/2310
f 962/2311 908/2312 933/2313
f 962/2314 964/2315 965/2316
f 962/2317 965/2318 963/2319
f 962/2320 933/2321 934/2322
f 962/2323 934/2324 964/2325
f 959/2326 963/2327 966/2328
f 959/2329 966/2330 40/2331
f 42/2332 38/2333 959/2334
f 42/2335 959/2336 40/2337
f 918/2338 919/2339 967/2340
f 918/2341 967/2342 968/2343
f 969/2344 917/2345 918/2346
f 969/2347 918/2348 968/2349
f 917/2350 969/2351 970/2352
f 917/2353 970/2354 937/2355
f 919/2356 922/2357 971/2358
f 919/2359 971/2360 967/2361
f 971/2362 922/2363 16/2364
f 971/2365 16/2366 17/2367
f 972/2368 967/2369 971/2370
f 972/2371 971/2372 973/2373
f 18/2374 973/2375 971/2376
f 18/2377 971/2378 17/2379
f 968/2380 974/2381 975/2382
f 968/2383 975/2384 969/2385
f 968/2386 967/2387 972/2388
f 968/2389 972/2390 974/2391
f 974/2392 972/2393 976/2394
f 974/2395 976/2396 977/2397
f 978/2398 975/2399 974/2400
f 978/2401 974/2402 977/2403
f 970/2404 969/2405 975/2406
f 970/2407 975/2408 979/2409
f 980/2410 979/2411 975/2412
f 980/2413 975/2414 978/2415
f 970/2416 979/2417 981/2418
f 970/2419 981/2420 982/2421
f 940/2422 937/2423 970/2424
f 940/2425 970/2426 982/2427
f 983/2428 981/2429 979/2430
f 983/2431 979/2432 980/2433
f 976/2434 972/2435 973/2436
f 976/2437 973/2438 984/2439
f 973/2440 18/2441 19/2442
f 973/2443 19/2444 984/2445
f 977/2446 985/2447 986/2448
f 977/2449 986/2450 978/2451
f 977/2452 976/2453 987/2454
f 977/2455 987/2456 985/2457
f 976/2458 984/2459 988/2460
f 976/2461 988/2462 987/2463
f 21/2464 988/2465 984/2466
f 21/2467 984/2468 19/2469
f 985/2470 987/2471 989/2472
f 985/2473 989/2474 990/2475
f 991/2476 986/2477 985/2478
f 991/2479 985/2480 990/2481
f 980/2482 978/2483 986/2484
f 980/2485 986/2486 992/2487
f 993/2488 992/2489 986/2490
f 993/2491 986/2492 991/2493
f 964/2494 981/2495 983/2496
f 964/2497 983/2498 965/2499
f 964/2500 934/2501 943/2502
f 964/2503 943/2504 981/2505
f 963/2506 965/2507 994/2508
f 963/2509 994/2510 966/2511
f 980/2512 992/2513 995/2514
f 980/2515 995/2516 983/2517
f 965/2518 983/2519 995/2520
f 965/2521 995/2522 994/2523
f 996/2524 995/2525 992/2526
f 996/2527 992/2528 993/2529
f 989/2530 987/2531 988/2532
f 989/2533 988/2534 997/2535
f 988/2536 21/2537 20/2538
f 988/2539 20/2540 997/2541
f 989/2542 997/2543 998/2544
f 989/2545 998/2546 999/2547
f 1000/2548 990/2549 989/2550
f 1000/2551 989/2552 999/2553
f 20/2554 11/2555 998/2556
f 20/2557 998/2558 997/2559
f 998/2560 11/2561 27/2562
f 998/2563 27/2564 1001/2565
f 1002/2566 999/2567 998/2568
f 1002/2569 998/2570 1001/2571
f 1003/2572 1000/2573 999/2574
f 1003/2575 999/2576 1002/2577
f 38/2578 42/2579 1004/2580
f 38/2581 1004/2582 39/2583
f 966/2584 994/2585 1005/2586
f 966/2587 1005/2588 1006/2589
f 41/2590 40/2591 966/2592
f 41/2593 966/2594 1006/2595
f 994/2596 995/2597 996/2598
f 994/2599 996/2600 1005/2601
f 1007/2602 991/2603 990/2604
f 1007/2605 990/2606 1000/2607
f 1008/2608 993/2609 991/2610
f 1008/2611 991/2612 1007/2613
f 993/2614 1008/2615 1009/2616
f 993/2617 1009/2618 996/2619
f 1010/2620 1006/2621 1005/2622
f 1010/2623 1005/2624 1011/2625
f 1009/2626 1011/2627 1005/2628
f 1009/2629 1005/2630 996/2631
f 1012/2632 1007/2633 1000/2634
f 1012/2635 1000/2636 1003/2637
f 1013/2638 1008/2639 1007/2640
f 1013/2641 1007/2642 1012/2643
f 1014/2644 1009/2645 1008/2646
f 1014/2647 1008/2648 1013/2649
f 1015/2650 41/2651 1006/2652
f 1015/2653 1006/2654 1010/2655
f 1016/2656 42/2657 41/2658
f 1016/2659 41/2660 1015/2661
f 1017/2662 1010/2663 1011/2664
f 1017/2665 1011/2666 1018/2667
f 1011/2668 1009/2669 1014/2670
f 1011/2671 1014/2672 1018/2673
f 43/2674 1015/2675 1010/2676
f 43/2677 1010/2678 1017/2679
f 42/2680 1016/2681 1019/2682
f 42/2683 1019/2684 1004/2685
f 45/2686 1016/2687 1015/2688
f 45/2689 1015/2690 43/2691
f 1020/2692 1019/2693 1016/2694
f 1020/2695 1016/2696 45/2697
f 1021/2698 1022/2699 893/2700
f 1021/2701 893/2702 1023/2703
f 897/2704 890/2705 893/2706
f 897/2707 893/2708 1022/2709
f 893/2710 894/2711 1024/2712
f 893/2713 1024/2714 1023/2715
f 1025/2716 1026/2717 1022/2718
f 1025/2719 1022/2720 1021/2721
f 1022/2722 1026/2723 1027/2724
f 1022/2725 1027/2726 897/2727
f 1028/2728 1029/2729 1025/2730
f 1028/2731 1025/2732 1030/2733
f 1031/2734 1026/2735 1025/2736
f 1031/2737 1025/2738 1029/2739
f 1025/2740 1021/2741 1032/2742
f 1025/2743 1032/2744 1030/2745
f 1026/2746 1031/2747 1033/2748
f 1026/2749 1033/2750 1027/2751
f 1032/2752 1021/2753 1023/2754
f 1032/2755 1023/2756 1034/2757
f 1023/2758 1024/2759 1035/2760
f 1023/2761 1035/2762 1034/2763
f 29/2764 1029/2765 1028/2766
f 29/2767 1028/2768 30/2769
f 31/2770 30/2771 1028/2772
f 31/2773 1028/2774 1036/2775
f 1028/2776 1030/2777 1037/2778
f 1028/2779 1037/2780 1036/2781
f 28/2782 1031/2783 1029/2784
f 28/2785 1029/2786 29/2787
f 8/2788 1033/2789 1031/2790
f 8/2791 1031/2792 28/2793
f 32/2794 10/2795 29/2796
f 32/2797 29/2798 30/2799
f 31/2800 1036/2801 1038/2802
f 31/2803 1038/2804 1039/2805
f 958/2806 32/2807 31/2808
f 958/2809 31/2810 1039/2811
f 1039/2812 1038/2813 1040/2814
f 1039/2815 1040/2816 46/2817
f 36/2818 958/2819 1039/2820
f 36/2821 1039/2822 46/2823
f 1037/2824 1041/2825 1042/2826
f 1037/2827 1042/2828 1043/2829
f 1037/2830 1030/2831 1032/2832
f 1037/2833 1032/2834 1041/2835
f 1038/2836 1036/2837 1037/2838
f 1038/2839 1037/2840 1043/2841
f 1041/2842 1032/2843 1034/2844
f 1041/2845 1034/2846 1044/2847
f 1045/2848 1042/2849 1041/2850
f 1045/2851 1041/2852 1044/2853
f 1043/2854 1042/2855 1046/2856
f 1043/2857 1046/2858 1047/2859
f 1040/2860 1038/2861 1043/2862
f 1040/2863 1043/2864 1047/2865
f 1048/2866 1046/2867 1042/2868
f 1048/2869 1042/2870 1045/2871
f 884/2872 897/2873 1027/2874
f 884/2875 1027/2876 1049/2877
f 1050/2878 1049/2879 1027/2880
f 1050/2881 1027/2882 1033/2883
f 1051/2884 885/2885 884/2886
f 1051/2887 884/2888 1049/2889
f 1049/2890 1050/2891 5/2892
f 1049/2893 5/2894 1051/2895
f 5/2896 4/2897 905/2898
f 5/2899 905/2900 1051/2901
f 5/2902 1050/2903 6/2904
f 5/2905 6/2906 3/2907
f 8/2908 6/2909 1050/2910
f 8/2911 1050/2912 1033/2913
f 888/2914 885/2915 1051/2916
f 888/2917 1051/2918 905/2919
f 905/2920 906/2921 53/2922
f 905/2923 53/2924 888/2925
f 28/2926 10/2927 7/2928
f 28/2929 7/2930 8/2931
f 896/2932 883/2933 887/2934
f 896/2935 887/2936 1052/2937
f 887/2938 48/2939 1053/2940
f 887/2941 1053/2942 1052/2943
f 887/2944 886/2945 49/2946
f 887/2947 49/2948 48/2949
f 53/2950 49/2951 886/2952
f 53/2953 886/2954 888/2955
f 896/2956 1052/2957 1054/2958
f 896/2959 1054/2960 898/2961
f 1055/2962 898/2963 1054/2964
f 1055/2965 1054/2966 1056/2967
f 1054/2968 1052/2969 1053/2970
f 1054/2971 1053/2972 1057/2973
f 1058/2974 1056/2975 1054/2976
f 1058/2977 1054/2978 1057/2979
f 1059/2980 1053/2981 48/2982
f 1059/2983 48/2984 51/2985
f 1060/2986 899/2987 898/2988
f 1060/2989 898/2990 1055/2991
f 899/2992 1060/2993 1061/2994
f 899/2995 1061/2996 900/2997
f 1060/2998 1055/2999 1062/3000
f 1060/3001 1062/3002 1063/3003
f 1064/3004 1061/3005 1060/3006
f 1064/3007 1060/3008 1063/3009
f 1055/3010 1056/3011 1065/3012
f 1055/3013 1065/3014 1062/3015
f 1066/3016 1067/3017 1062/3018
f 1066/3019 1062/3020 1065/3021
f 1068/3022 1063/3023 1062/3024
f 1068/3025 1062/3026 1067/3027
f 1067/3028 1066/3029 1069/3030
f 1067/3031 1069/3032 1070/3033
f 1067/3034 1070/3035 1071/3036
f 1067/3037 1071/3038 1068/3039
f 1056/3040 1058/3041 1072/3042
f 1056/3043 1072/3044 1065/3045
f 1073/3046 1057/3047 1053/3048
f 1073/3049 1053/3050 1059/3051
f 1074/3052 1058/3053 1057/3054
f 1074/3055 1057/3056 1073/3057
f 1058/3058 1074/3059 1075/3060
f 1058/3061 1075/3062 1072/3063
f 1074/3064 1073/3065 1076/3066
f 1074/3067 1076/3068 1077/3069
f 1078/3070 1075/3071 1074/3072
f 1078/3073 1074/3074 1077/3075
f 1066/3076 1065/3077 1072/3078
f 1066/3079 1072/3080 1079/3081
f 1080/3082 1079/3083 1072/3084
f 1080/3085 1072/3086 1075/3087
f 1069/3088 1066/3089 1079/3090
f 1069/3091 1079/3092 1081/3093
f 1082/3094 1081/3095 1079/3096
f 1082/3097 1079/3098 1080/3099
f 1081/3100 1083/3101 1084/3102
f 1081/3103 1084/3104 1069/3105
f 1085/3106 1083/3107 1081/3108
f 1085/3109 1081/3110 1082/3111
f 1086/3112 1084/3113 1083/3114
f 1086/3115 1083/3116 1087/3117
f 58/3118 1087/3119 1083/3120
f 58/3121 1083/3122 1085/3123
f 1088/3124 1070/3125 1069/3126
f 1088/3127 1069/3128 1084/3129
f 1070/3130 1088/3131 1089/3132
f 1070/3133 1089/3134 1071/3135
f 1088/3136 1084/3137 1086/3138
f 1088/3139 1086/3140 1090/3141
f 1088/3142 1090/3143 1091/3144
f 1088/3145 1091/3146 1089/3147
f 1092/3148 1093/3149 1090/3150
f 1092/3151 1090/3152 1086/3153
f 1090/3154 1093/3155 1094/3156
f 1090/3157 1094/3158 1091/3159
f 1093/3160 1092/3161 1095/3162
f 1093/3163 1095/3164 1096/3165
f 1097/3166 1094/3167 1093/3168
f 1097/3169 1093/3170 1096/3171
f 1086/3172 1087/3173 1098/3174
f 1086/3175 1098/3176 1092/3177
f 1099/3178 1095/3179 1092/3180
f 1099/3181 1092/3182 1098/3183
f 1100/3184 1096/3185 1095/3186
f 1100/3187 1095/3188 1101/3189
f 1102/3190 1101/3191 1095/3192
f 1102/3193 1095/3194 1099/3195
f 1103/3196 1100/3197 1101/3198
f 1103/3199 1101/3200 1104/3201
f 1105/3202 1104/3203 1101/3204
f 1105/3205 1101/3206 1102/3207
f 1087/3208 58/3209 57/3210
f 1087/3211 57/3212 1098/3213
f 52/3214 53/3215 906/3216
f 52/3217 906/3218 907/3219
f 59/3220 52/3221 907/3222
f 59/3223 907/3224 1106/3225
f 907/3226 904/3227 960/3228
f 907/3229 960/3230 1106/3231
f 1106/3232 960/3233 961/3234
f 1106/3235 961/3236 1107/3237
f 1108/3238 59/3239 1106/3240
f 1108/3241 1106/3242 1107/3243
f 62/3244 54/3245 59/3246
f 62/3247 59/3248 1108/3249
f 961/3250 39/3251 1004/3252
f 961/3253 1004/3254 1109/3255
f 1110/3256 1107/3257 961/3258
f 1110/3259 961/3260 1109/3261
f 1004/3262 1019/3263 1111/3264
f 1004/3265 1111/3266 1109/3267
f 1112/3268 1111/3269 1019/3270
f 1112/3271 1019/3272 1020/3273
f 1109/3274 1111/3275 1113/3276
f 1109/3277 1113/3278 1110/3279
f 1114/3280 1113/3281 1111/3282
f 1114/3283 1111/3284 1112/3285
f 1107/3286 1110/3287 1115/3288
f 1107/3289 1115/3290 1108/3291
f 1110/3292 1113/3293 1116/3294
f 1110/3295 1116/3296 1115/3297
f 1117/3298 1116/3299 1113/3300
f 1117/3301 1113/3302 1114/3303
f 1118/3304 51/3305 50/3306
f 1118/3307 50/3308 55/3309
f 1119/3310 1059/3311 51/3312
f 1119/3313 51/3314 1118/3315
f 1059/3316 1119/3317 1076/3318
f 1059/3319 1076/3320 1073/3321
f 61/3322 55/3323 54/3324
f 61/3325 54/3326 62/3327
f 1120/3328 1118/3329 55/3330
f 1120/3331 55/3332 61/3333
f 1076/3334 1119/3335 1121/3336
f 1076/3337 1121/3338 1122/3339
f 1123/3340 1077/3341 1076/3342
f 1123/3343 1076/3344 1122/3345
f 1121/3346 1119/3347 1118/3348
f 1121/3349 1118/3350 1120/3351
f 1124/3352 63/3353 65/3354
f 1124/3355 65/3356 1125/3357
f 67/3358 63/3359 1124/3360
f 67/3361 1124/3362 68/3363
f 1126/3364 68/3365 1124/3366
f 1126/3367 1124/3368 1127/3369
f 1124/3370 1125/3371 1128/3372
f 1124/3373 1128/3374 1127/3375
f 65/3376 64/3377 1129/3378
f 65/3379 1129/3380 1130/3381
f 1131/3382 1125/3383 65/3384
f 1131/3385 65/3386 1132/3387
f 65/3388 1130/3389 1133/3390
f 65/3391 1133/3392 1132/3393
f 69/3394 1129/3395 64/3396
f 69/3397 64/3398 70/3399
f 64/3400 63/3401 67/3402
f 64/3403 67/3404 70/3405
f 1130/3406 1129/3407 1134/3408
f 1130/3409 1134/3410 1135/3411
f 1136/3412 1133/3413 1130/3414
f 1136/3415 1130/3416 1135/3417
f 1129/3418 69/3419 72/3420
f 1129/3421 72/3422 1134/3423
f 1137/3424 66/3425 68/3426
f 1137/3427 68/3428 1126/3429
f 66/3430 1137/3431 73/3432
f 66/3433 73/3434 71/3435
f 1125/3436 1131/3437 1138/3438
f 1125/3439 1138/3440 1128/3441
f 1131/3442 1132/3443 1139/3444
f 1131/3445 1139/3446 1140/3447
f 1141/3448 1138/3449 1131/3450
f 1141/3451 1131/3452 1140/3453
f 1142/3454 1143/3455 1127/3456
f 1142/3457 1127/3458 1128/3459
f 80/3460 1126/3461 1127/3462
f 80/3463 1127/3464 1143/3465
f 1132/3466 1133/3467 1144/3468
f 1132/3469 1144/3470 1139/3471
f 1145/3472 1144/3473 1133/3474
f 1145/3475 1133/3476 1136/3477
f 75/3478 1140/3479 1139/3480
f 75/3481 1139/3482 76/3483
f 1139/3484 1144/3485 77/3486
f 1139/3487 77/3488 76/3489
f 79/3490 77/3491 1144/3492
f 79/3493 1144/3494 1145/3495
f 82/3496 1137/3497 1126/3498
f 82/3499 1126/3500 80/3501
f 1137/3502 82/3503 1146/3504
f 1137/3505 1146/3506 1147/3507
f 1137/3508 1147/3509 1148/3510
f 1137/3511 1148/3512 73/3513
f 1149/3514 1142/3515 1150/3516
f 1149/3517 1150/3518 1151/3519
f 1150/3520 1138/3521 1141/3522
f 1150/3523 1141/3524 1152/3525
f 1128/3526 1138/3527 1150/3528
f 1128/3529 1150/3530 1142/3531
f 1150/3532 1152/3533 1153/3534
f 1150/3535 1153/3536 1151/3537
f 1152/3538 1141/3539 86/3540
f 1152/3541 86/3542 85/3543
f 1152/3544 85/3545 88/3546
f 1152/3547 88/3548 1153/3549
f 1143/3550 1142/3551 1149/3552
f 1143/3553 1149/3554 1154/3555
f 1143/3556 1154/3557 81/3558
f 1143/3559 81/3560 80/3561
f 1149/3562 1151/3563 1155/3564
f 1149/3565 1155/3566 1156/3567
f 1157/3568 1154/3569 1149/3570
f 1157/3571 1149/3572 1156/3573
f 1158/3574 81/3575 1154/3576
f 1158/3577 1154/3578 1157/3579
f 86/3580 1141/3581 1140/3582
f 86/3583 1140/3584 75/3585
f 84/3586 78/3587 1159/3588
f 84/3589 1159/3590 1160/3591
f 84/3592 1160/3593 1161/3594
f 84/3595 1161/3596 87/3597
f 1162/3598 82/3599 81/3600
f 1162/3601 81/3602 1158/3603
f 1163/3604 1146/3605 82/3606
f 1163/3607 82/3608 1162/3609
f 1164/3610 1146/3611 1163/3612
f 1164/3613 1163/3614 1165/3615
f 1147/3616 1146/3617 1164/3618
f 1147/3619 1164/3620 1166/3621
f 1167/3622 1166/3623 1164/3624
f 1167/3625 1164/3626 1168/3627
f 1164/3628 1165/3629 1169/3630
f 1164/3631 1169/3632 1168/3633
f 1158/3634 1157/3635 1170/3636
f 1158/3637 1170/3638 1171/3639
f 1172/3640 1162/3641 1158/3642
f 1172/3643 1158/3644 1171/3645
f 1173/3646 1163/3647 1162/3648
f 1173/3649 1162/3650 1172/3651
f 1174/3652 1165/3653 1163/3654
f 1174/3655 1163/3656 1173/3657
f 106/3658 1169/3659 1165/3660
f 106/3661 1165/3662 1174/3663
f 1135/3664 1134/3665 1175/3666
f 1135/3667 1175/3668 1176/3669
f 1177/3670 1136/3671 1135/3672
f 1177/3673 1135/3674 1176/3675
f 1134/3676 72/3677 1178/3678
f 1134/3679 1178/3680 1175/3681
f 72/3682 71/3683 74/3684
f 72/3685 74/3686 1178/3687
f 1178/3688 74/3689 83/3690
f 1178/3691 83/3692 1179/3693
f 1180/3694 1175/3695 1178/3696
f 1180/3697 1178/3698 1179/3699
f 1181/3700 1176/3701 1175/3702
f 1181/3703 1175/3704 1180/3705
f 1182/3706 1145/3707 1136/3708
f 1182/3709 1136/3710 1177/3711
f 1145/3712 1182/3713 89/3714
f 1145/3715 89/3716 79/3717
f 1183/3718 1177/3719 1176/3720
f 1183/3721 1176/3722 1181/3723
f 1184/3724 1182/3725 1177/3726
f 1184/3727 1177/3728 1183/3729
f 90/3730 89/3731 1182/3732
f 90/3733 1182/3734 1184/3735
f 1185/3736 1179/3737 83/3738
f 1185/3739 83/3740 1186/3741
f 83/3742 73/3743 1187/3744
f 83/3745 1187/3746 1186/3747
f 1188/3748 1148/3749 1147/3750
f 1188/3751 1147/3752 1166/3753
f 73/3754 1148/3755 1189/3756
f 73/3757 1189/3758 1187/3759
f 1148/3760 1188/3761 1190/3762
f 1148/3763 1190/3764 1189/3765
f 1191/3766 1188/3767 1166/3768
f 1191/3769 1166/3770 1167/3771
f 1192/3772 1190/3773 1188/3774
f 1192/3775 1188/3776 1191/3777
f 1193/3778 1180/3779 1179/3780
f 1193/3781 1179/3782 1185/3783
f 1181/3784 1180/3785 1193/3786
f 1181/3787 1193/3788 1194/3789
f 1195/3790 1183/3791 1181/3792
f 1195/3793 1181/3794 1194/3795
f 1196/3796 1184/3797 1183/3798
f 1196/3799 1183/3800 1195/3801
f 1193/3802 1185/3803 1197/3804
f 1193/3805 1197/3806 1198/3807
f 1199/3808 1194/3809 1193/3810
f 1199/3811 1193/3812 1198/3813
f 1185/3814 1186/3815 92/3816
f 1185/3817 92/3818 1197/3819
f 1200/3820 1195/3821 1194/3822
f 1200/3823 1194/3824 1199/3825
f 1186/3826 1187/3827 93/3828
f 1186/3829 93/3830 92/3831
f 1187/3832 1189/3833 1201/3834
f 1187/3835 1201/3836 93/3837
f 1189/3838 1190/3839 1202/3840
f 1189/3841 1202/3842 1201/3843
f 1190/3844 1192/3845 1203/3846
f 1190/3847 1203/3848 1202/3849
f 90/3850 1184/3851 1196/3852
f 90/3853 1196/3854 1204/3855
f 1205/3856 78/3857 90/3858
f 1205/3859 90/3860 1204/3861
f 1206/3862 1159/3863 78/3864
f 1206/3865 78/3866 1205/3867
f 1207/3868 1191/3869 1167/3870
f 1207/3871 1167/3872 1208/3873
f 1167/3874 1168/3875 1209/3876
f 1167/3877 1209/3878 1208/3879
f 1191/3880 1207/3881 1210/3882
f 1191/3883 1210/3884 1192/3885
f 1208/3886 1160/3887 1159/3888
f 1208/3889 1159/3890 1207/3891
f 1210/3892 1207/3893 1159/3894
f 1210/3895 1159/3896 1206/3897
f 1160/3898 1208/3899 1209/3900
f 1160/3901 1209/3902 1161/3903
f 1196/3904 1195/3905 1200/3906
f 1196/3907 1200/3908 1211/3909
f 96/3910 1204/3911 1196/3912
f 96/3913 1196/3914 1211/3915
f 95/3916 1205/3917 1204/3918
f 95/3919 1204/3920 96/3921
f 1212/3922 1206/3923 1205/3924
f 1212/3925 1205/3926 95/3927
f 1213/3928 1210/3929 1206/3930
f 1213/3931 1206/3932 1212/3933
f 1203/3934 1192/3935 1210/3936
f 1203/3937 1210/3938 1213/3939
f 1151/3940 1153/3941 1214/3942
f 1151/3943 1214/3944 1155/3945
f 1215/3946 1214/3947 1153/3948
f 1215/3949 1153/3950 88/3951
f 1170/3952 1157/3953 1156/3954
f 1170/3955 1156/3956 102/3957
f 1156/3958 1155/3959 103/3960
f 1156/3961 103/3962 102/3963
f 1155/3964 1214/3965 1216/3966
f 1155/3967 1216/3968 103/3969
f 1214/3970 1215/3971 1217/3972
f 1214/3973 1217/3974 1216/3975
f 88/3976 87/3977 1218/3978
f 88/3979 1218/3980 1215/3981
f 1219/3982 1209/3983 1168/3984
f 1219/3985 1168/3986 1169/3987
f 87/3988 1161/3989 1220/3990
f 87/3991 1220/3992 1218/3993
f 1161/3994 1209/3995 1219/3996
f 1161/3997 1219/3998 1220/3999
f 1215/4000 1218/4001 1221/4002
f 1215/4003 1221/4004 1217/4005
f 1218/4006 1220/4007 1222/4008
f 1218/4009 1222/4010 1221/4011
f 1220/4012 1219/4013 105/4014
f 1220/4015 105/4016 1222/4017
f 105/4018 1219/4019 1169/4020
f 105/4021 1169/4022 106/4023
f 1223/4024 1171/4025 1170/4026
f 1223/4027 1170/4028 108/4029
f 1170/4030 102/4031 101/4032
f 1170/4033 101/4034 108/4035
f 1224/4036 1172/4037 1171/4038
f 1224/4039 1171/4040 1223/4041
f 1174/4042 1173/4043 1225/4044
f 1174/4045 1225/4046 109/4047
f 104/4048 106/4049 1174/4050
f 104/4051 1174/4052 109/4053
f 1225/4054 1173/4055 1172/4056
f 1225/4057 1172/4058 1224/4059
f 103/4060 1216/4061 1226/4062
f 103/4063 1226/4064 101/4065
f 1216/4066 1217/4067 1227/4068
f 1216/4069 1227/4070 1226/4071
f 1228/4072 1222/4073 105/4074
f 1228/4075 105/4076 104/4077
f 1217/4078 1221/4079 1229/4080
f 1217/4081 1229/4082 1227/4083
f 1221/4084 1222/4085 1228/4086
f 1221/4087 1228/4088 1229/4089
f 60/4090 62/4091 1108/4092
f 60/4093 1108/4094 1115/4095
f 1115/4096 1116/4097 1230/4098
f 1115/4099 1230/4100 60/4101
f 126/4102 1230/4103 1116/4104
f 126/4105 1116/4106 1117/4107
f 116/4108 1120/4109 61/4110
f 116/4111 61/4112 60/4113
f 1120/4114 114/4115 115/4116
f 1120/4117 115/4118 1121/4119
f 112/4120 114/4121 1120/4122
f 112/4123 1120/4124 116/4125
f 108/4126 107/4127 1231/4128
f 108/4129 1231/4130 1223/4131
f 1232/4132 1122/4133 1121/4134
f 1232/4135 1121/4136 115/4137
f 107/4138 1233/4139 1234/4140
f 107/4141 1234/4142 1231/4143
f 107/4144 101/4145 1232/4146
f 107/4147 1232/4148 1233/4149
f 1234/4150 1233/4151 113/4152
f 1234/4153 113/4154 112/4155
f 113/4156 1233/4157 1232/4158
f 113/4159 1232/4160 115/4161
f 1235/4162 1224/4163 1223/4164
f 1235/4165 1223/4166 1231/4167
f 1236/4168 1225/4169 1224/4170
f 1236/4171 1224/4172 1235/4173
f 110/4174 109/4175 1225/4176
f 110/4177 1225/4178 1236/4179
f 1231/4180 1234/4181 118/4182
f 1231/4183 118/4184 1235/4185
f 112/4186 116/4187 118/4188
f 112/4189 118/4190 1234/4191
f 1235/4192 118/4193 117/4194
f 1235/4195 117/4196 1236/4197
f 1236/4198 117/4199 119/4200
f 1236/4201 119/4202 110/4203
f 60/4204 1230/4205 122/4206
f 60/4207 122/4208 116/4209
f 123/4210 122/4211 1230/4212
f 123/4213 1230/4214 126/4215
f 116/4216 122/4217 120/4218
f 116/4219 120/4220 111/4221
f 901/4222 900/4223 1061/4224
f 901/4225 1061/4226 1237/4227
f 1238/4228 895/4229 901/4230
f 1238/4231 901/4232 1239/4233
f 901/4234 1237/4235 1240/4236
f 901/4237 1240/4238 1239/4239
f 1061/4240 1064/4241 1241/4242
f 1061/4243 1241/4244 1237/4245
f 1242/4246 1241/4247 1064/4248
f 1242/4249 1064/4250 1243/4251
f 1064/4252 1063/4253 1068/4254
f 1064/4255 1068/4256 1243/4257
f 1237/4258 1241/4259 1244/4260
f 1237/4261 1244/4262 1240/4263
f 1241/4264 1242/4265 1245/4266
f 1241/4267 1245/4268 1244/4269
f 1242/4270 1246/4271 1247/4272
f 1242/4273 1247/4274 1245/4275
f 1242/4276 1243/4277 1248/4278
f 1242/4279 1248/4280 1246/4281
f 136/4282 1249/4283 1250/4284
f 136/4285 1250/4286 1251/4287
f 1247/4288 1246/4289 136/4290
f 1247/4291 136/4292 1251/4293
f 136/4294 1246/4295 1248/4296
f 136/4297 1248/4298 137/4299
f 1252/4300 1249/4301 136/4302
f 1252/4303 136/4304 138/4305
f 1253/4306 1250/4307 1249/4308
f 1253/4309 1249/4310 1254/4311
f 1249/4312 1252/4313 1255/4314
f 1249/4315 1255/4316 1254/4317
f 1035/4318 1024/4319 1238/4320
f 1035/4321 1238/4322 1256/4323
f 1238/4324 1239/4325 1257/4326
f 1238/4327 1257/4328 1256/4329
f 1238/4330 1024/4331 894/4332
f 1238/4333 894/4334 895/4335
f 1044/4336 1034/4337 1035/4338
f 1044/4339 1035/4340 1258/4341
f 1035/4342 1256/4343 1259/4344
f 1035/4345 1259/4346 1258/4347
f 1256/4348 1257/4349 1260/4350
f 1256/4351 1260/4352 1259/4353
f 1261/4354 1260/4355 1257/4356
f 1261/4357 1257/4358 1262/4359
f 1257/4360 1239/4361 1240/4362
f 1257/4363 1240/4364 1262/4365
f 1044/4366 1258/4367 1263/4368
f 1044/4369 1263/4370 1045/4371
f 1258/4372 1259/4373 1264/4374
f 1258/4375 1264/4376 1263/4377
f 1259/4378 1260/4379 1265/4380
f 1259/4381 1265/4382 1264/4383
f 1260/4384 1261/4385 1266/4386
f 1260/4387 1266/4388 1265/4389
f 1261/4390 1262/4391 1267/4392
f 1261/4393 1267/4394 1268/4395
f 1261/4396 1268/4397 1269/4398
f 1261/4399 1269/4400 1266/4401
f 1240/4402 1244/4403 1267/4404
f 1240/4405 1267/4406 1262/4407
f 1270/4408 1267/4409 1244/4410
f 1270/4411 1244/4412 1245/4413
f 1271/4414 1268/4415 1267/4416
f 1271/4417 1267/4418 1270/4419
f 1270/4420 1245/4421 1247/4422
f 1270/4423 1247/4424 1272/4425
f 1270/4426 1272/4427 1273/4428
f 1270/4429 1273/4430 1271/4431
f 1274/4432 1251/4433 1250/4434
f 1274/4435 1250/4436 1275/4437
f 1247/4438 1251/4439 1274/4440
f 1247/4441 1274/4442 1272/4443
f 1273/4444 1272/4445 1274/4446
f 1273/4447 1274/4448 1276/4449
f 1274/4450 1275/4451 1277/4452
f 1274/4453 1277/4454 1276/4455
f 1275/4456 1250/4457 1253/4458
f 1275/4459 1253/4460 1278/4461
f 1275/4462 1278/4463 1279/4464
f 1275/4465 1279/4466 1277/4467
f 1280/4468 1278/4469 1253/4470
f 1280/4471 1253/4472 1281/4473
f 1253/4474 1254/4475 1282/4476
f 1253/4477 1282/4478 1281/4479
f 1283/4480 1280/4481 1281/4482
f 1283/4483 1281/4484 1284/4485
f 1281/4486 1282/4487 1285/4488
f 1281/4489 1285/4490 1284/4491
f 1278/4492 1280/4493 1286/4494
f 1278/4495 1286/4496 1279/4497
f 1287/4498 1286/4499 1280/4500
f 1287/4501 1280/4502 1283/4503
f 1268/4504 1271/4505 1288/4506
f 1268/4507 1288/4508 1269/4509
f 1271/4510 1273/4511 1289/4512
f 1271/4513 1289/4514 1288/4515
f 1273/4516 1276/4517 1290/4518
f 1273/4519 1290/4520 1289/4521
f 1276/4522 1277/4523 1291/4524
f 1276/4525 1291/4526 1290/4527
f 1277/4528 1279/4529 1292/4530
f 1277/4531 1292/4532 1291/4533
f 1279/4534 1286/4535 1293/4536
f 1279/4537 1293/4538 1292/4539
f 1286/4540 1287/4541 1294/4542
f 1286/4543 1294/4544 1293/4545
f 1283/4546 1284/4547 1295/4548
f 1283/4549 1295/4550 1296/4551
f 1297/4552 1287/4553 1283/4554
f 1297/4555 1283/4556 1296/4557
f 1287/4558 1297/4559 1298/4560
f 1287/4561 1298/4562 1294/4563
f 1243/4564 1068/4565 1071/4566
f 1243/4567 1071/4568 1248/4569
f 1071/4570 1089/4571 137/4572
f 1071/4573 137/4574 1248/4575
f 137/4576 1089/4577 1091/4578
f 137/4579 1091/4580 138/4581
f 138/4582 1091/4583 1094/4584
f 138/4585 1094/4586 1252/4587
f 1252/4588 1094/4589 1097/4590
f 1252/4591 1097/4592 1255/4593
f 1282/4594 1254/4595 1255/4596
f 1282/4597 1255/4598 1299/4599
f 1255/4600 1097/4601 1300/4602
f 1255/4603 1300/4604 1299/4605
f 1097/4606 1096/4607 1100/4608
f 1097/4609 1100/4610 1300/4611
f 1301/4612 1285/4613 1282/4614
f 1301/4615 1282/4616 1299/4617
f 1285/4618 1301/4619 1302/4620
f 1285/4621 1302/4622 1303/4623
f 1295/4624 1284/4625 1285/4626
f 1295/4627 1285/4628 1303/4629
f 1304/4630 1301/4631 1299/4632
f 1304/4633 1299/4634 1300/4635
f 1301/4636 1304/4637 1305/4638
f 1301/4639 1305/4640 1302/4641
f 1300/4642 1100/4643 1103/4644
f 1300/4645 1103/4646 1304/4647
f 1304/4648 1103/4649 1306/4650
f 1304/4651 1306/4652 1305/4653
f 1103/4654 1104/4655 1307/4656
f 1103/4657 1307/4658 1306/4659
f 1308/4660 1305/4661 1306/4662
f 1308/4663 1306/4664 1309/4665
f 1306/4666 1307/4667 1310/4668
f 1306/4669 1310/4670 1309/4671
f 1302/4672 1305/4673 1308/4674
f 1302/4675 1308/4676 1311/4677
f 1312/4678 1303/4679 1302/4680
f 1312/4681 1302/4682 1311/4683
f 1313/4684 1314/4685 1311/4686
f 1313/4687 1311/4688 1308/4689
f 1311/4690 1314/4691 1315/4692
f 1311/4693 1315/4694 1312/4695
f 1316/4696 1315/4697 1314/4698
f 1316/4699 1314/4700 1317/4701
f 1314/4702 1313/4703 1318/4704
f 1314/4705 1318/4706 1317/4707
f 1308/4708 1309/4709 1319/4710
f 1308/4711 1319/4712 1313/4713
f 1313/4714 1319/4715 1320/4716
f 1313/4717 1320/4718 1318/4719
f 1295/4720 1303/4721 1312/4722
f 1295/4723 1312/4724 1321/4725
f 1322/4726 1296/4727 1295/4728
f 1322/4729 1295/4730 1321/4731
f 1312/4732 1315/4733 1323/4734
f 1312/4735 1323/4736 1321/4737
f 1315/4738 1316/4739 1324/4740
f 1315/4741 1324/4742 1323/4743
f 1316/4744 1317/4745 1325/4746
f 1316/4747 1325/4748 1326/4749
f 1316/4750 1326/4751 1327/4752
f 1316/4753 1327/4754 1324/4755
f 1328/4756 1325/4757 1317/4758
f 1328/4759 1317/4760 1318/4761
f 1329/4762 1326/4763 1325/4764
f 1329/4765 1325/4766 1330/4767
f 1325/4768 1328/4769 1331/4770
f 1325/4771 1331/4772 1330/4773
f 1332/4774 1327/4775 1326/4776
f 1332/4777 1326/4778 1329/4779
f 1296/4780 1322/4781 1333/4782
f 1296/4783 1333/4784 1297/4785
f 1322/4786 1321/4787 1323/4788
f 1322/4789 1323/4790 1334/4791
f 1335/4792 1333/4793 1322/4794
f 1335/4795 1322/4796 1334/4797
f 1336/4798 1334/4799 1323/4800
f 1336/4801 1323/4802 1324/4803
f 1297/4804 1333/4805 1337/4806
f 1297/4807 1337/4808 1298/4809
f 1333/4810 1335/4811 1338/4812
f 1333/4813 1338/4814 1337/4815
f 1339/4816 1335/4817 1334/4818
f 1339/4819 1334/4820 1336/4821
f 1335/4822 1339/4823 1340/4824
f 1335/4825 1340/4826 1338/4827
f 1324/4828 1327/4829 1341/4830
f 1324/4831 1341/4832 1336/4833
f 1342/4834 1341/4835 1327/4836
f 1342/4837 1327/4838 1332/4839
f 1336/4840 1341/4841 1343/4842
f 1336/4843 1343/4844 1339/4845
f 1344/4846 1343/4847 1341/4848
f 1344/4849 1341/4850 1342/4851
f 1339/4852 1343/4853 1345/4854
f 1339/4855 1345/4856 1340/4857
f 1343/4858 1344/4859 1346/4860
f 1343/4861 1346/4862 1345/4863
f 1332/4864 1329/4865 1347/4866
f 1332/4867 1347/4868 1348/4869
f 1349/4870 1342/4871 1332/4872
f 1349/4873 1332/4874 1348/4875
f 1350/4876 1344/4877 1342/4878
f 1350/4879 1342/4880 1349/4881
f 1351/4882 1346/4883 1344/4884
f 1351/4885 1344/4886 1350/4887
f 1352/4888 1345/4889 1346/4890
f 1352/4891 1346/4892 1353/4893
f 1354/4894 1353/4895 1346/4896
f 1354/4897 1346/4898 1351/4899
f 1355/4900 927/4901 926/4902
f 1355/4903 926/4904 1356/4905
f 926/4906 946/4907 1357/4908
f 926/4909 1357/4910 1356/4911
f 14/4912 927/4913 1355/4914
f 14/4915 1355/4916 22/4917
f 1355/4918 1356/4919 1358/4920
f 1355/4921 1358/4922 1359/4923
f 23/4924 22/4925 1355/4926
f 23/4927 1355/4928 1359/4929
f 1357/4930 946/4931 947/4932
f 1357/4933 947/4934 1360/4935
f 1358/4936 1356/4937 1357/4938
f 1358/4939 1357/4940 1361/4941
f 1357/4942 1360/4943 1362/4944
f 1357/4945 1362/4946 1361/4947
f 947/4948 948/4949 1363/4950
f 947/4951 1363/4952 1360/4953
f 948/4954 950/4955 1364/4956
f 948/4957 1364/4958 1363/4959
f 955/4960 956/4961 1365/4962
f 955/4963 1365/4964 1366/4965
f 1367/4966 954/4967 955/4968
f 1367/4969 955/4970 1366/4971
f 956/4972 35/4973 34/4974
f 956/4975 34/4976 1365/4977
f 1360/4978 1363/4979 1368/4980
f 1360/4981 1368/4982 1362/4983
f 1363/4984 1364/4985 1369/4986
f 1363/4987 1369/4988 1368/4989
f 1366/4990 1365/4991 1370/4992
f 1366/4993 1370/4994 1371/4995
f 1372/4996 1367/4997 1366/4998
f 1372/4999 1366/5000 1371/5001
f 1365/5002 34/5003 1373/5004
f 1365/5005 1373/5006 1370/5007
f 142/5008 1373/5009 34/5010
f 142/5011 34/5012 139/5013
f 1374/5014 1373/5015 142/5016
f 1374/5017 142/5018 146/5019
f 1375/5020 1359/5021 1358/5022
f 1375/5023 1358/5024 1376/5025
f 1358/5026 1361/5027 1377/5028
f 1358/5029 1377/5030 1376/5031
f 23/5032 1359/5033 1375/5034
f 23/5035 1375/5036 24/5037
f 1361/5038 1362/5039 1378/5040
f 1361/5041 1378/5042 1377/5043
f 1379/5044 1378/5045 1362/5046
f 1379/5047 1362/5048 1368/5049
f 24/5050 1375/5051 1380/5052
f 24/5053 1380/5054 25/5055
f 1375/5056 1376/5057 1381/5058
f 1375/5059 1381/5060 1380/5061
f 1376/5062 1377/5063 1382/5064
f 1376/5065 1382/5066 1381/5067
f 1377/5068 1378/5069 1383/5070
f 1377/5071 1383/5072 1382/5073
f 1384/5074 1383/5075 1378/5076
f 1384/5077 1378/5078 1379/5079
f 26/5080 1385/5081 1001/5082
f 26/5083 1001/5084 27/5085
f 26/5086 25/5087 1380/5088
f 26/5089 1380/5090 1385/5091
f 1002/5092 1001/5093 1385/5094
f 1002/5095 1385/5096 1386/5097
f 1385/5098 1380/5099 1381/5100
f 1385/5101 1381/5102 1386/5103
f 1002/5104 1386/5105 1387/5106
f 1002/5107 1387/5108 1003/5109
f 1387/5110 1386/5111 1381/5112
f 1387/5113 1381/5114 1382/5115
f 1387/5116 1382/5117 1383/5118
f 1387/5119 1383/5120 1388/5121
f 1012/5122 1003/5123 1387/5124
f 1012/5125 1387/5126 1388/5127
f 1388/5128 1383/5129 1384/5130
f 1388/5131 1384/5132 1389/5133
f 1013/5134 1012/5135 1388/5136
f 1013/5137 1388/5138 1389/5139
f 1390/5140 1391/5141 1392/5142
f 1390/5143 1392/5144 1393/5145
f 1371/5146 1391/5147 1390/5148
f 1371/5149 1390/5150 1372/5151
f 1384/5152 1379/5153 1394/5154
f 1384/5155 1394/5156 1395/5157
f 1394/5158 1379/5159 1368/5160
f 1394/5161 1368/5162 1369/5163
f 1396/5164 1392/5165 1391/5166
f 1396/5167 1391/5168 1397/5169
f 1391/5170 1371/5171 1370/5172
f 1391/5173 1370/5174 1397/5175
f 1393/5176 1392/5177 1398/5178
f 1393/5179 1398/5180 1399/5181
f 1389/5182 1384/5183 1395/5184
f 1389/5185 1395/5186 1399/5187
f 1396/5188 1397/5189 1374/5190
f 1396/5191 1374/5192 1400/5193
f 1398/5194 1392/5195 1396/5196
f 1398/5197 1396/5198 1401/5199
f 1396/5200 1400/5201 44/5202
f 1396/5203 44/5204 1401/5205
f 1374/5206 1397/5207 1370/5208
f 1374/5209 1370/5210 1373/5211
f 45/5212 44/5213 1400/5214
f 45/5215 1400/5216 150/5217
f 146/5218 150/5219 1400/5220
f 146/5221 1400/5222 1374/5223
f 1399/5224 1014/5225 1013/5226
f 1399/5227 1013/5228 1389/5229
f 1018/5230 1014/5231 1399/5232
f 1018/5233 1399/5234 1398/5235
f 1401/5236 1017/5237 1018/5238
f 1401/5239 1018/5240 1398/5241
f 44/5242 43/5243 1017/5244
f 44/5245 1017/5246 1401/5247
f 45/5248 150/5249 152/5250
f 45/5251 152/5252 1020/5253
f 150/5254 146/5255 149/5256
f 150/5257 149/5258 151/5259
f 1402/5260 145/5261 148/5262
f 1402/5263 148/5264 1403/5265
f 148/5266 147/5267 1404/5268
f 148/5269 1404/5270 1403/5271
f 1405/5272 149/5273 145/5274
f 1405/5275 145/5276 1402/5277
f 1406/5278 152/5279 151/5280
f 1406/5281 151/5282 1407/5283
f 151/5284 149/5285 1405/5286
f 151/5287 1405/5288 1407/5289
f 1402/5290 1403/5291 1408/5292
f 1402/5293 1408/5294 1409/5295
f 1410/5296 1405/5297 1402/5298
f 1410/5299 1402/5300 1409/5301
f 1411/5302 47/5303 46/5304
f 1411/5305 46/5306 1040/5307
f 47/5308 1411/5309 1412/5310
f 47/5311 1412/5312 140/5313
f 1411/5314 1040/5315 1047/5316
f 1411/5317 1047/5318 1413/5319
f 1414/5320 1412/5321 1411/5322
f 1414/5323 1411/5324 1413/5325
f 140/5326 1412/5327 1415/5328
f 140/5329 1415/5330 141/5331
f 1416/5332 1415/5333 1412/5334
f 1416/5335 1412/5336 1414/5337
f 144/5338 141/5339 1415/5340
f 144/5341 1415/5342 1417/5343
f 1415/5344 1416/5345 1418/5346
f 1415/5347 1418/5348 1417/5349
f 1047/5350 1046/5351 1419/5352
f 1047/5353 1419/5354 1413/5355
f 1420/5356 1419/5357 1046/5358
f 1420/5359 1046/5360 1048/5361
f 1413/5362 1419/5363 1421/5364
f 1413/5365 1421/5366 1414/5367
f 1422/5368 1421/5369 1419/5370
f 1422/5371 1419/5372 1420/5373
f 1423/5374 1416/5375 1414/5376
f 1423/5377 1414/5378 1421/5379
f 1416/5380 1423/5381 1424/5382
f 1416/5383 1424/5384 1418/5385
f 1421/5386 1422/5387 1425/5388
f 1421/5389 1425/5390 1423/5391
f 1422/5392 1420/5393 1426/5394
f 1422/5395 1426/5396 1427/5397
f 1428/5398 1425/5399 1422/5400
f 1428/5401 1422/5402 1427/5403
f 1423/5404 1425/5405 1429/5406
f 1423/5407 1429/5408 1424/5409
f 1430/5410 1429/5411 1425/5412
f 1430/5413 1425/5414 1428/5415
f 1431/5416 143/5417 144/5418
f 1431/5419 144/5420 1417/5421
f 1404/5422 147/5423 143/5424
f 1404/5425 143/5426 1431/5427
f 1431/5428 1417/5429 1418/5430
f 1431/5431 1418/5432 1432/5433
f 1433/5434 1404/5435 1431/5436
f 1433/5437 1431/5438 1432/5439
f 1408/5440 1403/5441 1404/5442
f 1408/5443 1404/5444 1433/5445
f 1434/5446 1432/5447 1418/5448
f 1434/5449 1418/5450 1424/5451
f 1432/5452 1434/5453 1435/5454
f 1432/5455 1435/5456 1433/5457
f 1434/5458 1424/5459 1429/5460
f 1434/5461 1429/5462 1436/5463
f 1437/5464 1435/5465 1434/5466
f 1437/5467 1434/5468 1436/5469
f 1438/5470 1408/5471 1433/5472
f 1438/5473 1433/5474 1435/5475
f 161/5476 1409/5477 1408/5478
f 161/5479 1408/5480 1438/5481
f 1435/5482 1437/5483 154/5484
f 1435/5485 154/5486 1438/5487
f 1429/5488 1430/5489 1439/5490
f 1429/5491 1439/5492 1436/5493
f 1437/5494 1436/5495 1439/5496
f 1437/5497 1439/5498 1440/5499
f 156/5500 154/5501 1437/5502
f 156/5503 1437/5504 1440/5505
f 1441/5506 1439/5507 1430/5508
f 1441/5509 1430/5510 1442/5511
f 1430/5512 1428/5513 1443/5514
f 1430/5515 1443/5516 1442/5517
f 1444/5518 1440/5519 1439/5520
f 1444/5521 1439/5522 1441/5523
f 1445/5524 1444/5525 1441/5526
f 1445/5527 1441/5528 1446/5529
f 1441/5530 1442/5531 1447/5532
f 1441/5533 1447/5534 1446/5535
f 1442/5536 1443/5537 1448/5538
f 1442/5539 1448/5540 1447/5541
f 1406/5542 1112/5543 1020/5544
f 1406/5545 1020/5546 152/5547
f 1112/5548 1406/5549 1449/5550
f 1112/5551 1449/5552 1114/5553
f 1406/5554 1407/5555 1450/5556
f 1406/5557 1450/5558 1449/5559
f 1450/5560 1407/5561 1405/5562
f 1450/5563 1405/5564 1410/5565
f 1114/5566 1449/5567 158/5568
f 1114/5569 158/5570 1117/5571
f 1449/5572 1450/5573 159/5574
f 1449/5575 159/5576 158/5577
f 1410/5578 1409/5579 161/5580
f 1410/5581 161/5582 160/5583
f 159/5584 1450/5585 1410/5586
f 159/5587 1410/5588 160/5589
f 161/5590 1438/5591 154/5592
f 161/5593 154/5594 153/5595
f 160/5596 153/5597 155/5598
f 160/5599 155/5600 162/5601
f 1451/5602 1198/5603 1197/5604
f 1451/5605 1197/5606 1452/5607
f 91/5608 1452/5609 1197/5610
f 91/5611 1197/5612 92/5613
f 1199/5614 1198/5615 1451/5616
f 1199/5617 1451/5618 1453/5619
f 1454/5620 1200/5621 1199/5622
f 1454/5623 1199/5624 1453/5625
f 1455/5626 1211/5627 1200/5628
f 1455/5629 1200/5630 1454/5631
f 1456/5632 1453/5633 1451/5634
f 1456/5635 1451/5636 1457/5637
f 1451/5638 1452/5639 1458/5640
f 1451/5641 1458/5642 1457/5643
f 1452/5644 91/5645 94/5646
f 1452/5647 94/5648 1458/5649
f 1454/5650 1453/5651 1456/5652
f 1454/5653 1456/5654 1459/5655
f 1456/5656 1457/5657 1460/5658
f 1456/5659 1460/5660 1461/5661
f 1462/5662 1459/5663 1456/5664
f 1462/5665 1456/5666 1461/5667
f 1457/5668 1458/5669 167/5670
f 1457/5671 167/5672 1460/5673
f 1458/5674 94/5675 165/5676
f 1458/5677 165/5678 167/5679
f 94/5680 93/5681 1463/5682
f 94/5683 1463/5684 165/5685
f 1464/5686 1455/5687 1454/5688
f 1464/5689 1454/5690 1459/5691
f 96/5692 1211/5693 1455/5694
f 96/5695 1455/5696 97/5697
f 1455/5698 1464/5699 98/5700
f 1455/5701 98/5702 97/5703
f 1465/5704 1464/5705 1459/5706
f 1465/5707 1459/5708 1462/5709
f 99/5710 98/5711 1464/5712
f 99/5713 1464/5714 1465/5715
f 93/5716 1201/5717 1466/5718
f 93/5719 1466/5720 1463/5721
f 1467/5722 1466/5723 1201/5724
f 1467/5725 1201/5726 1202/5727
f 1466/5728 1467/5729 1468/5730
f 1466/5731 1468/5732 1469/5733
f 180/5734 1463/5735 1466/5736
f 180/5737 1466/5738 1469/5739
f 1470/5740 1467/5741 1202/5742
f 1470/5743 1202/5744 1203/5745
f 1467/5746 1470/5747 1471/5748
f 1467/5749 1471/5750 1468/5751
f 1472/5752 1212/5753 95/5754
f 1472/5755 95/5756 171/5757
f 95/5758 100/5759 172/5760
f 95/5761 172/5762 171/5763
f 1203/5764 1213/5765 1473/5766
f 1203/5767 1473/5768 1470/5769
f 1473/5770 1213/5771 1212/5772
f 1473/5773 1212/5774 1472/5775
f 1470/5776 1473/5777 1474/5778
f 1470/5779 1474/5780 1471/5781
f 1474/5782 1473/5783 1472/5784
f 1474/5785 1472/5786 1475/5787
f 1472/5788 171/5789 174/5790
f 1472/5791 174/5792 1475/5793
f 1461/5794 1460/5795 176/5796
f 1461/5797 176/5798 175/5799
f 1461/5800 175/5801 1476/5802
f 1461/5803 1476/5804 1462/5805
f 166/5806 176/5807 1460/5808
f 166/5809 1460/5810 167/5811
f 175/5812 177/5813 1477/5814
f 175/5815 1477/5816 1478/5817
f 1479/5818 1476/5819 175/5820
f 1479/5821 175/5822 1478/5823
f 176/5824 166/5825 168/5826
f 176/5827 168/5828 177/5829
f 1480/5830 169/5831 165/5832
f 1480/5833 165/5834 1463/5835
f 177/5836 168/5837 169/5838
f 177/5839 169/5840 1477/5841
f 1481/5842 1477/5843 169/5844
f 1481/5845 169/5846 1480/5847
f 1482/5848 1478/5849 1477/5850
f 1482/5851 1477/5852 1481/5853
f 1462/5854 1476/5855 1483/5856
f 1462/5857 1483/5858 1465/5859
f 1484/5860 1483/5861 1476/5862
f 1484/5863 1476/5864 1479/5865
f 1465/5866 1483/5867 170/5868
f 1465/5869 170/5870 99/5871
f 100/5872 170/5873 1483/5874
f 100/5875 1483/5876 1484/5877
f 1485/5878 1479/5879 1478/5880
f 1485/5881 1478/5882 1482/5883
f 1486/5884 1484/5885 1479/5886
f 1486/5887 1479/5888 1485/5889
f 1481/5890 1480/5891 179/5892
f 1481/5893 179/5894 1487/5895
f 1488/5896 1482/5897 1481/5898
f 1488/5899 1481/5900 1487/5901
f 179/5902 1480/5903 1463/5904
f 179/5905 1463/5906 180/5907
f 100/5908 1484/5909 1486/5910
f 100/5911 1486/5912 172/5913
f 1489/5914 1486/5915 1485/5916
f 1489/5917 1485/5918 1490/5919
f 1485/5920 1482/5921 1488/5922
f 1485/5923 1488/5924 1490/5925
f 173/5926 172/5927 1486/5928
f 173/5929 1486/5930 1489/5931
f 173/5932 1489/5933 1491/5934
f 173/5935 1491/5936 181/5937
f 1492/5938 1469/5939 1468/5940
f 1492/5941 1468/5942 1493/5943
f 1494/5944 1493/5945 1468/5946
f 1494/5947 1468/5948 1471/5949
f 1495/5950 180/5951 1469/5952
f 1495/5953 1469/5954 1492/5955
f 1496/5956 178/5957 180/5958
f 1496/5959 180/5960 1495/5961
f 1497/5962 1487/5963 179/5964
f 1497/5965 179/5966 178/5967
f 1498/5968 1497/5969 178/5970
f 1498/5971 178/5972 1496/5973
f 1490/5974 1488/5975 1499/5976
f 1490/5977 1499/5978 1500/5979
f 1491/5980 1489/5981 1490/5982
f 1491/5983 1490/5984 1500/5985
f 1499/5986 1488/5987 1487/5988
f 1499/5989 1487/5990 1497/5991
f 1501/5992 1500/5993 1499/5994
f 1501/5995 1499/5996 1502/5997
f 1499/5998 1497/5999 1498/6000
f 1499/6001 1498/6002 1502/6003
f 1492/6004 1493/6005 1503/6006
f 1492/6007 1503/6008 1504/6009
f 1505/6010 1495/6011 1492/6012
f 1505/6013 1492/6014 1504/6015
f 1506/6016 1496/6017 1495/6018
f 1506/6019 1495/6020 1505/6021
f 1493/6022 1494/6023 182/6024
f 1493/6025 182/6026 1503/6027
f 1496/6028 1506/6029 1507/6030
f 1496/6031 1507/6032 1498/6033
f 1471/6034 1474/6035 1508/6036
f 1471/6037 1508/6038 1494/6039
f 1474/6040 1475/6041 1509/6042
f 1474/6043 1509/6044 1508/6045
f 1475/6046 174/6047 1510/6048
f 1475/6049 1510/6050 1509/6051
f 174/6052 181/6053 1511/6054
f 174/6055 1511/6056 1510/6057
f 1512/6058 1511/6059 181/6060
f 1512/6061 181/6062 1491/6063
f 183/6064 1508/6065 1509/6066
f 183/6067 1509/6068 1513/6069
f 1509/6070 1510/6071 1514/6072
f 1509/6073 1514/6074 1513/6075
f 1494/6076 1508/6077 183/6078
f 1494/6079 183/6080 182/6081
f 1510/6082 1511/6083 1515/6084
f 1510/6085 1515/6086 1514/6087
f 1511/6088 1512/6089 1516/6090
f 1511/6091 1516/6092 1515/6093
f 1512/6094 1491/6095 1500/6096
f 1512/6097 1500/6098 1501/6099
f 1502/6100 1498/6101 1507/6102
f 1502/6103 1507/6104 186/6105
f 185/6106 1501/6107 1502/6108
f 185/6109 1502/6110 186/6111
f 1516/6112 1512/6113 1501/6114
f 1516/6115 1501/6116 185/6117
f 1517/6118 1504/6119 1503/6120
f 1517/6121 1503/6122 188/6123
f 1503/6124 182/6125 184/6126
f 1503/6127 184/6128 188/6129
f 1506/6130 1505/6131 1518/6132
f 1506/6133 1518/6134 1519/6135
f 189/6136 1507/6137 1506/6138
f 189/6139 1506/6140 1519/6141
f 1518/6142 1505/6143 1504/6144
f 1518/6145 1504/6146 1517/6147
f 187/6148 186/6149 1507/6150
f 187/6151 1507/6152 189/6153
f 183/6154 1513/6155 1520/6156
f 183/6157 1520/6158 184/6159
f 1513/6160 1514/6161 1521/6162
f 1513/6163 1521/6164 1520/6165
f 1514/6166 1515/6167 1522/6168
f 1514/6169 1522/6170 1521/6171
f 1515/6172 1516/6173 1523/6174
f 1515/6175 1523/6176 1522/6177
f 1516/6178 185/6179 187/6180
f 1516/6181 187/6182 1523/6183
f 1117/6184 158/6185 127/6186
f 1117/6187 127/6188 126/6189
f 191/6190 125/6191 127/6192
f 191/6193 127/6194 163/6195
f 126/6196 125/6197 128/6198
f 126/6199 128/6200 123/6201
f 194/6202 128/6203 125/6204
f 194/6205 125/6206 192/6207
f 1524/6208 1518/6209 1517/6210
f 1524/6211 1517/6212 1525/6213
f 1517/6214 188/6215 133/6216
f 1517/6217 133/6218 1525/6219
f 1526/6220 1519/6221 1518/6222
f 1526/6223 1518/6224 1524/6225
f 1519/6226 1526/6227 190/6228
f 1519/6229 190/6230 189/6231
f 1525/6232 131/6233 130/6234
f 1525/6235 130/6236 1524/6237
f 124/6238 131/6239 1525/6240
f 124/6241 1525/6242 133/6243
f 1524/6244 130/6245 196/6246
f 1524/6247 196/6248 1526/6249
f 1526/6250 196/6251 198/6252
f 1526/6253 198/6254 190/6255
f 198/6256 196/6257 129/6258
f 198/6259 129/6260 193/6261
f 197/6262 187/6263 190/6264
f 197/6265 190/6266 198/6267
f 194/6268 192/6269 1527/6270
f 194/6271 1527/6272 197/6273
f 163/6274 162/6275 1528/6276
f 163/6277 1528/6278 191/6279
f 164/6280 1528/6281 162/6282
f 164/6283 162/6284 155/6285
f 195/6286 191/6287 1528/6288
f 195/6289 1528/6290 1529/6291
f 1530/6292 1529/6293 1528/6294
f 1530/6295 1528/6296 164/6297
f 1531/6298 195/6299 1529/6300
f 1531/6301 1529/6302 1532/6303
f 1533/6304 1532/6305 1529/6306
f 1533/6307 1529/6308 1530/6309
f 1527/6310 192/6311 195/6312
f 1527/6313 195/6314 1531/6315
f 1531/6316 1532/6317 1534/6318
f 1531/6319 1534/6320 1535/6321
f 1536/6322 1527/6323 1531/6324
f 1536/6325 1531/6326 1535/6327
f 1532/6328 1533/6329 1537/6330
f 1532/6331 1537/6332 1534/6333
f 156/6334 1440/6335 1444/6336
f 156/6337 1444/6338 1538/6339
f 1530/6340 164/6341 156/6342
f 1530/6343 156/6344 1538/6345
f 1538/6346 1444/6347 1445/6348
f 1538/6349 1445/6350 1539/6351
f 1533/6352 1530/6353 1538/6354
f 1533/6355 1538/6356 1539/6357
f 1539/6358 1445/6359 1540/6360
f 1539/6361 1540/6362 1541/6363
f 1537/6364 1533/6365 1539/6366
f 1537/6367 1539/6368 1541/6369
f 1445/6370 1446/6371 1542/6372
f 1445/6373 1542/6374 1540/6375
f 1543/6376 1542/6377 1446/6378
f 1543/6379 1446/6380 1447/6381
f 1544/6382 1540/6383 1542/6384
f 1544/6385 1542/6386 1545/6387
f 1542/6388 1543/6389 1546/6390
f 1542/6391 1546/6392 1545/6393
f 1547/6394 1541/6395 1540/6396
f 1547/6397 1540/6398 1544/6399
f 1544/6400 1548/6401 1549/6402
f 1544/6403 1549/6404 1547/6405
f 1544/6406 1545/6407 1550/6408
f 1544/6409 1550/6410 1548/6411
f 1551/6412 1549/6413 1548/6414
f 1551/6415 1548/6416 1552/6417
f 1553/6418 1552/6419 1548/6420
f 1553/6421 1548/6422 1550/6423
f 1537/6424 1541/6425 1547/6426
f 1537/6427 1547/6428 1554/6429
f 1555/6430 1534/6431 1537/6432
f 1555/6433 1537/6434 1554/6435
f 1556/6436 1535/6437 1534/6438
f 1556/6439 1534/6440 1555/6441
f 1554/6442 1547/6443 1549/6444
f 1554/6445 1549/6446 1557/6447
f 1554/6448 1557/6449 1558/6450
f 1554/6451 1558/6452 1555/6453
f 1559/6454 1557/6455 1549/6456
f 1559/6457 1549/6458 1551/6459
f 1560/6460 1561/6461 1559/6462
f 1560/6463 1559/6464 1551/6465
f 1558/6466 1557/6467 1559/6468
f 1558/6469 1559/6470 1562/6471
f 1559/6472 1561/6473 1563/6474
f 1559/6475 1563/6476 1562/6477
f 1564/6478 1565/6479 1561/6480
f 1564/6481 1561/6482 1560/6483
f 1561/6484 1565/6485 200/6486
f 1561/6487 200/6488 1563/6489
f 1551/6490 1552/6491 1566/6492
f 1551/6493 1566/6494 1560/6495
f 1567/6496 1566/6497 1552/6498
f 1567/6499 1552/6500 1553/6501
f 1564/6502 1560/6503 1566/6504
f 1564/6505 1566/6506 1568/6507
f 1569/6508 1568/6509 1566/6510
f 1569/6511 1566/6512 1567/6513
f 1568/6514 1570/6515 1571/6516
f 1568/6517 1571/6518 1564/6519
f 1572/6520 1570/6521 1568/6522
f 1572/6523 1568/6524 1569/6525
f 1573/6526 1571/6527 1570/6528
f 1573/6529 1570/6530 1574/6531
f 1570/6532 1572/6533 1575/6534
f 1570/6535 1575/6536 1574/6537
f 1565/6538 1564/6539 1571/6540
f 1565/6541 1571/6542 1576/6543
f 201/6544 200/6545 1565/6546
f 201/6547 1565/6548 1576/6549
f 1571/6550 1573/6551 1577/6552
f 1571/6553 1577/6554 1576/6555
f 1573/6556 1574/6557 1578/6558
f 1573/6559 1578/6560 1579/6561
f 1573/6562 1579/6563 1580/6564
f 1573/6565 1580/6566 1577/6567
f 1579/6568 1578/6569 1581/6570
f 1579/6571 1581/6572 1582/6573
f 1583/6574 1580/6575 1579/6576
f 1583/6577 1579/6578 1582/6579
f 1584/6580 1048/6581 1045/6582
f 1584/6583 1045/6584 1263/6585
f 1426/6586 1420/6587 1048/6588
f 1426/6589 1048/6590 1584/6591
f 1263/6592 1264/6593 1585/6594
f 1263/6595 1585/6596 1584/6597
f 1586/6598 1585/6599 1264/6600
f 1586/6601 1264/6602 1265/6603
f 1584/6604 1585/6605 1587/6606
f 1584/6607 1587/6608 1426/6609
f 1585/6610 1586/6611 1588/6612
f 1585/6613 1588/6614 1587/6615
f 1265/6616 1266/6617 1589/6618
f 1265/6619 1589/6620 1586/6621
f 1590/6622 1589/6623 1266/6624
f 1590/6625 1266/6626 1269/6627
f 1586/6628 1589/6629 1591/6630
f 1586/6631 1591/6632 1588/6633
f 1589/6634 1590/6635 1592/6636
f 1589/6637 1592/6638 1591/6639
f 1427/6640 1426/6641 1587/6642
f 1427/6643 1587/6644 1593/6645
f 1443/6646 1428/6647 1427/6648
f 1443/6649 1427/6650 1593/6651
f 1587/6652 1588/6653 1594/6654
f 1587/6655 1594/6656 1593/6657
f 1595/6658 1594/6659 1588/6660
f 1595/6661 1588/6662 1591/6663
f 1448/6664 1443/6665 1593/6666
f 1448/6667 1593/6668 1594/6669
f 1269/6670 1288/6671 1596/6672
f 1269/6673 1596/6674 1590/6675
f 1288/6676 1289/6677 1597/6678
f 1288/6679 1597/6680 1596/6681
f 1289/6682 1290/6683 1598/6684
f 1289/6685 1598/6686 1597/6687
f 1290/6688 1291/6689 1599/6690
f 1290/6691 1599/6692 1598/6693
f 1291/6694 1292/6695 1600/6696
f 1291/6697 1600/6698 1599/6699
f 1601/6700 1600/6701 1292/6702
f 1601/6703 1292/6704 1293/6705
f 1590/6706 1596/6707 1602/6708
f 1590/6709 1602/6710 1592/6711
f 1596/6712 1597/6713 1603/6714
f 1596/6715 1603/6716 1602/6717
f 1597/6718 1598/6719 1604/6720
f 1597/6721 1604/6722 1603/6723
f 1598/6724 1599/6725 1605/6726
f 1598/6727 1605/6728 1604/6729
f 1599/6730 1600/6731 1606/6732
f 1599/6733 1606/6734 1605/6735
f 1600/6736 1601/6737 1607/6738
f 1600/6739 1607/6740 1606/6741
f 1601/6742 1293/6743 1294/6744
f 1601/6745 1294/6746 1608/6747
f 1609/6748 1607/6749 1601/6750
f 1609/6751 1601/6752 1608/6753
f 1594/6754 1595/6755 1610/6756
f 1594/6757 1610/6758 1448/6759
f 1595/6760 1591/6761 1592/6762
f 1595/6763 1592/6764 1611/6765
f 1595/6766 1611/6767 1612/6768
f 1595/6769 1612/6770 1610/6771
f 1592/6772 1602/6773 1613/6774
f 1592/6775 1613/6776 1611/6777
f 1602/6778 1603/6779 1614/6780
f 1602/6781 1614/6782 1613/6783
f 1603/6784 1604/6785 1615/6786
f 1603/6787 1615/6788 1614/6789
f 1604/6790 1605/6791 1616/6792
f 1604/6793 1616/6794 1615/6795
f 1605/6796 1606/6797 1617/6798
f 1605/6799 1617/6800 1616/6801
f 1611/6802 1613/6803 1618/6804
f 1611/6805 1618/6806 1612/6807
f 1606/6808 1607/6809 1619/6810
f 1606/6811 1619/6812 1617/6813
f 1620/6814 1619/6815 1607/6816
f 1620/6817 1607/6818 1609/6819
f 1613/6820 1614/6821 1621/6822
f 1613/6823 1621/6824 1618/6825
f 1614/6826 1615/6827 204/6828
f 1614/6829 204/6830 1621/6831
f 1615/6832 1616/6833 1622/6834
f 1615/6835 1622/6836 204/6837
f 1616/6838 1617/6839 1623/6840
f 1616/6841 1623/6842 1622/6843
f 1617/6844 1619/6845 1624/6846
f 1617/6847 1624/6848 1623/6849
f 1619/6850 1620/6851 1625/6852
f 1619/6853 1625/6854 1624/6855
f 1626/6856 1608/6857 1294/6858
f 1626/6859 1294/6860 1298/6861
f 1627/6862 1609/6863 1608/6864
f 1627/6865 1608/6866 1626/6867
f 1628/6868 1620/6869 1609/6870
f 1628/6871 1609/6872 1627/6873
f 1543/6874 1447/6875 1448/6876
f 1543/6877 1448/6878 1610/6879
f 1543/6880 1610/6881 1612/6882
f 1543/6883 1612/6884 1546/6885
f 1546/6886 1612/6887 1618/6888
f 1546/6889 1618/6890 1629/6891
f 1550/6892 1545/6893 1546/6894
f 1550/6895 1546/6896 1629/6897
f 1618/6898 1621/6899 1630/6900
f 1618/6901 1630/6902 1629/6903
f 1621/6904 204/6905 203/6906
f 1621/6907 203/6908 1630/6909
f 204/6910 1622/6911 1631/6912
f 204/6913 1631/6914 202/6915
f 1632/6916 1631/6917 1622/6918
f 1632/6919 1622/6920 1623/6921
f 1620/6922 1628/6923 1633/6924
f 1620/6925 1633/6926 1625/6927
f 1634/6928 1633/6929 1628/6930
f 1634/6931 1628/6932 1635/6933
f 1628/6934 1627/6935 1636/6936
f 1628/6937 1636/6938 1635/6939
f 1637/6940 1625/6941 1633/6942
f 1637/6943 1633/6944 1638/6945
f 1633/6946 1634/6947 1639/6948
f 1633/6949 1639/6950 1638/6951
f 1634/6952 1635/6953 1640/6954
f 1634/6955 1640/6956 1641/6957
f 1634/6958 1641/6959 1642/6960
f 1634/6961 1642/6962 1639/6963
f 1641/6964 1643/6965 1644/6966
f 1641/6967 1644/6968 1642/6969
f 1645/6970 1643/6971 1641/6972
f 1645/6973 1641/6974 1640/6975
f 1643/6976 1646/6977 1647/6978
f 1643/6979 1647/6980 1644/6981
f 1648/6982 1646/6983 1643/6984
f 1648/6985 1643/6986 1645/6987
f 1646/6988 1648/6989 1649/6990
f 1646/6991 1649/6992 1650/6993
f 1651/6994 1647/6995 1646/6996
f 1651/6997 1646/6998 1650/6999
f 1652/7000 1642/7001 1644/7002
f 1652/7003 1644/7004 1653/7005
f 1644/7006 1647/7007 1654/7008
f 1644/7009 1654/7010 1653/7011
f 1647/7012 1651/7013 1655/7014
f 1647/7015 1655/7016 1654/7017
f 1298/7018 1337/7019 1656/7020
f 1298/7021 1656/7022 1626/7023
f 1657/7024 1656/7025 1337/7026
f 1657/7027 1337/7028 1338/7029
f 1626/7030 1656/7031 1636/7032
f 1626/7033 1636/7034 1627/7035
f 1656/7036 1657/7037 1658/7038
f 1656/7039 1658/7040 1636/7041
f 1659/7042 1657/7043 1338/7044
f 1659/7045 1338/7046 1340/7047
f 1660/7048 1658/7049 1657/7050
f 1660/7051 1657/7052 1659/7053
f 1352/7054 1659/7055 1340/7056
f 1352/7057 1340/7058 1345/7059
f 1635/7060 1636/7061 1658/7062
f 1635/7063 1658/7064 1640/7065
f 1645/7066 1640/7067 1658/7068
f 1645/7069 1658/7070 1660/7071
f 1659/7072 1352/7073 1661/7074
f 1659/7075 1661/7076 1660/7077
f 1352/7078 1353/7079 1662/7080
f 1352/7081 1662/7082 1661/7083
f 1648/7084 1645/7085 1660/7086
f 1648/7087 1660/7088 1661/7089
f 1649/7090 1648/7091 1661/7092
f 1649/7093 1661/7094 1662/7095
f 1663/7096 1662/7097 1353/7098
f 1663/7099 1353/7100 1354/7101
f 1664/7102 1649/7103 1662/7104
f 1664/7105 1662/7106 1663/7107
f 1665/7108 1650/7109 1649/7110
f 1665/7111 1649/7112 1664/7113
f 1553/7114 1550/7115 1629/7116
f 1553/7117 1629/7118 1630/7119
f 1567/7120 1553/7121 1630/7122
f 1567/7123 1630/7124 203/7125
f 1569/7126 1567/7127 203/7128
f 1569/7129 203/7130 202/7131
f 1572/7132 1569/7133 202/7134
f 1572/7135 202/7136 1631/7137
f 1575/7138 1572/7139 1631/7140
f 1575/7141 1631/7142 1632/7143
f 1632/7144 1623/7145 1624/7146
f 1632/7147 1624/7148 1666/7149
f 1667/7150 1575/7151 1632/7152
f 1667/7153 1632/7154 1666/7155
f 1578/7156 1574/7157 1575/7158
f 1578/7159 1575/7160 1667/7161
f 1624/7162 1625/7163 1637/7164
f 1624/7165 1637/7166 1666/7167
f 1666/7168 1637/7169 1668/7170
f 1666/7171 1668/7172 1667/7173
f 1637/7174 1638/7175 1669/7176
f 1637/7177 1669/7178 1668/7179
f 1581/7180 1578/7181 1667/7182
f 1581/7183 1667/7184 1668/7185
f 1670/7186 1581/7187 1668/7188
f 1670/7189 1668/7190 1669/7191
f 1671/7192 1582/7193 1581/7194
f 1671/7195 1581/7196 1670/7197
f 1670/7198 1669/7199 1672/7200
f 1670/7201 1672/7202 1673/7203
f 1674/7204 1671/7205 1670/7206
f 1674/7207 1670/7208 1673/7209
f 1672/7210 1669/7211 1638/7212
f 1672/7213 1638/7214 1639/7215
f 1639/7216 1642/7217 1652/7218
f 1639/7219 1652/7220 1672/7221
f 1675/7222 1673/7223 1672/7224
f 1675/7225 1672/7226 1652/7227
f 1652/7228 1653/7229 1676/7230
f 1652/7231 1676/7232 1675/7233
f 1677/7234 1080/7235 1075/7236
f 1677/7237 1075/7238 1078/7239
f 1678/7240 1082/7241 1080/7242
f 1678/7243 1080/7244 1677/7245
f 1679/7246 1085/7247 1082/7248
f 1679/7249 1082/7250 1678/7251
f 56/7252 58/7253 1085/7254
f 56/7255 1085/7256 1679/7257
f 1099/7258 1098/7259 57/7260
f 1099/7261 57/7262 1680/7263
f 1681/7264 1680/7265 57/7266
f 1681/7267 57/7268 56/7269
f 1102/7270 1099/7271 1680/7272
f 1102/7273 1680/7274 1682/7275
f 1683/7276 1682/7277 1680/7278
f 1683/7279 1680/7280 1681/7281
f 1105/7282 1102/7283 1682/7284
f 1105/7285 1682/7286 1684/7287
f 1685/7288 1684/7289 1682/7290
f 1685/7291 1682/7292 1683/7293
f 1104/7294 1105/7295 1686/7296
f 1104/7297 1686/7298 1307/7299
f 1686/7300 1105/7301 1684/7302
f 1686/7303 1684/7304 1687/7305
f 1688/7306 1687/7307 1684/7308
f 1688/7309 1684/7310 1685/7311
f 1686/7312 1687/7313 1689/7314
f 1686/7315 1689/7316 1690/7317
f 1310/7318 1307/7319 1686/7320
f 1310/7321 1686/7322 1690/7323
f 1691/7324 1692/7325 1693/7326
f 1691/7327 1693/7328 1694/7329
f 1695/7330 1692/7331 1691/7332
f 1695/7333 1691/7334 1696/7335
f 1697/7336 1698/7337 1691/7338
f 1697/7339 1691/7340 1694/7341
f 1699/7342 1696/7343 1691/7344
f 1699/7345 1691/7346 1698/7347
f 1700/7348 1693/7349 1692/7350
f 1700/7351 1692/7352 1701/7353
f 1692/7354 1695/7355 1702/7356
f 1692/7357 1702/7358 1701/7359
f 1693/7360 1700/7361 1703/7362
f 1693/7363 1703/7364 1704/7365
f 1705/7366 1694/7367 1693/7368
f 1705/7369 1693/7370 1704/7371
f 1696/7372 1706/7373 1707/7374
f 1696/7375 1707/7376 1695/7377
f 1708/7378 1706/7379 1696/7380
f 1708/7381 1696/7382 1699/7383
f 1706/7384 1709/7385 1710/7386
f 1706/7387 1710/7388 1707/7389
f 1711/7390 1709/7391 1706/7392
f 1711/7393 1706/7394 1708/7395
f 1709/7396 1712/7397 1713/7398
f 1709/7399 1713/7400 1710/7401
f 1714/7402 1712/7403 1709/7404
f 1714/7405 1709/7406 1711/7407
f 1715/7408 1713/7409 1712/7410
f 1715/7411 1712/7412 1716/7413
f 1712/7414 1714/7415 1717/7416
f 1712/7417 1717/7418 1716/7419
f 1702/7420 1695/7421 1707/7422
f 1702/7423 1707/7424 205/7425
f 1707/7426 1710/7427 206/7428
f 1707/7429 206/7430 205/7431
f 1710/7432 1713/7433 210/7434
f 1710/7435 210/7436 206/7437
f 1713/7438 1715/7439 1718/7440
f 1713/7441 1718/7442 210/7443
f 1719/7444 1718/7445 1715/7446
f 1719/7447 1715/7448 1720/7449
f 1715/7450 1716/7451 1721/7452
f 1715/7453 1721/7454 1720/7455
f 1700/7456 1701/7457 1722/7458
f 1700/7459 1722/7460 1723/7461
f 1722/7462 1724/7463 1725/7464
f 1722/7465 1725/7466 1723/7467
f 1722/7468 1701/7469 1702/7470
f 1722/7471 1702/7472 1726/7473
f 1727/7474 1724/7475 1722/7476
f 1727/7477 1722/7478 1726/7479
f 1728/7480 1725/7481 1724/7482
f 1728/7483 1724/7484 1729/7485
f 1730/7486 1729/7487 1724/7488
f 1730/7489 1724/7490 1727/7491
f 1700/7492 1723/7493 1731/7494
f 1700/7495 1731/7496 1703/7497
f 1704/7498 1703/7499 1732/7500
f 1704/7501 1732/7502 1733/7503
f 1734/7504 1705/7505 1704/7506
f 1734/7507 1704/7508 1733/7509
f 1735/7510 1731/7511 1723/7512
f 1735/7513 1723/7514 1725/7515
f 1732/7516 1703/7517 1731/7518
f 1732/7519 1731/7520 1736/7521
f 1737/7522 1736/7523 1731/7524
f 1737/7525 1731/7526 1735/7527
f 1732/7528 1736/7529 1738/7530
f 1732/7531 1738/7532 1719/7533
f 1720/7534 1733/7535 1732/7536
f 1720/7537 1732/7538 1719/7539
f 1739/7540 1718/7541 1719/7542
f 1739/7543 1719/7544 1738/7545
f 1740/7546 1738/7547 1736/7548
f 1740/7549 1736/7550 1737/7551
f 1741/7552 1739/7553 1738/7554
f 1741/7555 1738/7556 1740/7557
f 1725/7558 1728/7559 1742/7560
f 1725/7561 1742/7562 1735/7563
f 1729/7564 1730/7565 1743/7566
f 1729/7567 1743/7568 1744/7569
f 1745/7570 1728/7571 1729/7572
f 1745/7573 1729/7574 1744/7575
f 1746/7576 1742/7577 1728/7578
f 1746/7579 1728/7580 1745/7581
f 1747/7582 1737/7583 1735/7584
f 1747/7585 1735/7586 1742/7587
f 1748/7588 1740/7589 1737/7590
f 1748/7591 1737/7592 1747/7593
f 1742/7594 1746/7595 1749/7596
f 1742/7597 1749/7598 1747/7599
f 1702/7600 205/7601 207/7602
f 1702/7603 207/7604 1726/7605
f 1727/7606 1726/7607 207/7608
f 1727/7609 207/7610 211/7611
f 211/7612 208/7613 1750/7614
f 211/7615 1750/7616 1751/7617
f 1730/7618 1727/7619 211/7620
f 1730/7621 211/7622 1751/7623
f 1752/7624 1750/7625 208/7626
f 1752/7627 208/7628 212/7629
f 1751/7630 1750/7631 1753/7632
f 1751/7633 1753/7634 1754/7635
f 1743/7636 1730/7637 1751/7638
f 1743/7639 1751/7640 1754/7641
f 1755/7642 1753/7643 1750/7644
f 1755/7645 1750/7646 1752/7647
f 1756/7648 1757/7649 1753/7650
f 1756/7651 1753/7652 1755/7653
f 1758/7654 1754/7655 1753/7656
f 1758/7657 1753/7658 1757/7659
f 1759/7660 1758/7661 1757/7662
f 1759/7663 1757/7664 215/7665
f 1757/7666 1756/7667 1760/7668
f 1757/7669 1760/7670 215/7671
f 1752/7672 212/7673 1741/7674
f 1752/7675 1741/7676 1761/7677
f 1762/7678 1755/7679 1752/7680
f 1762/7681 1752/7682 1761/7683
f 1763/7684 1756/7685 1755/7686
f 1763/7687 1755/7688 1762/7689
f 230/7690 1760/7691 1756/7692
f 230/7693 1756/7694 1763/7695
f 209/7696 210/7697 1718/7698
f 209/7699 1718/7700 1739/7701
f 209/7702 1739/7703 1741/7704
f 209/7705 1741/7706 212/7707
f 1740/7708 1748/7709 1761/7710
f 1740/7711 1761/7712 1741/7713
f 1761/7714 1748/7715 1764/7716
f 1761/7717 1764/7718 1762/7719
f 1765/7720 1766/7721 1767/7722
f 1765/7723 1767/7724 1768/7725
f 1769/7726 1770/7727 1767/7728
f 1769/7729 1767/7730 1766/7731
f 1767/7732 216/7733 219/7734
f 1767/7735 219/7736 1768/7737
f 1767/7738 1770/7739 217/7740
f 1767/7741 217/7742 216/7743
f 1770/7744 1769/7745 1771/7746
f 1770/7747 1771/7748 1772/7749
f 220/7750 217/7751 1770/7752
f 220/7753 1770/7754 1772/7755
f 1773/7756 1766/7757 1765/7758
f 1773/7759 1765/7760 1774/7761
f 1765/7762 1768/7763 214/7764
f 1765/7765 214/7766 213/7767
f 1775/7768 1774/7769 1765/7770
f 1775/7771 1765/7772 213/7773
f 1766/7774 1773/7775 1776/7776
f 1766/7777 1776/7778 1769/7779
f 1774/7780 1775/7781 229/7782
f 1774/7783 229/7784 1777/7785
f 1778/7786 1773/7787 1774/7788
f 1778/7789 1774/7790 1777/7791
f 1779/7792 1776/7793 1773/7794
f 1779/7795 1773/7796 1778/7797
f 1771/7798 1769/7799 1776/7800
f 1771/7801 1776/7802 1780/7803
f 1781/7804 1772/7805 1771/7806
f 1781/7807 1771/7808 1782/7809
f 1771/7810 1780/7811 1783/7812
f 1771/7813 1783/7814 1782/7815
f 1784/7816 1780/7817 1776/7818
f 1784/7819 1776/7820 1779/7821
f 1785/7822 1783/7823 1780/7824
f 1785/7825 1780/7826 1784/7827
f 1786/7828 1743/7829 1754/7830
f 1786/7831 1754/7832 1758/7833
f 1787/7834 1744/7835 1743/7836
f 1787/7837 1743/7838 1786/7839
f 1788/7840 1745/7841 1744/7842
f 1788/7843 1744/7844 1787/7845
f 1789/7846 1746/7847 1745/7848
f 1789/7849 1745/7850 1788/7851
f 1787/7852 1786/7853 1790/7854
f 1787/7855 1790/7856 1791/7857
f 1787/7858 1791/7859 1792/7860
f 1787/7861 1792/7862 1788/7863
f 1790/7864 1786/7865 1758/7866
f 1790/7867 1758/7868 1759/7869
f 1790/7870 1759/7871 221/7872
f 1790/7873 221/7874 218/7875
f 223/7876 1791/7877 1790/7878
f 223/7879 1790/7880 218/7881
f 227/7882 1792/7883 1791/7884
f 227/7885 1791/7886 223/7887
f 1759/7888 215/7889 214/7890
f 1759/7891 214/7892 221/7893
f 215/7894 1760/7895 1775/7896
f 215/7897 1775/7898 213/7899
f 1760/7900 230/7901 229/7902
f 1760/7903 229/7904 1775/7905
f 1746/7906 1789/7907 1793/7908
f 1746/7909 1793/7910 1749/7911
f 232/7912 1789/7913 1788/7914
f 232/7915 1788/7916 1792/7917
f 1789/7918 232/7919 235/7920
f 1789/7921 235/7922 1793/7923
f 233/7924 232/7925 1792/7926
f 233/7927 1792/7928 227/7929
f 233/7930 227/7931 226/7932
f 233/7933 226/7934 1794/7935
f 237/7936 234/7937 233/7938
f 237/7939 233/7940 1794/7941
f 1748/7942 1747/7943 1749/7944
f 1748/7945 1749/7946 1764/7947
f 1763/7948 1762/7949 1764/7950
f 1763/7951 1764/7952 1795/7953
f 1764/7954 1749/7955 1793/7956
f 1764/7957 1793/7958 1795/7959
f 240/7960 230/7961 1763/7962
f 240/7963 1763/7964 1795/7965
f 230/7966 240/7967 239/7968
f 230/7969 239/7970 231/7971
f 1795/7972 1793/7973 235/7974
f 1795/7975 235/7976 240/7977
f 240/7978 235/7979 236/7980
f 240/7981 236/7982 238/7983
f 214/7984 1768/7985 219/7986
f 214/7987 219/7988 221/7989
f 1796/7990 1777/7991 229/7992
f 1796/7993 229/7994 228/7995
f 243/7996 1779/7997 1778/7998
f 243/7999 1778/8000 244/8001
f 1778/8002 1777/8003 1796/8004
f 1778/8005 1796/8006 244/8007
f 220/8008 1772/8009 1781/8010
f 220/8011 1781/8012 222/8013
f 222/8014 1781/8015 249/8016
f 222/8017 249/8018 224/8019
f 1781/8020 1782/8021 251/8022
f 1781/8023 251/8024 249/8025
f 1782/8026 1783/8027 1797/8028
f 1782/8029 1797/8030 251/8031
f 248/8032 246/8033 224/8034
f 248/8035 224/8036 249/8037
f 224/8038 1798/8039 1799/8040
f 224/8041 1799/8042 257/8043
f 1800/8044 1801/8045 224/8046
f 1800/8047 224/8048 257/8049
f 1779/8050 243/8051 261/8052
f 1779/8053 261/8054 1784/8055
f 1783/8056 1785/8057 269/8058
f 1783/8059 269/8060 1797/8061
f 1784/8062 261/8063 262/8064
f 1784/8065 262/8066 1785/8067
f 223/8068 225/8069 1802/8070
f 223/8071 1802/8072 226/8073
f 1803/8074 238/8075 236/8076
f 1803/8077 236/8078 242/8079
f 242/8080 266/8081 1804/8082
f 242/8083 1804/8084 1803/8085
f 266/8086 270/8087 1805/8088
f 266/8089 1805/8090 1804/8091
f 268/8092 270/8093 266/8094
f 268/8095 266/8096 267/8097
f 271/8098 273/8099 1801/8100
f 271/8101 1801/8102 1800/8103
f 1806/8104 1807/8105 273/8106
f 1806/8107 273/8108 272/8109
f 1808/8110 1805/8111 270/8112
f 1808/8113 270/8114 1809/8115
f 270/8116 1807/8117 1806/8118
f 270/8119 1806/8120 1809/8121
f 1810/8122 1796/8123 228/8124
f 1810/8125 228/8126 231/8127
f 245/8128 244/8129 1796/8130
f 245/8131 1796/8132 1810/8133
f 231/8134 239/8135 1811/8136
f 231/8137 1811/8138 1810/8139
f 239/8140 238/8141 1803/8142
f 239/8143 1803/8144 1811/8145
f 1812/8146 245/8147 1810/8148
f 1812/8149 1810/8150 1811/8151
f 245/8152 1812/8153 265/8154
f 245/8155 265/8156 260/8157
f 1811/8158 1803/8159 1804/8160
f 1811/8161 1804/8162 1812/8163
f 1812/8164 1804/8165 1805/8166
f 1812/8167 1805/8168 265/8169
f 1077/8170 1123/8171 285/8172
f 1077/8173 285/8174 1078/8175
f 1813/8176 1123/8177 1122/8178
f 1813/8179 1122/8180 1232/8181
f 1814/8182 285/8183 1123/8184
f 1814/8185 1123/8186 1813/8187
f 1677/8188 1078/8189 285/8190
f 1677/8191 285/8192 284/8193
f 284/8194 285/8195 1814/8196
f 284/8197 1814/8198 283/8199
f 284/8200 283/8201 1815/8202
f 284/8203 1815/8204 1816/8205
f 1678/8206 1677/8207 284/8208
f 1678/8209 284/8210 1816/8211
f 1817/8212 101/8213 1226/8214
f 1817/8215 1226/8216 1818/8217
f 1226/8218 1227/8219 1819/8220
f 1226/8221 1819/8222 1818/8223
f 1227/8224 1229/8225 1820/8226
f 1227/8227 1820/8228 1819/8229
f 1229/8230 1228/8231 1821/8232
f 1229/8233 1821/8234 1820/8235
f 1228/8236 104/8237 1822/8238
f 1228/8239 1822/8240 1821/8241
f 1813/8242 1232/8243 101/8244
f 1813/8245 101/8246 1817/8247
f 104/8248 111/8249 121/8250
f 104/8251 121/8252 1822/8253
f 1813/8254 1817/8255 1823/8256
f 1813/8257 1823/8258 1814/8259
f 1817/8260 1818/8261 1824/8262
f 1817/8263 1824/8264 1823/8265
f 1818/8266 1819/8267 1825/8268
f 1818/8269 1825/8270 1824/8271
f 1819/8272 1820/8273 1826/8274
f 1819/8275 1826/8276 1825/8277
f 1821/8278 1822/8279 286/8280
f 1821/8281 286/8282 1827/8283
f 1826/8284 1820/8285 1821/8286
f 1826/8287 1821/8288 1827/8289
f 283/8290 286/8291 1822/8292
f 283/8293 1822/8294 121/8295
f 1814/8296 1823/8297 1828/8298
f 1814/8299 1828/8300 290/8301
f 1828/8302 1823/8303 1824/8304
f 1828/8305 1824/8306 1829/8307
f 1824/8308 1825/8309 1830/8310
f 1824/8311 1830/8312 1829/8313
f 1831/8314 1827/8315 286/8316
f 1831/8317 286/8318 289/8319
f 1832/8320 1815/8321 283/8322
f 1832/8323 283/8324 134/8325
f 1833/8326 1834/8327 1815/8328
f 1833/8329 1815/8330 1832/8331
f 1835/8332 1816/8333 1815/8334
f 1835/8335 1815/8336 1834/8337
f 1834/8338 287/8339 292/8340
f 1834/8341 292/8342 1835/8343
f 1836/8344 287/8345 1834/8346
f 1836/8347 1834/8348 1833/8349
f 1837/8350 1832/8351 134/8352
f 1837/8353 134/8354 288/8355
f 1838/8356 1833/8357 1832/8358
f 1838/8359 1832/8360 1837/8361
f 295/8362 1836/8363 1833/8364
f 295/8365 1833/8366 1838/8367
f 1825/8368 1826/8369 1839/8370
f 1825/8371 1839/8372 1830/8373
f 1826/8374 1827/8375 1831/8376
f 1826/8377 1831/8378 1839/8379
f 1835/8380 1679/8381 1678/8382
f 1835/8383 1678/8384 1816/8385
f 292/8386 56/8387 1679/8388
f 292/8389 1679/8390 1835/8391
f 291/8392 1681/8393 56/8394
f 291/8395 56/8396 292/8397
f 293/8398 1683/8399 1681/8400
f 293/8401 1681/8402 291/8403
f 1840/8404 1685/8405 1683/8406
f 1840/8407 1683/8408 293/8409
f 1687/8410 1688/8411 1841/8412
f 1687/8413 1841/8414 1689/8415
f 1685/8416 1840/8417 1842/8418
f 1685/8419 1842/8420 1688/8421
f 293/8422 290/8423 1843/8424
f 293/8425 1843/8426 1840/8427
f 1844/8428 1842/8429 1840/8430
f 1844/8431 1840/8432 1843/8433
f 1841/8434 1688/8435 1842/8436
f 1841/8437 1842/8438 1845/8439
f 1842/8440 1844/8441 1846/8442
f 1842/8443 1846/8444 1845/8445
f 1847/8446 1848/8447 1689/8448
f 1847/8449 1689/8450 1841/8451
f 1849/8452 1690/8453 1689/8454
f 1849/8455 1689/8456 1848/8457
f 1848/8458 1847/8459 1850/8460
f 1848/8461 1850/8462 1851/8463
f 1852/8464 1849/8465 1848/8466
f 1852/8467 1848/8468 1851/8469
f 1841/8470 1845/8471 299/8472
f 1841/8473 299/8474 1847/8475
f 302/8476 1850/8477 1847/8478
f 302/8479 1847/8480 299/8481
f 253/8482 246/8483 248/8484
f 253/8485 248/8486 1853/8487
f 1854/8488 1853/8489 248/8490
f 1854/8491 248/8492 250/8493
f 253/8494 1853/8495 1855/8496
f 253/8497 1855/8498 254/8499
f 254/8500 1855/8501 1856/8502
f 254/8503 1856/8504 255/8505
f 1857/8506 1855/8507 1853/8508
f 1857/8509 1853/8510 1854/8511
f 1855/8512 1857/8513 1858/8514
f 1855/8515 1858/8516 1856/8517
f 1857/8518 1854/8519 1859/8520
f 1857/8521 1859/8522 1860/8523
f 1861/8524 1858/8525 1857/8526
f 1861/8527 1857/8528 1860/8529
f 256/8530 247/8531 255/8532
f 256/8533 255/8534 1856/8535
f 1856/8536 1858/8537 1862/8538
f 1856/8539 1862/8540 256/8541
f 1863/8542 1862/8543 1858/8544
f 1863/8545 1858/8546 1861/8547
f 225/8548 256/8549 1862/8550
f 225/8551 1862/8552 1864/8553
f 1865/8554 1864/8555 1862/8556
f 1865/8557 1862/8558 1863/8559
f 225/8560 1864/8561 1866/8562
f 225/8563 1866/8564 1802/8565
f 1864/8566 1865/8567 1867/8568
f 1864/8569 1867/8570 1866/8571
f 251/8572 1797/8573 1868/8574
f 251/8575 1868/8576 252/8577
f 1798/8578 274/8579 275/8580
f 1798/8581 275/8582 1799/8583
f 1859/8584 1854/8585 250/8586
f 1859/8587 250/8588 252/8589
f 263/8590 269/8591 1785/8592
f 263/8593 1785/8594 262/8595
f 1797/8596 269/8597 276/8598
f 1797/8599 276/8600 1868/8601
f 269/8602 263/8603 303/8604
f 269/8605 303/8606 275/8607
f 265/8608 1805/8609 1808/8610
f 265/8611 1808/8612 264/8613
f 252/8614 1868/8615 1869/8616
f 252/8617 1869/8618 1859/8619
f 278/8620 1869/8621 1868/8622
f 278/8623 1868/8624 276/8625
f 258/8626 257/8627 1799/8628
f 258/8629 1799/8630 1870/8631
f 1799/8632 275/8633 1871/8634
f 1799/8635 1871/8636 1870/8637
f 1872/8638 1860/8639 1859/8640
f 1872/8641 1859/8642 1869/8643
f 1860/8644 1872/8645 1873/8646
f 1860/8647 1873/8648 1861/8649
f 277/8650 1872/8651 1869/8652
f 277/8653 1869/8654 278/8655
f 279/8656 1873/8657 1872/8658
f 279/8659 1872/8660 277/8661
f 1874/8662 1800/8663 257/8664
f 1874/8665 257/8666 259/8667
f 1861/8668 1873/8669 1875/8670
f 1861/8671 1875/8672 1863/8673
f 1873/8674 279/8675 280/8676
f 1873/8677 280/8678 1875/8679
f 282/8680 1875/8681 280/8682
f 282/8683 280/8684 281/8685
f 275/8686 303/8687 1876/8688
f 275/8689 1876/8690 1871/8691
f 303/8692 264/8693 1877/8694
f 303/8695 1877/8696 1876/8697
f 272/8698 271/8699 1878/8700
f 272/8701 1878/8702 1879/8703
f 1880/8704 1806/8705 272/8706
f 1880/8707 272/8708 1879/8709
f 1877/8710 264/8711 1808/8712
f 1877/8713 1808/8714 1881/8715
f 1808/8716 1809/8717 1882/8718
f 1808/8719 1882/8720 1881/8721
f 1882/8722 1809/8723 1806/8724
f 1882/8725 1806/8726 1880/8727
f 1878/8728 271/8729 1800/8730
f 1878/8731 1800/8732 1874/8733
f 1883/8734 1876/8735 1877/8736
f 1883/8737 1877/8738 1884/8739
f 1877/8740 1881/8741 1885/8742
f 1877/8743 1885/8744 1884/8745
f 1886/8746 1885/8747 1881/8748
f 1886/8749 1881/8750 1882/8751
f 1863/8752 1875/8753 282/8754
f 1863/8755 282/8756 1865/8757
f 258/8758 1870/8759 1887/8760
f 258/8761 1887/8762 1888/8763
f 1889/8764 259/8765 258/8766
f 1889/8767 258/8768 1888/8769
f 1870/8770 1871/8771 1890/8772
f 1870/8773 1890/8774 1887/8775
f 1890/8776 1871/8777 1876/8778
f 1890/8779 1876/8780 1883/8781
f 1865/8782 282/8783 268/8784
f 1865/8785 268/8786 1867/8787
f 1891/8788 1874/8789 259/8790
f 1891/8791 259/8792 1889/8793
f 1892/8794 1878/8795 1874/8796
f 1892/8797 1874/8798 1891/8799
f 1893/8800 1879/8801 1878/8802
f 1893/8803 1878/8804 1892/8805
f 1887/8806 1890/8807 1894/8808
f 1887/8809 1894/8810 1895/8811
f 1896/8812 1888/8813 1887/8814
f 1896/8815 1887/8816 1895/8817
f 1897/8818 1889/8819 1888/8820
f 1897/8821 1888/8822 1896/8823
f 1891/8824 1889/8825 1897/8826
f 1891/8827 1897/8828 1898/8829
f 1899/8830 1892/8831 1891/8832
f 1899/8833 1891/8834 1898/8835
f 1883/8836 1884/8837 1900/8838
f 1883/8839 1900/8840 1901/8841
f 1894/8842 1890/8843 1883/8844
f 1894/8845 1883/8846 1901/8847
f 1900/8848 1884/8849 1885/8850
f 1900/8851 1885/8852 1902/8853
f 1885/8854 1886/8855 1903/8856
f 1885/8857 1903/8858 1902/8859
f 1900/8860 1902/8861 1904/8862
f 1900/8863 1904/8864 1905/8865
f 1906/8866 1901/8867 1900/8868
f 1906/8869 1900/8870 1905/8871
f 1907/8872 1894/8873 1901/8874
f 1907/8875 1901/8876 1906/8877
f 1908/8878 1851/8879 1850/8880
f 1908/8881 1850/8882 1909/8883
f 1850/8884 302/8885 1910/8886
f 1850/8887 1910/8888 1909/8889
f 1895/8890 1894/8891 1907/8892
f 1895/8893 1907/8894 1911/8895
f 1912/8896 1896/8897 1895/8898
f 1912/8899 1895/8900 1911/8901
f 1913/8902 1897/8903 1896/8904
f 1913/8905 1896/8906 1912/8907
f 1914/8908 1898/8909 1897/8910
f 1914/8911 1897/8912 1913/8913
f 1911/8914 1907/8915 1915/8916
f 1911/8917 1915/8918 1916/8919
f 1917/8920 1912/8921 1911/8922
f 1917/8923 1911/8924 1916/8925
f 1907/8926 1906/8927 1918/8928
f 1907/8929 1918/8930 1915/8931
f 290/8932 1828/8933 1919/8934
f 290/8935 1919/8936 1843/8937
f 1920/8938 294/8939 287/8940
f 1920/8941 287/8942 1836/8943
f 1828/8944 1829/8945 1921/8946
f 1828/8947 1921/8948 1919/8949
f 1829/8950 1830/8951 1922/8952
f 1829/8953 1922/8954 1921/8955
f 1830/8956 1839/8957 1923/8958
f 1830/8959 1923/8960 1922/8961
f 289/8962 294/8963 1924/8964
f 289/8965 1924/8966 1925/8967
f 1926/8968 1831/8969 289/8970
f 1926/8971 289/8972 1925/8973
f 1839/8974 1831/8975 1926/8976
f 1839/8977 1926/8978 1923/8979
f 1927/8980 1924/8981 294/8982
f 1927/8983 294/8984 1920/8985
f 1928/8986 1925/8987 1924/8988
f 1928/8989 1924/8990 1929/8991
f 1924/8992 1927/8993 1930/8994
f 1924/8995 1930/8996 1929/8997
f 1843/8998 1919/8999 1931/9000
f 1843/9001 1931/9002 1844/9003
f 309/9004 1920/9005 1836/9006
f 309/9007 1836/9008 295/9009
f 1932/9010 1927/9011 1920/9012
f 1932/9013 1920/9014 309/9015
f 1933/9016 1930/9017 1927/9018
f 1933/9019 1927/9020 1932/9021
f 1921/9022 1922/9023 1934/9024
f 1921/9025 1934/9026 1935/9027
f 1931/9028 1919/9029 1921/9030
f 1931/9031 1921/9032 1935/9033
f 1936/9034 1926/9035 1925/9036
f 1936/9037 1925/9038 1928/9039
f 1922/9040 1923/9041 1937/9042
f 1922/9043 1937/9044 1934/9045
f 1923/9046 1926/9047 1936/9048
f 1923/9049 1936/9050 1937/9051
f 1938/9052 1935/9053 1934/9054
f 1938/9055 1934/9056 1939/9057
f 1934/9058 1937/9059 1940/9060
f 1934/9061 1940/9062 1939/9063
f 1937/9064 1936/9065 1941/9066
f 1937/9067 1941/9068 1940/9069
f 1844/9070 1931/9071 1942/9072
f 1844/9073 1942/9074 1846/9075
f 1929/9076 312/9077 1943/9078
f 1929/9079 1943/9080 1928/9081
f 1944/9082 312/9083 1929/9084
f 1944/9085 1929/9086 1930/9087
f 312/9088 1944/9089 1945/9090
f 312/9091 1945/9092 310/9093
f 321/9094 1943/9095 312/9096
f 321/9097 312/9098 311/9099
f 1931/9100 1935/9101 1938/9102
f 1931/9103 1938/9104 1942/9105
f 300/9106 1846/9107 1942/9108
f 300/9109 1942/9110 315/9111
f 1942/9112 1938/9113 1946/9114
f 1942/9115 1946/9116 315/9117
f 1938/9118 1939/9119 1947/9120
f 1938/9121 1947/9122 1946/9123
f 1941/9124 1936/9125 1928/9126
f 1941/9127 1928/9128 1943/9129
f 1939/9130 1940/9131 1948/9132
f 1939/9133 1948/9134 1947/9135
f 1949/9136 1941/9137 1943/9138
f 1949/9139 1943/9140 321/9141
f 1940/9142 1941/9143 1949/9144
f 1940/9145 1949/9146 1948/9147
f 324/9148 1944/9149 1930/9150
f 324/9151 1930/9152 1933/9153
f 323/9154 1945/9155 1944/9156
f 323/9157 1944/9158 324/9159
f 1845/9160 1846/9161 300/9162
f 1845/9163 300/9164 299/9165
f 300/9166 315/9167 317/9168
f 300/9169 317/9170 325/9171
f 311/9172 314/9173 319/9174
f 311/9175 319/9176 321/9177
f 326/9178 313/9179 311/9180
f 326/9181 311/9182 310/9183
f 302/9184 305/9185 328/9186
f 302/9187 328/9188 326/9189
f 302/9190 326/9191 1950/9192
f 302/9193 1950/9194 1910/9195
f 1951/9196 304/9197 301/9198
f 1951/9199 301/9200 325/9201
f 1952/9202 305/9203 304/9204
f 1952/9205 304/9206 1951/9207
f 305/9208 1952/9209 1953/9210
f 305/9211 1953/9212 328/9213
f 1954/9214 1951/9215 325/9216
f 1954/9217 325/9218 317/9219
f 1951/9220 1954/9221 1955/9222
f 1951/9223 1955/9224 1952/9225
f 1956/9226 1954/9227 317/9228
f 1956/9229 317/9230 316/9231
f 1954/9232 1956/9233 1957/9234
f 1954/9235 1957/9236 1955/9237
f 1956/9238 316/9239 329/9240
f 1956/9241 329/9242 1958/9243
f 1956/9244 1958/9245 1959/9246
f 1956/9247 1959/9248 1957/9249
f 1958/9250 329/9251 332/9252
f 1958/9253 332/9254 1960/9255
f 1961/9256 1959/9257 1958/9258
f 1961/9259 1958/9260 1960/9261
f 329/9262 318/9263 330/9264
f 329/9265 330/9266 332/9267
f 1952/9268 1955/9269 1962/9270
f 1952/9271 1962/9272 1953/9273
f 1955/9274 1957/9275 1963/9276
f 1955/9277 1963/9278 1962/9279
f 1964/9280 1963/9281 1957/9282
f 1964/9283 1957/9284 1959/9285
f 1965/9286 314/9287 313/9288
f 1965/9289 313/9290 327/9291
f 314/9292 1965/9293 1966/9294
f 314/9295 1966/9296 319/9297
f 328/9298 1953/9299 1965/9300
f 328/9301 1965/9302 327/9303
f 1966/9304 1965/9305 1953/9306
f 1966/9307 1953/9308 1962/9309
f 1962/9310 1963/9311 1967/9312
f 1962/9313 1967/9314 1966/9315
f 1968/9316 1967/9317 1963/9318
f 1968/9319 1963/9320 1964/9321
f 320/9322 319/9323 1966/9324
f 320/9325 1966/9326 1967/9327
f 1969/9328 320/9329 1967/9330
f 1969/9331 1967/9332 1968/9333
f 1970/9334 321/9335 320/9336
f 1970/9337 320/9338 1969/9339
f 1971/9340 1964/9341 1959/9342
f 1971/9343 1959/9344 1961/9345
f 1972/9346 1968/9347 1964/9348
f 1972/9349 1964/9350 1971/9351
f 337/9352 1969/9353 1968/9354
f 337/9355 1968/9356 1972/9357
f 310/9358 1945/9359 1973/9360
f 310/9361 1973/9362 326/9363
f 334/9364 1973/9365 1945/9366
f 334/9367 1945/9368 323/9369
f 1950/9370 326/9371 1973/9372
f 1950/9373 1973/9374 1974/9375
f 1975/9376 1910/9377 1950/9378
f 1975/9379 1950/9380 1976/9381
f 1950/9382 1974/9383 1977/9384
f 1950/9385 1977/9386 1976/9387
f 1978/9388 1974/9389 1973/9390
f 1978/9391 1973/9392 334/9393
f 1979/9394 1977/9395 1974/9396
f 1979/9397 1974/9398 1978/9399
f 1980/9400 1981/9401 1794/9402
f 1980/9403 1794/9404 226/9405
f 1794/9406 1981/9407 1982/9408
f 1794/9409 1982/9410 237/9411
f 1983/9412 1982/9413 1981/9414
f 1983/9415 1981/9416 1984/9417
f 1981/9418 1980/9419 1985/9420
f 1981/9421 1985/9422 1984/9423
f 1986/9424 1980/9425 226/9426
f 1986/9427 226/9428 1802/9429
f 1987/9430 241/9431 237/9432
f 1987/9433 237/9434 1982/9435
f 1988/9436 267/9437 241/9438
f 1988/9439 241/9440 1987/9441
f 267/9442 1988/9443 1989/9444
f 267/9445 1989/9446 268/9447
f 1990/9448 1985/9449 1980/9450
f 1990/9451 1980/9452 1986/9453
f 1991/9454 1987/9455 1982/9456
f 1991/9457 1982/9458 1983/9459
f 1992/9460 1988/9461 1987/9462
f 1992/9463 1987/9464 1991/9465
f 1988/9466 1992/9467 1993/9468
f 1988/9469 1993/9470 1989/9471
f 1984/9472 1985/9473 1994/9474
f 1984/9475 1994/9476 1995/9477
f 1996/9478 1983/9479 1984/9480
f 1996/9481 1984/9482 1995/9483
f 1997/9484 1991/9485 1983/9486
f 1997/9487 1983/9488 1996/9489
f 1998/9490 1994/9491 1985/9492
f 1998/9493 1985/9494 1990/9495
f 1999/9496 1992/9497 1991/9498
f 1999/9499 1991/9500 1997/9501
f 1992/9502 1999/9503 2000/9504
f 1992/9505 2000/9506 1993/9507
f 2001/9508 1999/9509 1997/9510
f 2001/9511 1997/9512 2002/9513
f 1997/9514 1996/9515 2003/9516
f 1997/9517 2003/9518 2002/9519
f 1999/9520 2001/9521 2004/9522
f 1999/9523 2004/9524 2000/9525
f 2005/9526 1995/9527 1994/9528
f 2005/9529 1994/9530 2006/9531
f 2007/9532 2006/9533 1994/9534
f 2007/9535 1994/9536 1998/9537
f 2003/9538 1996/9539 1995/9540
f 2003/9541 1995/9542 2005/9543
f 2001/9544 2002/9545 2008/9546
f 2001/9547 2008/9548 2009/9549
f 2001/9550 2009/9551 2010/9552
f 2001/9553 2010/9554 2004/9555
f 2003/9556 2005/9557 2011/9558
f 2003/9559 2011/9560 2012/9561
f 2008/9562 2002/9563 2003/9564
f 2008/9565 2003/9566 2012/9567
f 2005/9568 2006/9569 2013/9570
f 2005/9571 2013/9572 2011/9573
f 2014/9574 2013/9575 2006/9576
f 2014/9577 2006/9578 2007/9579
f 2015/9580 2010/9581 2009/9582
f 2015/9583 2009/9584 2016/9585
f 2009/9586 2008/9587 2017/9588
f 2009/9589 2017/9590 2016/9591
f 2017/9592 2008/9593 2012/9594
f 2017/9595 2012/9596 2018/9597
f 2012/9598 2011/9599 2019/9600
f 2012/9601 2019/9602 2018/9603
f 2011/9604 2013/9605 2020/9606
f 2011/9607 2020/9608 2019/9609
f 2021/9610 2020/9611 2013/9612
f 2021/9613 2013/9614 2014/9615
f 2022/9616 2019/9617 2020/9618
f 2022/9619 2020/9620 2023/9621
f 2020/9622 2021/9623 2024/9624
f 2020/9625 2024/9626 2023/9627
f 1802/9628 1866/9629 2025/9630
f 1802/9631 2025/9632 1986/9633
f 2026/9634 2025/9635 1866/9636
f 2026/9637 1866/9638 1867/9639
f 1986/9640 2025/9641 2027/9642
f 1986/9643 2027/9644 1990/9645
f 2025/9646 2026/9647 2028/9648
f 2025/9649 2028/9650 2027/9651
f 1867/9652 268/9653 1989/9654
f 1867/9655 1989/9656 2026/9657
f 2026/9658 1989/9659 1993/9660
f 2026/9661 1993/9662 2028/9663
f 1990/9664 2027/9665 2029/9666
f 1990/9667 2029/9668 1998/9669
f 2027/9670 2028/9671 2030/9672
f 2027/9673 2030/9674 2029/9675
f 1880/9676 1879/9677 1893/9678
f 1880/9679 1893/9680 2031/9681
f 1886/9682 1882/9683 1880/9684
f 1886/9685 1880/9686 2031/9687
f 1903/9688 1886/9689 2031/9690
f 1903/9691 2031/9692 2032/9693
f 2031/9694 1893/9695 2033/9696
f 2031/9697 2033/9698 2032/9699
f 2033/9700 1893/9701 1892/9702
f 2033/9703 1892/9704 1899/9705
f 1904/9706 1902/9707 1903/9708
f 1904/9709 1903/9710 2034/9711
f 1903/9712 2032/9713 2035/9714
f 1903/9715 2035/9716 2034/9717
f 2033/9718 1899/9719 2036/9720
f 2033/9721 2036/9722 2037/9723
f 2035/9724 2032/9725 2033/9726
f 2035/9727 2033/9728 2037/9729
f 2038/9730 1905/9731 1904/9732
f 2038/9733 1904/9734 2039/9735
f 1904/9736 2034/9737 2040/9738
f 1904/9739 2040/9740 2039/9741
f 2028/9742 1993/9743 2000/9744
f 2028/9745 2000/9746 2030/9747
f 2041/9748 2030/9749 2000/9750
f 2041/9751 2000/9752 2004/9753
f 2036/9754 1899/9755 1898/9756
f 2036/9757 1898/9758 1914/9759
f 1906/9760 1905/9761 2038/9762
f 1906/9763 2038/9764 1918/9765
f 1914/9766 1913/9767 2042/9768
f 1914/9769 2042/9770 2043/9771
f 2044/9772 2036/9773 1914/9774
f 2044/9775 1914/9776 2043/9777
f 2042/9778 1913/9779 1912/9780
f 2042/9781 1912/9782 1917/9783
f 2042/9784 1917/9785 2045/9786
f 2042/9787 2045/9788 2046/9789
f 2047/9790 2043/9791 2042/9792
f 2047/9793 2042/9794 2046/9795
f 2048/9796 2037/9797 2036/9798
f 2048/9799 2036/9800 2044/9801
f 2035/9802 2037/9803 2048/9804
f 2035/9805 2048/9806 2049/9807
f 2040/9808 2034/9809 2035/9810
f 2040/9811 2035/9812 2049/9813
f 2050/9814 2044/9815 2043/9816
f 2050/9817 2043/9818 2047/9819
f 2051/9820 2048/9821 2044/9822
f 2051/9823 2044/9824 2050/9825
f 2052/9826 2049/9827 2048/9828
f 2052/9829 2048/9830 2051/9831
f 1998/9832 2029/9833 2053/9834
f 1998/9835 2053/9836 2007/9837
f 2029/9838 2030/9839 2041/9840
f 2029/9841 2041/9842 2053/9843
f 2054/9844 2041/9845 2004/9846
f 2054/9847 2004/9848 2010/9849
f 2007/9850 2053/9851 2055/9852
f 2007/9853 2055/9854 2014/9855
f 2055/9856 2053/9857 2041/9858
f 2055/9859 2041/9860 2054/9861
f 2056/9862 2054/9863 2010/9864
f 2056/9865 2010/9866 2015/9867
f 2014/9868 2055/9869 2057/9870
f 2014/9871 2057/9872 2021/9873
f 2055/9874 2054/9875 2056/9876
f 2055/9877 2056/9878 2057/9879
f 2015/9880 2016/9881 2058/9882
f 2015/9883 2058/9884 2059/9885
f 2060/9886 2056/9887 2015/9888
f 2060/9889 2015/9890 2059/9891
f 2021/9892 2057/9893 2061/9894
f 2021/9895 2061/9896 2024/9897
f 2057/9898 2056/9899 2060/9900
f 2057/9901 2060/9902 2061/9903
f 315/9904 1946/9905 2062/9906
f 315/9907 2062/9908 318/9909
f 1946/9910 1947/9911 2063/9912
f 1946/9913 2063/9914 2062/9915
f 2064/9916 1949/9917 321/9918
f 2064/9919 321/9920 1970/9921
f 1947/9922 1948/9923 2065/9924
f 1947/9925 2065/9926 2063/9927
f 2065/9928 1948/9929 1949/9930
f 2065/9931 1949/9932 2064/9933
f 339/9934 1970/9935 1969/9936
f 339/9937 1969/9938 337/9939
f 318/9940 2062/9941 2066/9942
f 318/9943 2066/9944 330/9945
f 2062/9946 2063/9947 2067/9948
f 2062/9949 2067/9950 2066/9951
f 2068/9952 2064/9953 1970/9954
f 2068/9955 1970/9956 339/9957
f 2063/9958 2065/9959 2069/9960
f 2063/9961 2069/9962 2067/9963
f 2065/9964 2064/9965 2068/9966
f 2065/9967 2068/9968 2069/9969
f 341/9970 330/9971 2066/9972
f 341/9973 2066/9974 2070/9975
f 2066/9976 2067/9977 2071/9978
f 2066/9979 2071/9980 2070/9981
f 2067/9982 2069/9983 2072/9984
f 2067/9985 2072/9986 2071/9987
f 2069/9988 2068/9989 2073/9990
f 2069/9991 2073/9992 2072/9993
f 2068/9994 339/9995 599/9996
f 2068/9997 599/9998 2073/9999
f 1319/10000 1309/10001 1310/10002
f 1319/10003 1310/10004 2074/10005
f 1310/10006 1690/10007 1849/10008
f 1310/10009 1849/10010 2074/10011
f 1319/10012 2074/10013 2075/10014
f 1319/10015 2075/10016 1320/10017
f 2076/10018 2077/10019 2078/10020
f 2076/10021 2078/10022 2079/10023
f 2080/10024 2079/10025 2078/10026
f 2080/10027 2078/10028 2081/10029
f 2078/10030 2082/10031 2083/10032
f 2078/10033 2083/10034 2081/10035
f 2078/10036 2077/10037 2084/10038
f 2078/10039 2084/10040 2082/10041
f 2085/10042 2086/10043 2077/10044
f 2085/10045 2077/10046 2076/10047
f 2077/10048 2086/10049 2087/10050
f 2077/10051 2087/10052 2084/10053
f 2086/10054 2085/10055 2088/10056
f 2086/10057 2088/10058 2089/10059
f 2086/10060 2089/10061 2090/10062
f 2086/10063 2090/10064 2087/10065
f 2076/10066 2079/10067 2091/10068
f 2076/10069 2091/10070 2092/10071
f 2093/10072 2085/10073 2076/10074
f 2093/10075 2076/10076 2092/10077
f 2075/10078 2074/10079 1849/10080
f 2075/10081 1849/10082 1852/10083
f 2094/10084 2088/10085 2085/10086
f 2094/10087 2085/10088 2093/10089
f 2089/10090 2088/10091 2095/10092
f 2089/10093 2095/10094 2096/10095
f 2097/10096 2090/10097 2089/10098
f 2097/10099 2089/10100 2096/10101
f 2098/10102 2095/10103 2088/10104
f 2098/10105 2088/10106 2094/10107
f 2095/10108 2098/10109 2099/10110
f 2095/10111 2099/10112 2100/10113
f 2101/10114 2096/10115 2095/10116
f 2101/10117 2095/10118 2100/10119
f 2091/10120 2079/10121 2080/10122
f 2091/10123 2080/10124 2102/10125
f 2091/10126 2102/10127 2103/10128
f 2091/10129 2103/10130 2104/10131
f 2105/10132 2092/10133 2091/10134
f 2105/10135 2091/10136 2104/10137
f 2106/10138 2102/10139 2080/10140
f 2106/10141 2080/10142 2107/10143
f 2080/10144 2081/10145 2108/10146
f 2080/10147 2108/10148 2107/10149
f 2107/10150 2108/10151 2109/10152
f 2107/10153 2109/10154 2110/10155
f 2111/10156 2106/10157 2107/10158
f 2111/10159 2107/10160 2110/10161
f 2102/10162 2106/10163 2112/10164
f 2102/10165 2112/10166 2103/10167
f 2113/10168 2112/10169 2106/10170
f 2113/10171 2106/10172 2111/10173
f 2114/10174 2104/10175 2103/10176
f 2114/10177 2103/10178 2115/10179
f 2103/10180 2112/10181 2116/10182
f 2103/10183 2116/10184 2115/10185
f 2112/10186 2113/10187 2117/10188
f 2112/10189 2117/10190 2116/10191
f 2113/10192 2118/10193 2119/10194
f 2113/10195 2119/10196 2117/10197
f 2113/10198 2111/10199 2120/10200
f 2113/10201 2120/10202 2118/10203
f 2093/10204 2092/10205 2105/10206
f 2093/10207 2105/10208 2121/10209
f 2122/10210 2094/10211 2093/10212
f 2122/10213 2093/10214 2121/10215
f 2123/10216 2098/10217 2094/10218
f 2123/10219 2094/10220 2122/10221
f 2124/10222 2099/10223 2098/10224
f 2124/10225 2098/10226 2123/10227
f 2099/10228 2124/10229 2118/10230
f 2099/10231 2118/10232 2120/10233
f 2125/10234 2100/10235 2099/10236
f 2125/10237 2099/10238 2120/10239
f 2104/10240 2114/10241 2126/10242
f 2104/10243 2126/10244 2105/10245
f 2114/10246 2115/10247 2127/10248
f 2114/10249 2127/10250 2128/10251
f 2129/10252 2126/10253 2114/10254
f 2129/10255 2114/10256 2128/10257
f 2130/10258 2121/10259 2105/10260
f 2130/10261 2105/10262 2126/10263
f 2131/10264 2122/10265 2121/10266
f 2131/10267 2121/10268 2130/10269
f 2132/10270 2123/10271 2122/10272
f 2132/10273 2122/10274 2131/10275
f 2133/10276 2124/10277 2123/10278
f 2133/10279 2123/10280 2132/10281
f 2134/10282 2130/10283 2126/10284
f 2134/10285 2126/10286 2129/10287
f 2135/10288 2131/10289 2130/10290
f 2135/10291 2130/10292 2134/10293
f 2133/10294 2119/10295 2118/10296
f 2133/10297 2118/10298 2124/10299
f 2136/10300 2117/10301 2119/10302
f 2136/10303 2119/10304 2137/10305
f 2138/10306 2137/10307 2119/10308
f 2138/10309 2119/10310 2133/10311
f 2139/10312 2127/10313 2115/10314
f 2139/10315 2115/10316 2116/10317
f 2128/10318 2127/10319 2140/10320
f 2128/10321 2140/10322 2141/10323
f 2142/10324 2129/10325 2128/10326
f 2142/10327 2128/10328 2141/10329
f 2127/10330 2139/10331 2143/10332
f 2127/10333 2143/10334 2140/10335
f 2116/10336 2117/10337 2136/10338
f 2116/10339 2136/10340 2139/10341
f 2139/10342 2136/10343 2144/10344
f 2139/10345 2144/10346 2143/10347
f 2136/10348 2137/10349 2145/10350
f 2136/10351 2145/10352 2144/10353
f 2137/10354 2138/10355 2146/10356
f 2137/10357 2146/10358 2145/10359
f 2147/10360 2141/10361 2140/10362
f 2147/10363 2140/10364 2148/10365
f 2140/10366 2143/10367 2149/10368
f 2140/10369 2149/10370 2148/10371
f 2143/10372 2144/10373 2150/10374
f 2143/10375 2150/10376 2149/10377
f 2144/10378 2145/10379 2151/10380
f 2144/10381 2151/10382 2150/10383
f 1698/10384 1697/10385 2083/10386
f 1698/10387 2083/10388 2082/10389
f 1698/10390 2082/10391 2084/10392
f 1698/10393 2084/10394 1699/10395
f 2152/10396 2083/10397 1697/10398
f 2152/10399 1697/10400 2153/10401
f 1697/10402 1694/10403 1705/10404
f 1697/10405 1705/10406 2153/10407
f 2108/10408 2081/10409 2083/10410
f 2108/10411 2083/10412 2152/10413
f 2152/10414 2153/10415 2154/10416
f 2152/10417 2154/10418 2155/10419
f 2109/10420 2108/10421 2152/10422
f 2109/10423 2152/10424 2155/10425
f 2153/10426 1705/10427 1734/10428
f 2153/10429 1734/10430 2154/10431
f 2156/10432 2155/10433 2154/10434
f 2156/10435 2154/10436 2157/10437
f 2154/10438 1734/10439 1721/10440
f 2154/10441 1721/10442 2157/10443
f 1734/10444 1733/10445 1720/10446
f 1734/10447 1720/10448 1721/10449
f 1708/10450 1699/10451 2084/10452
f 1708/10453 2084/10454 2087/10455
f 1711/10456 1708/10457 2087/10458
f 1711/10459 2087/10460 2090/10461
f 1714/10462 1711/10463 2090/10464
f 1714/10465 2090/10466 2097/10467
f 2097/10468 2096/10469 2101/10470
f 2097/10471 2101/10472 2158/10473
f 1717/10474 1714/10475 2097/10476
f 1717/10477 2097/10478 2158/10479
f 2159/10480 2156/10481 2158/10482
f 2159/10483 2158/10484 2101/10485
f 2157/10486 1717/10487 2158/10488
f 2157/10489 2158/10490 2156/10491
f 2155/10492 2156/10493 2159/10494
f 2155/10495 2159/10496 2109/10497
f 2110/10498 2109/10499 2159/10500
f 2110/10501 2159/10502 2125/10503
f 2159/10504 2101/10505 2100/10506
f 2159/10507 2100/10508 2125/10509
f 1716/10510 1717/10511 2157/10512
f 1716/10513 2157/10514 1721/10515
f 2120/10516 2111/10517 2110/10518
f 2120/10519 2110/10520 2125/10521
f 2160/10522 1320/10523 2075/10524
f 2160/10525 2075/10526 2161/10527
f 2075/10528 1852/10529 2162/10530
f 2075/10531 2162/10532 2161/10533
f 2163/10534 2132/10535 2131/10536
f 2163/10537 2131/10538 2135/10539
f 2138/10540 2133/10541 2132/10542
f 2138/10543 2132/10544 2163/10545
f 2164/10546 2160/10547 2161/10548
f 2164/10549 2161/10550 2165/10551
f 2166/10552 2165/10553 2161/10554
f 2166/10555 2161/10556 2162/10557
f 1318/10558 1320/10559 2160/10560
f 1318/10561 2160/10562 1328/10563
f 1331/10564 1328/10565 2160/10566
f 1331/10567 2160/10568 2164/10569
f 1329/10570 1330/10571 2167/10572
f 1329/10573 2167/10574 1347/10575
f 1330/10576 1331/10577 2168/10578
f 1330/10579 2168/10580 2167/10581
f 1331/10582 2164/10583 2169/10584
f 1331/10585 2169/10586 2168/10587
f 2170/10588 2134/10589 2129/10590
f 2170/10591 2129/10592 2142/10593
f 2171/10594 2135/10595 2134/10596
f 2171/10597 2134/10598 2170/10599
f 2172/10600 2163/10601 2135/10602
f 2172/10603 2135/10604 2171/10605
f 2146/10606 2138/10607 2163/10608
f 2146/10609 2163/10610 2172/10611
f 2170/10612 2142/10613 2173/10614
f 2170/10615 2173/10616 2174/10617
f 2175/10618 2171/10619 2170/10620
f 2175/10621 2170/10622 2174/10623
f 2176/10624 2172/10625 2171/10626
f 2176/10627 2171/10628 2175/10629
f 2177/10630 2146/10631 2172/10632
f 2177/10633 2172/10634 2176/10635
f 2151/10636 2145/10637 2146/10638
f 2151/10639 2146/10640 2177/10641
f 2173/10642 2142/10643 2141/10644
f 2173/10645 2141/10646 2147/10647
f 2173/10648 2147/10649 2178/10650
f 2173/10651 2178/10652 2179/10653
f 2180/10654 2174/10655 2173/10656
f 2180/10657 2173/10658 2179/10659
f 2147/10660 2148/10661 2181/10662
f 2147/10663 2181/10664 2178/10665
f 2148/10666 2149/10667 2182/10668
f 2148/10669 2182/10670 2181/10671
f 2149/10672 2150/10673 2183/10674
f 2149/10675 2183/10676 2182/10677
f 2184/10678 2175/10679 2174/10680
f 2184/10681 2174/10682 2180/10683
f 2185/10684 2176/10685 2175/10686
f 2185/10687 2175/10688 2184/10689
f 2176/10690 2185/10691 2186/10692
f 2176/10693 2186/10694 2177/10695
f 2185/10696 2184/10697 2187/10698
f 2185/10699 2187/10700 2188/10701
f 2189/10702 2186/10703 2185/10704
f 2189/10705 2185/10706 2188/10707
f 2181/10708 2182/10709 2190/10710
f 2181/10711 2190/10712 2191/10713
f 2192/10714 2178/10715 2181/10716
f 2192/10717 2181/10718 2191/10719
f 2193/10720 2179/10721 2178/10722
f 2193/10723 2178/10724 2192/10725
f 2194/10726 2180/10727 2179/10728
f 2194/10729 2179/10730 2193/10731
f 2187/10732 2184/10733 2180/10734
f 2187/10735 2180/10736 2194/10737
f 2193/10738 2192/10739 2195/10740
f 2193/10741 2195/10742 2196/10743
f 2197/10744 2194/10745 2193/10746
f 2197/10747 2193/10748 2196/10749
f 2198/10750 2187/10751 2194/10752
f 2198/10753 2194/10754 2197/10755
f 2164/10756 2165/10757 2199/10758
f 2164/10759 2199/10760 2169/10761
f 2200/10762 2199/10763 2165/10764
f 2200/10765 2165/10766 2166/10767
f 1348/10768 1347/10769 2201/10770
f 1348/10771 2201/10772 2202/10773
f 2203/10774 1349/10775 1348/10776
f 2203/10777 1348/10778 2202/10779
f 2167/10780 2168/10781 2204/10782
f 2167/10783 2204/10784 2205/10785
f 2201/10786 1347/10787 2167/10788
f 2201/10789 2167/10790 2205/10791
f 2206/10792 1350/10793 1349/10794
f 2206/10795 1349/10796 2203/10797
f 2204/10798 2168/10799 2169/10800
f 2204/10801 2169/10802 2207/10803
f 2169/10804 2199/10805 2208/10806
f 2169/10807 2208/10808 2207/10809
f 2199/10810 2200/10811 2209/10812
f 2199/10813 2209/10814 2208/10815
f 2204/10816 2207/10817 2210/10818
f 2204/10819 2210/10820 2211/10821
f 2212/10822 2205/10823 2204/10824
f 2212/10825 2204/10826 2211/10827
f 2211/10828 2210/10829 2213/10830
f 2211/10831 2213/10832 2214/10833
f 2211/10834 2214/10835 2215/10836
f 2211/10837 2215/10838 2212/10839
f 1852/10840 1851/10841 1908/10842
f 1852/10843 1908/10844 2162/10845
f 2162/10846 1908/10847 2216/10848
f 2162/10849 2216/10850 2166/10851
f 1908/10852 1909/10853 2217/10854
f 1908/10855 2217/10856 2216/10857
f 2166/10858 2216/10859 2218/10860
f 2166/10861 2218/10862 2200/10863
f 2219/10864 2218/10865 2216/10866
f 2219/10867 2216/10868 2217/10869
f 1975/10870 2217/10871 1909/10872
f 1975/10873 1909/10874 1910/10875
f 2150/10876 2151/10877 2220/10878
f 2150/10879 2220/10880 2183/10881
f 2151/10882 2177/10883 2186/10884
f 2151/10885 2186/10886 2220/10887
f 2221/10888 2220/10889 2186/10890
f 2221/10891 2186/10892 2189/10893
f 2182/10894 2183/10895 2222/10896
f 2182/10897 2222/10898 2190/10899
f 2183/10900 2220/10901 2221/10902
f 2183/10903 2221/10904 2222/10905
f 2195/10906 2192/10907 2191/10908
f 2195/10909 2191/10910 2223/10911
f 2191/10912 2190/10913 2224/10914
f 2191/10915 2224/10916 2223/10917
f 2190/10918 2222/10919 2225/10920
f 2190/10921 2225/10922 2224/10923
f 2221/10924 2189/10925 2226/10926
f 2221/10927 2226/10928 2227/10929
f 2225/10930 2222/10931 2221/10932
f 2225/10933 2221/10934 2227/10935
f 2228/10936 2188/10937 2187/10938
f 2228/10939 2187/10940 2198/10941
f 2226/10942 2189/10943 2188/10944
f 2226/10945 2188/10946 2228/10947
f 2229/10948 2225/10949 2227/10950
f 2229/10951 2227/10952 2230/10953
f 2227/10954 2226/10955 2231/10956
f 2227/10957 2231/10958 2230/10959
f 2226/10960 2228/10961 2232/10962
f 2226/10963 2232/10964 2231/10965
f 2195/10966 2223/10967 2233/10968
f 2195/10969 2233/10970 2234/10971
f 2235/10972 2196/10973 2195/10974
f 2235/10975 2195/10976 2234/10977
f 2236/10978 2197/10979 2196/10980
f 2236/10981 2196/10982 2235/10983
f 2237/10984 2198/10985 2197/10986
f 2237/10987 2197/10988 2236/10989
f 2233/10990 2223/10991 2224/10992
f 2233/10993 2224/10994 2238/10995
f 2224/10996 2225/10997 2229/10998
f 2224/10999 2229/11000 2238/11001
f 2233/11002 2238/11003 2239/11004
f 2233/11005 2239/11006 2240/11007
f 2241/11008 2234/11009 2233/11010
f 2241/11011 2233/11012 2240/11013
f 2242/11014 2235/11015 2234/11016
f 2242/11017 2234/11018 2241/11019
f 2243/11020 2229/11021 2230/11022
f 2243/11023 2230/11024 2244/11025
f 2245/11026 2244/11027 2230/11028
f 2245/11029 2230/11030 2231/11031
f 2239/11032 2238/11033 2229/11034
f 2239/11035 2229/11036 2243/11037
f 2246/11038 2243/11039 2244/11040
f 2246/11041 2244/11042 2247/11043
f 2244/11044 2245/11045 2248/11046
f 2244/11047 2248/11048 2247/11049
f 2239/11050 2243/11051 2246/11052
f 2239/11053 2246/11054 2249/11055
f 2250/11056 2240/11057 2239/11058
f 2250/11059 2239/11060 2249/11061
f 2232/11062 2228/11063 2198/11064
f 2232/11065 2198/11066 2237/11067
f 2251/11068 2236/11069 2235/11070
f 2251/11071 2235/11072 2242/11073
f 2252/11074 2232/11075 2237/11076
f 2252/11077 2237/11078 2253/11079
f 2237/11080 2236/11081 2251/11082
f 2237/11083 2251/11084 2253/11085
f 2245/11086 2231/11087 2232/11088
f 2245/11089 2232/11090 2252/11091
f 2254/11092 2251/11093 2242/11094
f 2254/11095 2242/11096 2255/11097
f 2242/11098 2241/11099 2256/11100
f 2242/11101 2256/11102 2255/11103
f 2252/11104 2253/11105 2257/11106
f 2252/11107 2257/11108 2258/11109
f 2248/11110 2245/11111 2252/11112
f 2248/11113 2252/11114 2258/11115
f 2257/11116 2253/11117 2251/11118
f 2257/11119 2251/11120 2254/11121
f 2259/11122 2248/11123 2258/11124
f 2259/11125 2258/11126 2260/11127
f 2258/11128 2257/11129 2261/11130
f 2258/11131 2261/11132 2260/11133
f 2261/11134 2257/11135 2254/11136
f 2261/11137 2254/11138 2262/11139
f 2254/11140 2255/11141 2263/11142
f 2254/11143 2263/11144 2262/11145
f 2247/11146 2248/11147 2259/11148
f 2247/11149 2259/11150 2264/11151
f 2265/11152 2246/11153 2247/11154
f 2265/11155 2247/11156 2264/11157
f 2266/11158 2249/11159 2246/11160
f 2266/11161 2246/11162 2265/11163
f 2264/11164 2259/11165 2267/11166
f 2264/11167 2267/11168 2268/11169
f 2269/11170 2265/11171 2264/11172
f 2269/11173 2264/11174 2268/11175
f 2259/11176 2260/11177 2270/11178
f 2259/11179 2270/11180 2267/11181
f 2260/11182 2261/11183 2271/11184
f 2260/11185 2271/11186 2270/11187
f 2261/11188 2262/11189 2272/11190
f 2261/11191 2272/11192 2271/11193
f 2273/11194 2267/11195 2270/11196
f 2273/11197 2270/11198 2274/11199
f 2275/11200 2274/11201 2270/11202
f 2275/11203 2270/11204 2271/11205
f 2276/11206 2268/11207 2267/11208
f 2276/11209 2267/11210 2273/11211
f 342/11212 2276/11213 2273/11214
f 342/11215 2273/11216 343/11217
f 2273/11218 2274/11219 2277/11220
f 2273/11221 2277/11222 343/11223
f 2274/11224 2275/11225 2278/11226
f 2274/11227 2278/11228 2277/11229
f 2209/11230 2200/11231 2218/11232
f 2209/11233 2218/11234 2279/11235
f 2218/11236 2219/11237 2280/11238
f 2218/11239 2280/11240 2279/11241
f 2219/11242 2217/11243 1975/11244
f 2219/11245 1975/11246 2281/11247
f 2219/11248 2281/11249 2282/11250
f 2219/11251 2282/11252 2280/11253
f 1976/11254 2283/11255 2281/11256
f 1976/11257 2281/11258 1975/11259
f 2281/11260 2283/11261 2284/11262
f 2281/11263 2284/11264 2282/11265
f 2283/11266 1976/11267 1977/11268
f 2283/11269 1977/11270 2285/11271
f 2283/11272 2285/11273 2286/11274
f 2283/11275 2286/11276 2284/11277
f 2285/11278 1977/11279 1979/11280
f 2285/11281 1979/11282 2287/11283
f 2288/11284 2286/11285 2285/11286
f 2288/11287 2285/11288 2287/11289
f 2289/11290 2208/11291 2209/11292
f 2289/11293 2209/11294 2290/11295
f 2209/11296 2279/11297 2291/11298
f 2209/11299 2291/11300 2290/11301
f 2292/11302 2289/11303 2290/11304
f 2292/11305 2290/11306 2293/11307
f 2294/11308 2293/11309 2290/11310
f 2294/11311 2290/11312 2291/11313
f 2289/11314 2210/11315 2207/11316
f 2289/11317 2207/11318 2208/11319
f 2292/11320 2213/11321 2210/11322
f 2292/11323 2210/11324 2289/11325
f 346/11326 2295/11327 2296/11328
f 346/11329 2296/11330 347/11331
f 2297/11332 2295/11333 346/11334
f 2297/11335 346/11336 2298/11337
f 351/11338 2298/11339 346/11340
f 351/11341 346/11342 348/11343
f 2295/11344 2214/11345 2213/11346
f 2295/11347 2213/11348 2296/11349
f 2215/11350 2214/11351 2295/11352
f 2215/11353 2295/11354 2297/11355
f 2299/11356 347/11357 2296/11358
f 2299/11359 2296/11360 2300/11361
f 2296/11362 2213/11363 2292/11364
f 2296/11365 2292/11366 2300/11367
f 347/11368 2299/11369 349/11370
f 347/11371 349/11372 348/11373
f 2299/11374 2300/11375 352/11376
f 2299/11377 352/11378 354/11379
f 350/11380 349/11381 2299/11382
f 350/11383 2299/11384 354/11385
f 2293/11386 352/11387 2300/11388
f 2293/11389 2300/11390 2292/11391
f 2301/11392 352/11393 2293/11394
f 2301/11395 2293/11396 2294/11397
f 361/11398 353/11399 352/11400
f 361/11401 352/11402 2301/11403
f 355/11404 354/11405 353/11406
f 355/11407 353/11408 362/11409
f 2291/11410 2279/11411 2280/11412
f 2291/11413 2280/11414 2302/11415
f 2303/11416 2302/11417 2280/11418
f 2303/11419 2280/11420 2282/11421
f 2304/11422 2294/11423 2291/11424
f 2304/11425 2291/11426 2302/11427
f 2305/11428 2301/11429 2294/11430
f 2305/11431 2294/11432 2304/11433
f 363/11434 361/11435 2301/11436
f 363/11437 2301/11438 2305/11439
f 2306/11440 2304/11441 2302/11442
f 2306/11443 2302/11444 2303/11445
f 2305/11446 2304/11447 2306/11448
f 2305/11449 2306/11450 2307/11451
f 365/11452 363/11453 2305/11454
f 365/11455 2305/11456 2307/11457
f 366/11458 355/11459 362/11460
f 366/11461 362/11462 364/11463
f 356/11464 355/11465 366/11466
f 356/11467 366/11468 2308/11469
f 366/11470 371/11471 604/11472
f 366/11473 604/11474 2308/11475
f 356/11476 2308/11477 2309/11478
f 356/11479 2309/11480 2310/11481
f 359/11482 350/11483 356/11484
f 359/11485 356/11486 2310/11487
f 2311/11488 367/11489 364/11490
f 2311/11491 364/11492 370/11493
f 2312/11494 2303/11495 2282/11496
f 2312/11497 2282/11498 2284/11499
f 2313/11500 2306/11501 2303/11502
f 2313/11503 2303/11504 2312/11505
f 2307/11506 2306/11507 2313/11508
f 2307/11509 2313/11510 2314/11511
f 368/11512 365/11513 2307/11514
f 368/11515 2307/11516 2314/11517
f 2315/11518 2312/11519 2284/11520
f 2315/11521 2284/11522 2286/11523
f 2316/11524 2313/11525 2312/11526
f 2316/11527 2312/11528 2315/11529
f 2317/11530 2314/11531 2313/11532
f 2317/11533 2313/11534 2316/11535
f 369/11536 368/11537 2314/11538
f 369/11539 2314/11540 2317/11541
f 2315/11542 2286/11543 2288/11544
f 2315/11545 2288/11546 2318/11547
f 2319/11548 2316/11549 2315/11550
f 2319/11551 2315/11552 2318/11553
f 2320/11554 2317/11555 2316/11556
f 2320/11557 2316/11558 2319/11559
f 373/11560 369/11561 2317/11562
f 373/11563 2317/11564 2320/11565
f 2321/11566 1351/11567 1350/11568
f 2321/11569 1350/11570 2206/11571
f 1351/11572 2321/11573 2322/11574
f 1351/11575 2322/11576 1354/11577
f 2206/11578 2203/11579 2323/11580
f 2206/11581 2323/11582 2324/11583
f 2325/11584 2321/11585 2206/11586
f 2325/11587 2206/11588 2324/11589
f 2321/11590 2325/11591 2326/11592
f 2321/11593 2326/11594 2322/11595
f 2202/11596 2201/11597 2327/11598
f 2202/11599 2327/11600 2328/11601
f 2202/11602 2328/11603 2323/11604
f 2202/11605 2323/11606 2203/11607
f 2201/11608 2205/11609 2212/11610
f 2201/11611 2212/11612 2327/11613
f 2329/11614 2328/11615 2327/11616
f 2329/11617 2327/11618 2330/11619
f 2327/11620 2212/11621 2215/11622
f 2327/11623 2215/11624 2330/11625
f 2328/11626 2329/11627 2331/11628
f 2328/11629 2331/11630 2323/11631
f 2332/11632 2329/11633 2330/11634
f 2332/11635 2330/11636 2333/11637
f 2334/11638 2335/11639 2332/11640
f 2334/11641 2332/11642 2333/11643
f 2332/11644 2335/11645 380/11646
f 2332/11647 380/11648 2336/11649
f 2331/11650 2329/11651 2332/11652
f 2331/11653 2332/11654 2336/11655
f 2335/11656 2334/11657 2337/11658
f 2335/11659 2337/11660 2338/11661
f 2335/11662 2338/11663 382/11664
f 2335/11665 382/11666 380/11667
f 2330/11668 2215/11669 2297/11670
f 2330/11671 2297/11672 2333/11673
f 2297/11674 2298/11675 2334/11676
f 2297/11677 2334/11678 2333/11679
f 2337/11680 2334/11681 2298/11682
f 2337/11683 2298/11684 351/11685
f 2338/11686 2337/11687 2339/11688
f 2338/11689 2339/11690 383/11691
f 386/11692 382/11693 2338/11694
f 386/11695 2338/11696 383/11697
f 2337/11698 351/11699 357/11700
f 2337/11701 357/11702 2339/11703
f 2340/11704 2324/11705 2323/11706
f 2340/11707 2323/11708 2331/11709
f 2336/11710 380/11711 379/11712
f 2336/11713 379/11714 2341/11715
f 2336/11716 2341/11717 2340/11718
f 2336/11719 2340/11720 2331/11721
f 2341/11722 379/11723 378/11724
f 2341/11725 378/11726 2342/11727
f 2343/11728 2340/11729 2341/11730
f 2343/11731 2341/11732 2342/11733
f 2324/11734 2340/11735 2343/11736
f 2324/11737 2343/11738 2325/11739
f 2325/11740 2343/11741 2344/11742
f 2325/11743 2344/11744 2326/11745
f 2344/11746 2343/11747 2342/11748
f 2344/11749 2342/11750 2345/11751
f 2342/11752 378/11753 2346/11754
f 2342/11755 2346/11756 2345/11757
f 378/11758 387/11759 2347/11760
f 378/11761 2347/11762 2346/11763
f 390/11764 381/11765 382/11766
f 390/11767 382/11768 386/11769
f 2348/11770 387/11771 381/11772
f 2348/11773 381/11774 390/11775
f 387/11776 2348/11777 407/11778
f 387/11779 407/11780 2347/11781
f 2256/11782 2241/11783 2240/11784
f 2256/11785 2240/11786 2250/11787
f 2256/11788 2250/11789 2349/11790
f 2256/11791 2349/11792 2350/11793
f 2263/11794 2255/11795 2256/11796
f 2263/11797 2256/11798 2350/11799
f 2349/11800 2250/11801 2249/11802
f 2349/11803 2249/11804 2266/11805
f 2266/11806 2265/11807 2269/11808
f 2266/11809 2269/11810 2351/11811
f 2352/11812 2349/11813 2266/11814
f 2352/11815 2266/11816 2351/11817
f 2353/11818 2350/11819 2349/11820
f 2353/11821 2349/11822 2352/11823
f 2354/11824 2263/11825 2350/11826
f 2354/11827 2350/11828 2353/11829
f 2262/11830 2263/11831 2354/11832
f 2262/11833 2354/11834 2272/11835
f 2269/11836 2268/11837 2276/11838
f 2269/11839 2276/11840 2355/11841
f 2356/11842 2351/11843 2269/11844
f 2356/11845 2269/11846 2355/11847
f 2357/11848 2352/11849 2351/11850
f 2357/11851 2351/11852 2356/11853
f 2358/11854 2353/11855 2352/11856
f 2358/11857 2352/11858 2357/11859
f 2353/11860 2358/11861 2359/11862
f 2353/11863 2359/11864 2354/11865
f 2357/11866 2356/11867 2360/11868
f 2357/11869 2360/11870 2361/11871
f 2362/11872 2358/11873 2357/11874
f 2362/11875 2357/11876 2361/11877
f 2363/11878 2359/11879 2358/11880
f 2363/11881 2358/11882 2362/11883
f 2271/11884 2272/11885 2364/11886
f 2271/11887 2364/11888 2275/11889
f 2364/11890 2272/11891 2354/11892
f 2364/11893 2354/11894 2359/11895
f 2365/11896 2364/11897 2359/11898
f 2365/11899 2359/11900 2363/11901
f 2275/11902 2364/11903 2365/11904
f 2275/11905 2365/11906 2278/11907
f 2366/11908 2367/11909 2368/11910
f 2366/11911 2368/11912 2369/11913
f 394/11914 393/11915 2366/11916
f 394/11917 2366/11918 2369/11919
f 2370/11920 2367/11921 2366/11922
f 2370/11923 2366/11924 2371/11925
f 2366/11926 393/11927 2372/11928
f 2366/11929 2372/11930 2371/11931
f 393/11932 395/11933 2373/11934
f 393/11935 2373/11936 2372/11937
f 2367/11938 2370/11939 2374/11940
f 2367/11941 2374/11942 2375/11943
f 2376/11944 2368/11945 2367/11946
f 2376/11947 2367/11948 2375/11949
f 2377/11950 2369/11951 2368/11952
f 2377/11953 2368/11954 2378/11955
f 2379/11956 2378/11957 2368/11958
f 2379/11959 2368/11960 2376/11961
f 2380/11962 394/11963 2369/11964
f 2380/11965 2369/11966 2377/11967
f 394/11968 2380/11969 2381/11970
f 394/11971 2381/11972 397/11973
f 2378/11974 2379/11975 2382/11976
f 2378/11977 2382/11978 2383/11979
f 2384/11980 2377/11981 2378/11982
f 2384/11983 2378/11984 2383/11985
f 2385/11986 2380/11987 2377/11988
f 2385/11989 2377/11990 2384/11991
f 2386/11992 2381/11993 2380/11994
f 2386/11995 2380/11996 2385/11997
f 2387/11998 2388/11999 2389/12000
f 2387/12001 2389/12002 2390/12003
f 398/12004 396/12005 2389/12006
f 398/12007 2389/12008 403/12009
f 2389/12010 396/12011 399/12012
f 2389/12013 399/12014 2390/12015
f 2389/12016 2388/12017 404/12018
f 2389/12019 404/12020 403/12021
f 2388/12022 2387/12023 2391/12024
f 2388/12025 2391/12026 392/12027
f 406/12028 404/12029 2388/12030
f 406/12031 2388/12032 392/12033
f 2392/12034 2387/12035 2390/12036
f 2392/12037 2390/12038 2393/12039
f 2390/12040 399/12041 400/12042
f 2390/12043 400/12044 2393/12045
f 2348/12046 390/12047 392/12048
f 2348/12049 392/12050 2391/12051
f 2348/12052 2391/12053 408/12054
f 2348/12055 408/12056 407/12057
f 2391/12058 2387/12059 2392/12060
f 2391/12061 2392/12062 408/12063
f 395/12064 398/12065 402/12066
f 395/12067 402/12068 2373/12069
f 2394/12070 2373/12071 402/12072
f 2394/12073 402/12074 2395/12075
f 402/12076 403/12077 405/12078
f 402/12079 405/12080 2395/12081
f 397/12082 2381/12083 2396/12084
f 397/12085 2396/12086 401/12087
f 2381/12088 2386/12089 2397/12090
f 2381/12091 2397/12092 2396/12093
f 2398/12094 2399/12095 2400/12096
f 2398/12097 2400/12098 2401/12099
f 2371/12100 2372/12101 2398/12102
f 2371/12103 2398/12104 2401/12105
f 2402/12106 2399/12107 2398/12108
f 2402/12109 2398/12110 2394/12111
f 2398/12112 2372/12113 2373/12114
f 2398/12115 2373/12116 2394/12117
f 2400/12118 2399/12119 2403/12120
f 2400/12121 2403/12122 2404/12123
f 2405/12124 2401/12125 2400/12126
f 2405/12127 2400/12128 2406/12129
f 2407/12130 2406/12131 2400/12132
f 2407/12133 2400/12134 2404/12135
f 419/12136 2403/12137 2399/12138
f 419/12139 2399/12140 2402/12141
f 2408/12142 2404/12143 2403/12144
f 2408/12145 2403/12146 418/12147
f 416/12148 418/12149 2403/12150
f 416/12151 2403/12152 419/12153
f 384/12154 383/12155 2339/12156
f 384/12157 2339/12158 422/12159
f 2339/12160 357/12161 376/12162
f 2339/12163 376/12164 422/12165
f 2370/12166 2371/12167 2401/12168
f 2370/12169 2401/12170 2405/12171
f 2409/12172 2374/12173 2370/12174
f 2409/12175 2370/12176 2405/12177
f 2410/12178 2411/12179 2374/12180
f 2410/12181 2374/12182 2409/12183
f 2412/12184 2375/12185 2374/12186
f 2412/12187 2374/12188 2411/12189
f 2411/12190 2410/12191 435/12192
f 2411/12193 435/12194 434/12195
f 2411/12196 434/12197 437/12198
f 2411/12199 437/12200 2412/12201
f 2405/12202 2406/12203 2413/12204
f 2405/12205 2413/12206 2409/12207
f 2414/12208 2410/12209 2409/12210
f 2414/12211 2409/12212 2413/12213
f 440/12214 435/12215 2410/12216
f 440/12217 2410/12218 2414/12219
f 2415/12220 2376/12221 2375/12222
f 2415/12223 2375/12224 2412/12225
f 2376/12226 2415/12227 2416/12228
f 2376/12229 2416/12230 2379/12231
f 435/12232 440/12233 442/12234
f 435/12235 442/12236 436/12237
f 438/12238 2415/12239 2412/12240
f 438/12241 2412/12242 437/12243
f 2415/12244 438/12245 439/12246
f 2415/12247 439/12248 2416/12249
f 2417/12250 2413/12251 2406/12252
f 2417/12253 2406/12254 2407/12255
f 2418/12256 2414/12257 2413/12258
f 2418/12259 2413/12260 2417/12261
f 2414/12262 2418/12263 441/12264
f 2414/12265 441/12266 440/12267
f 2407/12268 2404/12269 2408/12270
f 2407/12271 2408/12272 2419/12273
f 2420/12274 2417/12275 2407/12276
f 2420/12277 2407/12278 2419/12279
f 2421/12280 2418/12281 2417/12282
f 2421/12283 2417/12284 2420/12285
f 444/12286 441/12287 2418/12288
f 444/12289 2418/12290 2421/12291
f 2379/12292 2416/12293 2422/12294
f 2379/12295 2422/12296 2382/12297
f 436/12298 2422/12299 2416/12300
f 436/12301 2416/12302 439/12303
f 2423/12304 2383/12305 2382/12306
f 2423/12307 2382/12308 2424/12309
f 2382/12310 2422/12311 2425/12312
f 2382/12313 2425/12314 2424/12315
f 2422/12316 436/12317 442/12318
f 2422/12319 442/12320 2425/12321
f 2426/12322 2385/12323 2384/12324
f 2426/12325 2384/12326 2427/12327
f 2384/12328 2383/12329 2423/12330
f 2384/12331 2423/12332 2427/12333
f 2385/12334 2426/12335 2428/12336
f 2385/12337 2428/12338 2386/12339
f 2426/12340 2427/12341 2429/12342
f 2426/12343 2429/12344 2430/12345
f 2426/12346 2430/12347 2431/12348
f 2426/12349 2431/12350 2428/12351
f 2432/12352 2423/12353 2424/12354
f 2432/12355 2424/12356 2433/12357
f 2424/12358 2425/12359 2434/12360
f 2424/12361 2434/12362 2433/12363
f 2429/12364 2427/12365 2423/12366
f 2429/12367 2423/12368 2432/12369
f 2425/12370 442/12371 445/12372
f 2425/12373 445/12374 2434/12375
f 2435/12376 2419/12377 2408/12378
f 2435/12379 2408/12380 2436/12381
f 2408/12382 418/12383 417/12384
f 2408/12385 417/12386 2436/12387
f 2437/12388 2420/12389 2419/12390
f 2437/12391 2419/12392 2435/12393
f 2438/12394 2421/12395 2420/12396
f 2438/12397 2420/12398 2437/12399
f 2421/12400 2438/12401 455/12402
f 2421/12403 455/12404 444/12405
f 2439/12406 2437/12407 2435/12408
f 2439/12409 2435/12410 2440/12411
f 2435/12412 2436/12413 449/12414
f 2435/12415 449/12416 2440/12417
f 2436/12418 417/12419 447/12420
f 2436/12421 447/12422 449/12423
f 2437/12424 2439/12425 2441/12426
f 2437/12427 2441/12428 2438/12429
f 2439/12430 2440/12431 2442/12432
f 2439/12433 2442/12434 453/12435
f 2439/12436 453/12437 452/12438
f 2439/12439 452/12440 2441/12441
f 456/12442 455/12443 2438/12444
f 456/12445 2438/12446 2441/12447
f 450/12448 2442/12449 2440/12450
f 450/12451 2440/12452 449/12453
f 453/12454 2442/12455 462/12456
f 453/12457 462/12458 454/12459
f 2442/12460 450/12461 463/12462
f 2442/12463 463/12464 462/12465
f 444/12466 455/12467 457/12468
f 444/12469 457/12470 443/12471
f 2441/12472 452/12473 458/12474
f 2441/12475 458/12476 456/12477
f 474/12478 468/12479 467/12480
f 474/12481 467/12482 471/12483
f 2443/12484 470/12485 467/12486
f 2443/12487 467/12488 469/12489
f 2444/12490 468/12491 474/12492
f 2444/12493 474/12494 475/12495
f 475/12496 459/12497 2445/12498
f 475/12499 2445/12500 2444/12501
f 2446/12502 2445/12503 459/12504
f 2446/12505 459/12506 477/12507
f 459/12508 451/12509 460/12510
f 459/12511 460/12512 477/12513
f 468/12514 2444/12515 2447/12516
f 468/12517 2447/12518 469/12519
f 2444/12520 2445/12521 2448/12522
f 2444/12523 2448/12524 2447/12525
f 2445/12526 2446/12527 2449/12528
f 2445/12529 2449/12530 2448/12531
f 2433/12532 2434/12533 2450/12534
f 2433/12535 2450/12536 2451/12537
f 2452/12538 2432/12539 2433/12540
f 2452/12541 2433/12542 2451/12543
f 2453/12544 2429/12545 2432/12546
f 2453/12547 2432/12548 2452/12549
f 2434/12550 445/12551 446/12552
f 2434/12553 446/12554 2450/12555
f 2454/12556 2430/12557 2429/12558
f 2454/12559 2429/12560 2453/12561
f 2430/12562 2454/12563 2455/12564
f 2430/12565 2455/12566 2431/12567
f 2451/12568 2450/12569 2456/12570
f 2451/12571 2456/12572 2457/12573
f 2458/12574 2452/12575 2451/12576
f 2458/12577 2451/12578 2457/12579
f 443/12580 2456/12581 2450/12582
f 443/12583 2450/12584 446/12585
f 2459/12586 2453/12587 2452/12588
f 2459/12589 2452/12590 2458/12591
f 478/12592 2454/12593 2453/12594
f 478/12595 2453/12596 2459/12597
f 2454/12598 478/12599 482/12600
f 2454/12601 482/12602 2455/12603
f 2456/12604 443/12605 457/12606
f 2456/12607 457/12608 2460/12609
f 2461/12610 2460/12611 457/12612
f 2461/12613 457/12614 466/12615
f 2462/12616 2457/12617 2456/12618
f 2462/12619 2456/12620 2460/12621
f 2463/12622 472/12623 470/12624
f 2463/12625 470/12626 2443/12627
f 472/12628 2464/12629 2461/12630
f 472/12631 2461/12632 473/12633
f 2465/12634 2464/12635 472/12636
f 2465/12637 472/12638 2463/12639
f 2464/12640 2462/12641 2460/12642
f 2464/12643 2460/12644 2461/12645
f 2466/12646 2462/12647 2464/12648
f 2466/12649 2464/12650 2465/12651
f 2458/12652 2457/12653 2462/12654
f 2458/12655 2462/12656 2466/12657
f 465/12658 464/12659 471/12660
f 465/12661 471/12662 473/12663
f 466/12664 465/12665 473/12666
f 466/12667 473/12668 2461/12669
f 2459/12670 2458/12671 2466/12672
f 2459/12673 2466/12674 2467/12675
f 2466/12676 2465/12677 2468/12678
f 2466/12679 2468/12680 2467/12681
f 478/12682 2459/12683 2467/12684
f 478/12685 2467/12686 479/12687
f 2467/12688 2468/12689 2469/12690
f 2467/12691 2469/12692 479/12693
f 483/12694 482/12695 478/12696
f 483/12697 478/12698 480/12699
f 2394/12700 2395/12701 2470/12702
f 2394/12703 2470/12704 2402/12705
f 2395/12706 405/12707 428/12708
f 2395/12709 428/12710 2470/12711
f 405/12712 404/12713 406/12714
f 405/12715 406/12716 428/12717
f 406/12718 391/12719 388/12720
f 406/12721 388/12722 428/12723
f 2402/12724 2470/12725 420/12726
f 2402/12727 420/12728 419/12729
f 2470/12730 428/12731 385/12732
f 2470/12733 385/12734 420/12735
f 420/12736 385/12737 425/12738
f 420/12739 425/12740 486/12741
f 2386/12742 2428/12743 2471/12744
f 2386/12745 2471/12746 2397/12747
f 2428/12748 2431/12749 2472/12750
f 2428/12751 2472/12752 2471/12753
f 2431/12754 2455/12755 2473/12756
f 2431/12757 2473/12758 2472/12759
f 416/12760 421/12761 487/12762
f 416/12763 487/12764 448/12765
f 421/12766 486/12767 488/12768
f 421/12769 488/12770 487/12771
f 486/12772 425/12773 433/12774
f 486/12775 433/12776 488/12777
f 2446/12778 477/12779 476/12780
f 2446/12781 476/12782 2474/12783
f 2475/12784 2449/12785 2446/12786
f 2475/12787 2446/12788 2474/12789
f 2476/12790 2448/12791 2449/12792
f 2476/12793 2449/12794 2477/12795
f 2449/12796 2475/12797 2478/12798
f 2449/12799 2478/12800 2477/12801
f 460/12802 454/12803 2479/12804
f 460/12805 2479/12806 2480/12807
f 460/12808 2480/12809 2481/12810
f 460/12811 2481/12812 476/12813
f 2480/12814 2482/12815 2483/12816
f 2480/12817 2483/12818 2481/12819
f 492/12820 2482/12821 2480/12822
f 492/12823 2480/12824 2479/12825
f 2484/12826 2483/12827 2482/12828
f 2484/12829 2482/12830 2485/12831
f 2482/12832 492/12833 2486/12834
f 2482/12835 2486/12836 2485/12837
f 491/12838 2481/12839 2483/12840
f 491/12841 2483/12842 492/12843
f 493/12844 492/12845 2483/12846
f 493/12847 2483/12848 2484/12849
f 461/12850 2479/12851 454/12852
f 461/12853 454/12854 462/12855
f 2487/12856 492/12857 2479/12858
f 2487/12859 2479/12860 461/12861
f 2474/12862 476/12863 2481/12864
f 2474/12865 2481/12866 491/12867
f 2474/12868 491/12869 496/12870
f 2474/12871 496/12872 2475/12873
f 492/12874 494/12875 2488/12876
f 492/12877 2488/12878 495/12879
f 2489/12880 2486/12881 492/12882
f 2489/12883 492/12884 2487/12885
f 2490/12886 2484/12887 2485/12888
f 2490/12889 2485/12890 2491/12891
f 2485/12892 2486/12893 497/12894
f 2485/12895 497/12896 2491/12897
f 497/12898 493/12899 2484/12900
f 497/12901 2484/12902 2490/12903
f 2486/12904 2489/12905 2492/12906
f 2486/12907 2492/12908 497/12909
f 502/12910 2488/12911 494/12912
f 502/12913 494/12914 497/12915
f 2455/12916 482/12917 484/12918
f 2455/12919 484/12920 2473/12921
f 2017/12922 2018/12923 2493/12924
f 2017/12925 2493/12926 2494/12927
f 2058/12928 2016/12929 2017/12930
f 2058/12931 2017/12932 2494/12933
f 2018/12934 2019/12935 2022/12936
f 2018/12937 2022/12938 2493/12939
f 2495/12940 2494/12941 2493/12942
f 2495/12943 2493/12944 2496/12945
f 2493/12946 2022/12947 2497/12948
f 2493/12949 2497/12950 2496/12951
f 2022/12952 2023/12953 2498/12954
f 2022/12955 2498/12956 2497/12957
f 1918/12958 2038/12959 2499/12960
f 1918/12961 2499/12962 2500/12963
f 2501/12964 1915/12965 1918/12966
f 2501/12967 1918/12968 2500/12969
f 2038/12970 2039/12971 2502/12972
f 2038/12973 2502/12974 2499/12975
f 1916/12976 1915/12977 2501/12978
f 1916/12979 2501/12980 2503/12981
f 2045/12982 1917/12983 1916/12984
f 2045/12985 1916/12986 2503/12987
f 2500/12988 2499/12989 2504/12990
f 2500/12991 2504/12992 2505/12993
f 2506/12994 2501/12995 2500/12996
f 2506/12997 2500/12998 2505/12999
f 2499/13000 2502/13001 2507/13002
f 2499/13003 2507/13004 2504/13005
f 2508/13006 2503/13007 2501/13008
f 2508/13009 2501/13010 2506/13011
f 2502/13012 2039/13013 2040/13014
f 2502/13015 2040/13016 2509/13017
f 2040/13018 2049/13019 2052/13020
f 2040/13021 2052/13022 2509/13023
f 2502/13024 2509/13025 2510/13026
f 2502/13027 2510/13028 2507/13029
f 2509/13030 2052/13031 2511/13032
f 2509/13033 2511/13034 2510/13035
f 2052/13036 2051/13037 2512/13038
f 2052/13039 2512/13040 2511/13041
f 2513/13042 2506/13043 2505/13044
f 2513/13045 2505/13046 2514/13047
f 2505/13048 2504/13049 2515/13050
f 2505/13051 2515/13052 2514/13053
f 2504/13054 2507/13055 2516/13056
f 2504/13057 2516/13058 2515/13059
f 2507/13060 2510/13061 2517/13062
f 2507/13063 2517/13064 2516/13065
f 2518/13066 2047/13067 2046/13068
f 2518/13069 2046/13070 2519/13071
f 2046/13072 2045/13073 2520/13074
f 2046/13075 2520/13076 2519/13077
f 2520/13078 2045/13079 2503/13080
f 2520/13081 2503/13082 2508/13083
f 2521/13084 2050/13085 2047/13086
f 2521/13087 2047/13088 2518/13089
f 2512/13090 2051/13091 2050/13092
f 2512/13093 2050/13094 2521/13095
f 2518/13096 2519/13097 2522/13098
f 2518/13099 2522/13100 2523/13101
f 2524/13102 2521/13103 2518/13104
f 2524/13105 2518/13106 2523/13107
f 2525/13108 2508/13109 2506/13110
f 2525/13111 2506/13112 2513/13113
f 2526/13114 2520/13115 2508/13116
f 2526/13117 2508/13118 2525/13119
f 2522/13120 2519/13121 2520/13122
f 2522/13123 2520/13124 2526/13125
f 2527/13126 2513/13127 2514/13128
f 2527/13129 2514/13130 2528/13131
f 2514/13132 2515/13133 2529/13134
f 2514/13135 2529/13136 2528/13137
f 2530/13138 2525/13139 2513/13140
f 2530/13141 2513/13142 2527/13143
f 2515/13144 2516/13145 2531/13146
f 2515/13147 2531/13148 2529/13149
f 2526/13150 2525/13151 2530/13152
f 2526/13153 2530/13154 2532/13155
f 2533/13156 2522/13157 2526/13158
f 2533/13159 2526/13160 2532/13161
f 2534/13162 2523/13163 2522/13164
f 2534/13165 2522/13166 2533/13167
f 2510/13168 2511/13169 2535/13170
f 2510/13171 2535/13172 2517/13173
f 2511/13174 2512/13175 2536/13176
f 2511/13177 2536/13178 2535/13179
f 2536/13180 2512/13181 2521/13182
f 2536/13183 2521/13184 2524/13185
f 2516/13186 2517/13187 2537/13188
f 2516/13189 2537/13190 2531/13191
f 2517/13192 2535/13193 2538/13194
f 2517/13195 2538/13196 2537/13197
f 2535/13198 2536/13199 2539/13200
f 2535/13201 2539/13202 2538/13203
f 2536/13204 2524/13205 2540/13206
f 2536/13207 2540/13208 2539/13209
f 2540/13210 2524/13211 2523/13212
f 2540/13213 2523/13214 2534/13215
f 2541/13216 2527/13217 2528/13218
f 2541/13219 2528/13220 2542/13221
f 2528/13222 2529/13223 2543/13224
f 2528/13225 2543/13226 2542/13227
f 2544/13228 2530/13229 2527/13230
f 2544/13231 2527/13232 2541/13233
f 2545/13234 2532/13235 2530/13236
f 2545/13237 2530/13238 2544/13239
f 2546/13240 2533/13241 2532/13242
f 2546/13243 2532/13244 2545/13245
f 2531/13246 2537/13247 2547/13248
f 2531/13249 2547/13250 2548/13251
f 2543/13252 2529/13253 2531/13254
f 2543/13255 2531/13256 2548/13257
f 2537/13258 2538/13259 2549/13260
f 2537/13261 2549/13262 2547/13263
f 2550/13264 2539/13265 2540/13266
f 2550/13267 2540/13268 2551/13269
f 2540/13270 2534/13271 2552/13272
f 2540/13273 2552/13274 2551/13275
f 2549/13276 2538/13277 2539/13278
f 2549/13279 2539/13280 2550/13281
f 2547/13282 2549/13283 2553/13284
f 2547/13285 2553/13286 2554/13287
f 2555/13288 2548/13289 2547/13290
f 2555/13291 2547/13292 2554/13293
f 2549/13294 2550/13295 2556/13296
f 2549/13297 2556/13298 2553/13299
f 2550/13300 2551/13301 2557/13302
f 2550/13303 2557/13304 2556/13305
f 2558/13306 2543/13307 2548/13308
f 2558/13309 2548/13310 2555/13311
f 2559/13312 2541/13313 2542/13314
f 2559/13315 2542/13316 2560/13317
f 2542/13318 2543/13319 2558/13320
f 2542/13321 2558/13322 2560/13323
f 2561/13324 2544/13325 2541/13326
f 2561/13327 2541/13328 2559/13329
f 2562/13330 2545/13331 2544/13332
f 2562/13333 2544/13334 2561/13335
f 2559/13336 2560/13337 2563/13338
f 2559/13339 2563/13340 2564/13341
f 2565/13342 2561/13343 2559/13344
f 2565/13345 2559/13346 2564/13347
f 2563/13348 2560/13349 2558/13350
f 2563/13351 2558/13352 2566/13353
f 2558/13354 2555/13355 2567/13356
f 2558/13357 2567/13358 2566/13359
f 2568/13360 2554/13361 2553/13362
f 2568/13363 2553/13364 2569/13365
f 2553/13366 2556/13367 2570/13368
f 2553/13369 2570/13370 2569/13371
f 2555/13372 2554/13373 2568/13374
f 2555/13375 2568/13376 2567/13377
f 2571/13378 2058/13379 2494/13380
f 2571/13381 2494/13382 2495/13383
f 2572/13384 2059/13385 2058/13386
f 2572/13387 2058/13388 2571/13389
f 2573/13390 2060/13391 2059/13392
f 2573/13393 2059/13394 2572/13395
f 2563/13396 2566/13397 2574/13398
f 2563/13399 2574/13400 2575/13401
f 2576/13402 2564/13403 2563/13404
f 2576/13405 2563/13406 2575/13407
f 2566/13408 2567/13409 2577/13410
f 2566/13411 2577/13412 2574/13413
f 2567/13414 2568/13415 2578/13416
f 2567/13417 2578/13418 2577/13419
f 2568/13420 2569/13421 2579/13422
f 2568/13423 2579/13424 2578/13425
f 2575/13426 2574/13427 2580/13428
f 2575/13429 2580/13430 2581/13431
f 2575/13432 2581/13433 2582/13434
f 2575/13435 2582/13436 2576/13437
f 2580/13438 2574/13439 2577/13440
f 2580/13441 2577/13442 2583/13443
f 2577/13444 2578/13445 2584/13446
f 2577/13447 2584/13448 2583/13449
f 2581/13450 2580/13451 2585/13452
f 2581/13453 2585/13454 2586/13455
f 2581/13456 2586/13457 2587/13458
f 2581/13459 2587/13460 2582/13461
f 2276/13462 342/13463 2588/13464
f 2276/13465 2588/13466 2355/13467
f 342/13468 514/13469 2589/13470
f 342/13471 2589/13472 2588/13473
f 343/13474 2277/13475 2590/13476
f 343/13477 2590/13478 345/13479
f 2277/13480 2278/13481 2591/13482
f 2277/13483 2591/13484 2590/13485
f 2592/13486 2591/13487 2278/13488
f 2592/13489 2278/13490 2365/13491
f 514/13492 344/13493 2593/13494
f 514/13495 2593/13496 2594/13497
f 2595/13498 2589/13499 514/13500
f 2595/13501 514/13502 2594/13503
f 2596/13504 2593/13505 344/13506
f 2596/13507 344/13508 345/13509
f 2589/13510 2595/13511 2597/13512
f 2589/13513 2597/13514 2598/13515
f 2360/13516 2588/13517 2589/13518
f 2360/13519 2589/13520 2598/13521
f 2599/13522 2594/13523 2593/13524
f 2599/13525 2593/13526 2600/13527
f 2593/13528 2596/13529 2601/13530
f 2593/13531 2601/13532 2600/13533
f 2602/13534 2595/13535 2594/13536
f 2602/13537 2594/13538 2599/13539
f 2603/13540 2597/13541 2595/13542
f 2603/13543 2595/13544 2602/13545
f 2604/13546 2605/13547 2597/13548
f 2604/13549 2597/13550 2603/13551
f 2606/13552 2598/13553 2597/13554
f 2606/13555 2597/13556 2605/13557
f 345/13558 2590/13559 2607/13560
f 345/13561 2607/13562 2596/13563
f 2590/13564 2591/13565 2608/13566
f 2590/13567 2608/13568 2607/13569
f 2591/13570 2592/13571 2609/13572
f 2591/13573 2609/13574 2608/13575
f 2610/13576 2609/13577 2592/13578
f 2610/13579 2592/13580 2611/13581
f 2592/13582 2365/13583 2363/13584
f 2592/13585 2363/13586 2611/13587
f 2612/13588 2613/13589 2605/13590
f 2612/13591 2605/13592 2604/13593
f 2605/13594 2613/13595 2614/13596
f 2605/13597 2614/13598 2606/13599
f 2615/13600 2610/13601 2613/13602
f 2615/13603 2613/13604 2612/13605
f 2613/13606 2610/13607 2611/13608
f 2613/13609 2611/13610 2614/13611
f 2596/13612 2607/13613 2616/13614
f 2596/13615 2616/13616 2601/13617
f 2607/13618 2608/13619 2617/13620
f 2607/13621 2617/13622 2616/13623
f 2608/13624 2609/13625 2618/13626
f 2608/13627 2618/13628 2617/13629
f 2618/13630 2609/13631 2610/13632
f 2618/13633 2610/13634 2615/13635
f 2578/13636 2579/13637 2619/13638
f 2578/13639 2619/13640 2584/13641
f 2580/13642 2583/13643 2620/13644
f 2580/13645 2620/13646 2585/13647
f 2621/13648 2620/13649 2583/13650
f 2621/13651 2583/13652 2584/13653
f 516/13654 2585/13655 2620/13656
f 516/13657 2620/13658 517/13659
f 518/13660 517/13661 2620/13662
f 518/13663 2620/13664 2621/13665
f 522/13666 2622/13667 2623/13668
f 522/13669 2623/13670 520/13671
f 522/13672 523/13673 526/13674
f 522/13675 526/13676 2622/13677
f 521/13678 2624/13679 2625/13680
f 521/13681 2625/13682 523/13683
f 2626/13684 2624/13685 521/13686
f 2626/13687 521/13688 2627/13689
f 521/13690 524/13691 2628/13692
f 521/13693 2628/13694 2627/13695
f 2629/13696 2625/13697 2624/13698
f 2629/13699 2624/13700 2630/13701
f 2624/13702 2626/13703 2631/13704
f 2624/13705 2631/13706 2630/13707
f 525/13708 523/13709 2625/13710
f 525/13711 2625/13712 2632/13713
f 2625/13714 2629/13715 2633/13716
f 2625/13717 2633/13718 2632/13719
f 532/13720 2633/13721 2629/13722
f 532/13723 2629/13724 533/13725
f 2629/13726 2630/13727 2634/13728
f 2629/13729 2634/13730 533/13731
f 524/13732 531/13733 2635/13734
f 524/13735 2635/13736 2636/13737
f 2637/13738 2628/13739 524/13740
f 2637/13741 524/13742 2636/13743
f 2622/13744 526/13745 2638/13746
f 2622/13747 2638/13748 2639/13749
f 2640/13750 2623/13751 2622/13752
f 2640/13753 2622/13754 2639/13755
f 527/13756 520/13757 2623/13758
f 527/13759 2623/13760 2641/13761
f 2642/13762 2641/13763 2623/13764
f 2642/13765 2623/13766 2640/13767
f 2641/13768 2642/13769 2643/13770
f 2641/13771 2643/13772 2644/13773
f 528/13774 527/13775 2641/13776
f 528/13777 2641/13778 2644/13779
f 2645/13780 2643/13781 2642/13782
f 2645/13783 2642/13784 2646/13785
f 2642/13786 2640/13787 2647/13788
f 2642/13789 2647/13790 2646/13791
f 2648/13792 2649/13793 2645/13794
f 2648/13795 2645/13796 2650/13797
f 2651/13798 2643/13799 2645/13800
f 2651/13801 2645/13802 2649/13803
f 2645/13804 2646/13805 2652/13806
f 2645/13807 2652/13808 2650/13809
f 2653/13810 2644/13811 2643/13812
f 2653/13813 2643/13814 2651/13815
f 529/13816 528/13817 2644/13818
f 529/13819 2644/13820 2653/13821
f 536/13822 2651/13823 2649/13824
f 536/13825 2649/13826 2654/13827
f 2649/13828 2648/13829 2655/13830
f 2649/13831 2655/13832 2654/13833
f 2648/13834 2650/13835 2656/13836
f 2648/13837 2656/13838 537/13839
f 2648/13840 537/13841 539/13842
f 2648/13843 539/13844 2655/13845
f 535/13846 2653/13847 2651/13848
f 535/13849 2651/13850 536/13851
f 529/13852 2653/13853 535/13854
f 529/13855 535/13856 530/13857
f 2657/13858 531/13859 530/13860
f 2657/13861 530/13862 536/13863
f 2658/13864 2659/13865 2660/13866
f 2658/13867 2660/13868 2661/13869
f 2662/13870 2663/13871 2658/13872
f 2662/13873 2658/13874 2661/13875
f 2664/13876 2659/13877 2658/13878
f 2664/13879 2658/13880 2638/13881
f 2658/13882 2663/13883 2639/13884
f 2658/13885 2639/13886 2638/13887
f 2659/13888 2664/13889 2665/13890
f 2659/13891 2665/13892 2666/13893
f 2667/13894 2660/13895 2659/13896
f 2667/13897 2659/13898 2666/13899
f 544/13900 2661/13901 2660/13902
f 544/13903 2660/13904 541/13905
f 542/13906 541/13907 2660/13908
f 542/13909 2660/13910 2667/13911
f 2602/13912 2599/13913 540/13914
f 2602/13915 540/13916 545/13917
f 540/13918 2599/13919 2600/13920
f 540/13921 2600/13922 2668/13923
f 543/13924 541/13925 540/13926
f 543/13927 540/13928 2668/13929
f 2603/13930 2602/13931 545/13932
f 2603/13933 545/13934 547/13935
f 2669/13936 2604/13937 2603/13938
f 2669/13939 2603/13940 547/13941
f 2600/13942 2601/13943 2670/13944
f 2600/13945 2670/13946 2668/13947
f 2586/13948 2585/13949 516/13950
f 2586/13951 516/13952 2671/13953
f 2586/13954 2671/13955 2672/13956
f 2586/13957 2672/13958 2587/13959
f 2601/13960 2616/13961 2673/13962
f 2601/13963 2673/13964 2670/13965
f 2674/13966 2673/13967 2616/13968
f 2674/13969 2616/13970 2617/13971
f 2663/13972 2662/13973 2675/13974
f 2663/13975 2675/13976 2647/13977
f 2640/13978 2639/13979 2663/13980
f 2640/13981 2663/13982 2647/13983
f 2662/13984 2661/13985 544/13986
f 2662/13987 544/13988 549/13989
f 554/13990 2675/13991 2662/13992
f 554/13993 2662/13994 549/13995
f 543/13996 2668/13997 2670/13998
f 543/13999 2670/14000 551/14001
f 2652/14002 2646/14003 2647/14004
f 2652/14005 2647/14006 2675/14007
f 2675/14008 554/14009 2676/14010
f 2675/14011 2676/14012 2652/14013
f 554/14014 550/14015 2677/14016
f 554/14017 2677/14018 2676/14019
f 2656/14020 2650/14021 2652/14022
f 2656/14023 2652/14024 2676/14025
f 2676/14026 2677/14027 556/14028
f 2676/14029 556/14030 2656/14031
f 2678/14032 2679/14033 551/14034
f 2678/14035 551/14036 2680/14037
f 551/14038 2670/14039 2673/14040
f 551/14041 2673/14042 2680/14043
f 2677/14044 550/14045 551/14046
f 2677/14047 551/14048 2679/14049
f 556/14050 2677/14051 2679/14052
f 556/14053 2679/14054 2678/14055
f 517/14056 519/14057 2681/14058
f 517/14059 2681/14060 515/14061
f 2682/14062 2671/14063 516/14064
f 2682/14065 516/14066 515/14067
f 2678/14068 2680/14069 2683/14070
f 2678/14071 2683/14072 2684/14073
f 2678/14074 2684/14075 557/14076
f 2678/14077 557/14078 556/14079
f 2685/14080 2683/14081 2680/14082
f 2685/14083 2680/14084 560/14085
f 2680/14086 2673/14087 2674/14088
f 2680/14089 2674/14090 560/14091
f 2681/14092 519/14093 2684/14094
f 2681/14095 2684/14096 2683/14097
f 2684/14098 519/14099 555/14100
f 2684/14101 555/14102 557/14103
f 2686/14104 515/14105 2681/14106
f 2686/14107 2681/14108 2687/14109
f 2681/14110 2683/14111 2685/14112
f 2681/14113 2685/14114 2687/14115
f 2671/14116 2682/14117 2688/14118
f 2671/14119 2688/14120 2672/14121
f 2689/14122 2682/14123 515/14124
f 2689/14125 515/14126 2686/14127
f 2682/14128 2689/14129 2690/14130
f 2682/14131 2690/14132 2688/14133
f 2687/14134 2685/14135 2691/14136
f 2687/14137 2691/14138 2692/14139
f 2693/14140 2686/14141 2687/14142
f 2693/14143 2687/14144 2692/14145
f 2694/14146 2689/14147 2686/14148
f 2694/14149 2686/14150 2693/14151
f 2685/14152 560/14153 559/14154
f 2685/14155 559/14156 2691/14157
f 2695/14158 2674/14159 2617/14160
f 2695/14161 2617/14162 2618/14163
f 2695/14164 2618/14165 2615/14166
f 2695/14167 2615/14168 2696/14169
f 560/14170 2674/14171 2695/14172
f 560/14173 2695/14174 558/14175
f 2695/14176 2696/14177 563/14178
f 2695/14179 563/14180 558/14181
f 2689/14182 2694/14183 2697/14184
f 2689/14185 2697/14186 2690/14187
f 2698/14188 2612/14189 2604/14190
f 2698/14191 2604/14192 2669/14193
f 2696/14194 2615/14195 2612/14196
f 2696/14197 2612/14198 2698/14199
f 2699/14200 2669/14201 547/14202
f 2699/14203 547/14204 552/14205
f 561/14206 2698/14207 2669/14208
f 561/14209 2669/14210 2699/14211
f 563/14212 2696/14213 2698/14214
f 563/14215 2698/14216 561/14217
f 525/14218 2632/14219 2665/14220
f 525/14221 2665/14222 2664/14223
f 2638/14224 526/14225 525/14226
f 2638/14227 525/14228 2664/14229
f 2665/14230 2632/14231 2633/14232
f 2665/14233 2633/14234 2700/14235
f 2701/14236 2666/14237 2665/14238
f 2701/14239 2665/14240 2700/14241
f 2702/14242 2700/14243 2633/14244
f 2702/14245 2633/14246 532/14247
f 2667/14248 2666/14249 2701/14250
f 2667/14251 2701/14252 2703/14253
f 553/14254 2703/14255 2701/14256
f 553/14257 2701/14258 2704/14259
f 2701/14260 2700/14261 2702/14262
f 2701/14263 2702/14264 2704/14265
f 542/14266 2667/14267 2703/14268
f 542/14269 2703/14270 548/14271
f 546/14272 548/14273 2703/14274
f 546/14275 2703/14276 553/14277
f 2704/14278 2702/14279 2705/14280
f 2704/14281 2705/14282 2706/14283
f 552/14284 553/14285 2704/14286
f 552/14287 2704/14288 2706/14289
f 2702/14290 532/14291 534/14292
f 2702/14293 534/14294 2705/14295
f 2705/14296 534/14297 2707/14298
f 2705/14299 2707/14300 2708/14301
f 2709/14302 2706/14303 2705/14304
f 2709/14305 2705/14306 2708/14307
f 2699/14308 552/14309 2706/14310
f 2699/14311 2706/14312 2709/14313
f 2707/14314 534/14315 533/14316
f 2707/14317 533/14318 566/14319
f 533/14320 2634/14321 567/14322
f 533/14323 567/14324 566/14325
f 2710/14326 2708/14327 2707/14328
f 2710/14329 2707/14330 569/14331
f 2707/14332 566/14333 565/14334
f 2707/14335 565/14336 569/14337
f 2711/14338 2709/14339 2708/14340
f 2711/14341 2708/14342 2710/14343
f 2699/14344 2709/14345 2711/14346
f 2699/14347 2711/14348 561/14349
f 562/14350 561/14351 2711/14352
f 562/14353 2711/14354 2712/14355
f 2711/14356 2710/14357 2713/14358
f 2711/14359 2713/14360 2712/14361
f 562/14362 2712/14363 2714/14364
f 562/14365 2714/14366 564/14367
f 538/14368 537/14369 2656/14370
f 538/14371 2656/14372 556/14373
f 557/14374 555/14375 2715/14376
f 557/14377 2715/14378 538/14379
f 555/14380 518/14381 2716/14382
f 555/14383 2716/14384 2715/14385
f 2717/14386 538/14387 2715/14388
f 2717/14389 2715/14390 2716/14391
f 2718/14392 2719/14393 538/14394
f 2718/14395 538/14396 2717/14397
f 2720/14398 570/14399 2719/14400
f 2720/14401 2719/14402 2718/14403
f 2692/14404 2691/14405 2721/14406
f 2692/14407 2721/14408 2693/14409
f 559/14410 581/14411 580/14412
f 559/14413 580/14414 2691/14415
f 2722/14416 2721/14417 2691/14418
f 2722/14419 2691/14420 580/14421
f 2723/14422 2694/14423 2693/14424
f 2723/14425 2693/14426 2721/14427
f 2694/14428 2723/14429 2724/14430
f 2694/14431 2724/14432 2697/14433
f 2725/14434 2723/14435 2721/14436
f 2725/14437 2721/14438 2722/14439
f 584/14440 558/14441 563/14442
f 584/14443 563/14444 564/14445
f 559/14446 558/14447 584/14448
f 559/14449 584/14450 581/14451
f 580/14452 582/14453 2726/14454
f 580/14455 2726/14456 2722/14457
f 2727/14458 2726/14459 582/14460
f 2727/14461 582/14462 583/14463
f 584/14464 564/14465 2728/14466
f 584/14467 2728/14468 585/14469
f 2725/14470 2722/14471 2726/14472
f 2725/14473 2726/14474 2729/14475
f 2726/14476 2727/14477 2730/14478
f 2726/14479 2730/14480 2729/14481
f 2723/14482 2725/14483 2731/14484
f 2723/14485 2731/14486 2724/14487
f 2725/14488 2729/14489 2732/14490
f 2725/14491 2732/14492 2731/14493
f 2710/14494 569/14495 568/14496
f 2710/14497 568/14498 2713/14499
f 568/14500 586/14501 2733/14502
f 568/14503 2733/14504 2713/14505
f 2734/14506 2733/14507 586/14508
f 2734/14509 586/14510 587/14511
f 2712/14512 2713/14513 2733/14514
f 2712/14515 2733/14516 2714/14517
f 2733/14518 2734/14519 2735/14520
f 2733/14521 2735/14522 2714/14523
f 2736/14524 2728/14525 2735/14526
f 2736/14527 2735/14528 2737/14529
f 2735/14530 2734/14531 2738/14532
f 2735/14533 2738/14534 2737/14535
f 564/14536 2714/14537 2735/14538
f 564/14539 2735/14540 2728/14541
f 570/14542 574/14543 2736/14544
f 570/14545 2736/14546 576/14547
f 2739/14548 575/14549 570/14550
f 2739/14551 570/14552 2720/14553
f 585/14554 2728/14555 2736/14556
f 585/14557 2736/14558 574/14559
f 583/14560 574/14561 573/14562
f 583/14563 573/14564 2727/14565
f 2730/14566 2727/14567 573/14568
f 2730/14569 573/14570 575/14571
f 2740/14572 2730/14573 575/14574
f 2740/14575 575/14576 2739/14577
f 2737/14578 2741/14579 576/14580
f 2737/14581 576/14582 2736/14583
f 2737/14584 2738/14585 2742/14586
f 2737/14587 2742/14588 2741/14589
f 576/14590 2741/14591 2743/14592
f 576/14593 2743/14594 577/14595
f 2734/14596 587/14597 588/14598
f 2734/14599 588/14600 2738/14601
f 2742/14602 2738/14603 588/14604
f 2742/14605 588/14606 590/14607
f 2741/14608 2742/14609 2744/14610
f 2741/14611 2744/14612 2743/14613
f 2742/14614 590/14615 591/14616
f 2742/14617 591/14618 2744/14619
f 2732/14620 2729/14621 2730/14622
f 2732/14623 2730/14624 2740/14625
f 1960/14626 332/14627 331/14628
f 1960/14629 331/14630 2745/14631
f 1960/14632 2745/14633 2746/14634
f 1960/14635 2746/14636 1961/14637
f 2745/14638 331/14639 340/14640
f 2745/14641 340/14642 2747/14643
f 2745/14644 2747/14645 2748/14646
f 2745/14647 2748/14648 2746/14649
f 2747/14650 340/14651 594/14652
f 2747/14653 594/14654 2749/14655
f 2750/14656 2748/14657 2747/14658
f 2750/14659 2747/14660 2749/14661
f 1961/14662 2746/14663 2751/14664
f 1961/14665 2751/14666 1971/14667
f 2752/14668 2751/14669 2746/14670
f 2752/14671 2746/14672 2748/14673
f 2753/14674 1972/14675 1971/14676
f 2753/14677 1971/14678 2751/14679
f 338/14680 337/14681 1972/14682
f 338/14683 1972/14684 2753/14685
f 2754/14686 2753/14687 2751/14688
f 2754/14689 2751/14690 2752/14691
f 597/14692 338/14693 2753/14694
f 597/14695 2753/14696 2754/14697
f 599/14698 339/14699 338/14700
f 599/14701 338/14702 597/14703
f 2755/14704 2752/14705 2748/14706
f 2755/14707 2748/14708 2750/14709
f 2756/14710 2754/14711 2752/14712
f 2756/14713 2752/14714 2755/14715
f 598/14716 597/14717 2754/14718
f 598/14719 2754/14720 2756/14721
f 2749/14722 594/14723 595/14724
f 2749/14725 595/14726 2757/14727
f 2749/14728 2757/14729 2758/14730
f 2749/14731 2758/14732 2750/14733
f 2757/14734 595/14735 596/14736
f 2757/14737 596/14738 2759/14739
f 2757/14740 2759/14741 2760/14742
f 2757/14743 2760/14744 2758/14745
f 604/14746 371/14747 2759/14748
f 604/14749 2759/14750 596/14751
f 2759/14752 371/14753 372/14754
f 2759/14755 372/14756 2760/14757
f 596/14758 341/14759 606/14760
f 596/14761 606/14762 604/14763
f 2309/14764 2308/14765 604/14766
f 2309/14767 604/14768 603/14769
f 2750/14770 2758/14771 2761/14772
f 2750/14773 2761/14774 2755/14775
f 2762/14776 2761/14777 2758/14778
f 2762/14779 2758/14780 2760/14781
f 2763/14782 2756/14783 2755/14784
f 2763/14785 2755/14786 2761/14787
f 600/14788 598/14789 2756/14790
f 600/14791 2756/14792 2763/14793
f 2764/14794 2763/14795 2761/14796
f 2764/14797 2761/14798 2762/14799
f 601/14800 600/14801 2763/14802
f 601/14803 2763/14804 2764/14805
f 2760/14806 372/14807 2765/14808
f 2760/14809 2765/14810 2762/14811
f 2766/14812 2765/14813 372/14814
f 2766/14815 372/14816 2767/14817
f 372/14818 367/14819 2311/14820
f 372/14821 2311/14822 2767/14823
f 2762/14824 2765/14825 2768/14826
f 2762/14827 2768/14828 2764/14829
f 2769/14830 2768/14831 2765/14832
f 2769/14833 2765/14834 2766/14835
f 2764/14836 2768/14837 2770/14838
f 2764/14839 2770/14840 601/14841
f 612/14842 2770/14843 2768/14844
f 612/14845 2768/14846 2769/14847
f 610/14848 599/14849 601/14850
f 610/14851 601/14852 2770/14853
f 611/14854 610/14855 2770/14856
f 611/14857 2770/14858 612/14859
f 2552/14860 2534/14861 2533/14862
f 2552/14863 2533/14864 2546/14865
f 2771/14866 2546/14867 2545/14868
f 2771/14869 2545/14870 2562/14871
f 2772/14872 2552/14873 2546/14874
f 2772/14875 2546/14876 2771/14877
f 2557/14878 2551/14879 2552/14880
f 2557/14881 2552/14882 2772/14883
f 2773/14884 2772/14885 2771/14886
f 2773/14887 2771/14888 2774/14889
f 2771/14890 2562/14891 2775/14892
f 2771/14893 2775/14894 2774/14895
f 2775/14896 2562/14897 2561/14898
f 2775/14899 2561/14900 2565/14901
f 2776/14902 2557/14903 2772/14904
f 2776/14905 2772/14906 2773/14907
f 2556/14908 2557/14909 2776/14910
f 2556/14911 2776/14912 2570/14913
f 2773/14914 2774/14915 2777/14916
f 2773/14917 2777/14918 2778/14919
f 2779/14920 2776/14921 2773/14922
f 2779/14923 2773/14924 2778/14925
f 2780/14926 2570/14927 2776/14928
f 2780/14929 2776/14930 2779/14931
f 341/14932 2070/14933 2781/14934
f 341/14935 2781/14936 606/14937
f 2070/14938 2071/14939 614/14940
f 2070/14941 614/14942 2781/14943
f 609/14944 2073/14945 599/14946
f 609/14947 599/14948 610/14949
f 2071/14950 2072/14951 615/14952
f 2071/14953 615/14954 614/14955
f 2072/14956 2073/14957 609/14958
f 2072/14959 609/14960 615/14961
f 2569/14962 2570/14963 2780/14964
f 2569/14965 2780/14966 2579/14967
f 2782/14968 2565/14969 2564/14970
f 2782/14971 2564/14972 2576/14973
f 2783/14974 2775/14975 2565/14976
f 2783/14977 2565/14978 2782/14979
f 2777/14980 2774/14981 2775/14982
f 2777/14983 2775/14984 2783/14985
f 2784/14986 2782/14987 2576/14988
f 2784/14989 2576/14990 2582/14991
f 2785/14992 2783/14993 2782/14994
f 2785/14995 2782/14996 2784/14997
f 2786/14998 2777/14999 2783/15000
f 2786/15001 2783/15002 2785/15003
f 2787/15004 2778/15005 2777/15006
f 2787/15007 2777/15008 2786/15009
f 2788/15010 2779/15011 2778/15012
f 2788/15013 2778/15014 2787/15015
f 2789/15016 2784/15017 2582/15018
f 2789/15019 2582/15020 2587/15021
f 2790/15022 2785/15023 2784/15024
f 2790/15025 2784/15026 2789/15027
f 2791/15028 2786/15029 2785/15030
f 2791/15031 2785/15032 2790/15033
f 2792/15034 2787/15035 2786/15036
f 2792/15037 2786/15038 2791/15039
f 2579/15040 2780/15041 2793/15042
f 2579/15043 2793/15044 2619/15045
f 2780/15046 2779/15047 2788/15048
f 2780/15049 2788/15050 2793/15051
f 2584/15052 2619/15053 2794/15054
f 2584/15055 2794/15056 2621/15057
f 2619/15058 2793/15059 2795/15060
f 2619/15061 2795/15062 2794/15063
f 2793/15064 2788/15065 2796/15066
f 2793/15067 2796/15068 2795/15069
f 2796/15070 2788/15071 2787/15072
f 2796/15073 2787/15074 2792/15075
f 2797/15076 2796/15077 2792/15078
f 2797/15079 2792/15080 2798/15081
f 2792/15082 2791/15083 2799/15084
f 2792/15085 2799/15086 2798/15087
f 2309/15088 603/15089 2800/15090
f 2309/15091 2800/15092 2801/15093
f 2802/15094 2310/15095 2309/15096
f 2802/15097 2309/15098 2801/15099
f 518/15100 2621/15101 2794/15102
f 518/15103 2794/15104 2803/15105
f 2794/15106 2795/15107 2804/15108
f 2794/15109 2804/15110 2803/15111
f 2795/15112 2796/15113 2797/15114
f 2795/15115 2797/15116 2804/15117
f 2805/15118 2800/15119 603/15120
f 2805/15121 603/15122 602/15123
f 619/15124 618/15125 2801/15126
f 619/15127 2801/15128 2800/15129
f 2801/15130 618/15131 621/15132
f 2801/15133 621/15134 2802/15135
f 2800/15136 2805/15137 622/15138
f 2800/15139 622/15140 619/15141
f 531/15142 2657/15143 2806/15144
f 531/15145 2806/15146 2635/15147
f 536/15148 2654/15149 2807/15150
f 536/15151 2807/15152 2657/15153
f 2654/15154 2655/15155 2808/15156
f 2654/15157 2808/15158 2807/15159
f 2655/15160 539/15161 572/15162
f 2655/15163 572/15164 2808/15165
f 2809/15166 2807/15167 2808/15168
f 2809/15169 2808/15170 2810/15171
f 2808/15172 572/15173 571/15174
f 2808/15175 571/15176 2810/15177
f 2657/15178 2807/15179 2809/15180
f 2657/15181 2809/15182 2806/15183
f 2809/15184 2810/15185 2811/15186
f 2809/15187 2811/15188 2812/15189
f 2813/15190 2806/15191 2809/15192
f 2813/15193 2809/15194 2812/15195
f 2810/15196 571/15197 578/15198
f 2810/15199 578/15200 2811/15201
f 607/15202 2805/15203 602/15204
f 607/15205 602/15206 605/15207
f 2805/15208 607/15209 620/15210
f 2805/15211 620/15212 622/15213
f 607/15214 606/15215 629/15216
f 607/15217 629/15218 620/15219
f 620/15220 629/15221 628/15222
f 620/15223 628/15224 626/15225
f 2635/15226 2806/15227 2813/15228
f 2635/15229 2813/15230 2814/15231
f 2815/15232 2636/15233 2635/15234
f 2815/15235 2635/15236 2814/15237
f 2811/15238 578/15239 579/15240
f 2811/15241 579/15242 2816/15243
f 2817/15244 2812/15245 2811/15246
f 2817/15247 2811/15248 2816/15249
f 593/15250 2813/15251 2812/15252
f 593/15253 2812/15254 2817/15255
f 2814/15256 2813/15257 593/15258
f 2814/15259 593/15260 592/15261
f 589/15262 2815/15263 2814/15264
f 589/15265 2814/15266 592/15267
f 593/15268 2817/15269 2744/15270
f 593/15271 2744/15272 591/15273
f 2818/15274 2789/15275 2587/15276
f 2818/15277 2587/15278 2672/15279
f 2819/15280 2790/15281 2789/15282
f 2819/15283 2789/15284 2818/15285
f 2799/15286 2791/15287 2790/15288
f 2799/15289 2790/15290 2819/15291
f 2310/15292 2802/15293 2820/15294
f 2310/15295 2820/15296 359/15297
f 518/15298 2803/15299 2821/15300
f 518/15301 2821/15302 2716/15303
f 2803/15304 2804/15305 632/15306
f 2803/15307 632/15308 2821/15309
f 2804/15310 2797/15311 633/15312
f 2804/15313 633/15314 632/15315
f 2672/15316 2688/15317 2822/15318
f 2672/15319 2822/15320 2818/15321
f 2823/15322 2822/15323 2688/15324
f 2823/15325 2688/15326 2690/15327
f 2819/15328 2818/15329 2822/15330
f 2819/15331 2822/15332 2824/15333
f 2819/15334 2824/15335 2825/15336
f 2819/15337 2825/15338 2799/15339
f 2826/15340 2824/15341 2822/15342
f 2826/15343 2822/15344 2823/15345
f 2824/15346 2826/15347 2827/15348
f 2824/15349 2827/15350 2825/15351
f 2828/15352 2823/15353 2690/15354
f 2828/15355 2690/15356 2697/15357
f 2829/15358 2826/15359 2823/15360
f 2829/15361 2823/15362 2828/15363
f 2830/15364 2827/15365 2826/15366
f 2830/15367 2826/15368 2829/15369
f 2831/15370 2797/15371 2798/15372
f 2831/15373 2798/15374 2832/15375
f 2798/15376 2799/15377 2825/15378
f 2798/15379 2825/15380 2833/15381
f 2834/15382 2832/15383 2798/15384
f 2834/15385 2798/15386 2833/15387
f 2820/15388 2802/15389 621/15390
f 2820/15391 621/15392 623/15393
f 2797/15394 2831/15395 2835/15396
f 2797/15397 2835/15398 633/15399
f 2831/15400 2832/15401 2836/15402
f 2831/15403 2836/15404 2837/15405
f 2838/15406 2835/15407 2831/15408
f 2838/15409 2831/15410 2837/15411
f 2832/15412 2834/15413 2839/15414
f 2832/15415 2839/15416 2836/15417
f 2840/15418 2833/15419 2825/15420
f 2840/15421 2825/15422 2827/15423
f 2841/15424 2834/15425 2833/15426
f 2841/15427 2833/15428 2840/15429
f 2834/15430 2841/15431 2842/15432
f 2834/15433 2842/15434 2839/15435
f 2840/15436 2827/15437 2830/15438
f 2840/15439 2830/15440 2843/15441
f 2844/15442 2841/15443 2840/15444
f 2844/15445 2840/15446 2843/15447
f 2841/15448 2844/15449 2845/15450
f 2841/15451 2845/15452 2842/15453
f 2846/15454 360/15455 359/15456
f 2846/15457 359/15458 2820/15459
f 360/15460 2846/15461 2847/15462
f 360/15463 2847/15464 358/15465
f 2820/15466 623/15467 624/15468
f 2820/15469 624/15470 2846/15471
f 2846/15472 624/15473 625/15474
f 2846/15475 625/15476 2847/15477
f 2716/15478 2821/15479 2848/15480
f 2716/15481 2848/15482 2717/15483
f 2821/15484 632/15485 631/15486
f 2821/15487 631/15488 2848/15489
f 2849/15490 2718/15491 2717/15492
f 2849/15493 2717/15494 2848/15495
f 2718/15496 2849/15497 2850/15498
f 2718/15499 2850/15500 2720/15501
f 2848/15502 631/15503 2851/15504
f 2848/15505 2851/15506 2849/15507
f 2852/15508 2851/15509 631/15510
f 2852/15511 631/15512 630/15513
f 2849/15514 2851/15515 2853/15516
f 2849/15517 2853/15518 2850/15519
f 2851/15520 2852/15521 2854/15522
f 2851/15523 2854/15524 2853/15525
f 2697/15526 2724/15527 2855/15528
f 2697/15529 2855/15530 2828/15531
f 2829/15532 2828/15533 2855/15534
f 2829/15535 2855/15536 2856/15537
f 2829/15538 2856/15539 2857/15540
f 2829/15541 2857/15542 2830/15543
f 2724/15544 2731/15545 2858/15546
f 2724/15547 2858/15548 2855/15549
f 2859/15550 2858/15551 2731/15552
f 2859/15553 2731/15554 2732/15555
f 2860/15556 2856/15557 2855/15558
f 2860/15559 2855/15560 2858/15561
f 2856/15562 2860/15563 2861/15564
f 2856/15565 2861/15566 2857/15567
f 2862/15568 2860/15569 2858/15570
f 2862/15571 2858/15572 2859/15573
f 2863/15574 2861/15575 2860/15576
f 2863/15577 2860/15578 2862/15579
f 633/15580 2835/15581 2864/15582
f 633/15583 2864/15584 634/15585
f 2865/15586 2864/15587 2835/15588
f 2865/15589 2835/15590 2838/15591
f 630/15592 634/15593 2866/15594
f 630/15595 2866/15596 2852/15597
f 634/15598 2864/15599 2867/15600
f 634/15601 2867/15602 2866/15603
f 2868/15604 2867/15605 2864/15606
f 2868/15607 2864/15608 2865/15609
f 2854/15610 2852/15611 2866/15612
f 2854/15613 2866/15614 2869/15615
f 2866/15616 2867/15617 2870/15618
f 2866/15619 2870/15620 2869/15621
f 2871/15622 2870/15623 2867/15624
f 2871/15625 2867/15626 2868/15627
f 2872/15628 2843/15629 2830/15630
f 2872/15631 2830/15632 2857/15633
f 2873/15634 2844/15635 2843/15636
f 2873/15637 2843/15638 2872/15639
f 2844/15640 2873/15641 2874/15642
f 2844/15643 2874/15644 2845/15645
f 2875/15646 2872/15647 2857/15648
f 2875/15649 2857/15650 2861/15651
f 2876/15652 2873/15653 2872/15654
f 2876/15655 2872/15656 2875/15657
f 2873/15658 2876/15659 2877/15660
f 2873/15661 2877/15662 2874/15663
f 2878/15664 2875/15665 2861/15666
f 2878/15667 2861/15668 2863/15669
f 2879/15670 2876/15671 2875/15672
f 2879/15673 2875/15674 2878/15675
f 2876/15676 2879/15677 2880/15678
f 2876/15679 2880/15680 2877/15681
f 2881/15682 2739/15683 2720/15684
f 2881/15685 2720/15686 2850/15687
f 2816/15688 579/15689 577/15690
f 2816/15691 577/15692 2743/15693
f 2739/15694 2881/15695 2882/15696
f 2739/15697 2882/15698 2740/15699
f 2881/15700 2850/15701 2853/15702
f 2881/15703 2853/15704 2883/15705
f 2884/15706 2883/15707 2853/15708
f 2884/15709 2853/15710 2854/15711
f 2816/15712 2743/15713 2744/15714
f 2816/15715 2744/15716 2817/15717
f 2881/15718 2883/15719 2885/15720
f 2881/15721 2885/15722 2882/15723
f 2886/15724 2885/15725 2883/15726
f 2886/15727 2883/15728 2884/15729
f 2859/15730 2732/15731 2740/15732
f 2859/15733 2740/15734 2882/15735
f 2862/15736 2859/15737 2882/15738
f 2862/15739 2882/15740 2885/15741
f 2863/15742 2862/15743 2885/15744
f 2863/15745 2885/15746 2886/15747
f 2854/15748 2869/15749 2887/15750
f 2854/15751 2887/15752 2884/15753
f 2869/15754 2870/15755 2888/15756
f 2869/15757 2888/15758 2887/15759
f 2889/15760 2888/15761 2870/15762
f 2889/15763 2870/15764 2871/15765
f 2884/15766 2887/15767 2890/15768
f 2884/15769 2890/15770 2886/15771
f 2887/15772 2888/15773 2891/15774
f 2887/15775 2891/15776 2890/15777
f 2892/15778 2891/15779 2888/15780
f 2892/15781 2888/15782 2889/15783
f 2878/15784 2863/15785 2886/15786
f 2878/15787 2886/15788 2890/15789
f 2879/15790 2878/15791 2890/15792
f 2879/15793 2890/15794 2891/15795
f 2880/15796 2879/15797 2891/15798
f 2880/15799 2891/15800 2892/15801
f 2893/15802 2847/15803 625/15804
f 2893/15805 625/15806 626/15807
f 2894/15808 2498/15809 2023/15810
f 2894/15811 2023/15812 2024/15813
f 2895/15814 2571/15815 2495/15816
f 2895/15817 2495/15818 2896/15819
f 2495/15820 2496/15821 2897/15822
f 2495/15823 2897/15824 2896/15825
f 2496/15826 2497/15827 2898/15828
f 2496/15829 2898/15830 2897/15831
f 2571/15832 2895/15833 2899/15834
f 2571/15835 2899/15836 2572/15837
f 2895/15838 2896/15839 2900/15840
f 2895/15841 2900/15842 2901/15843
f 2895/15844 2901/15845 2902/15846
f 2895/15847 2902/15848 2899/15849
f 2898/15850 2497/15851 2498/15852
f 2898/15853 2498/15854 2903/15855
f 2904/15856 2903/15857 2498/15858
f 2904/15859 2498/15860 2894/15861
f 2900/15862 2896/15863 2897/15864
f 2900/15865 2897/15866 2905/15867
f 2897/15868 2898/15869 2906/15870
f 2897/15871 2906/15872 2905/15873
f 2898/15874 2903/15875 2907/15876
f 2898/15877 2907/15878 2906/15879
f 2908/15880 2907/15881 2903/15882
f 2908/15883 2903/15884 2904/15885
f 2024/15886 2061/15887 2909/15888
f 2024/15889 2909/15890 2894/15891
f 2910/15892 2901/15893 2900/15894
f 2910/15895 2900/15896 2911/15897
f 2900/15898 2905/15899 2912/15900
f 2900/15901 2912/15902 2911/15903
f 2905/15904 2906/15905 2913/15906
f 2905/15907 2913/15908 2912/15909
f 2914/15910 2913/15911 2906/15912
f 2914/15913 2906/15914 2907/15915
f 2901/15916 2910/15917 2915/15918
f 2901/15919 2915/15920 2902/15921
f 2910/15922 2911/15923 2916/15924
f 2910/15925 2916/15926 2917/15927
f 2910/15928 2917/15929 2918/15930
f 2910/15931 2918/15932 2915/15933
f 2919/15934 2918/15935 2917/15936
f 2919/15937 2917/15938 2920/15939
f 2917/15940 2916/15941 2921/15942
f 2917/15943 2921/15944 2920/15945
f 2911/15946 2912/15947 2922/15948
f 2911/15949 2922/15950 2916/15951
f 2912/15952 2913/15953 2923/15954
f 2912/15955 2923/15956 2922/15957
f 2924/15958 2923/15959 2913/15960
f 2924/15961 2913/15962 2914/15963
f 2921/15964 2916/15965 2922/15966
f 2921/15967 2922/15968 2925/15969
f 2922/15970 2923/15971 2926/15972
f 2922/15973 2926/15974 2925/15975
f 2923/15976 2924/15977 2927/15978
f 2923/15979 2927/15980 2926/15981
f 2928/15982 2914/15983 2907/15984
f 2928/15985 2907/15986 2908/15987
f 2929/15988 2924/15989 2914/15990
f 2929/15991 2914/15992 2928/15993
f 2924/15994 2929/15995 2930/15996
f 2924/15997 2930/15998 2927/15999
f 2909/16000 2061/16001 2060/16002
f 2909/16003 2060/16004 2573/16005
f 2931/16006 2573/16007 2572/16008
f 2931/16009 2572/16010 2899/16011
f 2932/16012 2909/16013 2573/16014
f 2932/16015 2573/16016 2931/16017
f 2904/16018 2894/16019 2909/16020
f 2904/16021 2909/16022 2932/16023
f 2933/16024 2931/16025 2899/16026
f 2933/16027 2899/16028 2902/16029
f 2934/16030 2932/16031 2931/16032
f 2934/16033 2931/16034 2933/16035
f 2935/16036 2933/16037 2902/16038
f 2935/16039 2902/16040 2915/16041
f 2904/16042 2932/16043 2934/16044
f 2904/16045 2934/16046 2908/16047
f 2936/16048 2934/16049 2933/16050
f 2936/16051 2933/16052 2935/16053
f 2928/16054 2908/16055 2934/16056
f 2928/16057 2934/16058 2936/16059
f 2937/16060 2935/16061 2915/16062
f 2937/16063 2915/16064 2918/16065
f 2938/16066 2936/16067 2935/16068
f 2938/16069 2935/16070 2937/16071
f 2929/16072 2928/16073 2936/16074
f 2929/16075 2936/16076 2938/16077
f 2918/16078 2919/16079 2939/16080
f 2918/16081 2939/16082 2937/16083
f 2919/16084 2920/16085 2627/16086
f 2919/16087 2627/16088 2628/16089
f 2919/16090 2628/16091 2637/16092
f 2919/16093 2637/16094 2939/16095
f 2938/16096 2937/16097 2939/16098
f 2938/16099 2939/16100 2940/16101
f 2941/16102 2940/16103 2939/16104
f 2941/16105 2939/16106 2637/16107
f 2930/16108 2929/16109 2938/16110
f 2930/16111 2938/16112 2940/16113
f 2942/16114 2930/16115 2940/16116
f 2942/16117 2940/16118 2941/16119
f 2943/16120 2927/16121 2930/16122
f 2943/16123 2930/16124 2942/16125
f 2626/16126 2627/16127 2920/16128
f 2626/16129 2920/16130 2921/16131
f 2631/16132 2626/16133 2921/16134
f 2631/16135 2921/16136 2925/16137
f 2631/16138 2925/16139 2926/16140
f 2631/16141 2926/16142 2944/16143
f 2634/16144 2630/16145 2631/16146
f 2634/16147 2631/16148 2944/16149
f 2943/16150 2944/16151 2926/16152
f 2943/16153 2926/16154 2927/16155
f 2943/16156 567/16157 2634/16158
f 2943/16159 2634/16160 2944/16161
f 2942/16162 589/16163 567/16164
f 2942/16165 567/16166 2943/16167
f 2637/16168 2636/16169 2815/16170
f 2637/16171 2815/16172 2941/16173
f 2941/16174 2815/16175 589/16176
f 2941/16177 589/16178 2942/16179
f 606/16180 2781/16181 2945/16182
f 606/16183 2945/16184 629/16185
f 617/16186 2945/16187 2781/16188
f 617/16189 2781/16190 614/16191
f 629/16192 2945/16193 2946/16194
f 629/16195 2946/16196 627/16197
f 2945/16198 617/16199 2947/16200
f 2945/16201 2947/16202 2946/16203
f 642/16204 608/16205 610/16206
f 642/16207 610/16208 611/16209
f 615/16210 609/16211 608/16212
f 615/16213 608/16214 616/16215
f 644/16216 616/16217 608/16218
f 644/16219 608/16220 642/16221
f 645/16222 639/16223 616/16224
f 645/16225 616/16226 644/16227
f 617/16228 639/16229 646/16230
f 617/16231 646/16232 2947/16233
f 2360/16234 2356/16235 2355/16236
f 2360/16237 2355/16238 2588/16239
f 2606/16240 2361/16241 2360/16242
f 2606/16243 2360/16244 2598/16245
f 2614/16246 2362/16247 2361/16248
f 2614/16249 2361/16250 2606/16251
f 2611/16252 2363/16253 2362/16254
f 2611/16255 2362/16256 2614/16257
f 358/16258 2847/16259 2893/16260
f 358/16261 2893/16262 377/16263
f 636/16264 2893/16265 626/16266
f 636/16267 626/16268 628/16269
f 429/16270 377/16271 2893/16272
f 429/16273 2893/16274 636/16275
f 648/16276 430/16277 429/16278
f 648/16279 429/16280 635/16281
f 424/16282 422/16283 376/16284
f 424/16285 376/16286 431/16287
f 430/16288 648/16289 650/16290
f 430/16291 650/16292 431/16293
f 648/16294 647/16295 2948/16296
f 648/16297 2948/16298 650/16299
f 647/16300 2949/16301 2950/16302
f 647/16303 2950/16304 2948/16305
f 647/16306 635/16307 2951/16308
f 647/16309 2951/16310 2949/16311
f 2949/16312 656/16313 655/16314
f 2949/16315 655/16316 2950/16317
f 658/16318 656/16319 2949/16320
f 658/16321 2949/16322 2951/16323
f 463/16324 450/16325 447/16326
f 463/16327 447/16328 448/16329
f 652/16330 651/16331 2952/16332
f 652/16333 2952/16334 2953/16335
f 2954/16336 2955/16337 652/16338
f 2954/16339 652/16340 2953/16341
f 423/16342 424/16343 652/16344
f 423/16345 652/16346 2955/16347
f 427/16348 423/16349 2955/16350
f 427/16351 2955/16352 2956/16353
f 2955/16354 2954/16355 2957/16356
f 2955/16357 2957/16358 2956/16359
f 651/16360 649/16361 653/16362
f 651/16363 653/16364 2952/16365
f 2958/16366 2952/16367 653/16368
f 2958/16369 653/16370 2959/16371
f 653/16372 650/16373 2948/16374
f 653/16375 2948/16376 2959/16377
f 2443/16378 469/16379 2447/16380
f 2443/16381 2447/16382 2960/16383
f 2476/16384 2960/16385 2447/16386
f 2476/16387 2447/16388 2448/16389
f 2443/16390 2960/16391 2961/16392
f 2443/16393 2961/16394 2463/16395
f 2962/16396 2961/16397 2960/16398
f 2962/16399 2960/16400 2476/16401
f 2465/16402 2463/16403 2961/16404
f 2465/16405 2961/16406 2468/16407
f 2469/16408 2468/16409 2961/16410
f 2469/16411 2961/16412 2962/16413
f 2476/16414 2477/16415 2963/16416
f 2476/16417 2963/16418 2962/16419
f 2964/16420 2469/16421 2962/16422
f 2964/16423 2962/16424 2963/16425
f 2953/16426 2952/16427 2958/16428
f 2953/16429 2958/16430 2965/16431
f 2953/16432 2965/16433 2966/16434
f 2953/16435 2966/16436 2954/16437
f 2958/16438 2959/16439 2967/16440
f 2958/16441 2967/16442 671/16443
f 670/16444 2965/16445 2958/16446
f 670/16447 2958/16448 671/16449
f 672/16450 2966/16451 2965/16452
f 672/16453 2965/16454 670/16455
f 2954/16456 2966/16457 2968/16458
f 2954/16459 2968/16460 2957/16461
f 2966/16462 672/16463 2969/16464
f 2966/16465 2969/16466 2968/16467
f 672/16468 669/16469 673/16470
f 672/16471 673/16472 2969/16473
f 2948/16474 2950/16475 2967/16476
f 2948/16477 2967/16478 2959/16479
f 2950/16480 655/16481 660/16482
f 2950/16483 660/16484 2967/16485
f 671/16486 2967/16487 660/16488
f 671/16489 660/16490 669/16491
f 480/16492 479/16493 2469/16494
f 480/16495 2469/16496 2964/16497
f 426/16498 427/16499 2956/16500
f 426/16501 2956/16502 2970/16503
f 2956/16504 2957/16505 2971/16506
f 2956/16507 2971/16508 2970/16509
f 2957/16510 2968/16511 2972/16512
f 2957/16513 2972/16514 2971/16515
f 2968/16516 2969/16517 2973/16518
f 2968/16519 2973/16520 2972/16521
f 2969/16522 673/16523 659/16524
f 2969/16525 659/16526 2973/16527
f 432/16528 426/16529 2970/16530
f 432/16531 2970/16532 489/16533
f 2974/16534 489/16535 2970/16536
f 2974/16537 2970/16538 2971/16539
f 489/16540 488/16541 433/16542
f 489/16543 433/16544 432/16545
f 2975/16546 487/16547 489/16548
f 2975/16549 489/16550 2974/16551
f 675/16552 2974/16553 2971/16554
f 675/16555 2971/16556 2972/16557
f 674/16558 2975/16559 2974/16560
f 674/16561 2974/16562 675/16563
f 448/16564 487/16565 2975/16566
f 448/16567 2975/16568 463/16569
f 2487/16570 461/16571 463/16572
f 2487/16573 463/16574 2975/16575
f 2976/16576 2487/16577 2975/16578
f 2976/16579 2975/16580 674/16581
f 2475/16582 496/16583 682/16584
f 2475/16585 682/16586 2478/16587
f 682/16588 496/16589 490/16590
f 682/16591 490/16592 499/16593
f 2487/16594 2976/16595 2977/16596
f 2487/16597 2977/16598 2489/16599
f 2978/16600 498/16601 495/16602
f 2978/16603 495/16604 2488/16605
f 685/16606 678/16607 498/16608
f 685/16609 498/16610 2978/16611
f 679/16612 2976/16613 674/16614
f 679/16615 674/16616 676/16617
f 2976/16618 679/16619 684/16620
f 2976/16621 684/16622 2977/16623
f 679/16624 676/16625 686/16626
f 679/16627 686/16628 687/16629
f 688/16630 680/16631 679/16632
f 688/16633 679/16634 684/16635
f 683/16636 499/16637 680/16638
f 683/16639 680/16640 687/16641
f 691/16642 687/16643 680/16644
f 691/16645 680/16646 688/16647
f 677/16648 675/16649 2972/16650
f 677/16651 2972/16652 2973/16653
f 2973/16654 659/16655 661/16656
f 2973/16657 661/16658 677/16659
f 677/16660 661/16661 662/16662
f 677/16663 662/16664 686/16665
f 691/16666 687/16667 686/16668
f 691/16669 686/16670 662/16671
f 2979/16672 2963/16673 2477/16674
f 2979/16675 2477/16676 2478/16677
f 507/16678 2964/16679 2963/16680
f 507/16681 2963/16682 2979/16683
f 485/16684 480/16685 2964/16686
f 485/16687 2964/16688 507/16689
f 2478/16690 682/16691 681/16692
f 2478/16693 681/16694 2979/16695
f 507/16696 2979/16697 681/16698
f 507/16699 681/16700 508/16701
f 503/16702 509/16703 683/16704
f 503/16705 683/16706 2980/16707
f 683/16708 687/16709 691/16710
f 683/16711 691/16712 2980/16713
f 2980/16714 691/16715 688/16716
f 2980/16717 688/16718 2981/16719
f 504/16720 503/16721 2980/16722
f 504/16723 2980/16724 2981/16725
f 663/16726 684/16727 687/16728
f 663/16729 687/16730 691/16731
f 692/16732 2978/16733 2488/16734
f 692/16735 2488/16736 502/16737
f 2489/16738 2977/16739 2982/16740
f 2489/16741 2982/16742 2492/16743
f 694/16744 685/16745 2978/16746
f 694/16747 2978/16748 692/16749
f 2977/16750 684/16751 690/16752
f 2977/16753 690/16754 2982/16755
f 690/16756 684/16757 685/16758
f 690/16759 685/16760 694/16761
f 695/16762 688/16763 684/16764
f 695/16765 684/16766 690/16767
f 684/16768 663/16769 696/16770
f 684/16771 696/16772 689/16773
f 2983/16774 2981/16775 688/16776
f 2983/16777 688/16778 695/16779
f 696/16780 663/16781 654/16782
f 696/16783 654/16784 666/16785
f 505/16786 504/16787 2981/16788
f 505/16789 2981/16790 2983/16791
f 2984/16792 637/16793 627/16794
f 2984/16795 627/16796 2946/16797
f 2985/16798 638/16799 637/16800
f 2985/16801 637/16802 2984/16803
f 635/16804 638/16805 2985/16806
f 635/16807 2985/16808 2951/16809
f 658/16810 2951/16811 2985/16812
f 658/16813 2985/16814 2986/16815
f 2985/16816 2984/16817 2987/16818
f 2985/16819 2987/16820 2986/16821
f 2988/16822 657/16823 658/16824
f 2988/16825 658/16826 2986/16827
f 657/16828 2988/16829 2989/16830
f 657/16831 2989/16832 668/16833
f 2987/16834 2984/16835 2946/16836
f 2987/16837 2946/16838 2947/16839
f 2990/16840 2987/16841 2947/16842
f 2990/16843 2947/16844 646/16845
f 2988/16846 2986/16847 2987/16848
f 2988/16849 2987/16850 2990/16851
f 646/16852 645/16853 2991/16854
f 646/16855 2991/16856 2992/16857
f 2993/16858 2990/16859 646/16860
f 2993/16861 646/16862 2992/16863
f 2989/16864 2988/16865 2990/16866
f 2989/16867 2990/16868 2993/16869
f 2994/16870 184/16871 1520/16872
f 2994/16873 1520/16874 2995/16875
f 1520/16876 1521/16877 2996/16878
f 1520/16879 2996/16880 2995/16881
f 1521/16882 1522/16883 2997/16884
f 1521/16885 2997/16886 2996/16887
f 1522/16888 1523/16889 2998/16890
f 1522/16891 2998/16892 2997/16893
f 1523/16894 187/16895 2999/16896
f 1523/16897 2999/16898 2998/16899
f 135/16900 132/16901 184/16902
f 135/16903 184/16904 2994/16905
f 187/16906 197/16907 3000/16908
f 187/16909 3000/16910 2999/16911
f 1536/16912 3000/16913 197/16914
f 1536/16915 197/16916 1527/16917
f 3001/16918 2999/16919 3000/16920
f 3001/16921 3000/16922 700/16923
f 297/16924 700/16925 3000/16926
f 297/16927 3000/16928 1536/16929
f 296/16930 2994/16931 2995/16932
f 296/16933 2995/16934 3002/16935
f 2995/16936 2996/16937 3003/16938
f 2995/16939 3003/16940 3002/16941
f 288/16942 135/16943 2994/16944
f 288/16945 2994/16946 296/16947
f 3004/16948 2998/16949 2999/16950
f 3004/16951 2999/16952 3001/16953
f 3005/16954 2997/16955 2998/16956
f 3005/16957 2998/16958 3004/16959
f 2996/16960 2997/16961 3005/16962
f 2996/16963 3005/16964 3003/16965
f 3006/16966 3001/16967 700/16968
f 3006/16969 700/16970 307/16971
f 296/16972 3002/16973 3007/16974
f 296/16975 3007/16976 306/16977
f 3008/16978 1837/16979 288/16980
f 3008/16981 288/16982 298/16983
f 3009/16984 1838/16985 1837/16986
f 3009/16987 1837/16988 3008/16989
f 1838/16990 3009/16991 308/16992
f 1838/16993 308/16994 295/16995
f 3010/16996 3005/16997 3004/16998
f 3010/16999 3004/17000 3011/17001
f 3004/17002 3001/17003 3006/17004
f 3004/17005 3006/17006 3011/17007
f 1536/17008 1535/17009 1556/17010
f 1536/17011 1556/17012 297/17013
f 297/17014 1556/17015 3012/17016
f 297/17017 3012/17018 298/17019
f 3002/17020 3003/17021 3013/17022
f 3002/17023 3013/17024 3007/17025
f 3003/17026 3005/17027 3010/17028
f 3003/17029 3010/17030 3013/17031
f 1556/17032 1555/17033 1558/17034
f 1556/17035 1558/17036 3012/17037
f 3008/17038 298/17039 3012/17040
f 3008/17041 3012/17042 3014/17043
f 3012/17044 1558/17045 1562/17046
f 3012/17047 1562/17048 3014/17049
f 3009/17050 3008/17051 3014/17052
f 3009/17053 3014/17054 3015/17055
f 3014/17056 1562/17057 1563/17058
f 3014/17059 1563/17060 3015/17061
f 199/17062 308/17063 3009/17064
f 199/17065 3009/17066 3015/17067
f 3016/17068 701/17069 308/17070
f 3016/17071 308/17072 199/17073
f 701/17074 3016/17075 3017/17076
f 701/17077 3017/17078 702/17079
f 3015/17080 1563/17081 200/17082
f 3015/17083 200/17084 199/17085
f 3018/17086 3016/17087 199/17088
f 3018/17089 199/17090 201/17091
f 3019/17092 3017/17093 3016/17094
f 3019/17095 3016/17096 3018/17097
f 3020/17098 702/17099 3017/17100
f 3020/17101 3017/17102 3021/17103
f 3022/17104 3021/17105 3017/17106
f 3022/17107 3017/17108 3019/17109
f 3023/17110 3024/17111 3021/17112
f 3023/17113 3021/17114 3022/17115
f 3025/17116 3024/17117 3023/17118
f 3025/17119 3023/17120 3026/17121
f 3023/17122 3022/17123 1583/17124
f 3023/17125 1583/17126 3027/17127
f 3028/17128 3026/17129 3023/17130
f 3028/17131 3023/17132 3027/17133
f 3029/17134 3006/17135 307/17136
f 3029/17137 307/17138 3030/17139
f 3020/17140 3030/17141 307/17142
f 3020/17143 307/17144 702/17145
f 1932/17146 309/17147 306/17148
f 1932/17149 306/17150 3031/17151
f 306/17152 3007/17153 3032/17154
f 306/17155 3032/17156 3031/17157
f 3007/17158 3013/17159 3033/17160
f 3007/17161 3033/17162 3032/17163
f 3013/17164 3010/17165 3034/17166
f 3013/17167 3034/17168 3033/17169
f 3010/17170 3011/17171 3035/17172
f 3010/17173 3035/17174 3034/17175
f 1932/17176 3031/17177 3036/17178
f 1932/17179 3036/17180 1933/17181
f 3035/17182 3011/17183 3006/17184
f 3035/17185 3006/17186 3029/17187
f 3037/17188 3029/17189 3030/17190
f 3037/17191 3030/17192 3038/17193
f 3039/17194 3038/17195 3030/17196
f 3039/17197 3030/17198 3020/17199
f 3031/17200 3032/17201 3040/17202
f 3031/17203 3040/17204 3036/17205
f 3041/17206 3035/17207 3029/17208
f 3041/17209 3029/17210 3037/17211
f 3032/17212 3033/17213 3042/17214
f 3032/17215 3042/17216 3040/17217
f 3033/17218 3034/17219 3043/17220
f 3033/17221 3043/17222 3042/17223
f 3041/17224 3043/17225 3034/17226
f 3041/17227 3034/17228 3035/17229
f 3044/17230 3040/17231 3042/17232
f 3044/17233 3042/17234 3045/17235
f 3042/17236 3043/17237 3046/17238
f 3042/17239 3046/17240 3045/17241
f 3047/17242 3046/17243 3043/17244
f 3047/17245 3043/17246 3041/17247
f 3048/17248 324/17249 1933/17250
f 3048/17251 1933/17252 3036/17253
f 324/17254 3048/17255 704/17256
f 324/17257 704/17258 322/17259
f 3049/17260 3037/17261 3038/17262
f 3049/17263 3038/17264 3050/17265
f 3051/17266 3050/17267 3038/17268
f 3051/17269 3038/17270 3039/17271
f 3036/17272 3040/17273 3044/17274
f 3036/17275 3044/17276 3048/17277
f 3048/17278 3044/17279 3052/17280
f 3048/17281 3052/17282 704/17283
f 3044/17284 3045/17285 3053/17286
f 3044/17287 3053/17288 3052/17289
f 3045/17290 3046/17291 3054/17292
f 3045/17293 3054/17294 3053/17295
f 3046/17296 3047/17297 3055/17298
f 3046/17299 3055/17300 3054/17301
f 3041/17302 3037/17303 3049/17304
f 3041/17305 3049/17306 3047/17307
f 3049/17308 3050/17309 715/17310
f 3049/17311 715/17312 709/17313
f 3055/17314 3047/17315 3049/17316
f 3055/17317 3049/17318 709/17319
f 1978/17320 334/17321 710/17322
f 1978/17323 710/17324 3056/17325
f 3057/17326 1979/17327 1978/17328
f 3057/17329 1978/17330 3056/17331
f 714/17332 710/17333 334/17334
f 714/17335 334/17336 336/17337
f 335/17338 333/17339 703/17340
f 335/17341 703/17342 3058/17343
f 335/17344 3058/17345 3059/17346
f 335/17347 3059/17348 336/17349
f 712/17350 715/17351 3050/17352
f 712/17353 3050/17354 3051/17355
f 707/17356 709/17357 715/17358
f 707/17359 715/17360 716/17361
f 706/17362 703/17363 322/17364
f 706/17365 322/17366 704/17367
f 710/17368 712/17369 3060/17370
f 710/17371 3060/17372 3061/17373
f 3062/17374 3056/17375 710/17376
f 3062/17377 710/17378 3061/17379
f 3063/17380 3058/17381 703/17382
f 3063/17383 703/17384 706/17385
f 3064/17386 3059/17387 3058/17388
f 3064/17389 3058/17390 3063/17391
f 336/17392 3059/17393 3065/17394
f 336/17395 3065/17396 714/17397
f 3066/17398 3065/17399 3059/17400
f 3066/17401 3059/17402 3064/17403
f 713/17404 714/17405 3065/17406
f 713/17407 3065/17408 3067/17409
f 3065/17410 3066/17411 3068/17412
f 3065/17413 3068/17414 3067/17415
f 3066/17416 3064/17417 3069/17418
f 3066/17419 3069/17420 3070/17421
f 3066/17422 3070/17423 3071/17424
f 3066/17425 3071/17426 3068/17427
f 3072/17428 3063/17429 706/17430
f 3072/17431 706/17432 705/17433
f 3069/17434 3064/17435 3063/17436
f 3069/17437 3063/17438 3072/17439
f 3072/17440 705/17441 3073/17442
f 3072/17443 3073/17444 3074/17445
f 3075/17446 3069/17447 3072/17448
f 3075/17449 3072/17450 3074/17451
f 705/17452 704/17453 3076/17454
f 705/17455 3076/17456 3073/17457
f 3077/17458 3070/17459 3069/17460
f 3077/17461 3069/17462 3075/17463
f 3078/17464 3071/17465 3070/17466
f 3078/17467 3070/17468 3077/17469
f 3067/17470 716/17471 711/17472
f 3067/17473 711/17474 713/17475
f 716/17476 3067/17477 3068/17478
f 716/17479 3068/17480 707/17481
f 707/17482 3068/17483 3071/17484
f 707/17485 3071/17486 708/17487
f 3079/17488 708/17489 3071/17490
f 3079/17491 3071/17492 3078/17493
f 3080/17494 709/17495 708/17496
f 3080/17497 708/17498 3079/17499
f 3020/17500 3021/17501 3024/17502
f 3020/17503 3024/17504 3039/17505
f 3039/17506 3024/17507 3025/17508
f 3039/17509 3025/17510 3051/17511
f 3025/17512 3026/17513 3081/17514
f 3025/17515 3081/17516 3060/17517
f 712/17518 3051/17519 3025/17520
f 712/17521 3025/17522 3060/17523
f 3082/17524 3061/17525 3060/17526
f 3082/17527 3060/17528 3081/17529
f 3083/17530 3081/17531 3026/17532
f 3083/17533 3026/17534 3028/17535
f 3084/17536 3082/17537 3081/17538
f 3084/17539 3081/17540 3083/17541
f 3061/17542 3082/17543 3085/17544
f 3061/17545 3085/17546 3062/17547
f 201/17548 1576/17549 1577/17550
f 201/17551 1577/17552 3018/17553
f 3018/17554 1577/17555 1580/17556
f 3018/17557 1580/17558 3019/17559
f 3019/17560 1580/17561 1583/17562
f 3019/17563 1583/17564 3022/17565
f 1582/17566 1671/17567 3027/17568
f 1582/17569 3027/17570 1583/17571
f 3027/17572 1671/17573 1674/17574
f 3027/17575 1674/17576 3028/17577
f 704/17578 3052/17579 3086/17580
f 704/17581 3086/17582 3076/17583
f 3052/17584 3053/17585 3087/17586
f 3052/17587 3087/17588 3086/17589
f 3053/17590 3054/17591 3088/17592
f 3053/17593 3088/17594 3087/17595
f 3054/17596 3055/17597 3089/17598
f 3054/17599 3089/17600 3088/17601
f 3089/17602 3055/17603 709/17604
f 3089/17605 709/17606 3080/17607
f 3090/17608 3075/17609 3074/17610
f 3090/17611 3074/17612 3091/17613
f 3074/17614 3073/17615 719/17616
f 3074/17617 719/17618 3091/17619
f 3073/17620 3076/17621 717/17622
f 3073/17623 717/17624 719/17625
f 3092/17626 3077/17627 3075/17628
f 3092/17629 3075/17630 3090/17631
f 3093/17632 3078/17633 3077/17634
f 3093/17635 3077/17636 3092/17637
f 720/17638 3079/17639 3078/17640
f 720/17641 3078/17642 3093/17643
f 722/17644 3080/17645 3079/17646
f 722/17647 3079/17648 720/17649
f 3076/17650 3086/17651 3094/17652
f 3076/17653 3094/17654 717/17655
f 3086/17656 3087/17657 3095/17658
f 3086/17659 3095/17660 3094/17661
f 3087/17662 3088/17663 3096/17664
f 3087/17665 3096/17666 3095/17667
f 3088/17668 3089/17669 3097/17670
f 3088/17671 3097/17672 3096/17673
f 3097/17674 3089/17675 3080/17676
f 3097/17677 3080/17678 722/17679
f 640/17680 717/17681 3094/17682
f 640/17683 3094/17684 3098/17685
f 3094/17686 3095/17687 3099/17688
f 3094/17689 3099/17690 3098/17691
f 3095/17692 3096/17693 3100/17694
f 3095/17695 3100/17696 3099/17697
f 3096/17698 3097/17699 3101/17700
f 3096/17701 3101/17702 3100/17703
f 3097/17704 722/17705 723/17706
f 3097/17707 723/17708 3101/17709
f 1663/17710 1354/17711 2322/17712
f 1663/17713 2322/17714 3102/17715
f 3103/17716 1664/17717 1663/17718
f 3103/17719 1663/17720 3102/17721
f 3104/17722 1665/17723 1664/17724
f 3104/17725 1664/17726 3103/17727
f 1651/17728 1650/17729 1665/17730
f 1651/17731 1665/17732 3105/17733
f 3106/17734 3105/17735 1665/17736
f 3106/17737 1665/17738 3104/17739
f 3107/17740 3108/17741 3105/17742
f 3107/17743 3105/17744 3106/17745
f 1655/17746 1651/17747 3105/17748
f 1655/17749 3105/17750 3108/17751
f 3109/17752 3108/17753 3107/17754
f 3109/17755 3107/17756 3110/17757
f 1655/17758 3108/17759 3109/17760
f 1655/17761 3109/17762 3111/17763
f 3109/17764 3112/17765 3113/17766
f 3109/17767 3113/17768 3111/17769
f 3114/17770 3112/17771 3109/17772
f 3114/17773 3109/17774 3110/17775
f 3115/17776 3116/17777 3112/17778
f 3115/17779 3112/17780 3114/17781
f 3117/17782 3113/17783 3112/17784
f 3117/17785 3112/17786 3116/17787
f 3118/17788 3110/17789 3107/17790
f 3118/17791 3107/17792 3119/17793
f 3107/17794 3106/17795 3120/17796
f 3107/17797 3120/17798 3119/17799
f 3121/17800 3118/17801 3119/17802
f 3121/17803 3119/17804 3122/17805
f 3123/17806 3122/17807 3119/17808
f 3123/17809 3119/17810 3120/17811
f 3124/17812 3125/17813 3126/17814
f 3124/17815 3126/17816 1676/17817
f 3126/17818 3125/17819 3127/17820
f 3126/17821 3127/17822 3084/17823
f 1675/17824 1676/17825 3126/17826
f 1675/17827 3126/17828 3128/17829
f 3126/17830 3084/17831 3083/17832
f 3126/17833 3083/17834 3128/17835
f 3111/17836 3113/17837 3125/17838
f 3111/17839 3125/17840 3124/17841
f 3125/17842 3113/17843 3117/17844
f 3125/17845 3117/17846 3127/17847
f 3124/17848 1654/17849 1655/17850
f 3124/17851 1655/17852 3111/17853
f 3124/17854 1676/17855 1653/17856
f 3124/17857 1653/17858 1654/17859
f 3057/17860 3129/17861 2287/17862
f 3057/17863 2287/17864 1979/17865
f 2287/17866 3129/17867 3130/17868
f 2287/17869 3130/17870 2288/17871
f 3131/17872 3132/17873 3129/17874
f 3131/17875 3129/17876 3057/17877
f 3129/17878 3132/17879 3133/17880
f 3129/17881 3133/17882 3130/17883
f 3132/17884 3134/17885 3135/17886
f 3132/17887 3135/17888 3133/17889
f 3136/17890 3134/17891 3132/17892
f 3136/17893 3132/17894 3131/17895
f 3134/17896 3116/17897 3115/17898
f 3134/17899 3115/17900 3135/17901
f 3117/17902 3116/17903 3134/17904
f 3117/17905 3134/17906 3136/17907
f 3131/17908 3057/17909 3056/17910
f 3131/17911 3056/17912 3062/17913
f 3131/17914 3062/17915 3085/17916
f 3131/17917 3085/17918 3136/17919
f 3137/17920 3115/17921 3114/17922
f 3137/17923 3114/17924 3138/17925
f 3137/17926 3138/17927 3139/17928
f 3137/17929 3139/17930 3140/17931
f 3135/17932 3115/17933 3137/17934
f 3135/17935 3137/17936 3141/17937
f 3137/17938 3140/17939 3142/17940
f 3137/17941 3142/17942 3141/17943
f 3114/17944 3110/17945 3118/17946
f 3114/17947 3118/17948 3138/17949
f 3118/17950 3121/17951 3139/17952
f 3118/17953 3139/17954 3138/17955
f 3122/17956 3143/17957 3144/17958
f 3122/17959 3144/17960 3121/17961
f 3145/17962 3143/17963 3122/17964
f 3145/17965 3122/17966 3123/17967
f 3143/17968 726/17969 725/17970
f 3143/17971 725/17972 3144/17973
f 3146/17974 726/17975 3143/17976
f 3146/17977 3143/17978 3145/17979
f 726/17980 3146/17981 729/17982
f 726/17983 729/17984 724/17985
f 3121/17986 3144/17987 3147/17988
f 3121/17989 3147/17990 3139/17991
f 3144/17992 725/17993 3148/17994
f 3144/17995 3148/17996 3147/17997
f 728/17998 3148/17999 725/18000
f 728/18001 725/18002 724/18003
f 732/18004 3140/18005 3139/18006
f 732/18007 3139/18008 3147/18009
f 3147/18010 3148/18011 730/18012
f 3147/18013 730/18014 732/18015
f 3148/18016 728/18017 727/18018
f 3148/18019 727/18020 730/18021
f 3149/18022 3142/18023 3140/18024
f 3149/18025 3140/18026 732/18027
f 3150/18028 2318/18029 2288/18030
f 3150/18031 2288/18032 3130/18033
f 3151/18034 2319/18035 2318/18036
f 3151/18037 2318/18038 3150/18039
f 3152/18040 2320/18041 2319/18042
f 3152/18043 2319/18044 3151/18045
f 2320/18046 3152/18047 374/18048
f 2320/18049 374/18050 373/18051
f 3153/18052 3150/18053 3130/18054
f 3153/18055 3130/18056 3133/18057
f 3154/18058 3151/18059 3150/18060
f 3154/18061 3150/18062 3153/18063
f 3155/18064 3152/18065 3151/18066
f 3155/18067 3151/18068 3154/18069
f 374/18070 3152/18071 3155/18072
f 374/18073 3155/18074 375/18075
f 3133/18076 3135/18077 3141/18078
f 3133/18079 3141/18080 3153/18081
f 3154/18082 3153/18083 3141/18084
f 3154/18085 3141/18086 3142/18087
f 3155/18088 3154/18089 3142/18090
f 3155/18091 3142/18092 3149/18093
f 375/18094 3155/18095 3149/18096
f 375/18097 3149/18098 739/18099
f 3149/18100 732/18101 731/18102
f 3149/18103 731/18104 739/18105
f 370/18106 375/18107 739/18108
f 370/18109 739/18110 740/18111
f 731/18112 730/18113 734/18114
f 731/18115 734/18116 740/18117
f 370/18118 740/18119 734/18120
f 370/18121 734/18122 3156/18123
f 370/18124 3156/18125 3157/18126
f 370/18127 3157/18128 2311/18129
f 3156/18130 734/18131 733/18132
f 3156/18133 733/18134 3158/18135
f 3159/18136 3157/18137 3156/18138
f 3159/18139 3156/18140 3158/18141
f 3160/18142 3158/18143 733/18144
f 3160/18145 733/18146 3161/18147
f 733/18148 727/18149 738/18150
f 733/18151 738/18152 3161/18153
f 3085/18154 3127/18155 3117/18156
f 3085/18157 3117/18158 3136/18159
f 3085/18160 3082/18161 3084/18162
f 3085/18163 3084/18164 3127/18165
f 2322/18166 2326/18167 3162/18168
f 2322/18169 3162/18170 3102/18171
f 2326/18172 2344/18173 3163/18174
f 2326/18175 3163/18176 3162/18177
f 2344/18178 2345/18179 3164/18180
f 2344/18181 3164/18182 3163/18183
f 2345/18184 2346/18185 3165/18186
f 2345/18187 3165/18188 3164/18189
f 3166/18190 3165/18191 2346/18192
f 3166/18193 2346/18194 2347/18195
f 3102/18196 3162/18197 3167/18198
f 3102/18199 3167/18200 3103/18201
f 3162/18202 3163/18203 3168/18204
f 3162/18205 3168/18206 3167/18207
f 3168/18208 3163/18209 3164/18210
f 3168/18211 3164/18212 3169/18213
f 3164/18214 3165/18215 3170/18216
f 3164/18217 3170/18218 3169/18219
f 3165/18220 3166/18221 3171/18222
f 3165/18223 3171/18224 3170/18225
f 411/18226 3166/18227 2347/18228
f 411/18229 2347/18230 407/18231
f 745/18232 3171/18233 3166/18234
f 745/18235 3166/18236 411/18237
f 3103/18238 3167/18239 3172/18240
f 3103/18241 3172/18242 3104/18243
f 3173/18244 3172/18245 3167/18246
f 3173/18247 3167/18248 3168/18249
f 3106/18250 3104/18251 3172/18252
f 3106/18253 3172/18254 3120/18255
f 3123/18256 3120/18257 3172/18258
f 3123/18259 3172/18260 3173/18261
f 3168/18262 3169/18263 3174/18264
f 3168/18265 3174/18266 3173/18267
f 3169/18268 3170/18269 3175/18270
f 3169/18271 3175/18272 3174/18273
f 3176/18274 3175/18275 3170/18276
f 3176/18277 3170/18278 3171/18279
f 3145/18280 3123/18281 3173/18282
f 3145/18283 3173/18284 3174/18285
f 3146/18286 3145/18287 3174/18288
f 3146/18289 3174/18290 3175/18291
f 729/18292 3146/18293 3175/18294
f 729/18295 3175/18296 3176/18297
f 3177/18298 3176/18299 3171/18300
f 3177/18301 3171/18302 745/18303
f 735/18304 729/18305 3176/18306
f 735/18307 3176/18308 3177/18309
f 2393/18310 400/18311 414/18312
f 2393/18313 414/18314 748/18315
f 750/18316 2392/18317 2393/18318
f 750/18319 2393/18320 748/18321
f 412/18322 408/18323 2392/18324
f 412/18325 2392/18326 750/18327
f 414/18328 413/18329 3178/18330
f 414/18331 3178/18332 747/18333
f 748/18334 747/18335 3179/18336
f 748/18337 3179/18338 749/18339
f 413/18340 415/18341 3180/18342
f 413/18343 3180/18344 3178/18345
f 3181/18346 3179/18347 747/18348
f 3181/18349 747/18350 3178/18351
f 3182/18352 415/18353 401/18354
f 3182/18355 401/18356 3183/18357
f 3184/18358 3183/18359 401/18360
f 3184/18361 401/18362 2396/18363
f 415/18364 3182/18365 3185/18366
f 415/18367 3185/18368 3180/18369
f 3182/18370 3183/18371 3186/18372
f 3182/18373 3186/18374 3187/18375
f 3182/18376 3187/18377 3188/18378
f 3182/18379 3188/18380 3185/18381
f 3189/18382 3188/18383 3187/18384
f 3189/18385 3187/18386 3190/18387
f 3187/18388 3186/18389 3191/18390
f 3187/18391 3191/18392 3190/18393
f 3192/18394 3186/18395 3183/18396
f 3192/18397 3183/18398 3184/18399
f 3186/18400 3192/18401 3193/18402
f 3186/18403 3193/18404 3191/18405
f 3184/18406 2396/18407 2397/18408
f 3184/18409 2397/18410 3194/18411
f 3195/18412 3192/18413 3184/18414
f 3195/18415 3184/18416 3194/18417
f 3196/18418 3193/18419 3192/18420
f 3196/18421 3192/18422 3195/18423
f 751/18424 412/18425 750/18426
f 751/18427 750/18428 749/18429
f 743/18430 409/18431 412/18432
f 743/18433 412/18434 751/18435
f 749/18436 3179/18437 3197/18438
f 749/18439 3197/18440 751/18441
f 3179/18442 3181/18443 3198/18444
f 3179/18445 3198/18446 3197/18447
f 3199/18448 3198/18449 3181/18450
f 3199/18451 3181/18452 3200/18453
f 3181/18454 3178/18455 3180/18456
f 3181/18457 3180/18458 3200/18459
f 751/18460 3197/18461 753/18462
f 751/18463 753/18464 744/18465
f 3197/18466 3198/18467 754/18468
f 3197/18469 754/18470 753/18471
f 3201/18472 754/18473 3198/18474
f 3201/18475 3198/18476 3199/18477
f 744/18478 753/18479 756/18480
f 744/18481 756/18482 752/18483
f 764/18484 757/18485 754/18486
f 764/18487 754/18488 3201/18489
f 758/18490 752/18491 756/18492
f 758/18493 756/18494 770/18495
f 756/18496 755/18497 768/18498
f 756/18499 768/18500 770/18501
f 755/18502 757/18503 767/18504
f 755/18505 767/18506 768/18507
f 3202/18508 3203/18509 2491/18510
f 3202/18511 2491/18512 497/18513
f 3204/18514 2490/18515 2491/18516
f 3204/18517 2491/18518 3203/18519
f 500/18520 497/18521 2490/18522
f 500/18523 2490/18524 3204/18525
f 774/18526 773/18527 3203/18528
f 774/18529 3203/18530 3202/18531
f 3203/18532 773/18533 777/18534
f 3203/18535 777/18536 3204/18537
f 780/18538 776/18539 773/18540
f 780/18541 773/18542 775/18543
f 783/18544 3202/18545 497/18546
f 783/18547 497/18548 2492/18549
f 500/18550 3204/18551 777/18552
f 500/18553 777/18554 3205/18555
f 500/18556 3205/18557 3206/18558
f 500/18559 3206/18560 781/18561
f 782/18562 774/18563 3202/18564
f 782/18565 3202/18566 783/18567
f 778/18568 775/18569 774/18570
f 778/18571 774/18572 3207/18573
f 3208/18574 3207/18575 774/18576
f 3208/18577 774/18578 782/18579
f 3205/18580 3209/18581 3210/18582
f 3205/18583 3210/18584 3206/18585
f 3205/18586 777/18587 776/18588
f 3205/18589 776/18590 3209/18591
f 3209/18592 776/18593 780/18594
f 3209/18595 780/18596 3211/18597
f 3212/18598 3210/18599 3209/18600
f 3212/18601 3209/18602 3211/18603
f 3213/18604 3206/18605 3210/18606
f 3213/18607 3210/18608 3214/18609
f 3215/18610 3214/18611 3210/18612
f 3215/18613 3210/18614 3212/18615
f 763/18616 3177/18617 745/18618
f 763/18619 745/18620 746/18621
f 741/18622 735/18623 3177/18624
f 741/18625 3177/18626 763/18627
f 3216/18628 3199/18629 3200/18630
f 3216/18631 3200/18632 3217/18633
f 3200/18634 3180/18635 3185/18636
f 3200/18637 3185/18638 3217/18639
f 3199/18640 3216/18641 3218/18642
f 3199/18643 3218/18644 3201/18645
f 3216/18646 3217/18647 3219/18648
f 3216/18649 3219/18650 3220/18651
f 3216/18652 3220/18653 3221/18654
f 3216/18655 3221/18656 3218/18657
f 3201/18658 3218/18659 3222/18660
f 3201/18661 3222/18662 764/18663
f 3223/18664 795/18665 794/18666
f 3223/18667 794/18668 3224/18669
f 794/18670 793/18671 3225/18672
f 794/18673 3225/18674 3224/18675
f 3226/18676 3225/18677 793/18678
f 3226/18679 793/18680 796/18681
f 3227/18682 797/18683 795/18684
f 3227/18685 795/18686 3223/18687
f 797/18688 3227/18689 3228/18690
f 797/18691 3228/18692 798/18693
f 3189/18694 3190/18695 3223/18696
f 3189/18697 3223/18698 3224/18699
f 3223/18700 3190/18701 3191/18702
f 3223/18703 3191/18704 3227/18705
f 3227/18706 3191/18707 3193/18708
f 3227/18709 3193/18710 3228/18711
f 3185/18712 3188/18713 3219/18714
f 3185/18715 3219/18716 3217/18717
f 3229/18718 3189/18719 3224/18720
f 3229/18721 3224/18722 3225/18723
f 3188/18724 3189/18725 3229/18726
f 3188/18727 3229/18728 3219/18729
f 3230/18730 3229/18731 3225/18732
f 3230/18733 3225/18734 3226/18735
f 3230/18736 3220/18737 3219/18738
f 3230/18739 3219/18740 3229/18741
f 796/18742 800/18743 3231/18744
f 796/18745 3231/18746 3226/18747
f 3232/18748 3231/18749 800/18750
f 3232/18751 800/18752 802/18753
f 3233/18754 3230/18755 3226/18756
f 3233/18757 3226/18758 3231/18759
f 3220/18760 3230/18761 3233/18762
f 3220/18763 3233/18764 3221/18765
f 3234/18766 3233/18767 3231/18768
f 3234/18769 3231/18770 3232/18771
f 3218/18772 3221/18773 3235/18774
f 3218/18775 3235/18776 3222/18777
f 3221/18778 3233/18779 3234/18780
f 3221/18781 3234/18782 3235/18783
f 3236/18784 792/18785 798/18786
f 3236/18787 798/18788 3228/18789
f 3228/18790 3193/18791 3196/18792
f 3228/18793 3196/18794 3236/18795
f 792/18796 3236/18797 3237/18798
f 792/18799 3237/18800 799/18801
f 3236/18802 3196/18803 3238/18804
f 3236/18805 3238/18806 3237/18807
f 3196/18808 3195/18809 3239/18810
f 3196/18811 3239/18812 3238/18813
f 3240/18814 3194/18815 2397/18816
f 3240/18817 2397/18818 2471/18819
f 3239/18820 3195/18821 3194/18822
f 3239/18823 3194/18824 3240/18825
f 3241/18826 3240/18827 2471/18828
f 3241/18829 2471/18830 2472/18831
f 799/18832 3237/18833 3242/18834
f 799/18835 3242/18836 803/18837
f 3237/18838 3238/18839 3243/18840
f 3237/18841 3243/18842 3242/18843
f 3239/18844 3240/18845 3241/18846
f 3239/18847 3241/18848 3244/18849
f 3243/18850 3238/18851 3239/18852
f 3243/18853 3239/18854 3244/18855
f 802/18856 806/18857 3245/18858
f 802/18859 3245/18860 3232/18861
f 785/18862 806/18863 802/18864
f 785/18865 802/18866 801/18867
f 806/18868 805/18869 3246/18870
f 806/18871 3246/18872 3245/18873
f 3246/18874 805/18875 779/18876
f 3246/18877 779/18878 778/18879
f 3247/18880 3211/18881 780/18882
f 3247/18883 780/18884 787/18885
f 787/18886 809/18887 811/18888
f 787/18889 811/18890 3247/18891
f 812/18892 811/18893 809/18894
f 812/18895 809/18896 810/18897
f 3211/18898 3247/18899 3248/18900
f 3211/18901 3248/18902 3212/18903
f 3247/18904 811/18905 813/18906
f 3247/18907 813/18908 3248/18909
f 778/18910 3207/18911 3249/18912
f 778/18913 3249/18914 3246/18915
f 3250/18916 3245/18917 3246/18918
f 3250/18919 3246/18920 3249/18921
f 812/18922 814/18923 3251/18924
f 812/18925 3251/18926 813/18927
f 764/18928 3222/18929 3252/18930
f 764/18931 3252/18932 765/18933
f 3222/18934 3235/18935 3253/18936
f 3222/18937 3253/18938 3252/18939
f 3250/18940 3234/18941 3232/18942
f 3250/18943 3232/18944 3245/18945
f 3253/18946 3235/18947 3234/18948
f 3253/18949 3234/18950 3250/18951
f 3252/18952 3253/18953 3254/18954
f 3252/18955 3254/18956 771/18957
f 766/18958 765/18959 3252/18960
f 766/18961 3252/18962 771/18963
f 3249/18964 3207/18965 3208/18966
f 3249/18967 3208/18968 3254/18969
f 3253/18970 3250/18971 3249/18972
f 3253/18973 3249/18974 3254/18975
f 3208/18976 782/18977 784/18978
f 3208/18979 784/18980 772/18981
f 771/18982 3254/18983 3208/18984
f 771/18985 3208/18986 772/18987
f 803/18988 3242/18989 3255/18990
f 803/18991 3255/18992 804/18993
f 3242/18994 3243/18995 3256/18996
f 3242/18997 3256/18998 3255/18999
f 3257/19000 3241/19001 2472/19002
f 3257/19003 2472/19004 2473/19005
f 3258/19006 3244/19007 3241/19008
f 3258/19009 3241/19010 3257/19011
f 3243/19012 3244/19013 3258/19014
f 3243/19015 3258/19016 3256/19017
f 3259/19018 801/19019 804/19020
f 3259/19021 804/19022 3255/19023
f 3255/19024 3256/19025 3260/19026
f 3255/19027 3260/19028 3259/19029
f 3261/19030 3257/19031 2473/19032
f 3261/19033 2473/19034 484/19035
f 3258/19036 3257/19037 3261/19038
f 3258/19039 3261/19040 3262/19041
f 3260/19042 3256/19043 3258/19044
f 3260/19045 3258/19046 3262/19047
f 785/19048 801/19049 3259/19050
f 785/19051 3259/19052 3263/19053
f 3264/19054 808/19055 785/19056
f 3264/19057 785/19058 3263/19059
f 3265/19060 3263/19061 3259/19062
f 3265/19063 3259/19064 3260/19065
f 786/19066 807/19067 815/19068
f 786/19069 815/19070 810/19071
f 807/19072 808/19073 3264/19074
f 807/19075 3264/19076 815/19077
f 815/19078 3264/19079 3266/19080
f 815/19081 3266/19082 816/19083
f 3264/19084 3263/19085 3265/19086
f 3264/19087 3265/19088 3266/19089
f 3266/19090 3265/19091 3267/19092
f 3266/19093 3267/19094 3268/19095
f 3267/19096 3262/19097 3261/19098
f 3267/19099 3261/19100 3269/19101
f 3260/19102 3262/19103 3267/19104
f 3260/19105 3267/19106 3265/19107
f 3267/19108 3269/19109 3270/19110
f 3267/19111 3270/19112 3268/19113
f 3269/19114 3261/19115 484/19116
f 3269/19117 484/19118 513/19119
f 3271/19120 3270/19121 3269/19122
f 3271/19123 3269/19124 513/19125
f 814/19126 816/19127 3272/19128
f 814/19129 3272/19130 3251/19131
f 816/19132 3266/19133 3268/19134
f 816/19135 3268/19136 3272/19137
f 1674/19138 1673/19139 1675/19140
f 1674/19141 1675/19142 3128/19143
f 3083/19144 3028/19145 1674/19146
f 3083/19147 1674/19148 3128/19149
f 3092/19150 3090/19151 3273/19152
f 3092/19153 3273/19154 3274/19155
f 3092/19156 3274/19157 3275/19158
f 3092/19159 3275/19160 3093/19161
f 3274/19162 3273/19163 3276/19164
f 3274/19165 3276/19166 3277/19167
f 3274/19168 3277/19169 3278/19170
f 3274/19171 3278/19172 3275/19173
f 3091/19174 719/19175 718/19176
f 3091/19177 718/19178 3279/19179
f 3273/19180 3090/19181 3091/19182
f 3273/19183 3091/19184 3279/19185
f 3279/19186 718/19187 818/19188
f 3279/19189 818/19190 3280/19191
f 3276/19192 3273/19193 3279/19194
f 3276/19195 3279/19196 3280/19197
f 718/19198 717/19199 640/19200
f 718/19201 640/19202 818/19203
f 3281/19204 3276/19205 3280/19206
f 3281/19207 3280/19208 3282/19209
f 3280/19210 818/19211 817/19212
f 3280/19213 817/19214 3282/19215
f 3283/19216 3277/19217 3276/19218
f 3283/19219 3276/19220 3281/19221
f 3284/19222 3278/19223 3277/19224
f 3284/19225 3277/19226 3283/19227
f 3093/19228 3275/19229 721/19230
f 3093/19231 721/19232 720/19233
f 820/19234 721/19235 3275/19236
f 820/19237 3275/19238 3278/19239
f 821/19240 820/19241 3278/19242
f 821/19243 3278/19244 3284/19245
f 3281/19246 3282/19247 3285/19248
f 3281/19249 3285/19250 3286/19251
f 3281/19252 3286/19253 3287/19254
f 3281/19255 3287/19256 3283/19257
f 3282/19258 817/19259 819/19260
f 3282/19261 819/19262 3285/19263
f 3285/19264 819/19265 613/19266
f 3285/19267 613/19268 3288/19269
f 3289/19270 3286/19271 3285/19272
f 3289/19273 3285/19274 3288/19275
f 3290/19276 3287/19277 3286/19278
f 3290/19279 3286/19280 3289/19281
f 3283/19282 3287/19283 3291/19284
f 3283/19285 3291/19286 3284/19287
f 3287/19288 3290/19289 3292/19290
f 3287/19291 3292/19292 3291/19293
f 3288/19294 2769/19295 2766/19296
f 3288/19297 2766/19298 3289/19299
f 612/19300 2769/19301 3288/19302
f 612/19303 3288/19304 613/19305
f 3289/19306 2766/19307 2767/19308
f 3289/19309 2767/19310 3290/19311
f 3290/19312 2767/19313 3293/19314
f 3290/19315 3293/19316 3292/19317
f 2767/19318 2311/19319 3157/19320
f 2767/19321 3157/19322 3293/19323
f 822/19324 821/19325 3284/19326
f 822/19327 3284/19328 3291/19329
f 823/19330 822/19331 3291/19332
f 823/19333 3291/19334 3292/19335
f 823/19336 3292/19337 3293/19338
f 823/19339 3293/19340 824/19341
f 827/19342 723/19343 823/19344
f 827/19345 823/19346 824/19347
f 3293/19348 3157/19349 3159/19350
f 3293/19351 3159/19352 824/19353
f 824/19354 3159/19355 3294/19356
f 824/19357 3294/19358 825/19359
f 641/19360 611/19361 640/19362
f 641/19363 640/19364 3098/19365
f 3098/19366 3099/19367 3295/19368
f 3098/19369 3295/19370 641/19371
f 3099/19372 3100/19373 643/19374
f 3099/19375 643/19376 3295/19377
f 3100/19378 3101/19379 3296/19380
f 3100/19381 3296/19382 643/19383
f 3296/19384 3101/19385 723/19386
f 3296/19387 723/19388 827/19389
f 3159/19390 3158/19391 3160/19392
f 3159/19393 3160/19394 3294/19395
f 3297/19396 3294/19397 3160/19398
f 3297/19399 3160/19400 3298/19401
f 3160/19402 3161/19403 3299/19404
f 3160/19405 3299/19406 3298/19407
f 3300/19408 825/19409 3294/19410
f 3300/19411 3294/19412 3297/19413
f 830/19414 3297/19415 3298/19416
f 830/19417 3298/19418 831/19419
f 832/19420 831/19421 3298/19422
f 832/19423 3298/19424 3299/19425
f 833/19426 3300/19427 3297/19428
f 833/19429 3297/19430 830/19431
f 825/19432 3300/19433 828/19434
f 825/19435 828/19436 826/19437
f 829/19438 828/19439 3300/19440
f 829/19441 3300/19442 833/19443
f 838/19444 827/19445 828/19446
f 838/19447 828/19448 829/19449
f 839/19450 838/19451 829/19452
f 839/19453 829/19454 837/19455
f 3301/19456 3299/19457 3161/19458
f 3301/19459 3161/19460 738/19461
f 834/19462 832/19463 3299/19464
f 834/19465 3299/19466 3301/19467
f 2837/19468 2836/19469 3302/19470
f 2837/19471 3302/19472 3303/19473
f 3304/19474 2838/19475 2837/19476
f 3304/19477 2837/19478 3303/19479
f 3305/19480 3302/19481 2836/19482
f 3305/19483 2836/19484 2839/19485
f 841/19486 3303/19487 3302/19488
f 841/19489 3302/19490 842/19491
f 3302/19492 3305/19493 844/19494
f 3302/19495 844/19496 842/19497
f 2839/19498 2842/19499 3306/19500
f 2839/19501 3306/19502 3305/19503
f 2842/19504 2845/19505 3307/19506
f 2842/19507 3307/19508 3306/19509
f 845/19510 844/19511 3305/19512
f 845/19513 3305/19514 3306/19515
f 738/19516 737/19517 3308/19518
f 738/19519 3308/19520 3301/19521
f 3309/19522 3308/19523 737/19524
f 3309/19525 737/19526 736/19527
f 835/19528 834/19529 3301/19530
f 835/19531 3301/19532 3308/19533
f 836/19534 835/19535 3308/19536
f 836/19537 3308/19538 3309/19539
f 3310/19540 2865/19541 2838/19542
f 3310/19543 2838/19544 3304/19545
f 2865/19546 3310/19547 3311/19548
f 2865/19549 3311/19550 2868/19551
f 3304/19552 3303/19553 841/19554
f 3304/19555 841/19556 846/19557
f 847/19558 3310/19559 3304/19560
f 847/19561 3304/19562 846/19563
f 3310/19564 847/19565 848/19566
f 3310/19567 848/19568 3311/19569
f 2868/19570 3311/19571 3312/19572
f 2868/19573 3312/19574 2871/19575
f 3311/19576 848/19577 849/19578
f 3311/19579 849/19580 3312/19581
f 3313/19582 3312/19583 849/19584
f 3313/19585 849/19586 850/19587
f 2889/19588 2871/19589 3312/19590
f 2889/19591 3312/19592 3313/19593
f 850/19594 851/19595 3314/19596
f 850/19597 3314/19598 3313/19599
f 3315/19600 3307/19601 2845/19602
f 3315/19603 2845/19604 2874/19605
f 845/19606 3306/19607 3307/19608
f 845/19609 3307/19610 852/19611
f 843/19612 852/19613 3307/19614
f 843/19615 3307/19616 3315/19617
f 2874/19618 2877/19619 3316/19620
f 2874/19621 3316/19622 3315/19623
f 3317/19624 3316/19625 2877/19626
f 3317/19627 2877/19628 2880/19629
f 853/19630 843/19631 3315/19632
f 853/19633 3315/19634 3316/19635
f 854/19636 853/19637 3316/19638
f 854/19639 3316/19640 3317/19641
f 3314/19642 851/19643 854/19644
f 3314/19645 854/19646 3317/19647
f 3317/19648 2880/19649 2892/19650
f 3317/19651 2892/19652 3314/19653
f 2889/19654 3313/19655 3314/19656
f 2889/19657 3314/19658 2892/19659
f 836/19660 3309/19661 3318/19662
f 836/19663 3318/19664 837/19665
f 3295/19666 643/19667 642/19668
f 3295/19669 642/19670 641/19671
f 644/19672 643/19673 2991/19674
f 644/19675 2991/19676 645/19677
f 643/19678 3296/19679 3319/19680
f 643/19681 3319/19682 2991/19683
f 3319/19684 3296/19685 827/19686
f 3319/19687 827/19688 838/19689
f 3320/19690 3319/19691 838/19692
f 3320/19693 838/19694 840/19695
f 2992/19696 2991/19697 3319/19698
f 2992/19699 3319/19700 3320/19701
f 3318/19702 3309/19703 736/19704
f 3318/19705 736/19706 742/19707
f 839/19708 837/19709 3318/19710
f 839/19711 3318/19712 855/19713
f 3318/19714 742/19715 789/19716
f 3318/19717 789/19718 855/19719
f 789/19720 790/19721 859/19722
f 789/19723 859/19724 856/19725
f 759/19726 758/19727 770/19728
f 759/19729 770/19730 769/19731
f 760/19732 759/19733 769/19734
f 760/19735 769/19736 3321/19737
f 769/19738 768/19739 861/19740
f 769/19741 861/19742 863/19743
f 3322/19744 3321/19745 769/19746
f 3322/19747 769/19748 863/19749
f 761/19750 760/19751 3321/19752
f 761/19753 3321/19754 3323/19755
f 3321/19756 3322/19757 3324/19758
f 3321/19759 3324/19760 3323/19761
f 861/19762 768/19763 767/19764
f 861/19765 767/19766 784/19767
f 767/19768 766/19769 772/19770
f 767/19771 772/19772 784/19773
f 784/19774 783/19775 2492/19776
f 784/19777 2492/19778 861/19779
f 861/19780 2492/19781 2982/19782
f 861/19783 2982/19784 862/19785
f 501/19786 781/19787 867/19788
f 501/19789 867/19790 693/19791
f 781/19792 3206/19793 3213/19794
f 781/19795 3213/19796 867/19797
f 2982/19798 690/19799 865/19800
f 2982/19801 865/19802 862/19803
f 868/19804 865/19805 690/19806
f 868/19807 690/19808 689/19809
f 695/19810 689/19811 696/19812
f 695/19813 696/19814 2983/19815
f 697/19816 689/19817 695/19818
f 697/19819 695/19820 2983/19821
f 3325/19822 3322/19823 863/19824
f 3325/19825 863/19826 864/19827
f 3322/19828 3325/19829 3326/19830
f 3322/19831 3326/19832 3324/19833
f 868/19834 666/19835 665/19836
f 868/19837 665/19838 869/19839
f 696/19840 666/19841 868/19842
f 696/19843 868/19844 689/19845
f 3327/19846 3325/19847 864/19848
f 3327/19849 864/19850 869/19851
f 3325/19852 3327/19853 3328/19854
f 3325/19855 3328/19856 3326/19857
f 869/19858 665/19859 698/19860
f 869/19861 698/19862 3327/19863
f 3327/19864 698/19865 870/19866
f 3327/19867 870/19868 3328/19869
f 2983/19870 696/19871 689/19872
f 2983/19873 689/19874 697/19875
f 510/19876 505/19877 2983/19878
f 510/19879 2983/19880 697/19881
f 867/19882 3213/19883 3329/19884
f 867/19885 3329/19886 866/19887
f 3213/19888 3214/19889 3330/19890
f 3213/19891 3330/19892 3329/19893
f 511/19894 866/19895 3329/19896
f 511/19897 3329/19898 512/19899
f 3331/19900 512/19901 3329/19902
f 3331/19903 3329/19904 3330/19905
f 481/19906 506/19907 512/19908
f 481/19909 512/19910 3331/19911
f 3332/19912 3330/19913 3214/19914
f 3332/19915 3214/19916 3215/19917
f 3271/19918 3331/19919 3330/19920
f 3271/19921 3330/19922 3332/19923
f 513/19924 481/19925 3331/19926
f 513/19927 3331/19928 3271/19929
f 791/19930 741/19931 763/19932
f 791/19933 763/19934 788/19935
f 875/19936 859/19937 790/19938
f 875/19939 790/19940 791/19941
f 3333/19942 860/19943 859/19944
f 3333/19945 859/19946 875/19947
f 3334/19948 3335/19949 860/19950
f 3334/19951 860/19952 3333/19953
f 3336/19954 856/19955 860/19956
f 3336/19957 860/19958 3335/19959
f 664/19960 3335/19961 3334/19962
f 664/19963 3334/19964 667/19965
f 3336/19966 3335/19967 664/19968
f 3336/19969 664/19970 668/19971
f 762/19972 761/19973 3323/19974
f 762/19975 3323/19976 3337/19977
f 3323/19978 3324/19979 3338/19980
f 3323/19981 3338/19982 3337/19983
f 762/19984 3337/19985 873/19986
f 762/19987 873/19988 788/19989
f 3324/19990 3326/19991 3339/19992
f 3324/19993 3339/19994 3338/19995
f 3326/19996 3328/19997 877/19998
f 3326/19999 877/20000 3339/20001
f 3328/20002 870/20003 871/20004
f 3328/20005 871/20006 877/20007
f 3340/20008 873/20009 3337/20010
f 3340/20011 3337/20012 3338/20013
f 3341/20014 872/20015 873/20016
f 3341/20017 873/20018 3340/20019
f 876/20020 874/20021 872/20022
f 876/20023 872/20024 3341/20025
f 876/20026 3341/20027 3342/20028
f 876/20029 3342/20030 3343/20031
f 3333/20032 875/20033 876/20034
f 3333/20035 876/20036 3343/20037
f 3212/20038 3248/20039 3344/20040
f 3212/20041 3344/20042 3215/20043
f 3248/20044 813/20045 3251/20046
f 3248/20047 3251/20048 3344/20049
f 3345/20050 3344/20051 3251/20052
f 3345/20053 3251/20054 3272/20055
f 3332/20056 3215/20057 3344/20058
f 3332/20059 3344/20060 3345/20061
f 3332/20062 3345/20063 3270/20064
f 3332/20065 3270/20066 3271/20067
f 3345/20068 3272/20069 3268/20070
f 3345/20071 3268/20072 3270/20073
f 3338/20074 3339/20075 3346/20076
f 3338/20077 3346/20078 3340/20079
f 3339/20080 877/20081 878/20082
f 3339/20083 878/20084 3346/20085
f 3342/20086 3341/20087 3340/20088
f 3342/20089 3340/20090 3346/20091
f 3342/20092 3346/20093 878/20094
f 3342/20095 878/20096 879/20097
f 3347/20098 3343/20099 3342/20100
f 3347/20101 3342/20102 879/20103
f 667/20104 3334/20105 3347/20106
f 667/20107 3347/20108 699/20109
f 3347/20110 3334/20111 3333/20112
f 3347/20113 3333/20114 3343/20115
f 871/20116 699/20117 3347/20118
f 871/20119 3347/20120 879/20121
f 3348/20122 3336/20123 668/20124
f 3348/20125 668/20126 2989/20127
f 840/20128 857/20129 3349/20130
f 840/20131 3349/20132 3320/20133
f 857/20134 858/20135 3348/20136
f 857/20137 3348/20138 3349/20139
f 3348/20140 858/20141 856/20142
f 3348/20143 856/20144 3336/20145
f 3348/20146 2989/20147 2993/20148
f 3348/20149 2993/20150 3349/20151
f 3349/20152 2993/20153 2992/20154
f 3349/20155 2992/20156 3320/20157
